0,1,2,3,4,5,6,7,8,9,10,11
0.18,3.0,5.0,21.0,1997.0,84.0,87.0,4.0,105.0,130.0,0.0,100.0
0.71,3.0,5.0,21.0,1997.0,84.0,87.0,4.0,105.0,130.0,0.5,100.0
1.28,3.0,5.0,21.0,1997.0,84.0,87.0,4.0,105.0,130.0,1.0,100.0
1.89,3.0,5.0,21.0,1997.0,84.0,87.0,4.0,105.0,130.0,1.5,100.0
2.55,3.0,5.0,21.0,1997.0,84.0,87.0,4.0,105.0,130.0,2.0,100.0
3.25,3.0,5.0,21.0,1997.0,84.0,87.0,4.0,105.0,130.0,2.5,100.0
3.99,3.0,5.0,21.0,1997.0,84.0,87.0,4.0,105.0,130.0,3.0,100.0
4.77,3.0,5.0,21.0,1997.0,84.0,87.0,4.0,105.0,130.0,3.5,100.0
5.61,3.0,5.0,21.0,1997.0,84.0,87.0,4.0,105.0,130.0,4.0,100.0
6.48,3.0,5.0,21.0,1997.0,84.0,87.0,4.0,105.0,130.0,4.5,100.0
7.39,3.0,5.0,21.0,1997.0,84.0,87.0,4.0,105.0,130.0,5.0,100.0
8.35,3.0,5.0,21.0,1997.0,84.0,87.0,4.0,105.0,130.0,5.5,100.0
9.33,3.0,5.0,21.0,1997.0,84.0,87.0,4.0,105.0,130.0,6.0,100.0
10.38,3.0,5.0,21.0,1997.0,84.0,87.0,4.0,105.0,130.0,6.5,100.0
11.46,3.0,5.0,21.0,1997.0,84.0,87.0,4.0,105.0,130.0,7.0,100.0
12.59,3.0,5.0,21.0,1997.0,84.0,87.0,4.0,105.0,130.0,7.5,100.0
13.75,3.0,5.0,21.0,1997.0,84.0,87.0,4.0,105.0,130.0,8.0,100.0
14.96,3.0,5.0,21.0,1997.0,84.0,87.0,4.0,105.0,130.0,8.5,100.0
16.22,3.0,5.0,21.0,1997.0,84.0,87.0,4.0,105.0,130.0,9.0,100.0
17.5,3.0,5.0,21.0,1997.0,84.0,87.0,4.0,105.0,130.0,9.5,100.0
18.85,3.0,5.0,21.0,1997.0,84.0,87.0,4.0,105.0,130.0,10.0,100.0
20.22,3.0,5.0,21.0,1997.0,84.0,87.0,4.0,105.0,130.0,10.5,100.0
21.65,3.0,5.0,21.0,1997.0,84.0,87.0,4.0,105.0,130.0,11.0,100.0
23.11,3.0,5.0,21.0,1997.0,84.0,87.0,4.0,105.0,130.0,11.5,100.0
24.63,3.0,5.0,21.0,1997.0,84.0,87.0,4.0,105.0,130.0,12.0,100.0
1.75,3.0,5.0,21.0,1997.0,84.0,87.0,4.0,105.0,130.0,0.0,1000.0
2.26,3.0,5.0,21.0,1997.0,84.0,87.0,4.0,105.0,130.0,0.5,1000.0
2.83,3.0,5.0,21.0,1997.0,84.0,87.0,4.0,105.0,130.0,1.0,1000.0
3.47,3.0,5.0,21.0,1997.0,84.0,87.0,4.0,105.0,130.0,1.5,1000.0
4.16,3.0,5.0,21.0,1997.0,84.0,87.0,4.0,105.0,130.0,2.0,1000.0
4.93,3.0,5.0,21.0,1997.0,84.0,87.0,4.0,105.0,130.0,2.5,1000.0
5.75,3.0,5.0,21.0,1997.0,84.0,87.0,4.0,105.0,130.0,3.0,1000.0
6.64,3.0,5.0,21.0,1997.0,84.0,87.0,4.0,105.0,130.0,3.5,1000.0
7.6,3.0,5.0,21.0,1997.0,84.0,87.0,4.0,105.0,130.0,4.0,1000.0
8.62,3.0,5.0,21.0,1997.0,84.0,87.0,4.0,105.0,130.0,4.5,1000.0
9.71,3.0,5.0,21.0,1997.0,84.0,87.0,4.0,105.0,130.0,5.0,1000.0
10.85,3.0,5.0,21.0,1997.0,84.0,87.0,4.0,105.0,130.0,5.5,1000.0
12.07,3.0,5.0,21.0,1997.0,84.0,87.0,4.0,105.0,130.0,6.0,1000.0
13.35,3.0,5.0,21.0,1997.0,84.0,87.0,4.0,105.0,130.0,6.5,1000.0
14.7,3.0,5.0,21.0,1997.0,84.0,87.0,4.0,105.0,130.0,7.0,1000.0
16.1,3.0,5.0,21.0,1997.0,84.0,87.0,4.0,105.0,130.0,7.5,1000.0
17.58,3.0,5.0,21.0,1997.0,84.0,87.0,4.0,105.0,130.0,8.0,1000.0
19.11,3.0,5.0,21.0,1997.0,84.0,87.0,4.0,105.0,130.0,8.5,1000.0
20.71,3.0,5.0,21.0,1997.0,84.0,87.0,4.0,105.0,130.0,9.0,1000.0
22.38,3.0,5.0,21.0,1997.0,84.0,87.0,4.0,105.0,130.0,9.5,1000.0
24.11,3.0,5.0,21.0,1997.0,84.0,87.0,4.0,105.0,130.0,10.0,1000.0
25.91,3.0,5.0,21.0,1997.0,84.0,87.0,4.0,105.0,130.0,10.5,1000.0
27.77,3.0,5.0,21.0,1997.0,84.0,87.0,4.0,105.0,130.0,11.0,1000.0
31.68,3.0,5.0,21.0,1997.0,84.0,87.0,4.0,105.0,130.0,12.0,1000.0
3.24,3.0,5.0,21.0,1997.0,84.0,87.0,4.0,105.0,130.0,0.0,1500.0
3.79,3.0,5.0,21.0,1997.0,84.0,87.0,4.0,105.0,130.0,0.5,1500.0
4.41,3.0,5.0,21.0,1997.0,84.0,87.0,4.0,105.0,130.0,1.0,1500.0
5.1,3.0,5.0,21.0,1997.0,84.0,87.0,4.0,105.0,130.0,1.5,1500.0
5.87,3.0,5.0,21.0,1997.0,84.0,87.0,4.0,105.0,130.0,2.0,1500.0
6.71,3.0,5.0,21.0,1997.0,84.0,87.0,4.0,105.0,130.0,2.5,1500.0
7.63,3.0,5.0,21.0,1997.0,84.0,87.0,4.0,105.0,130.0,3.0,1500.0
8.62,3.0,5.0,21.0,1997.0,84.0,87.0,4.0,105.0,130.0,3.5,1500.0
9.69,3.0,5.0,21.0,1997.0,84.0,87.0,4.0,105.0,130.0,4.0,1500.0
10.83,3.0,5.0,21.0,1997.0,84.0,87.0,4.0,105.0,130.0,4.5,1500.0
12.04,3.0,5.0,21.0,1997.0,84.0,87.0,4.0,105.0,130.0,5.0,1500.0
13.33,3.0,5.0,21.0,1997.0,84.0,87.0,4.0,105.0,130.0,5.5,1500.0
14.7,3.0,5.0,21.0,1997.0,84.0,87.0,4.0,105.0,130.0,6.0,1500.0
16.13,3.0,5.0,21.0,1997.0,84.0,87.0,4.0,105.0,130.0,6.5,1500.0
17.64,3.0,5.0,21.0,1997.0,84.0,87.0,4.0,105.0,130.0,7.0,1500.0
22.63,3.0,5.0,21.0,1997.0,84.0,87.0,4.0,105.0,130.0,8.5,1500.0
24.43,3.0,5.0,21.0,1997.0,84.0,87.0,4.0,105.0,130.0,9.0,1500.0
26.31,3.0,5.0,21.0,1997.0,84.0,87.0,4.0,105.0,130.0,9.5,1500.0
28.27,3.0,5.0,21.0,1997.0,84.0,87.0,4.0,105.0,130.0,10.0,1500.0
30.31,3.0,5.0,21.0,1997.0,84.0,87.0,4.0,105.0,130.0,10.5,1500.0
32.41,3.0,5.0,21.0,1997.0,84.0,87.0,4.0,105.0,130.0,11.0,1500.0
34.59,3.0,5.0,21.0,1997.0,84.0,87.0,4.0,105.0,130.0,11.5,1500.0
36.85,3.0,5.0,21.0,1997.0,84.0,87.0,4.0,105.0,130.0,12.0,1500.0
5.17,3.0,5.0,21.0,1997.0,84.0,87.0,4.0,105.0,130.0,0.0,2000.0
5.79,3.0,5.0,21.0,1997.0,84.0,87.0,4.0,105.0,130.0,0.5,2000.0
6.5,3.0,5.0,21.0,1997.0,84.0,87.0,4.0,105.0,130.0,1.0,2000.0
7.29,3.0,5.0,21.0,1997.0,84.0,87.0,4.0,105.0,130.0,1.5,2000.0
8.16,3.0,5.0,21.0,1997.0,84.0,87.0,4.0,105.0,130.0,2.0,2000.0
9.11,3.0,5.0,21.0,1997.0,84.0,87.0,4.0,105.0,130.0,2.5,2000.0
11.26,3.0,5.0,21.0,1997.0,84.0,87.0,4.0,105.0,130.0,3.5,2000.0
12.46,3.0,5.0,21.0,1997.0,84.0,87.0,4.0,105.0,130.0,4.0,2000.0
15.11,3.0,5.0,21.0,1997.0,84.0,87.0,4.0,105.0,130.0,5.0,2000.0
19.71,3.0,5.0,21.0,1997.0,84.0,87.0,4.0,105.0,130.0,6.5,2000.0
21.41,3.0,5.0,21.0,1997.0,84.0,87.0,4.0,105.0,130.0,7.0,2000.0
23.19,3.0,5.0,21.0,1997.0,84.0,87.0,4.0,105.0,130.0,7.5,2000.0
26.99,3.0,5.0,21.0,1997.0,84.0,87.0,4.0,105.0,130.0,8.5,2000.0
29.02,3.0,5.0,21.0,1997.0,84.0,87.0,4.0,105.0,130.0,9.0,2000.0
31.12,3.0,5.0,21.0,1997.0,84.0,87.0,4.0,105.0,130.0,9.5,2000.0
33.32,3.0,5.0,21.0,1997.0,84.0,87.0,4.0,105.0,130.0,10.0,2000.0
35.59,3.0,5.0,21.0,1997.0,84.0,87.0,4.0,105.0,130.0,10.5,2000.0
37.94,3.0,5.0,21.0,1997.0,84.0,87.0,4.0,105.0,130.0,11.0,2000.0
40.38,3.0,5.0,21.0,1997.0,84.0,87.0,4.0,105.0,130.0,11.5,2000.0
42.9,3.0,5.0,21.0,1997.0,84.0,87.0,4.0,105.0,130.0,12.0,2000.0
7.53,3.0,5.0,21.0,1997.0,84.0,87.0,4.0,105.0,130.0,0.0,2500.0
8.27,3.0,5.0,21.0,1997.0,84.0,87.0,4.0,105.0,130.0,0.5,2500.0
9.1,3.0,5.0,21.0,1997.0,84.0,87.0,4.0,105.0,130.0,1.0,2500.0
10.02,3.0,5.0,21.0,1997.0,84.0,87.0,4.0,105.0,130.0,1.5,2500.0
11.02,3.0,5.0,21.0,1997.0,84.0,87.0,4.0,105.0,130.0,2.0,2500.0
12.13,3.0,5.0,21.0,1997.0,84.0,87.0,4.0,105.0,130.0,2.5,2500.0
13.31,3.0,5.0,21.0,1997.0,84.0,87.0,4.0,105.0,130.0,3.0,2500.0
14.59,3.0,5.0,21.0,1997.0,84.0,87.0,4.0,105.0,130.0,3.5,2500.0
15.95,3.0,5.0,21.0,1997.0,84.0,87.0,4.0,105.0,130.0,4.0,2500.0
17.41,3.0,5.0,21.0,1997.0,84.0,87.0,4.0,105.0,130.0,4.5,2500.0
18.94,3.0,5.0,21.0,1997.0,84.0,87.0,4.0,105.0,130.0,5.0,2500.0
20.57,3.0,5.0,21.0,1997.0,84.0,87.0,4.0,105.0,130.0,5.5,2500.0
22.29,3.0,5.0,21.0,1997.0,84.0,87.0,4.0,105.0,130.0,6.0,2500.0
24.1,3.0,5.0,21.0,1997.0,84.0,87.0,4.0,105.0,130.0,6.5,2500.0
25.99,3.0,5.0,21.0,1997.0,84.0,87.0,4.0,105.0,130.0,7.0,2500.0
27.98,3.0,5.0,21.0,1997.0,84.0,87.0,4.0,105.0,130.0,7.5,2500.0
30.06,3.0,5.0,21.0,1997.0,84.0,87.0,4.0,105.0,130.0,8.0,2500.0
32.22,3.0,5.0,21.0,1997.0,84.0,87.0,4.0,105.0,130.0,8.5,2500.0
36.81,3.0,5.0,21.0,1997.0,84.0,87.0,4.0,105.0,130.0,9.5,2500.0
39.24,3.0,5.0,21.0,1997.0,84.0,87.0,4.0,105.0,130.0,10.0,2500.0
41.76,3.0,5.0,21.0,1997.0,84.0,87.0,4.0,105.0,130.0,10.5,2500.0
47.07,3.0,5.0,21.0,1997.0,84.0,87.0,4.0,105.0,130.0,11.5,2500.0
49.86,3.0,5.0,21.0,1997.0,84.0,87.0,4.0,105.0,130.0,12.0,2500.0
10.33,3.0,5.0,21.0,1997.0,84.0,87.0,4.0,105.0,130.0,0.0,3000.0
11.23,3.0,5.0,21.0,1997.0,84.0,87.0,4.0,105.0,130.0,0.5,3000.0
12.21,3.0,5.0,21.0,1997.0,84.0,87.0,4.0,105.0,130.0,1.0,3000.0
13.31,3.0,5.0,21.0,1997.0,84.0,87.0,4.0,105.0,130.0,1.5,3000.0
14.48,3.0,5.0,21.0,1997.0,84.0,87.0,4.0,105.0,130.0,2.0,3000.0
15.75,3.0,5.0,21.0,1997.0,84.0,87.0,4.0,105.0,130.0,2.5,3000.0
17.12,3.0,5.0,21.0,1997.0,84.0,87.0,4.0,105.0,130.0,3.0,3000.0
18.58,3.0,5.0,21.0,1997.0,84.0,87.0,4.0,105.0,130.0,3.5,3000.0
20.13,3.0,5.0,21.0,1997.0,84.0,87.0,4.0,105.0,130.0,4.0,3000.0
21.77,3.0,5.0,21.0,1997.0,84.0,87.0,4.0,105.0,130.0,4.5,3000.0
23.51,3.0,5.0,21.0,1997.0,84.0,87.0,4.0,105.0,130.0,5.0,3000.0
25.35,3.0,5.0,21.0,1997.0,84.0,87.0,4.0,105.0,130.0,5.5,3000.0
27.27,3.0,5.0,21.0,1997.0,84.0,87.0,4.0,105.0,130.0,6.0,3000.0
29.29,3.0,5.0,21.0,1997.0,84.0,87.0,4.0,105.0,130.0,6.5,3000.0
31.41,3.0,5.0,21.0,1997.0,84.0,87.0,4.0,105.0,130.0,7.0,3000.0
33.61,3.0,5.0,21.0,1997.0,84.0,87.0,4.0,105.0,130.0,7.5,3000.0
35.92,3.0,5.0,21.0,1997.0,84.0,87.0,4.0,105.0,130.0,8.0,3000.0
38.31,3.0,5.0,21.0,1997.0,84.0,87.0,4.0,105.0,130.0,8.5,3000.0
40.8,3.0,5.0,21.0,1997.0,84.0,87.0,4.0,105.0,130.0,9.0,3000.0
43.37,3.0,5.0,21.0,1997.0,84.0,87.0,4.0,105.0,130.0,9.5,3000.0
46.05,3.0,5.0,21.0,1997.0,84.0,87.0,4.0,105.0,130.0,10.0,3000.0
48.82,3.0,5.0,21.0,1997.0,84.0,87.0,4.0,105.0,130.0,10.5,3000.0
51.69,3.0,5.0,21.0,1997.0,84.0,87.0,4.0,105.0,130.0,11.0,3000.0
57.69,3.0,5.0,21.0,1997.0,84.0,87.0,4.0,105.0,130.0,12.0,3000.0
13.57,3.0,5.0,21.0,1997.0,84.0,87.0,4.0,105.0,130.0,0.0,3500.0
15.85,3.0,5.0,21.0,1997.0,84.0,87.0,4.0,105.0,130.0,1.0,3500.0
17.14,3.0,5.0,21.0,1997.0,84.0,87.0,4.0,105.0,130.0,1.5,3500.0
18.51,3.0,5.0,21.0,1997.0,84.0,87.0,4.0,105.0,130.0,2.0,3500.0
21.58,3.0,5.0,21.0,1997.0,84.0,87.0,4.0,105.0,130.0,3.0,3500.0
23.24,3.0,5.0,21.0,1997.0,84.0,87.0,4.0,105.0,130.0,3.5,3500.0
25.01,3.0,5.0,21.0,1997.0,84.0,87.0,4.0,105.0,130.0,4.0,3500.0
26.87,3.0,5.0,21.0,1997.0,84.0,87.0,4.0,105.0,130.0,4.5,3500.0
28.83,3.0,5.0,21.0,1997.0,84.0,87.0,4.0,105.0,130.0,5.0,3500.0
30.88,3.0,5.0,21.0,1997.0,84.0,87.0,4.0,105.0,130.0,5.5,3500.0
35.29,3.0,5.0,21.0,1997.0,84.0,87.0,4.0,105.0,130.0,6.5,3500.0
37.64,3.0,5.0,21.0,1997.0,84.0,87.0,4.0,105.0,130.0,7.0,3500.0
40.08,3.0,5.0,21.0,1997.0,84.0,87.0,4.0,105.0,130.0,7.5,3500.0
42.62,3.0,5.0,21.0,1997.0,84.0,87.0,4.0,105.0,130.0,8.0,3500.0
45.25,3.0,5.0,21.0,1997.0,84.0,87.0,4.0,105.0,130.0,8.5,3500.0
47.99,3.0,5.0,21.0,1997.0,84.0,87.0,4.0,105.0,130.0,9.0,3500.0
50.82,3.0,5.0,21.0,1997.0,84.0,87.0,4.0,105.0,130.0,9.5,3500.0
53.74,3.0,5.0,21.0,1997.0,84.0,87.0,4.0,105.0,130.0,10.0,3500.0
56.77,3.0,5.0,21.0,1997.0,84.0,87.0,4.0,105.0,130.0,10.5,3500.0
63.1,3.0,5.0,21.0,1997.0,84.0,87.0,4.0,105.0,130.0,11.5,3500.0
66.41,3.0,5.0,21.0,1997.0,84.0,87.0,4.0,105.0,130.0,12.0,3500.0
17.25,3.0,5.0,21.0,1997.0,84.0,87.0,4.0,105.0,130.0,0.0,4000.0
18.57,3.0,5.0,21.0,1997.0,84.0,87.0,4.0,105.0,130.0,0.5,4000.0
19.99,3.0,5.0,21.0,1997.0,84.0,87.0,4.0,105.0,130.0,1.0,4000.0
21.51,3.0,5.0,21.0,1997.0,84.0,87.0,4.0,105.0,130.0,1.5,4000.0
23.13,3.0,5.0,21.0,1997.0,84.0,87.0,4.0,105.0,130.0,2.0,4000.0
24.86,3.0,5.0,21.0,1997.0,84.0,87.0,4.0,105.0,130.0,2.5,4000.0
26.67,3.0,5.0,21.0,1997.0,84.0,87.0,4.0,105.0,130.0,3.0,4000.0
28.58,3.0,5.0,21.0,1997.0,84.0,87.0,4.0,105.0,130.0,3.5,4000.0
30.58,3.0,5.0,21.0,1997.0,84.0,87.0,4.0,105.0,130.0,4.0,4000.0
32.7,3.0,5.0,21.0,1997.0,84.0,87.0,4.0,105.0,130.0,4.5,4000.0
34.89,3.0,5.0,21.0,1997.0,84.0,87.0,4.0,105.0,130.0,5.0,4000.0
37.2,3.0,5.0,21.0,1997.0,84.0,87.0,4.0,105.0,130.0,5.5,4000.0
39.6,3.0,5.0,21.0,1997.0,84.0,87.0,4.0,105.0,130.0,6.0,4000.0
42.1,3.0,5.0,21.0,1997.0,84.0,87.0,4.0,105.0,130.0,6.5,4000.0
44.69,3.0,5.0,21.0,1997.0,84.0,87.0,4.0,105.0,130.0,7.0,4000.0
47.38,3.0,5.0,21.0,1997.0,84.0,87.0,4.0,105.0,130.0,7.5,4000.0
50.18,3.0,5.0,21.0,1997.0,84.0,87.0,4.0,105.0,130.0,8.0,4000.0
53.06,3.0,5.0,21.0,1997.0,84.0,87.0,4.0,105.0,130.0,8.5,4000.0
56.05,3.0,5.0,21.0,1997.0,84.0,87.0,4.0,105.0,130.0,9.0,4000.0
59.14,3.0,5.0,21.0,1997.0,84.0,87.0,4.0,105.0,130.0,9.5,4000.0
62.32,3.0,5.0,21.0,1997.0,84.0,87.0,4.0,105.0,130.0,10.0,4000.0
65.6,3.0,5.0,21.0,1997.0,84.0,87.0,4.0,105.0,130.0,10.5,4000.0
68.98,3.0,5.0,21.0,1997.0,84.0,87.0,4.0,105.0,130.0,11.0,4000.0
72.45,3.0,5.0,21.0,1997.0,84.0,87.0,4.0,105.0,130.0,11.5,4000.0
21.35,3.0,5.0,21.0,1997.0,84.0,87.0,4.0,105.0,130.0,0.0,4500.0
22.95,3.0,5.0,21.0,1997.0,84.0,87.0,4.0,105.0,130.0,0.5,4500.0
24.64,3.0,5.0,21.0,1997.0,84.0,87.0,4.0,105.0,130.0,1.0,4500.0
28.33,3.0,5.0,21.0,1997.0,84.0,87.0,4.0,105.0,130.0,2.0,4500.0
30.31,3.0,5.0,21.0,1997.0,84.0,87.0,4.0,105.0,130.0,2.5,4500.0
32.4,3.0,5.0,21.0,1997.0,84.0,87.0,4.0,105.0,130.0,3.0,4500.0
39.23,3.0,5.0,21.0,1997.0,84.0,87.0,4.0,105.0,130.0,4.5,4500.0
41.7,3.0,5.0,21.0,1997.0,84.0,87.0,4.0,105.0,130.0,5.0,4500.0
44.28,3.0,5.0,21.0,1997.0,84.0,87.0,4.0,105.0,130.0,5.5,4500.0
46.94,3.0,5.0,21.0,1997.0,84.0,87.0,4.0,105.0,130.0,6.0,4500.0
49.71,3.0,5.0,21.0,1997.0,84.0,87.0,4.0,105.0,130.0,6.5,4500.0
52.57,3.0,5.0,21.0,1997.0,84.0,87.0,4.0,105.0,130.0,7.0,4500.0
55.53,3.0,5.0,21.0,1997.0,84.0,87.0,4.0,105.0,130.0,7.5,4500.0
58.59,3.0,5.0,21.0,1997.0,84.0,87.0,4.0,105.0,130.0,8.0,4500.0
61.74,3.0,5.0,21.0,1997.0,84.0,87.0,4.0,105.0,130.0,8.5,4500.0
64.99,3.0,5.0,21.0,1997.0,84.0,87.0,4.0,105.0,130.0,9.0,4500.0
68.34,3.0,5.0,21.0,1997.0,84.0,87.0,4.0,105.0,130.0,9.5,4500.0
71.78,3.0,5.0,21.0,1997.0,84.0,87.0,4.0,105.0,130.0,10.0,4500.0
75.32,3.0,5.0,21.0,1997.0,84.0,87.0,4.0,105.0,130.0,10.5,4500.0
78.95,3.0,5.0,21.0,1997.0,84.0,87.0,4.0,105.0,130.0,11.0,4500.0
86.53,3.0,5.0,21.0,1997.0,84.0,87.0,4.0,105.0,130.0,12.0,4500.0
25.91,3.0,5.0,21.0,1997.0,84.0,87.0,4.0,105.0,130.0,0.0,5000.0
29.82,3.0,5.0,21.0,1997.0,84.0,87.0,4.0,105.0,130.0,1.0,5000.0
31.92,3.0,5.0,21.0,1997.0,84.0,87.0,4.0,105.0,130.0,1.5,5000.0
36.4,3.0,5.0,21.0,1997.0,84.0,87.0,4.0,105.0,130.0,2.5,5000.0
38.78,3.0,5.0,21.0,1997.0,84.0,87.0,4.0,105.0,130.0,3.0,5000.0
41.26,3.0,5.0,21.0,1997.0,84.0,87.0,4.0,105.0,130.0,3.5,5000.0
43.84,3.0,5.0,21.0,1997.0,84.0,87.0,4.0,105.0,130.0,4.0,5000.0
46.5,3.0,5.0,21.0,1997.0,84.0,87.0,4.0,105.0,130.0,4.5,5000.0
49.27,3.0,5.0,21.0,1997.0,84.0,87.0,4.0,105.0,130.0,5.0,5000.0
52.12,3.0,5.0,21.0,1997.0,84.0,87.0,4.0,105.0,130.0,5.5,5000.0
55.07,3.0,5.0,21.0,1997.0,84.0,87.0,4.0,105.0,130.0,6.0,5000.0
58.12,3.0,5.0,21.0,1997.0,84.0,87.0,4.0,105.0,130.0,6.5,5000.0
61.26,3.0,5.0,21.0,1997.0,84.0,87.0,4.0,105.0,130.0,7.0,5000.0
64.51,3.0,5.0,21.0,1997.0,84.0,87.0,4.0,105.0,130.0,7.5,5000.0
67.84,3.0,5.0,21.0,1997.0,84.0,87.0,4.0,105.0,130.0,8.0,5000.0
71.27,3.0,5.0,21.0,1997.0,84.0,87.0,4.0,105.0,130.0,8.5,5000.0
74.78,3.0,5.0,21.0,1997.0,84.0,87.0,4.0,105.0,130.0,9.0,5000.0
78.41,3.0,5.0,21.0,1997.0,84.0,87.0,4.0,105.0,130.0,9.5,5000.0
82.12,3.0,5.0,21.0,1997.0,84.0,87.0,4.0,105.0,130.0,10.0,5000.0
85.92,3.0,5.0,21.0,1997.0,84.0,87.0,4.0,105.0,130.0,10.5,5000.0
89.82,3.0,5.0,21.0,1997.0,84.0,87.0,4.0,105.0,130.0,11.0,5000.0
93.83,3.0,5.0,21.0,1997.0,84.0,87.0,4.0,105.0,130.0,11.5,5000.0
97.92,3.0,5.0,21.0,1997.0,84.0,87.0,4.0,105.0,130.0,12.0,5000.0
0.19,3.0,5.0,21.0,2299.0,92.4,89.0,4.0,105.0,130.0,0.0,100.0
0.77,3.0,5.0,21.0,2299.0,92.4,89.0,4.0,105.0,130.0,0.5,100.0
1.38,3.0,5.0,21.0,2299.0,92.4,89.0,4.0,105.0,130.0,1.0,100.0
2.04,3.0,5.0,21.0,2299.0,92.4,89.0,4.0,105.0,130.0,1.5,100.0
2.75,3.0,5.0,21.0,2299.0,92.4,89.0,4.0,105.0,130.0,2.0,100.0
3.51,3.0,5.0,21.0,2299.0,92.4,89.0,4.0,105.0,130.0,2.5,100.0
4.31,3.0,5.0,21.0,2299.0,92.4,89.0,4.0,105.0,130.0,3.0,100.0
6.99,3.0,5.0,21.0,2299.0,92.4,89.0,4.0,105.0,130.0,4.5,100.0
7.97,3.0,5.0,21.0,2299.0,92.4,89.0,4.0,105.0,130.0,5.0,100.0
10.07,3.0,5.0,21.0,2299.0,92.4,89.0,4.0,105.0,130.0,6.0,100.0
11.2,3.0,5.0,21.0,2299.0,92.4,89.0,4.0,105.0,130.0,6.5,100.0
12.36,3.0,5.0,21.0,2299.0,92.4,89.0,4.0,105.0,130.0,7.0,100.0
13.58,3.0,5.0,21.0,2299.0,92.4,89.0,4.0,105.0,130.0,7.5,100.0
14.84,3.0,5.0,21.0,2299.0,92.4,89.0,4.0,105.0,130.0,8.0,100.0
16.14,3.0,5.0,21.0,2299.0,92.4,89.0,4.0,105.0,130.0,8.5,100.0
17.49,3.0,5.0,21.0,2299.0,92.4,89.0,4.0,105.0,130.0,9.0,100.0
18.88,3.0,5.0,21.0,2299.0,92.4,89.0,4.0,105.0,130.0,9.5,100.0
20.33,3.0,5.0,21.0,2299.0,92.4,89.0,4.0,105.0,130.0,10.0,100.0
21.82,3.0,5.0,21.0,2299.0,92.4,89.0,4.0,105.0,130.0,10.5,100.0
23.35,3.0,5.0,21.0,2299.0,92.4,89.0,4.0,105.0,130.0,11.0,100.0
24.93,3.0,5.0,21.0,2299.0,92.4,89.0,4.0,105.0,130.0,11.5,100.0
26.56,3.0,5.0,21.0,2299.0,92.4,89.0,4.0,105.0,130.0,12.0,100.0
1.89,3.0,5.0,21.0,2299.0,92.4,89.0,4.0,105.0,130.0,0.0,1000.0
2.44,3.0,5.0,21.0,2299.0,92.4,89.0,4.0,105.0,130.0,0.5,1000.0
3.05,3.0,5.0,21.0,2299.0,92.4,89.0,4.0,105.0,130.0,1.0,1000.0
3.74,3.0,5.0,21.0,2299.0,92.4,89.0,4.0,105.0,130.0,1.5,1000.0
4.49,3.0,5.0,21.0,2299.0,92.4,89.0,4.0,105.0,130.0,2.0,1000.0
5.31,3.0,5.0,21.0,2299.0,92.4,89.0,4.0,105.0,130.0,2.5,1000.0
6.2,3.0,5.0,21.0,2299.0,92.4,89.0,4.0,105.0,130.0,3.0,1000.0
8.2,3.0,5.0,21.0,2299.0,92.4,89.0,4.0,105.0,130.0,4.0,1000.0
9.3,3.0,5.0,21.0,2299.0,92.4,89.0,4.0,105.0,130.0,4.5,1000.0
10.47,3.0,5.0,21.0,2299.0,92.4,89.0,4.0,105.0,130.0,5.0,1000.0
11.71,3.0,5.0,21.0,2299.0,92.4,89.0,4.0,105.0,130.0,5.5,1000.0
13.02,3.0,5.0,21.0,2299.0,92.4,89.0,4.0,105.0,130.0,6.0,1000.0
14.4,3.0,5.0,21.0,2299.0,92.4,89.0,4.0,105.0,130.0,6.5,1000.0
15.85,3.0,5.0,21.0,2299.0,92.4,89.0,4.0,105.0,130.0,7.0,1000.0
17.37,3.0,5.0,21.0,2299.0,92.4,89.0,4.0,105.0,130.0,7.5,1000.0
18.96,3.0,5.0,21.0,2299.0,92.4,89.0,4.0,105.0,130.0,8.0,1000.0
20.62,3.0,5.0,21.0,2299.0,92.4,89.0,4.0,105.0,130.0,8.5,1000.0
22.34,3.0,5.0,21.0,2299.0,92.4,89.0,4.0,105.0,130.0,9.0,1000.0
24.14,3.0,5.0,21.0,2299.0,92.4,89.0,4.0,105.0,130.0,9.5,1000.0
26.01,3.0,5.0,21.0,2299.0,92.4,89.0,4.0,105.0,130.0,10.0,1000.0
29.96,3.0,5.0,21.0,2299.0,92.4,89.0,4.0,105.0,130.0,11.0,1000.0
32.03,3.0,5.0,21.0,2299.0,92.4,89.0,4.0,105.0,130.0,11.5,1000.0
34.18,3.0,5.0,21.0,2299.0,92.4,89.0,4.0,105.0,130.0,12.0,1000.0
3.5,3.0,5.0,21.0,2299.0,92.4,89.0,4.0,105.0,130.0,0.0,1500.0
4.09,3.0,5.0,21.0,2299.0,92.4,89.0,4.0,105.0,130.0,0.5,1500.0
4.76,3.0,5.0,21.0,2299.0,92.4,89.0,4.0,105.0,130.0,1.0,1500.0
5.5,3.0,5.0,21.0,2299.0,92.4,89.0,4.0,105.0,130.0,1.5,1500.0
6.33,3.0,5.0,21.0,2299.0,92.4,89.0,4.0,105.0,130.0,2.0,1500.0
7.24,3.0,5.0,21.0,2299.0,92.4,89.0,4.0,105.0,130.0,2.5,1500.0
9.3,3.0,5.0,21.0,2299.0,92.4,89.0,4.0,105.0,130.0,3.5,1500.0
10.45,3.0,5.0,21.0,2299.0,92.4,89.0,4.0,105.0,130.0,4.0,1500.0
12.98,3.0,5.0,21.0,2299.0,92.4,89.0,4.0,105.0,130.0,5.0,1500.0
14.38,3.0,5.0,21.0,2299.0,92.4,89.0,4.0,105.0,130.0,5.5,1500.0
15.85,3.0,5.0,21.0,2299.0,92.4,89.0,4.0,105.0,130.0,6.0,1500.0
20.73,3.0,5.0,21.0,2299.0,92.4,89.0,4.0,105.0,130.0,7.5,1500.0
22.53,3.0,5.0,21.0,2299.0,92.4,89.0,4.0,105.0,130.0,8.0,1500.0
26.35,3.0,5.0,21.0,2299.0,92.4,89.0,4.0,105.0,130.0,9.0,1500.0
28.39,3.0,5.0,21.0,2299.0,92.4,89.0,4.0,105.0,130.0,9.5,1500.0
30.5,3.0,5.0,21.0,2299.0,92.4,89.0,4.0,105.0,130.0,10.0,1500.0
32.69,3.0,5.0,21.0,2299.0,92.4,89.0,4.0,105.0,130.0,10.5,1500.0
34.97,3.0,5.0,21.0,2299.0,92.4,89.0,4.0,105.0,130.0,11.0,1500.0
37.31,3.0,5.0,21.0,2299.0,92.4,89.0,4.0,105.0,130.0,11.5,1500.0
5.57,3.0,5.0,21.0,2299.0,92.4,89.0,4.0,105.0,130.0,0.0,2000.0
6.24,3.0,5.0,21.0,2299.0,92.4,89.0,4.0,105.0,130.0,0.5,2000.0
7.01,3.0,5.0,21.0,2299.0,92.4,89.0,4.0,105.0,130.0,1.0,2000.0
7.86,3.0,5.0,21.0,2299.0,92.4,89.0,4.0,105.0,130.0,1.5,2000.0
8.8,3.0,5.0,21.0,2299.0,92.4,89.0,4.0,105.0,130.0,2.0,2000.0
9.83,3.0,5.0,21.0,2299.0,92.4,89.0,4.0,105.0,130.0,2.5,2000.0
10.94,3.0,5.0,21.0,2299.0,92.4,89.0,4.0,105.0,130.0,3.0,2000.0
12.15,3.0,5.0,21.0,2299.0,92.4,89.0,4.0,105.0,130.0,3.5,2000.0
13.45,3.0,5.0,21.0,2299.0,92.4,89.0,4.0,105.0,130.0,4.0,2000.0
14.84,3.0,5.0,21.0,2299.0,92.4,89.0,4.0,105.0,130.0,4.5,2000.0
16.3,3.0,5.0,21.0,2299.0,92.4,89.0,4.0,105.0,130.0,5.0,2000.0
17.87,3.0,5.0,21.0,2299.0,92.4,89.0,4.0,105.0,130.0,5.5,2000.0
19.53,3.0,5.0,21.0,2299.0,92.4,89.0,4.0,105.0,130.0,6.0,2000.0
21.26,3.0,5.0,21.0,2299.0,92.4,89.0,4.0,105.0,130.0,6.5,2000.0
23.09,3.0,5.0,21.0,2299.0,92.4,89.0,4.0,105.0,130.0,7.0,2000.0
25.01,3.0,5.0,21.0,2299.0,92.4,89.0,4.0,105.0,130.0,7.5,2000.0
27.02,3.0,5.0,21.0,2299.0,92.4,89.0,4.0,105.0,130.0,8.0,2000.0
29.12,3.0,5.0,21.0,2299.0,92.4,89.0,4.0,105.0,130.0,8.5,2000.0
33.57,3.0,5.0,21.0,2299.0,92.4,89.0,4.0,105.0,130.0,9.5,2000.0
35.94,3.0,5.0,21.0,2299.0,92.4,89.0,4.0,105.0,130.0,10.0,2000.0
38.39,3.0,5.0,21.0,2299.0,92.4,89.0,4.0,105.0,130.0,10.5,2000.0
40.93,3.0,5.0,21.0,2299.0,92.4,89.0,4.0,105.0,130.0,11.0,2000.0
46.28,3.0,5.0,21.0,2299.0,92.4,89.0,4.0,105.0,130.0,12.0,2000.0
8.92,3.0,5.0,21.0,2299.0,92.4,89.0,4.0,105.0,130.0,0.5,2500.0
9.82,3.0,5.0,21.0,2299.0,92.4,89.0,4.0,105.0,130.0,1.0,2500.0
10.81,3.0,5.0,21.0,2299.0,92.4,89.0,4.0,105.0,130.0,1.5,2500.0
13.08,3.0,5.0,21.0,2299.0,92.4,89.0,4.0,105.0,130.0,2.5,2500.0
14.36,3.0,5.0,21.0,2299.0,92.4,89.0,4.0,105.0,130.0,3.0,2500.0
15.74,3.0,5.0,21.0,2299.0,92.4,89.0,4.0,105.0,130.0,3.5,2500.0
17.2,3.0,5.0,21.0,2299.0,92.4,89.0,4.0,105.0,130.0,4.0,2500.0
18.78,3.0,5.0,21.0,2299.0,92.4,89.0,4.0,105.0,130.0,4.5,2500.0
20.44,3.0,5.0,21.0,2299.0,92.4,89.0,4.0,105.0,130.0,5.0,2500.0
22.19,3.0,5.0,21.0,2299.0,92.4,89.0,4.0,105.0,130.0,5.5,2500.0
24.04,3.0,5.0,21.0,2299.0,92.4,89.0,4.0,105.0,130.0,6.0,2500.0
26.0,3.0,5.0,21.0,2299.0,92.4,89.0,4.0,105.0,130.0,6.5,2500.0
28.04,3.0,5.0,21.0,2299.0,92.4,89.0,4.0,105.0,130.0,7.0,2500.0
30.18,3.0,5.0,21.0,2299.0,92.4,89.0,4.0,105.0,130.0,7.5,2500.0
32.42,3.0,5.0,21.0,2299.0,92.4,89.0,4.0,105.0,130.0,8.0,2500.0
34.75,3.0,5.0,21.0,2299.0,92.4,89.0,4.0,105.0,130.0,8.5,2500.0
37.19,3.0,5.0,21.0,2299.0,92.4,89.0,4.0,105.0,130.0,9.0,2500.0
39.71,3.0,5.0,21.0,2299.0,92.4,89.0,4.0,105.0,130.0,9.5,2500.0
42.33,3.0,5.0,21.0,2299.0,92.4,89.0,4.0,105.0,130.0,10.0,2500.0
45.04,3.0,5.0,21.0,2299.0,92.4,89.0,4.0,105.0,130.0,10.5,2500.0
50.78,3.0,5.0,21.0,2299.0,92.4,89.0,4.0,105.0,130.0,11.5,2500.0
53.78,3.0,5.0,21.0,2299.0,92.4,89.0,4.0,105.0,130.0,12.0,2500.0
11.14,3.0,5.0,21.0,2299.0,92.4,89.0,4.0,105.0,130.0,0.0,3000.0
12.11,3.0,5.0,21.0,2299.0,92.4,89.0,4.0,105.0,130.0,0.5,3000.0
13.18,3.0,5.0,21.0,2299.0,92.4,89.0,4.0,105.0,130.0,1.0,3000.0
14.36,3.0,5.0,21.0,2299.0,92.4,89.0,4.0,105.0,130.0,1.5,3000.0
15.62,3.0,5.0,21.0,2299.0,92.4,89.0,4.0,105.0,130.0,2.0,3000.0
16.99,3.0,5.0,21.0,2299.0,92.4,89.0,4.0,105.0,130.0,2.5,3000.0
18.47,3.0,5.0,21.0,2299.0,92.4,89.0,4.0,105.0,130.0,3.0,3000.0
20.04,3.0,5.0,21.0,2299.0,92.4,89.0,4.0,105.0,130.0,3.5,3000.0
21.71,3.0,5.0,21.0,2299.0,92.4,89.0,4.0,105.0,130.0,4.0,3000.0
23.49,3.0,5.0,21.0,2299.0,92.4,89.0,4.0,105.0,130.0,4.5,3000.0
25.37,3.0,5.0,21.0,2299.0,92.4,89.0,4.0,105.0,130.0,5.0,3000.0
29.42,3.0,5.0,21.0,2299.0,92.4,89.0,4.0,105.0,130.0,6.0,3000.0
31.6,3.0,5.0,21.0,2299.0,92.4,89.0,4.0,105.0,130.0,6.5,3000.0
33.88,3.0,5.0,21.0,2299.0,92.4,89.0,4.0,105.0,130.0,7.0,3000.0
36.26,3.0,5.0,21.0,2299.0,92.4,89.0,4.0,105.0,130.0,7.5,3000.0
38.74,3.0,5.0,21.0,2299.0,92.4,89.0,4.0,105.0,130.0,8.0,3000.0
41.32,3.0,5.0,21.0,2299.0,92.4,89.0,4.0,105.0,130.0,8.5,3000.0
44.01,3.0,5.0,21.0,2299.0,92.4,89.0,4.0,105.0,130.0,9.0,3000.0
46.79,3.0,5.0,21.0,2299.0,92.4,89.0,4.0,105.0,130.0,9.5,3000.0
49.68,3.0,5.0,21.0,2299.0,92.4,89.0,4.0,105.0,130.0,10.0,3000.0
52.67,3.0,5.0,21.0,2299.0,92.4,89.0,4.0,105.0,130.0,10.5,3000.0
55.76,3.0,5.0,21.0,2299.0,92.4,89.0,4.0,105.0,130.0,11.0,3000.0
58.94,3.0,5.0,21.0,2299.0,92.4,89.0,4.0,105.0,130.0,11.5,3000.0
62.23,3.0,5.0,21.0,2299.0,92.4,89.0,4.0,105.0,130.0,12.0,3000.0
14.63,3.0,5.0,21.0,2299.0,92.4,89.0,4.0,105.0,130.0,0.0,3500.0
15.81,3.0,5.0,21.0,2299.0,92.4,89.0,4.0,105.0,130.0,0.5,3500.0
17.1,3.0,5.0,21.0,2299.0,92.4,89.0,4.0,105.0,130.0,1.0,3500.0
19.97,3.0,5.0,21.0,2299.0,92.4,89.0,4.0,105.0,130.0,2.0,3500.0
21.57,3.0,5.0,21.0,2299.0,92.4,89.0,4.0,105.0,130.0,2.5,3500.0
23.27,3.0,5.0,21.0,2299.0,92.4,89.0,4.0,105.0,130.0,3.0,3500.0
25.07,3.0,5.0,21.0,2299.0,92.4,89.0,4.0,105.0,130.0,3.5,3500.0
26.98,3.0,5.0,21.0,2299.0,92.4,89.0,4.0,105.0,130.0,4.0,3500.0
28.99,3.0,5.0,21.0,2299.0,92.4,89.0,4.0,105.0,130.0,4.5,3500.0
31.1,3.0,5.0,21.0,2299.0,92.4,89.0,4.0,105.0,130.0,5.0,3500.0
33.32,3.0,5.0,21.0,2299.0,92.4,89.0,4.0,105.0,130.0,5.5,3500.0
35.65,3.0,5.0,21.0,2299.0,92.4,89.0,4.0,105.0,130.0,6.0,3500.0
38.07,3.0,5.0,21.0,2299.0,92.4,89.0,4.0,105.0,130.0,6.5,3500.0
40.6,3.0,5.0,21.0,2299.0,92.4,89.0,4.0,105.0,130.0,7.0,3500.0
43.24,3.0,5.0,21.0,2299.0,92.4,89.0,4.0,105.0,130.0,7.5,3500.0
45.97,3.0,5.0,21.0,2299.0,92.4,89.0,4.0,105.0,130.0,8.0,3500.0
54.82,3.0,5.0,21.0,2299.0,92.4,89.0,4.0,105.0,130.0,9.5,3500.0
57.97,3.0,5.0,21.0,2299.0,92.4,89.0,4.0,105.0,130.0,10.0,3500.0
61.24,3.0,5.0,21.0,2299.0,92.4,89.0,4.0,105.0,130.0,10.5,3500.0
64.6,3.0,5.0,21.0,2299.0,92.4,89.0,4.0,105.0,130.0,11.0,3500.0
68.07,3.0,5.0,21.0,2299.0,92.4,89.0,4.0,105.0,130.0,11.5,3500.0
71.64,3.0,5.0,21.0,2299.0,92.4,89.0,4.0,105.0,130.0,12.0,3500.0
18.6,3.0,5.0,21.0,2299.0,92.4,89.0,4.0,105.0,130.0,0.0,4000.0
20.03,3.0,5.0,21.0,2299.0,92.4,89.0,4.0,105.0,130.0,0.5,4000.0
21.57,3.0,5.0,21.0,2299.0,92.4,89.0,4.0,105.0,130.0,1.0,4000.0
23.21,3.0,5.0,21.0,2299.0,92.4,89.0,4.0,105.0,130.0,1.5,4000.0
24.95,3.0,5.0,21.0,2299.0,92.4,89.0,4.0,105.0,130.0,2.0,4000.0
26.81,3.0,5.0,21.0,2299.0,92.4,89.0,4.0,105.0,130.0,2.5,4000.0
28.77,3.0,5.0,21.0,2299.0,92.4,89.0,4.0,105.0,130.0,3.0,4000.0
30.83,3.0,5.0,21.0,2299.0,92.4,89.0,4.0,105.0,130.0,3.5,4000.0
32.99,3.0,5.0,21.0,2299.0,92.4,89.0,4.0,105.0,130.0,4.0,4000.0
35.27,3.0,5.0,21.0,2299.0,92.4,89.0,4.0,105.0,130.0,4.5,4000.0
37.64,3.0,5.0,21.0,2299.0,92.4,89.0,4.0,105.0,130.0,5.0,4000.0
40.12,3.0,5.0,21.0,2299.0,92.4,89.0,4.0,105.0,130.0,5.5,4000.0
45.42,3.0,5.0,21.0,2299.0,92.4,89.0,4.0,105.0,130.0,6.5,4000.0
48.21,3.0,5.0,21.0,2299.0,92.4,89.0,4.0,105.0,130.0,7.0,4000.0
51.11,3.0,5.0,21.0,2299.0,92.4,89.0,4.0,105.0,130.0,7.5,4000.0
54.13,3.0,5.0,21.0,2299.0,92.4,89.0,4.0,105.0,130.0,8.0,4000.0
57.24,3.0,5.0,21.0,2299.0,92.4,89.0,4.0,105.0,130.0,8.5,4000.0
60.46,3.0,5.0,21.0,2299.0,92.4,89.0,4.0,105.0,130.0,9.0,4000.0
63.79,3.0,5.0,21.0,2299.0,92.4,89.0,4.0,105.0,130.0,9.5,4000.0
74.41,3.0,5.0,21.0,2299.0,92.4,89.0,4.0,105.0,130.0,11.0,4000.0
78.16,3.0,5.0,21.0,2299.0,92.4,89.0,4.0,105.0,130.0,11.5,4000.0
82.01,3.0,5.0,21.0,2299.0,92.4,89.0,4.0,105.0,130.0,12.0,4000.0
23.04,3.0,5.0,21.0,2299.0,92.4,89.0,4.0,105.0,130.0,0.0,4500.0
24.76,3.0,5.0,21.0,2299.0,92.4,89.0,4.0,105.0,130.0,0.5,4500.0
28.53,3.0,5.0,21.0,2299.0,92.4,89.0,4.0,105.0,130.0,1.5,4500.0
30.56,3.0,5.0,21.0,2299.0,92.4,89.0,4.0,105.0,130.0,2.0,4500.0
32.7,3.0,5.0,21.0,2299.0,92.4,89.0,4.0,105.0,130.0,2.5,4500.0
34.95,3.0,5.0,21.0,2299.0,92.4,89.0,4.0,105.0,130.0,3.0,4500.0
37.31,3.0,5.0,21.0,2299.0,92.4,89.0,4.0,105.0,130.0,3.5,4500.0
39.76,3.0,5.0,21.0,2299.0,92.4,89.0,4.0,105.0,130.0,4.0,4500.0
42.32,3.0,5.0,21.0,2299.0,92.4,89.0,4.0,105.0,130.0,4.5,4500.0
44.99,3.0,5.0,21.0,2299.0,92.4,89.0,4.0,105.0,130.0,5.0,4500.0
47.77,3.0,5.0,21.0,2299.0,92.4,89.0,4.0,105.0,130.0,5.5,4500.0
50.64,3.0,5.0,21.0,2299.0,92.4,89.0,4.0,105.0,130.0,6.0,4500.0
53.63,3.0,5.0,21.0,2299.0,92.4,89.0,4.0,105.0,130.0,6.5,4500.0
56.71,3.0,5.0,21.0,2299.0,92.4,89.0,4.0,105.0,130.0,7.0,4500.0
59.9,3.0,5.0,21.0,2299.0,92.4,89.0,4.0,105.0,130.0,7.5,4500.0
63.2,3.0,5.0,21.0,2299.0,92.4,89.0,4.0,105.0,130.0,8.0,4500.0
66.6,3.0,5.0,21.0,2299.0,92.4,89.0,4.0,105.0,130.0,8.5,4500.0
70.1,3.0,5.0,21.0,2299.0,92.4,89.0,4.0,105.0,130.0,9.0,4500.0
73.72,3.0,5.0,21.0,2299.0,92.4,89.0,4.0,105.0,130.0,9.5,4500.0
77.43,3.0,5.0,21.0,2299.0,92.4,89.0,4.0,105.0,130.0,10.0,4500.0
81.25,3.0,5.0,21.0,2299.0,92.4,89.0,4.0,105.0,130.0,10.5,4500.0
85.17,3.0,5.0,21.0,2299.0,92.4,89.0,4.0,105.0,130.0,11.0,4500.0
89.21,3.0,5.0,21.0,2299.0,92.4,89.0,4.0,105.0,130.0,11.5,4500.0
93.34,3.0,5.0,21.0,2299.0,92.4,89.0,4.0,105.0,130.0,12.0,4500.0
27.95,3.0,5.0,21.0,2299.0,92.4,89.0,4.0,105.0,130.0,0.0,5000.0
30.01,3.0,5.0,21.0,2299.0,92.4,89.0,4.0,105.0,130.0,0.5,5000.0
32.16,3.0,5.0,21.0,2299.0,92.4,89.0,4.0,105.0,130.0,1.0,5000.0
34.43,3.0,5.0,21.0,2299.0,92.4,89.0,4.0,105.0,130.0,1.5,5000.0
36.8,3.0,5.0,21.0,2299.0,92.4,89.0,4.0,105.0,130.0,2.0,5000.0
39.26,3.0,5.0,21.0,2299.0,92.4,89.0,4.0,105.0,130.0,2.5,5000.0
41.83,3.0,5.0,21.0,2299.0,92.4,89.0,4.0,105.0,130.0,3.0,5000.0
44.51,3.0,5.0,21.0,2299.0,92.4,89.0,4.0,105.0,130.0,3.5,5000.0
47.29,3.0,5.0,21.0,2299.0,92.4,89.0,4.0,105.0,130.0,4.0,5000.0
50.17,3.0,5.0,21.0,2299.0,92.4,89.0,4.0,105.0,130.0,4.5,5000.0
56.23,3.0,5.0,21.0,2299.0,92.4,89.0,4.0,105.0,130.0,5.5,5000.0
59.41,3.0,5.0,21.0,2299.0,92.4,89.0,4.0,105.0,130.0,6.0,5000.0
62.7,3.0,5.0,21.0,2299.0,92.4,89.0,4.0,105.0,130.0,6.5,5000.0
66.08,3.0,5.0,21.0,2299.0,92.4,89.0,4.0,105.0,130.0,7.0,5000.0
69.59,3.0,5.0,21.0,2299.0,92.4,89.0,4.0,105.0,130.0,7.5,5000.0
73.18,3.0,5.0,21.0,2299.0,92.4,89.0,4.0,105.0,130.0,8.0,5000.0
80.67,3.0,5.0,21.0,2299.0,92.4,89.0,4.0,105.0,130.0,9.0,5000.0
84.58,3.0,5.0,21.0,2299.0,92.4,89.0,4.0,105.0,130.0,9.5,5000.0
88.58,3.0,5.0,21.0,2299.0,92.4,89.0,4.0,105.0,130.0,10.0,5000.0
92.69,3.0,5.0,21.0,2299.0,92.4,89.0,4.0,105.0,130.0,10.5,5000.0
96.9,3.0,5.0,21.0,2299.0,92.4,89.0,4.0,105.0,130.0,11.0,5000.0
101.21,3.0,5.0,21.0,2299.0,92.4,89.0,4.0,105.0,130.0,11.5,5000.0
105.63,3.0,5.0,21.0,2299.0,92.4,89.0,4.0,105.0,130.0,12.0,5000.0
-0.15,4.0,6.0,22.0,2874.0,92.4,89.0,5.0,105.0,130.0,0.0,100.0
1.78,4.0,6.0,22.0,2874.0,92.4,89.0,5.0,105.0,130.0,1.0,100.0
3.72,4.0,6.0,22.0,2874.0,92.4,89.0,5.0,105.0,130.0,2.0,100.0
4.68,4.0,6.0,22.0,2874.0,92.4,89.0,5.0,105.0,130.0,2.5,100.0
5.65,4.0,6.0,22.0,2874.0,92.4,89.0,5.0,105.0,130.0,3.0,100.0
6.62,4.0,6.0,22.0,2874.0,92.4,89.0,5.0,105.0,130.0,3.5,100.0
8.55,4.0,6.0,22.0,2874.0,92.4,89.0,5.0,105.0,130.0,4.5,100.0
9.52,4.0,6.0,22.0,2874.0,92.4,89.0,5.0,105.0,130.0,5.0,100.0
10.48,4.0,6.0,22.0,2874.0,92.4,89.0,5.0,105.0,130.0,5.5,100.0
11.46,4.0,6.0,22.0,2874.0,92.4,89.0,5.0,105.0,130.0,6.0,100.0
12.43,4.0,6.0,22.0,2874.0,92.4,89.0,5.0,105.0,130.0,6.5,100.0
13.39,4.0,6.0,22.0,2874.0,92.4,89.0,5.0,105.0,130.0,7.0,100.0
14.36,4.0,6.0,22.0,2874.0,92.4,89.0,5.0,105.0,130.0,7.5,100.0
16.3,4.0,6.0,22.0,2874.0,92.4,89.0,5.0,105.0,130.0,8.5,100.0
17.28,4.0,6.0,22.0,2874.0,92.4,89.0,5.0,105.0,130.0,9.0,100.0
18.25,4.0,6.0,22.0,2874.0,92.4,89.0,5.0,105.0,130.0,9.5,100.0
19.21,4.0,6.0,22.0,2874.0,92.4,89.0,5.0,105.0,130.0,10.0,100.0
20.18,4.0,6.0,22.0,2874.0,92.4,89.0,5.0,105.0,130.0,10.5,100.0
22.12,4.0,6.0,22.0,2874.0,92.4,89.0,5.0,105.0,130.0,11.5,100.0
24.06,4.0,6.0,22.0,2874.0,92.4,89.0,5.0,105.0,130.0,12.5,100.0
25.02,4.0,6.0,22.0,2874.0,92.4,89.0,5.0,105.0,130.0,13.0,100.0
26.0,4.0,6.0,22.0,2874.0,92.4,89.0,5.0,105.0,130.0,13.5,100.0
27.93,4.0,6.0,22.0,2874.0,92.4,89.0,5.0,105.0,130.0,14.5,100.0
28.91,4.0,6.0,22.0,2874.0,92.4,89.0,5.0,105.0,130.0,15.0,100.0
29.88,4.0,6.0,22.0,2874.0,92.4,89.0,5.0,105.0,130.0,15.5,100.0
30.85,4.0,6.0,22.0,2874.0,92.4,89.0,5.0,105.0,130.0,16.0,100.0
31.81,4.0,6.0,22.0,2874.0,92.4,89.0,5.0,105.0,130.0,16.5,100.0
32.8,4.0,6.0,22.0,2874.0,92.4,89.0,5.0,105.0,130.0,17.0,100.0
33.77,4.0,6.0,22.0,2874.0,92.4,89.0,5.0,105.0,130.0,17.5,100.0
34.73,4.0,6.0,22.0,2874.0,92.4,89.0,5.0,105.0,130.0,18.0,100.0
0.48,4.0,6.0,22.0,2874.0,92.4,89.0,5.0,105.0,130.0,0.0,1000.0
1.48,4.0,6.0,22.0,2874.0,92.4,89.0,5.0,105.0,130.0,0.5,1000.0
2.48,4.0,6.0,22.0,2874.0,92.4,89.0,5.0,105.0,130.0,1.0,1000.0
3.49,4.0,6.0,22.0,2874.0,92.4,89.0,5.0,105.0,130.0,1.5,1000.0
4.5,4.0,6.0,22.0,2874.0,92.4,89.0,5.0,105.0,130.0,2.0,1000.0
5.52,4.0,6.0,22.0,2874.0,92.4,89.0,5.0,105.0,130.0,2.5,1000.0
6.54,4.0,6.0,22.0,2874.0,92.4,89.0,5.0,105.0,130.0,3.0,1000.0
7.57,4.0,6.0,22.0,2874.0,92.4,89.0,5.0,105.0,130.0,3.5,1000.0
8.6,4.0,6.0,22.0,2874.0,92.4,89.0,5.0,105.0,130.0,4.0,1000.0
9.64,4.0,6.0,22.0,2874.0,92.4,89.0,5.0,105.0,130.0,4.5,1000.0
10.68,4.0,6.0,22.0,2874.0,92.4,89.0,5.0,105.0,130.0,5.0,1000.0
12.77,4.0,6.0,22.0,2874.0,92.4,89.0,5.0,105.0,130.0,6.0,1000.0
13.83,4.0,6.0,22.0,2874.0,92.4,89.0,5.0,105.0,130.0,6.5,1000.0
15.95,4.0,6.0,22.0,2874.0,92.4,89.0,5.0,105.0,130.0,7.5,1000.0
17.01,4.0,6.0,22.0,2874.0,92.4,89.0,5.0,105.0,130.0,8.0,1000.0
18.09,4.0,6.0,22.0,2874.0,92.4,89.0,5.0,105.0,130.0,8.5,1000.0
19.16,4.0,6.0,22.0,2874.0,92.4,89.0,5.0,105.0,130.0,9.0,1000.0
20.23,4.0,6.0,22.0,2874.0,92.4,89.0,5.0,105.0,130.0,9.5,1000.0
21.32,4.0,6.0,22.0,2874.0,92.4,89.0,5.0,105.0,130.0,10.0,1000.0
22.4,4.0,6.0,22.0,2874.0,92.4,89.0,5.0,105.0,130.0,10.5,1000.0
23.5,4.0,6.0,22.0,2874.0,92.4,89.0,5.0,105.0,130.0,11.0,1000.0
24.59,4.0,6.0,22.0,2874.0,92.4,89.0,5.0,105.0,130.0,11.5,1000.0
25.69,4.0,6.0,22.0,2874.0,92.4,89.0,5.0,105.0,130.0,12.0,1000.0
26.8,4.0,6.0,22.0,2874.0,92.4,89.0,5.0,105.0,130.0,12.5,1000.0
27.89,4.0,6.0,22.0,2874.0,92.4,89.0,5.0,105.0,130.0,13.0,1000.0
30.13,4.0,6.0,22.0,2874.0,92.4,89.0,5.0,105.0,130.0,14.0,1000.0
31.24,4.0,6.0,22.0,2874.0,92.4,89.0,5.0,105.0,130.0,14.5,1000.0
32.37,4.0,6.0,22.0,2874.0,92.4,89.0,5.0,105.0,130.0,15.0,1000.0
33.5,4.0,6.0,22.0,2874.0,92.4,89.0,5.0,105.0,130.0,15.5,1000.0
34.63,4.0,6.0,22.0,2874.0,92.4,89.0,5.0,105.0,130.0,16.0,1000.0
35.75,4.0,6.0,22.0,2874.0,92.4,89.0,5.0,105.0,130.0,16.5,1000.0
36.89,4.0,6.0,22.0,2874.0,92.4,89.0,5.0,105.0,130.0,17.0,1000.0
38.03,4.0,6.0,22.0,2874.0,92.4,89.0,5.0,105.0,130.0,17.5,1000.0
39.17,4.0,6.0,22.0,2874.0,92.4,89.0,5.0,105.0,130.0,18.0,1000.0
2.67,4.0,6.0,22.0,2874.0,92.4,89.0,5.0,105.0,130.0,0.5,1500.0
3.71,4.0,6.0,22.0,2874.0,92.4,89.0,5.0,105.0,130.0,1.0,1500.0
4.77,4.0,6.0,22.0,2874.0,92.4,89.0,5.0,105.0,130.0,1.5,1500.0
5.83,4.0,6.0,22.0,2874.0,92.4,89.0,5.0,105.0,130.0,2.0,1500.0
6.91,4.0,6.0,22.0,2874.0,92.4,89.0,5.0,105.0,130.0,2.5,1500.0
9.06,4.0,6.0,22.0,2874.0,92.4,89.0,5.0,105.0,130.0,3.5,1500.0
10.16,4.0,6.0,22.0,2874.0,92.4,89.0,5.0,105.0,130.0,4.0,1500.0
11.28,4.0,6.0,22.0,2874.0,92.4,89.0,5.0,105.0,130.0,4.5,1500.0
12.4,4.0,6.0,22.0,2874.0,92.4,89.0,5.0,105.0,130.0,5.0,1500.0
13.53,4.0,6.0,22.0,2874.0,92.4,89.0,5.0,105.0,130.0,5.5,1500.0
14.67,4.0,6.0,22.0,2874.0,92.4,89.0,5.0,105.0,130.0,6.0,1500.0
15.81,4.0,6.0,22.0,2874.0,92.4,89.0,5.0,105.0,130.0,6.5,1500.0
16.97,4.0,6.0,22.0,2874.0,92.4,89.0,5.0,105.0,130.0,7.0,1500.0
18.14,4.0,6.0,22.0,2874.0,92.4,89.0,5.0,105.0,130.0,7.5,1500.0
19.32,4.0,6.0,22.0,2874.0,92.4,89.0,5.0,105.0,130.0,8.0,1500.0
20.5,4.0,6.0,22.0,2874.0,92.4,89.0,5.0,105.0,130.0,8.5,1500.0
21.69,4.0,6.0,22.0,2874.0,92.4,89.0,5.0,105.0,130.0,9.0,1500.0
22.89,4.0,6.0,22.0,2874.0,92.4,89.0,5.0,105.0,130.0,9.5,1500.0
24.1,4.0,6.0,22.0,2874.0,92.4,89.0,5.0,105.0,130.0,10.0,1500.0
26.54,4.0,6.0,22.0,2874.0,92.4,89.0,5.0,105.0,130.0,11.0,1500.0
27.77,4.0,6.0,22.0,2874.0,92.4,89.0,5.0,105.0,130.0,11.5,1500.0
29.01,4.0,6.0,22.0,2874.0,92.4,89.0,5.0,105.0,130.0,12.0,1500.0
30.28,4.0,6.0,22.0,2874.0,92.4,89.0,5.0,105.0,130.0,12.5,1500.0
31.52,4.0,6.0,22.0,2874.0,92.4,89.0,5.0,105.0,130.0,13.0,1500.0
32.8,4.0,6.0,22.0,2874.0,92.4,89.0,5.0,105.0,130.0,13.5,1500.0
34.08,4.0,6.0,22.0,2874.0,92.4,89.0,5.0,105.0,130.0,14.0,1500.0
35.35,4.0,6.0,22.0,2874.0,92.4,89.0,5.0,105.0,130.0,14.5,1500.0
37.93,4.0,6.0,22.0,2874.0,92.4,89.0,5.0,105.0,130.0,15.5,1500.0
39.24,4.0,6.0,22.0,2874.0,92.4,89.0,5.0,105.0,130.0,16.0,1500.0
40.55,4.0,6.0,22.0,2874.0,92.4,89.0,5.0,105.0,130.0,16.5,1500.0
41.89,4.0,6.0,22.0,2874.0,92.4,89.0,5.0,105.0,130.0,17.0,1500.0
43.22,4.0,6.0,22.0,2874.0,92.4,89.0,5.0,105.0,130.0,17.5,1500.0
44.54,4.0,6.0,22.0,2874.0,92.4,89.0,5.0,105.0,130.0,18.0,1500.0
3.59,4.0,6.0,22.0,2874.0,92.4,89.0,5.0,105.0,130.0,0.0,2000.0
4.66,4.0,6.0,22.0,2874.0,92.4,89.0,5.0,105.0,130.0,0.5,2000.0
5.75,4.0,6.0,22.0,2874.0,92.4,89.0,5.0,105.0,130.0,1.0,2000.0
6.86,4.0,6.0,22.0,2874.0,92.4,89.0,5.0,105.0,130.0,1.5,2000.0
7.99,4.0,6.0,22.0,2874.0,92.4,89.0,5.0,105.0,130.0,2.0,2000.0
9.13,4.0,6.0,22.0,2874.0,92.4,89.0,5.0,105.0,130.0,2.5,2000.0
10.28,4.0,6.0,22.0,2874.0,92.4,89.0,5.0,105.0,130.0,3.0,2000.0
11.46,4.0,6.0,22.0,2874.0,92.4,89.0,5.0,105.0,130.0,3.5,2000.0
12.66,4.0,6.0,22.0,2874.0,92.4,89.0,5.0,105.0,130.0,4.0,2000.0
13.87,4.0,6.0,22.0,2874.0,92.4,89.0,5.0,105.0,130.0,4.5,2000.0
15.09,4.0,6.0,22.0,2874.0,92.4,89.0,5.0,105.0,130.0,5.0,2000.0
16.34,4.0,6.0,22.0,2874.0,92.4,89.0,5.0,105.0,130.0,5.5,2000.0
17.59,4.0,6.0,22.0,2874.0,92.4,89.0,5.0,105.0,130.0,6.0,2000.0
18.86,4.0,6.0,22.0,2874.0,92.4,89.0,5.0,105.0,130.0,6.5,2000.0
20.15,4.0,6.0,22.0,2874.0,92.4,89.0,5.0,105.0,130.0,7.0,2000.0
21.45,4.0,6.0,22.0,2874.0,92.4,89.0,5.0,105.0,130.0,7.5,2000.0
22.77,4.0,6.0,22.0,2874.0,92.4,89.0,5.0,105.0,130.0,8.0,2000.0
24.1,4.0,6.0,22.0,2874.0,92.4,89.0,5.0,105.0,130.0,8.5,2000.0
25.45,4.0,6.0,22.0,2874.0,92.4,89.0,5.0,105.0,130.0,9.0,2000.0
26.81,4.0,6.0,22.0,2874.0,92.4,89.0,5.0,105.0,130.0,9.5,2000.0
28.18,4.0,6.0,22.0,2874.0,92.4,89.0,5.0,105.0,130.0,10.0,2000.0
29.58,4.0,6.0,22.0,2874.0,92.4,89.0,5.0,105.0,130.0,10.5,2000.0
30.97,4.0,6.0,22.0,2874.0,92.4,89.0,5.0,105.0,130.0,11.0,2000.0
32.39,4.0,6.0,22.0,2874.0,92.4,89.0,5.0,105.0,130.0,11.5,2000.0
33.82,4.0,6.0,22.0,2874.0,92.4,89.0,5.0,105.0,130.0,12.0,2000.0
36.73,4.0,6.0,22.0,2874.0,92.4,89.0,5.0,105.0,130.0,13.0,2000.0
38.19,4.0,6.0,22.0,2874.0,92.4,89.0,5.0,105.0,130.0,13.5,2000.0
41.18,4.0,6.0,22.0,2874.0,92.4,89.0,5.0,105.0,130.0,14.5,2000.0
42.69,4.0,6.0,22.0,2874.0,92.4,89.0,5.0,105.0,130.0,15.0,2000.0
44.23,4.0,6.0,22.0,2874.0,92.4,89.0,5.0,105.0,130.0,15.5,2000.0
45.75,4.0,6.0,22.0,2874.0,92.4,89.0,5.0,105.0,130.0,16.0,2000.0
47.31,4.0,6.0,22.0,2874.0,92.4,89.0,5.0,105.0,130.0,16.5,2000.0
48.87,4.0,6.0,22.0,2874.0,92.4,89.0,5.0,105.0,130.0,17.0,2000.0
50.45,4.0,6.0,22.0,2874.0,92.4,89.0,5.0,105.0,130.0,17.5,2000.0
52.04,4.0,6.0,22.0,2874.0,92.4,89.0,5.0,105.0,130.0,18.0,2000.0
6.47,4.0,6.0,22.0,2874.0,92.4,89.0,5.0,105.0,130.0,0.0,2500.0
7.58,4.0,6.0,22.0,2874.0,92.4,89.0,5.0,105.0,130.0,0.5,2500.0
8.74,4.0,6.0,22.0,2874.0,92.4,89.0,5.0,105.0,130.0,1.0,2500.0
9.92,4.0,6.0,22.0,2874.0,92.4,89.0,5.0,105.0,130.0,1.5,2500.0
11.13,4.0,6.0,22.0,2874.0,92.4,89.0,5.0,105.0,130.0,2.0,2500.0
12.36,4.0,6.0,22.0,2874.0,92.4,89.0,5.0,105.0,130.0,2.5,2500.0
13.62,4.0,6.0,22.0,2874.0,92.4,89.0,5.0,105.0,130.0,3.0,2500.0
14.91,4.0,6.0,22.0,2874.0,92.4,89.0,5.0,105.0,130.0,3.5,2500.0
16.21,4.0,6.0,22.0,2874.0,92.4,89.0,5.0,105.0,130.0,4.0,2500.0
17.53,4.0,6.0,22.0,2874.0,92.4,89.0,5.0,105.0,130.0,4.5,2500.0
18.89,4.0,6.0,22.0,2874.0,92.4,89.0,5.0,105.0,130.0,5.0,2500.0
20.28,4.0,6.0,22.0,2874.0,92.4,89.0,5.0,105.0,130.0,5.5,2500.0
21.66,4.0,6.0,22.0,2874.0,92.4,89.0,5.0,105.0,130.0,6.0,2500.0
23.1,4.0,6.0,22.0,2874.0,92.4,89.0,5.0,105.0,130.0,6.5,2500.0
24.54,4.0,6.0,22.0,2874.0,92.4,89.0,5.0,105.0,130.0,7.0,2500.0
26.02,4.0,6.0,22.0,2874.0,92.4,89.0,5.0,105.0,130.0,7.5,2500.0
27.51,4.0,6.0,22.0,2874.0,92.4,89.0,5.0,105.0,130.0,8.0,2500.0
29.02,4.0,6.0,22.0,2874.0,92.4,89.0,5.0,105.0,130.0,8.5,2500.0
30.56,4.0,6.0,22.0,2874.0,92.4,89.0,5.0,105.0,130.0,9.0,2500.0
32.11,4.0,6.0,22.0,2874.0,92.4,89.0,5.0,105.0,130.0,9.5,2500.0
33.7,4.0,6.0,22.0,2874.0,92.4,89.0,5.0,105.0,130.0,10.0,2500.0
35.29,4.0,6.0,22.0,2874.0,92.4,89.0,5.0,105.0,130.0,10.5,2500.0
36.9,4.0,6.0,22.0,2874.0,92.4,89.0,5.0,105.0,130.0,11.0,2500.0
38.56,4.0,6.0,22.0,2874.0,92.4,89.0,5.0,105.0,130.0,11.5,2500.0
40.21,4.0,6.0,22.0,2874.0,92.4,89.0,5.0,105.0,130.0,12.0,2500.0
41.9,4.0,6.0,22.0,2874.0,92.4,89.0,5.0,105.0,130.0,12.5,2500.0
43.6,4.0,6.0,22.0,2874.0,92.4,89.0,5.0,105.0,130.0,13.0,2500.0
45.32,4.0,6.0,22.0,2874.0,92.4,89.0,5.0,105.0,130.0,13.5,2500.0
47.06,4.0,6.0,22.0,2874.0,92.4,89.0,5.0,105.0,130.0,14.0,2500.0
48.82,4.0,6.0,22.0,2874.0,92.4,89.0,5.0,105.0,130.0,14.5,2500.0
52.42,4.0,6.0,22.0,2874.0,92.4,89.0,5.0,105.0,130.0,15.5,2500.0
54.25,4.0,6.0,22.0,2874.0,92.4,89.0,5.0,105.0,130.0,16.0,2500.0
56.08,4.0,6.0,22.0,2874.0,92.4,89.0,5.0,105.0,130.0,16.5,2500.0
57.95,4.0,6.0,22.0,2874.0,92.4,89.0,5.0,105.0,130.0,17.0,2500.0
59.83,4.0,6.0,22.0,2874.0,92.4,89.0,5.0,105.0,130.0,17.5,2500.0
61.74,4.0,6.0,22.0,2874.0,92.4,89.0,5.0,105.0,130.0,18.0,2500.0
10.41,4.0,6.0,22.0,2874.0,92.4,89.0,5.0,105.0,130.0,0.0,3000.0
11.6,4.0,6.0,22.0,2874.0,92.4,89.0,5.0,105.0,130.0,0.5,3000.0
15.38,4.0,6.0,22.0,2874.0,92.4,89.0,5.0,105.0,130.0,2.0,3000.0
16.71,4.0,6.0,22.0,2874.0,92.4,89.0,5.0,105.0,130.0,2.5,3000.0
18.1,4.0,6.0,22.0,2874.0,92.4,89.0,5.0,105.0,130.0,3.0,3000.0
19.49,4.0,6.0,22.0,2874.0,92.4,89.0,5.0,105.0,130.0,3.5,3000.0
22.4,4.0,6.0,22.0,2874.0,92.4,89.0,5.0,105.0,130.0,4.5,3000.0
23.93,4.0,6.0,22.0,2874.0,92.4,89.0,5.0,105.0,130.0,5.0,3000.0
25.46,4.0,6.0,22.0,2874.0,92.4,89.0,5.0,105.0,130.0,5.5,3000.0
27.03,4.0,6.0,22.0,2874.0,92.4,89.0,5.0,105.0,130.0,6.0,3000.0
28.63,4.0,6.0,22.0,2874.0,92.4,89.0,5.0,105.0,130.0,6.5,3000.0
30.28,4.0,6.0,22.0,2874.0,92.4,89.0,5.0,105.0,130.0,7.0,3000.0
31.94,4.0,6.0,22.0,2874.0,92.4,89.0,5.0,105.0,130.0,7.5,3000.0
33.64,4.0,6.0,22.0,2874.0,92.4,89.0,5.0,105.0,130.0,8.0,3000.0
37.12,4.0,6.0,22.0,2874.0,92.4,89.0,5.0,105.0,130.0,9.0,3000.0
38.9,4.0,6.0,22.0,2874.0,92.4,89.0,5.0,105.0,130.0,9.5,3000.0
40.73,4.0,6.0,22.0,2874.0,92.4,89.0,5.0,105.0,130.0,10.0,3000.0
42.58,4.0,6.0,22.0,2874.0,92.4,89.0,5.0,105.0,130.0,10.5,3000.0
44.45,4.0,6.0,22.0,2874.0,92.4,89.0,5.0,105.0,130.0,11.0,3000.0
46.35,4.0,6.0,22.0,2874.0,92.4,89.0,5.0,105.0,130.0,11.5,3000.0
50.26,4.0,6.0,22.0,2874.0,92.4,89.0,5.0,105.0,130.0,12.5,3000.0
52.25,4.0,6.0,22.0,2874.0,92.4,89.0,5.0,105.0,130.0,13.0,3000.0
54.28,4.0,6.0,22.0,2874.0,92.4,89.0,5.0,105.0,130.0,13.5,3000.0
56.32,4.0,6.0,22.0,2874.0,92.4,89.0,5.0,105.0,130.0,14.0,3000.0
58.4,4.0,6.0,22.0,2874.0,92.4,89.0,5.0,105.0,130.0,14.5,3000.0
60.51,4.0,6.0,22.0,2874.0,92.4,89.0,5.0,105.0,130.0,15.0,3000.0
62.64,4.0,6.0,22.0,2874.0,92.4,89.0,5.0,105.0,130.0,15.5,3000.0
64.81,4.0,6.0,22.0,2874.0,92.4,89.0,5.0,105.0,130.0,16.0,3000.0
66.99,4.0,6.0,22.0,2874.0,92.4,89.0,5.0,105.0,130.0,16.5,3000.0
69.21,4.0,6.0,22.0,2874.0,92.4,89.0,5.0,105.0,130.0,17.0,3000.0
71.44,4.0,6.0,22.0,2874.0,92.4,89.0,5.0,105.0,130.0,17.5,3000.0
73.72,4.0,6.0,22.0,2874.0,92.4,89.0,5.0,105.0,130.0,18.0,3000.0
16.8,4.0,6.0,22.0,2874.0,92.4,89.0,5.0,105.0,130.0,0.5,3500.0
18.1,4.0,6.0,22.0,2874.0,92.4,89.0,5.0,105.0,130.0,1.0,3500.0
19.45,4.0,6.0,22.0,2874.0,92.4,89.0,5.0,105.0,130.0,1.5,3500.0
23.83,4.0,6.0,22.0,2874.0,92.4,89.0,5.0,105.0,130.0,3.0,3500.0
25.37,4.0,6.0,22.0,2874.0,92.4,89.0,5.0,105.0,130.0,3.5,3500.0
26.97,4.0,6.0,22.0,2874.0,92.4,89.0,5.0,105.0,130.0,4.0,3500.0
28.61,4.0,6.0,22.0,2874.0,92.4,89.0,5.0,105.0,130.0,4.5,3500.0
30.29,4.0,6.0,22.0,2874.0,92.4,89.0,5.0,105.0,130.0,5.0,3500.0
32.02,4.0,6.0,22.0,2874.0,92.4,89.0,5.0,105.0,130.0,5.5,3500.0
33.78,4.0,6.0,22.0,2874.0,92.4,89.0,5.0,105.0,130.0,6.0,3500.0
35.59,4.0,6.0,22.0,2874.0,92.4,89.0,5.0,105.0,130.0,6.5,3500.0
37.44,4.0,6.0,22.0,2874.0,92.4,89.0,5.0,105.0,130.0,7.0,3500.0
39.34,4.0,6.0,22.0,2874.0,92.4,89.0,5.0,105.0,130.0,7.5,3500.0
41.27,4.0,6.0,22.0,2874.0,92.4,89.0,5.0,105.0,130.0,8.0,3500.0
43.24,4.0,6.0,22.0,2874.0,92.4,89.0,5.0,105.0,130.0,8.5,3500.0
45.26,4.0,6.0,22.0,2874.0,92.4,89.0,5.0,105.0,130.0,9.0,3500.0
47.31,4.0,6.0,22.0,2874.0,92.4,89.0,5.0,105.0,130.0,9.5,3500.0
49.4,4.0,6.0,22.0,2874.0,92.4,89.0,5.0,105.0,130.0,10.0,3500.0
51.54,4.0,6.0,22.0,2874.0,92.4,89.0,5.0,105.0,130.0,10.5,3500.0
53.71,4.0,6.0,22.0,2874.0,92.4,89.0,5.0,105.0,130.0,11.0,3500.0
55.92,4.0,6.0,22.0,2874.0,92.4,89.0,5.0,105.0,130.0,11.5,3500.0
58.17,4.0,6.0,22.0,2874.0,92.4,89.0,5.0,105.0,130.0,12.0,3500.0
60.46,4.0,6.0,22.0,2874.0,92.4,89.0,5.0,105.0,130.0,12.5,3500.0
62.78,4.0,6.0,22.0,2874.0,92.4,89.0,5.0,105.0,130.0,13.0,3500.0
65.14,4.0,6.0,22.0,2874.0,92.4,89.0,5.0,105.0,130.0,13.5,3500.0
67.54,4.0,6.0,22.0,2874.0,92.4,89.0,5.0,105.0,130.0,14.0,3500.0
69.97,4.0,6.0,22.0,2874.0,92.4,89.0,5.0,105.0,130.0,14.5,3500.0
72.45,4.0,6.0,22.0,2874.0,92.4,89.0,5.0,105.0,130.0,15.0,3500.0
74.97,4.0,6.0,22.0,2874.0,92.4,89.0,5.0,105.0,130.0,15.5,3500.0
77.5,4.0,6.0,22.0,2874.0,92.4,89.0,5.0,105.0,130.0,16.0,3500.0
80.09,4.0,6.0,22.0,2874.0,92.4,89.0,5.0,105.0,130.0,16.5,3500.0
82.71,4.0,6.0,22.0,2874.0,92.4,89.0,5.0,105.0,130.0,17.0,3500.0
88.06,4.0,6.0,22.0,2874.0,92.4,89.0,5.0,105.0,130.0,18.0,3500.0
21.95,4.0,6.0,22.0,2874.0,92.4,89.0,5.0,105.0,130.0,0.0,4000.0
23.3,4.0,6.0,22.0,2874.0,92.4,89.0,5.0,105.0,130.0,0.5,4000.0
24.69,4.0,6.0,22.0,2874.0,92.4,89.0,5.0,105.0,130.0,1.0,4000.0
26.15,4.0,6.0,22.0,2874.0,92.4,89.0,5.0,105.0,130.0,1.5,4000.0
27.68,4.0,6.0,22.0,2874.0,92.4,89.0,5.0,105.0,130.0,2.0,4000.0
29.28,4.0,6.0,22.0,2874.0,92.4,89.0,5.0,105.0,130.0,2.5,4000.0
30.93,4.0,6.0,22.0,2874.0,92.4,89.0,5.0,105.0,130.0,3.0,4000.0
32.64,4.0,6.0,22.0,2874.0,92.4,89.0,5.0,105.0,130.0,3.5,4000.0
34.41,4.0,6.0,22.0,2874.0,92.4,89.0,5.0,105.0,130.0,4.0,4000.0
36.24,4.0,6.0,22.0,2874.0,92.4,89.0,5.0,105.0,130.0,4.5,4000.0
38.12,4.0,6.0,22.0,2874.0,92.4,89.0,5.0,105.0,130.0,5.0,4000.0
40.05,4.0,6.0,22.0,2874.0,92.4,89.0,5.0,105.0,130.0,5.5,4000.0
42.04,4.0,6.0,22.0,2874.0,92.4,89.0,5.0,105.0,130.0,6.0,4000.0
44.08,4.0,6.0,22.0,2874.0,92.4,89.0,5.0,105.0,130.0,6.5,4000.0
46.17,4.0,6.0,22.0,2874.0,92.4,89.0,5.0,105.0,130.0,7.0,4000.0
48.32,4.0,6.0,22.0,2874.0,92.4,89.0,5.0,105.0,130.0,7.5,4000.0
50.52,4.0,6.0,22.0,2874.0,92.4,89.0,5.0,105.0,130.0,8.0,4000.0
52.77,4.0,6.0,22.0,2874.0,92.4,89.0,5.0,105.0,130.0,8.5,4000.0
55.06,4.0,6.0,22.0,2874.0,92.4,89.0,5.0,105.0,130.0,9.0,4000.0
57.42,4.0,6.0,22.0,2874.0,92.4,89.0,5.0,105.0,130.0,9.5,4000.0
62.28,4.0,6.0,22.0,2874.0,92.4,89.0,5.0,105.0,130.0,10.5,4000.0
64.77,4.0,6.0,22.0,2874.0,92.4,89.0,5.0,105.0,130.0,11.0,4000.0
67.33,4.0,6.0,22.0,2874.0,92.4,89.0,5.0,105.0,130.0,11.5,4000.0
69.93,4.0,6.0,22.0,2874.0,92.4,89.0,5.0,105.0,130.0,12.0,4000.0
72.57,4.0,6.0,22.0,2874.0,92.4,89.0,5.0,105.0,130.0,12.5,4000.0
75.28,4.0,6.0,22.0,2874.0,92.4,89.0,5.0,105.0,130.0,13.0,4000.0
78.02,4.0,6.0,22.0,2874.0,92.4,89.0,5.0,105.0,130.0,13.5,4000.0
80.81,4.0,6.0,22.0,2874.0,92.4,89.0,5.0,105.0,130.0,14.0,4000.0
83.65,4.0,6.0,22.0,2874.0,92.4,89.0,5.0,105.0,130.0,14.5,4000.0
86.53,4.0,6.0,22.0,2874.0,92.4,89.0,5.0,105.0,130.0,15.0,4000.0
89.46,4.0,6.0,22.0,2874.0,92.4,89.0,5.0,105.0,130.0,15.5,4000.0
92.44,4.0,6.0,22.0,2874.0,92.4,89.0,5.0,105.0,130.0,16.0,4000.0
95.48,4.0,6.0,22.0,2874.0,92.4,89.0,5.0,105.0,130.0,16.5,4000.0
98.55,4.0,6.0,22.0,2874.0,92.4,89.0,5.0,105.0,130.0,17.0,4000.0
101.66,4.0,6.0,22.0,2874.0,92.4,89.0,5.0,105.0,130.0,17.5,4000.0
104.83,4.0,6.0,22.0,2874.0,92.4,89.0,5.0,105.0,130.0,18.0,4000.0
29.76,4.0,6.0,22.0,2874.0,92.4,89.0,5.0,105.0,130.0,0.0,4500.0
31.2,4.0,6.0,22.0,2874.0,92.4,89.0,5.0,105.0,130.0,0.5,4500.0
32.7,4.0,6.0,22.0,2874.0,92.4,89.0,5.0,105.0,130.0,1.0,4500.0
34.28,4.0,6.0,22.0,2874.0,92.4,89.0,5.0,105.0,130.0,1.5,4500.0
35.95,4.0,6.0,22.0,2874.0,92.4,89.0,5.0,105.0,130.0,2.0,4500.0
37.7,4.0,6.0,22.0,2874.0,92.4,89.0,5.0,105.0,130.0,2.5,4500.0
39.51,4.0,6.0,22.0,2874.0,92.4,89.0,5.0,105.0,130.0,3.0,4500.0
41.39,4.0,6.0,22.0,2874.0,92.4,89.0,5.0,105.0,130.0,3.5,4500.0
45.38,4.0,6.0,22.0,2874.0,92.4,89.0,5.0,105.0,130.0,4.5,4500.0
47.47,4.0,6.0,22.0,2874.0,92.4,89.0,5.0,105.0,130.0,5.0,4500.0
49.64,4.0,6.0,22.0,2874.0,92.4,89.0,5.0,105.0,130.0,5.5,4500.0
51.87,4.0,6.0,22.0,2874.0,92.4,89.0,5.0,105.0,130.0,6.0,4500.0
54.17,4.0,6.0,22.0,2874.0,92.4,89.0,5.0,105.0,130.0,6.5,4500.0
56.54,4.0,6.0,22.0,2874.0,92.4,89.0,5.0,105.0,130.0,7.0,4500.0
58.96,4.0,6.0,22.0,2874.0,92.4,89.0,5.0,105.0,130.0,7.5,4500.0
61.45,4.0,6.0,22.0,2874.0,92.4,89.0,5.0,105.0,130.0,8.0,4500.0
66.64,4.0,6.0,22.0,2874.0,92.4,89.0,5.0,105.0,130.0,9.0,4500.0
69.33,4.0,6.0,22.0,2874.0,92.4,89.0,5.0,105.0,130.0,9.5,4500.0
72.07,4.0,6.0,22.0,2874.0,92.4,89.0,5.0,105.0,130.0,10.0,4500.0
74.87,4.0,6.0,22.0,2874.0,92.4,89.0,5.0,105.0,130.0,10.5,4500.0
77.75,4.0,6.0,22.0,2874.0,92.4,89.0,5.0,105.0,130.0,11.0,4500.0
80.67,4.0,6.0,22.0,2874.0,92.4,89.0,5.0,105.0,130.0,11.5,4500.0
83.66,4.0,6.0,22.0,2874.0,92.4,89.0,5.0,105.0,130.0,12.0,4500.0
89.83,4.0,6.0,22.0,2874.0,92.4,89.0,5.0,105.0,130.0,13.0,4500.0
93.0,4.0,6.0,22.0,2874.0,92.4,89.0,5.0,105.0,130.0,13.5,4500.0
96.22,4.0,6.0,22.0,2874.0,92.4,89.0,5.0,105.0,130.0,14.0,4500.0
102.85,4.0,6.0,22.0,2874.0,92.4,89.0,5.0,105.0,130.0,15.0,4500.0
106.26,4.0,6.0,22.0,2874.0,92.4,89.0,5.0,105.0,130.0,15.5,4500.0
109.71,4.0,6.0,22.0,2874.0,92.4,89.0,5.0,105.0,130.0,16.0,4500.0
113.22,4.0,6.0,22.0,2874.0,92.4,89.0,5.0,105.0,130.0,16.5,4500.0
116.81,4.0,6.0,22.0,2874.0,92.4,89.0,5.0,105.0,130.0,17.0,4500.0
124.12,4.0,6.0,22.0,2874.0,92.4,89.0,5.0,105.0,130.0,18.0,4500.0
39.09,4.0,6.0,22.0,2874.0,92.4,89.0,5.0,105.0,130.0,0.0,5000.0
42.23,4.0,6.0,22.0,2874.0,92.4,89.0,5.0,105.0,130.0,1.0,5000.0
43.96,4.0,6.0,22.0,2874.0,92.4,89.0,5.0,105.0,130.0,1.5,5000.0
45.76,4.0,6.0,22.0,2874.0,92.4,89.0,5.0,105.0,130.0,2.0,5000.0
49.66,4.0,6.0,22.0,2874.0,92.4,89.0,5.0,105.0,130.0,3.0,5000.0
51.73,4.0,6.0,22.0,2874.0,92.4,89.0,5.0,105.0,130.0,3.5,5000.0
53.9,4.0,6.0,22.0,2874.0,92.4,89.0,5.0,105.0,130.0,4.0,5000.0
56.16,4.0,6.0,22.0,2874.0,92.4,89.0,5.0,105.0,130.0,4.5,5000.0
58.49,4.0,6.0,22.0,2874.0,92.4,89.0,5.0,105.0,130.0,5.0,5000.0
60.91,4.0,6.0,22.0,2874.0,92.4,89.0,5.0,105.0,130.0,5.5,5000.0
65.99,4.0,6.0,22.0,2874.0,92.4,89.0,5.0,105.0,130.0,6.5,5000.0
74.2,4.0,6.0,22.0,2874.0,92.4,89.0,5.0,105.0,130.0,8.0,5000.0
77.1,4.0,6.0,22.0,2874.0,92.4,89.0,5.0,105.0,130.0,8.5,5000.0
80.07,4.0,6.0,22.0,2874.0,92.4,89.0,5.0,105.0,130.0,9.0,5000.0
83.12,4.0,6.0,22.0,2874.0,92.4,89.0,5.0,105.0,130.0,9.5,5000.0
86.23,4.0,6.0,22.0,2874.0,92.4,89.0,5.0,105.0,130.0,10.0,5000.0
89.42,4.0,6.0,22.0,2874.0,92.4,89.0,5.0,105.0,130.0,10.5,5000.0
92.7,4.0,6.0,22.0,2874.0,92.4,89.0,5.0,105.0,130.0,11.0,5000.0
96.04,4.0,6.0,22.0,2874.0,92.4,89.0,5.0,105.0,130.0,11.5,5000.0
99.46,4.0,6.0,22.0,2874.0,92.4,89.0,5.0,105.0,130.0,12.0,5000.0
102.95,4.0,6.0,22.0,2874.0,92.4,89.0,5.0,105.0,130.0,12.5,5000.0
106.51,4.0,6.0,22.0,2874.0,92.4,89.0,5.0,105.0,130.0,13.0,5000.0
110.15,4.0,6.0,22.0,2874.0,92.4,89.0,5.0,105.0,130.0,13.5,5000.0
113.85,4.0,6.0,22.0,2874.0,92.4,89.0,5.0,105.0,130.0,14.0,5000.0
117.62,4.0,6.0,22.0,2874.0,92.4,89.0,5.0,105.0,130.0,14.5,5000.0
121.47,4.0,6.0,22.0,2874.0,92.4,89.0,5.0,105.0,130.0,15.0,5000.0
125.39,4.0,6.0,22.0,2874.0,92.4,89.0,5.0,105.0,130.0,15.5,5000.0
129.37,4.0,6.0,22.0,2874.0,92.4,89.0,5.0,105.0,130.0,16.0,5000.0
133.43,4.0,6.0,22.0,2874.0,92.4,89.0,5.0,105.0,130.0,16.5,5000.0
137.57,4.0,6.0,22.0,2874.0,92.4,89.0,5.0,105.0,130.0,17.0,5000.0
141.76,4.0,6.0,22.0,2874.0,92.4,89.0,5.0,105.0,130.0,17.5,5000.0
146.02,4.0,6.0,22.0,2874.0,92.4,89.0,5.0,105.0,130.0,18.0,5000.0
0.72,3.0,6.0,23.0,2497.0,84.0,87.0,5.0,105.0,130.0,0.0,100.0
1.97,3.0,6.0,23.0,2497.0,84.0,87.0,5.0,105.0,130.0,0.5,100.0
3.22,3.0,6.0,23.0,2497.0,84.0,87.0,5.0,105.0,130.0,1.0,100.0
4.46,3.0,6.0,23.0,2497.0,84.0,87.0,5.0,105.0,130.0,1.5,100.0
5.7,3.0,6.0,23.0,2497.0,84.0,87.0,5.0,105.0,130.0,2.0,100.0
6.95,3.0,6.0,23.0,2497.0,84.0,87.0,5.0,105.0,130.0,2.5,100.0
8.17,3.0,6.0,23.0,2497.0,84.0,87.0,5.0,105.0,130.0,3.0,100.0
9.4,3.0,6.0,23.0,2497.0,84.0,87.0,5.0,105.0,130.0,3.5,100.0
10.63,3.0,6.0,23.0,2497.0,84.0,87.0,5.0,105.0,130.0,4.0,100.0
11.84,3.0,6.0,23.0,2497.0,84.0,87.0,5.0,105.0,130.0,4.5,100.0
14.27,3.0,6.0,23.0,2497.0,84.0,87.0,5.0,105.0,130.0,5.5,100.0
15.48,3.0,6.0,23.0,2497.0,84.0,87.0,5.0,105.0,130.0,6.0,100.0
16.68,3.0,6.0,23.0,2497.0,84.0,87.0,5.0,105.0,130.0,6.5,100.0
17.89,3.0,6.0,23.0,2497.0,84.0,87.0,5.0,105.0,130.0,7.0,100.0
19.08,3.0,6.0,23.0,2497.0,84.0,87.0,5.0,105.0,130.0,7.5,100.0
20.27,3.0,6.0,23.0,2497.0,84.0,87.0,5.0,105.0,130.0,8.0,100.0
22.64,3.0,6.0,23.0,2497.0,84.0,87.0,5.0,105.0,130.0,9.0,100.0
23.82,3.0,6.0,23.0,2497.0,84.0,87.0,5.0,105.0,130.0,9.5,100.0
25.0,3.0,6.0,23.0,2497.0,84.0,87.0,5.0,105.0,130.0,10.0,100.0
26.17,3.0,6.0,23.0,2497.0,84.0,87.0,5.0,105.0,130.0,10.5,100.0
27.34,3.0,6.0,23.0,2497.0,84.0,87.0,5.0,105.0,130.0,11.0,100.0
28.49,3.0,6.0,23.0,2497.0,84.0,87.0,5.0,105.0,130.0,11.5,100.0
29.65,3.0,6.0,23.0,2497.0,84.0,87.0,5.0,105.0,130.0,12.0,100.0
30.81,3.0,6.0,23.0,2497.0,84.0,87.0,5.0,105.0,130.0,12.5,100.0
31.97,3.0,6.0,23.0,2497.0,84.0,87.0,5.0,105.0,130.0,13.0,100.0
33.11,3.0,6.0,23.0,2497.0,84.0,87.0,5.0,105.0,130.0,13.5,100.0
34.25,3.0,6.0,23.0,2497.0,84.0,87.0,5.0,105.0,130.0,14.0,100.0
35.39,3.0,6.0,23.0,2497.0,84.0,87.0,5.0,105.0,130.0,14.5,100.0
36.53,3.0,6.0,23.0,2497.0,84.0,87.0,5.0,105.0,130.0,15.0,100.0
1.58,3.0,6.0,23.0,2497.0,84.0,87.0,5.0,105.0,130.0,0.0,1000.0
2.9,3.0,6.0,23.0,2497.0,84.0,87.0,5.0,105.0,130.0,0.5,1000.0
4.24,3.0,6.0,23.0,2497.0,84.0,87.0,5.0,105.0,130.0,1.0,1000.0
5.56,3.0,6.0,23.0,2497.0,84.0,87.0,5.0,105.0,130.0,1.5,1000.0
6.9,3.0,6.0,23.0,2497.0,84.0,87.0,5.0,105.0,130.0,2.0,1000.0
8.24,3.0,6.0,23.0,2497.0,84.0,87.0,5.0,105.0,130.0,2.5,1000.0
9.57,3.0,6.0,23.0,2497.0,84.0,87.0,5.0,105.0,130.0,3.0,1000.0
10.91,3.0,6.0,23.0,2497.0,84.0,87.0,5.0,105.0,130.0,3.5,1000.0
12.24,3.0,6.0,23.0,2497.0,84.0,87.0,5.0,105.0,130.0,4.0,1000.0
13.59,3.0,6.0,23.0,2497.0,84.0,87.0,5.0,105.0,130.0,4.5,1000.0
14.94,3.0,6.0,23.0,2497.0,84.0,87.0,5.0,105.0,130.0,5.0,1000.0
16.28,3.0,6.0,23.0,2497.0,84.0,87.0,5.0,105.0,130.0,5.5,1000.0
17.63,3.0,6.0,23.0,2497.0,84.0,87.0,5.0,105.0,130.0,6.0,1000.0
18.99,3.0,6.0,23.0,2497.0,84.0,87.0,5.0,105.0,130.0,6.5,1000.0
20.35,3.0,6.0,23.0,2497.0,84.0,87.0,5.0,105.0,130.0,7.0,1000.0
21.69,3.0,6.0,23.0,2497.0,84.0,87.0,5.0,105.0,130.0,7.5,1000.0
23.06,3.0,6.0,23.0,2497.0,84.0,87.0,5.0,105.0,130.0,8.0,1000.0
24.42,3.0,6.0,23.0,2497.0,84.0,87.0,5.0,105.0,130.0,8.5,1000.0
27.15,3.0,6.0,23.0,2497.0,84.0,87.0,5.0,105.0,130.0,9.5,1000.0
28.52,3.0,6.0,23.0,2497.0,84.0,87.0,5.0,105.0,130.0,10.0,1000.0
31.25,3.0,6.0,23.0,2497.0,84.0,87.0,5.0,105.0,130.0,11.0,1000.0
32.63,3.0,6.0,23.0,2497.0,84.0,87.0,5.0,105.0,130.0,11.5,1000.0
34.0,3.0,6.0,23.0,2497.0,84.0,87.0,5.0,105.0,130.0,12.0,1000.0
35.38,3.0,6.0,23.0,2497.0,84.0,87.0,5.0,105.0,130.0,12.5,1000.0
36.76,3.0,6.0,23.0,2497.0,84.0,87.0,5.0,105.0,130.0,13.0,1000.0
38.15,3.0,6.0,23.0,2497.0,84.0,87.0,5.0,105.0,130.0,13.5,1000.0
39.53,3.0,6.0,23.0,2497.0,84.0,87.0,5.0,105.0,130.0,14.0,1000.0
40.93,3.0,6.0,23.0,2497.0,84.0,87.0,5.0,105.0,130.0,14.5,1000.0
42.32,3.0,6.0,23.0,2497.0,84.0,87.0,5.0,105.0,130.0,15.0,1000.0
3.53,3.0,6.0,23.0,2497.0,84.0,87.0,5.0,105.0,130.0,0.0,1500.0
4.94,3.0,6.0,23.0,2497.0,84.0,87.0,5.0,105.0,130.0,0.5,1500.0
6.36,3.0,6.0,23.0,2497.0,84.0,87.0,5.0,105.0,130.0,1.0,1500.0
7.79,3.0,6.0,23.0,2497.0,84.0,87.0,5.0,105.0,130.0,1.5,1500.0
9.22,3.0,6.0,23.0,2497.0,84.0,87.0,5.0,105.0,130.0,2.0,1500.0
10.65,3.0,6.0,23.0,2497.0,84.0,87.0,5.0,105.0,130.0,2.5,1500.0
12.1,3.0,6.0,23.0,2497.0,84.0,87.0,5.0,105.0,130.0,3.0,1500.0
13.56,3.0,6.0,23.0,2497.0,84.0,87.0,5.0,105.0,130.0,3.5,1500.0
15.01,3.0,6.0,23.0,2497.0,84.0,87.0,5.0,105.0,130.0,4.0,1500.0
16.48,3.0,6.0,23.0,2497.0,84.0,87.0,5.0,105.0,130.0,4.5,1500.0
17.95,3.0,6.0,23.0,2497.0,84.0,87.0,5.0,105.0,130.0,5.0,1500.0
19.43,3.0,6.0,23.0,2497.0,84.0,87.0,5.0,105.0,130.0,5.5,1500.0
20.91,3.0,6.0,23.0,2497.0,84.0,87.0,5.0,105.0,130.0,6.0,1500.0
22.42,3.0,6.0,23.0,2497.0,84.0,87.0,5.0,105.0,130.0,6.5,1500.0
23.91,3.0,6.0,23.0,2497.0,84.0,87.0,5.0,105.0,130.0,7.0,1500.0
26.92,3.0,6.0,23.0,2497.0,84.0,87.0,5.0,105.0,130.0,8.0,1500.0
28.45,3.0,6.0,23.0,2497.0,84.0,87.0,5.0,105.0,130.0,8.5,1500.0
29.97,3.0,6.0,23.0,2497.0,84.0,87.0,5.0,105.0,130.0,9.0,1500.0
31.51,3.0,6.0,23.0,2497.0,84.0,87.0,5.0,105.0,130.0,9.5,1500.0
33.04,3.0,6.0,23.0,2497.0,84.0,87.0,5.0,105.0,130.0,10.0,1500.0
34.59,3.0,6.0,23.0,2497.0,84.0,87.0,5.0,105.0,130.0,10.5,1500.0
37.71,3.0,6.0,23.0,2497.0,84.0,87.0,5.0,105.0,130.0,11.5,1500.0
39.28,3.0,6.0,23.0,2497.0,84.0,87.0,5.0,105.0,130.0,12.0,1500.0
40.85,3.0,6.0,23.0,2497.0,84.0,87.0,5.0,105.0,130.0,12.5,1500.0
42.43,3.0,6.0,23.0,2497.0,84.0,87.0,5.0,105.0,130.0,13.0,1500.0
44.01,3.0,6.0,23.0,2497.0,84.0,87.0,5.0,105.0,130.0,13.5,1500.0
45.61,3.0,6.0,23.0,2497.0,84.0,87.0,5.0,105.0,130.0,14.0,1500.0
47.2,3.0,6.0,23.0,2497.0,84.0,87.0,5.0,105.0,130.0,14.5,1500.0
48.82,3.0,6.0,23.0,2497.0,84.0,87.0,5.0,105.0,130.0,15.0,1500.0
6.52,3.0,6.0,23.0,2497.0,84.0,87.0,5.0,105.0,130.0,0.0,2000.0
8.06,3.0,6.0,23.0,2497.0,84.0,87.0,5.0,105.0,130.0,0.5,2000.0
9.59,3.0,6.0,23.0,2497.0,84.0,87.0,5.0,105.0,130.0,1.0,2000.0
11.15,3.0,6.0,23.0,2497.0,84.0,87.0,5.0,105.0,130.0,1.5,2000.0
12.72,3.0,6.0,23.0,2497.0,84.0,87.0,5.0,105.0,130.0,2.0,2000.0
14.3,3.0,6.0,23.0,2497.0,84.0,87.0,5.0,105.0,130.0,2.5,2000.0
17.5,3.0,6.0,23.0,2497.0,84.0,87.0,5.0,105.0,130.0,3.5,2000.0
19.11,3.0,6.0,23.0,2497.0,84.0,87.0,5.0,105.0,130.0,4.0,2000.0
20.74,3.0,6.0,23.0,2497.0,84.0,87.0,5.0,105.0,130.0,4.5,2000.0
22.38,3.0,6.0,23.0,2497.0,84.0,87.0,5.0,105.0,130.0,5.0,2000.0
24.03,3.0,6.0,23.0,2497.0,84.0,87.0,5.0,105.0,130.0,5.5,2000.0
25.69,3.0,6.0,23.0,2497.0,84.0,87.0,5.0,105.0,130.0,6.0,2000.0
27.37,3.0,6.0,23.0,2497.0,84.0,87.0,5.0,105.0,130.0,6.5,2000.0
29.05,3.0,6.0,23.0,2497.0,84.0,87.0,5.0,105.0,130.0,7.0,2000.0
30.75,3.0,6.0,23.0,2497.0,84.0,87.0,5.0,105.0,130.0,7.5,2000.0
32.47,3.0,6.0,23.0,2497.0,84.0,87.0,5.0,105.0,130.0,8.0,2000.0
34.18,3.0,6.0,23.0,2497.0,84.0,87.0,5.0,105.0,130.0,8.5,2000.0
35.92,3.0,6.0,23.0,2497.0,84.0,87.0,5.0,105.0,130.0,9.0,2000.0
39.42,3.0,6.0,23.0,2497.0,84.0,87.0,5.0,105.0,130.0,10.0,2000.0
41.19,3.0,6.0,23.0,2497.0,84.0,87.0,5.0,105.0,130.0,10.5,2000.0
42.97,3.0,6.0,23.0,2497.0,84.0,87.0,5.0,105.0,130.0,11.0,2000.0
44.76,3.0,6.0,23.0,2497.0,84.0,87.0,5.0,105.0,130.0,11.5,2000.0
50.22,3.0,6.0,23.0,2497.0,84.0,87.0,5.0,105.0,130.0,13.0,2000.0
52.07,3.0,6.0,23.0,2497.0,84.0,87.0,5.0,105.0,130.0,13.5,2000.0
53.91,3.0,6.0,23.0,2497.0,84.0,87.0,5.0,105.0,130.0,14.0,2000.0
55.78,3.0,6.0,23.0,2497.0,84.0,87.0,5.0,105.0,130.0,14.5,2000.0
57.66,3.0,6.0,23.0,2497.0,84.0,87.0,5.0,105.0,130.0,15.0,2000.0
10.56,3.0,6.0,23.0,2497.0,84.0,87.0,5.0,105.0,130.0,0.0,2500.0
12.25,3.0,6.0,23.0,2497.0,84.0,87.0,5.0,105.0,130.0,0.5,2500.0
13.96,3.0,6.0,23.0,2497.0,84.0,87.0,5.0,105.0,130.0,1.0,2500.0
17.41,3.0,6.0,23.0,2497.0,84.0,87.0,5.0,105.0,130.0,2.0,2500.0
19.17,3.0,6.0,23.0,2497.0,84.0,87.0,5.0,105.0,130.0,2.5,2500.0
20.94,3.0,6.0,23.0,2497.0,84.0,87.0,5.0,105.0,130.0,3.0,2500.0
22.73,3.0,6.0,23.0,2497.0,84.0,87.0,5.0,105.0,130.0,3.5,2500.0
24.54,3.0,6.0,23.0,2497.0,84.0,87.0,5.0,105.0,130.0,4.0,2500.0
26.37,3.0,6.0,23.0,2497.0,84.0,87.0,5.0,105.0,130.0,4.5,2500.0
28.21,3.0,6.0,23.0,2497.0,84.0,87.0,5.0,105.0,130.0,5.0,2500.0
31.95,3.0,6.0,23.0,2497.0,84.0,87.0,5.0,105.0,130.0,6.0,2500.0
33.86,3.0,6.0,23.0,2497.0,84.0,87.0,5.0,105.0,130.0,6.5,2500.0
35.77,3.0,6.0,23.0,2497.0,84.0,87.0,5.0,105.0,130.0,7.0,2500.0
37.71,3.0,6.0,23.0,2497.0,84.0,87.0,5.0,105.0,130.0,7.5,2500.0
39.66,3.0,6.0,23.0,2497.0,84.0,87.0,5.0,105.0,130.0,8.0,2500.0
41.63,3.0,6.0,23.0,2497.0,84.0,87.0,5.0,105.0,130.0,8.5,2500.0
43.61,3.0,6.0,23.0,2497.0,84.0,87.0,5.0,105.0,130.0,9.0,2500.0
45.62,3.0,6.0,23.0,2497.0,84.0,87.0,5.0,105.0,130.0,9.5,2500.0
47.64,3.0,6.0,23.0,2497.0,84.0,87.0,5.0,105.0,130.0,10.0,2500.0
49.68,3.0,6.0,23.0,2497.0,84.0,87.0,5.0,105.0,130.0,10.5,2500.0
51.74,3.0,6.0,23.0,2497.0,84.0,87.0,5.0,105.0,130.0,11.0,2500.0
55.91,3.0,6.0,23.0,2497.0,84.0,87.0,5.0,105.0,130.0,12.0,2500.0
58.02,3.0,6.0,23.0,2497.0,84.0,87.0,5.0,105.0,130.0,12.5,2500.0
60.16,3.0,6.0,23.0,2497.0,84.0,87.0,5.0,105.0,130.0,13.0,2500.0
62.31,3.0,6.0,23.0,2497.0,84.0,87.0,5.0,105.0,130.0,13.5,2500.0
64.46,3.0,6.0,23.0,2497.0,84.0,87.0,5.0,105.0,130.0,14.0,2500.0
66.65,3.0,6.0,23.0,2497.0,84.0,87.0,5.0,105.0,130.0,14.5,2500.0
68.85,3.0,6.0,23.0,2497.0,84.0,87.0,5.0,105.0,130.0,15.0,2500.0
17.53,3.0,6.0,23.0,2497.0,84.0,87.0,5.0,105.0,130.0,0.5,3000.0
21.34,3.0,6.0,23.0,2497.0,84.0,87.0,5.0,105.0,130.0,1.5,3000.0
23.28,3.0,6.0,23.0,2497.0,84.0,87.0,5.0,105.0,130.0,2.0,3000.0
25.25,3.0,6.0,23.0,2497.0,84.0,87.0,5.0,105.0,130.0,2.5,3000.0
27.25,3.0,6.0,23.0,2497.0,84.0,87.0,5.0,105.0,130.0,3.0,3000.0
29.26,3.0,6.0,23.0,2497.0,84.0,87.0,5.0,105.0,130.0,3.5,3000.0
31.3,3.0,6.0,23.0,2497.0,84.0,87.0,5.0,105.0,130.0,4.0,3000.0
33.37,3.0,6.0,23.0,2497.0,84.0,87.0,5.0,105.0,130.0,4.5,3000.0
35.46,3.0,6.0,23.0,2497.0,84.0,87.0,5.0,105.0,130.0,5.0,3000.0
39.71,3.0,6.0,23.0,2497.0,84.0,87.0,5.0,105.0,130.0,6.0,3000.0
41.87,3.0,6.0,23.0,2497.0,84.0,87.0,5.0,105.0,130.0,6.5,3000.0
44.06,3.0,6.0,23.0,2497.0,84.0,87.0,5.0,105.0,130.0,7.0,3000.0
48.52,3.0,6.0,23.0,2497.0,84.0,87.0,5.0,105.0,130.0,8.0,3000.0
50.78,3.0,6.0,23.0,2497.0,84.0,87.0,5.0,105.0,130.0,8.5,3000.0
53.06,3.0,6.0,23.0,2497.0,84.0,87.0,5.0,105.0,130.0,9.0,3000.0
55.37,3.0,6.0,23.0,2497.0,84.0,87.0,5.0,105.0,130.0,9.5,3000.0
57.7,3.0,6.0,23.0,2497.0,84.0,87.0,5.0,105.0,130.0,10.0,3000.0
60.06,3.0,6.0,23.0,2497.0,84.0,87.0,5.0,105.0,130.0,10.5,3000.0
62.44,3.0,6.0,23.0,2497.0,84.0,87.0,5.0,105.0,130.0,11.0,3000.0
64.85,3.0,6.0,23.0,2497.0,84.0,87.0,5.0,105.0,130.0,11.5,3000.0
67.28,3.0,6.0,23.0,2497.0,84.0,87.0,5.0,105.0,130.0,12.0,3000.0
69.74,3.0,6.0,23.0,2497.0,84.0,87.0,5.0,105.0,130.0,12.5,3000.0
72.22,3.0,6.0,23.0,2497.0,84.0,87.0,5.0,105.0,130.0,13.0,3000.0
74.73,3.0,6.0,23.0,2497.0,84.0,87.0,5.0,105.0,130.0,13.5,3000.0
77.25,3.0,6.0,23.0,2497.0,84.0,87.0,5.0,105.0,130.0,14.0,3000.0
79.81,3.0,6.0,23.0,2497.0,84.0,87.0,5.0,105.0,130.0,14.5,3000.0
82.38,3.0,6.0,23.0,2497.0,84.0,87.0,5.0,105.0,130.0,15.0,3000.0
21.79,3.0,6.0,23.0,2497.0,84.0,87.0,5.0,105.0,130.0,0.0,3500.0
23.88,3.0,6.0,23.0,2497.0,84.0,87.0,5.0,105.0,130.0,0.5,3500.0
26.0,3.0,6.0,23.0,2497.0,84.0,87.0,5.0,105.0,130.0,1.0,3500.0
28.16,3.0,6.0,23.0,2497.0,84.0,87.0,5.0,105.0,130.0,1.5,3500.0
30.34,3.0,6.0,23.0,2497.0,84.0,87.0,5.0,105.0,130.0,2.0,3500.0
32.56,3.0,6.0,23.0,2497.0,84.0,87.0,5.0,105.0,130.0,2.5,3500.0
34.8,3.0,6.0,23.0,2497.0,84.0,87.0,5.0,105.0,130.0,3.0,3500.0
37.09,3.0,6.0,23.0,2497.0,84.0,87.0,5.0,105.0,130.0,3.5,3500.0
39.39,3.0,6.0,23.0,2497.0,84.0,87.0,5.0,105.0,130.0,4.0,3500.0
44.11,3.0,6.0,23.0,2497.0,84.0,87.0,5.0,105.0,130.0,5.0,3500.0
46.51,3.0,6.0,23.0,2497.0,84.0,87.0,5.0,105.0,130.0,5.5,3500.0
48.95,3.0,6.0,23.0,2497.0,84.0,87.0,5.0,105.0,130.0,6.0,3500.0
51.42,3.0,6.0,23.0,2497.0,84.0,87.0,5.0,105.0,130.0,6.5,3500.0
56.46,3.0,6.0,23.0,2497.0,84.0,87.0,5.0,105.0,130.0,7.5,3500.0
59.02,3.0,6.0,23.0,2497.0,84.0,87.0,5.0,105.0,130.0,8.0,3500.0
61.63,3.0,6.0,23.0,2497.0,84.0,87.0,5.0,105.0,130.0,8.5,3500.0
66.91,3.0,6.0,23.0,2497.0,84.0,87.0,5.0,105.0,130.0,9.5,3500.0
69.61,3.0,6.0,23.0,2497.0,84.0,87.0,5.0,105.0,130.0,10.0,3500.0
72.32,3.0,6.0,23.0,2497.0,84.0,87.0,5.0,105.0,130.0,10.5,3500.0
75.08,3.0,6.0,23.0,2497.0,84.0,87.0,5.0,105.0,130.0,11.0,3500.0
77.87,3.0,6.0,23.0,2497.0,84.0,87.0,5.0,105.0,130.0,11.5,3500.0
80.69,3.0,6.0,23.0,2497.0,84.0,87.0,5.0,105.0,130.0,12.0,3500.0
86.42,3.0,6.0,23.0,2497.0,84.0,87.0,5.0,105.0,130.0,13.0,3500.0
89.34,3.0,6.0,23.0,2497.0,84.0,87.0,5.0,105.0,130.0,13.5,3500.0
92.28,3.0,6.0,23.0,2497.0,84.0,87.0,5.0,105.0,130.0,14.0,3500.0
95.26,3.0,6.0,23.0,2497.0,84.0,87.0,5.0,105.0,130.0,14.5,3500.0
98.27,3.0,6.0,23.0,2497.0,84.0,87.0,5.0,105.0,130.0,15.0,3500.0
28.97,3.0,6.0,23.0,2497.0,84.0,87.0,5.0,105.0,130.0,0.0,4000.0
31.32,3.0,6.0,23.0,2497.0,84.0,87.0,5.0,105.0,130.0,0.5,4000.0
33.7,3.0,6.0,23.0,2497.0,84.0,87.0,5.0,105.0,130.0,1.0,4000.0
36.12,3.0,6.0,23.0,2497.0,84.0,87.0,5.0,105.0,130.0,1.5,4000.0
38.58,3.0,6.0,23.0,2497.0,84.0,87.0,5.0,105.0,130.0,2.0,4000.0
41.08,3.0,6.0,23.0,2497.0,84.0,87.0,5.0,105.0,130.0,2.5,4000.0
46.2,3.0,6.0,23.0,2497.0,84.0,87.0,5.0,105.0,130.0,3.5,4000.0
48.82,3.0,6.0,23.0,2497.0,84.0,87.0,5.0,105.0,130.0,4.0,4000.0
51.48,3.0,6.0,23.0,2497.0,84.0,87.0,5.0,105.0,130.0,4.5,4000.0
54.17,3.0,6.0,23.0,2497.0,84.0,87.0,5.0,105.0,130.0,5.0,4000.0
62.51,3.0,6.0,23.0,2497.0,84.0,87.0,5.0,105.0,130.0,6.5,4000.0
68.26,3.0,6.0,23.0,2497.0,84.0,87.0,5.0,105.0,130.0,7.5,4000.0
71.2,3.0,6.0,23.0,2497.0,84.0,87.0,5.0,105.0,130.0,8.0,4000.0
77.2,3.0,6.0,23.0,2497.0,84.0,87.0,5.0,105.0,130.0,9.0,4000.0
80.25,3.0,6.0,23.0,2497.0,84.0,87.0,5.0,105.0,130.0,9.5,4000.0
83.35,3.0,6.0,23.0,2497.0,84.0,87.0,5.0,105.0,130.0,10.0,4000.0
86.48,3.0,6.0,23.0,2497.0,84.0,87.0,5.0,105.0,130.0,10.5,4000.0
89.66,3.0,6.0,23.0,2497.0,84.0,87.0,5.0,105.0,130.0,11.0,4000.0
92.88,3.0,6.0,23.0,2497.0,84.0,87.0,5.0,105.0,130.0,11.5,4000.0
96.13,3.0,6.0,23.0,2497.0,84.0,87.0,5.0,105.0,130.0,12.0,4000.0
99.42,3.0,6.0,23.0,2497.0,84.0,87.0,5.0,105.0,130.0,12.5,4000.0
102.76,3.0,6.0,23.0,2497.0,84.0,87.0,5.0,105.0,130.0,13.0,4000.0
106.14,3.0,6.0,23.0,2497.0,84.0,87.0,5.0,105.0,130.0,13.5,4000.0
109.55,3.0,6.0,23.0,2497.0,84.0,87.0,5.0,105.0,130.0,14.0,4000.0
113.0,3.0,6.0,23.0,2497.0,84.0,87.0,5.0,105.0,130.0,14.5,4000.0
116.5,3.0,6.0,23.0,2497.0,84.0,87.0,5.0,105.0,130.0,15.0,4000.0
37.21,3.0,6.0,23.0,2497.0,84.0,87.0,5.0,105.0,130.0,0.0,4500.0
39.83,3.0,6.0,23.0,2497.0,84.0,87.0,5.0,105.0,130.0,0.5,4500.0
42.51,3.0,6.0,23.0,2497.0,84.0,87.0,5.0,105.0,130.0,1.0,4500.0
45.23,3.0,6.0,23.0,2497.0,84.0,87.0,5.0,105.0,130.0,1.5,4500.0
48.0,3.0,6.0,23.0,2497.0,84.0,87.0,5.0,105.0,130.0,2.0,4500.0
50.82,3.0,6.0,23.0,2497.0,84.0,87.0,5.0,105.0,130.0,2.5,4500.0
53.69,3.0,6.0,23.0,2497.0,84.0,87.0,5.0,105.0,130.0,3.0,4500.0
62.58,3.0,6.0,23.0,2497.0,84.0,87.0,5.0,105.0,130.0,4.5,4500.0
65.64,3.0,6.0,23.0,2497.0,84.0,87.0,5.0,105.0,130.0,5.0,4500.0
68.76,3.0,6.0,23.0,2497.0,84.0,87.0,5.0,105.0,130.0,5.5,4500.0
75.13,3.0,6.0,23.0,2497.0,84.0,87.0,5.0,105.0,130.0,6.5,4500.0
78.38,3.0,6.0,23.0,2497.0,84.0,87.0,5.0,105.0,130.0,7.0,4500.0
81.68,3.0,6.0,23.0,2497.0,84.0,87.0,5.0,105.0,130.0,7.5,4500.0
85.03,3.0,6.0,23.0,2497.0,84.0,87.0,5.0,105.0,130.0,8.0,4500.0
88.44,3.0,6.0,23.0,2497.0,84.0,87.0,5.0,105.0,130.0,8.5,4500.0
91.89,3.0,6.0,23.0,2497.0,84.0,87.0,5.0,105.0,130.0,9.0,4500.0
95.38,3.0,6.0,23.0,2497.0,84.0,87.0,5.0,105.0,130.0,9.5,4500.0
98.93,3.0,6.0,23.0,2497.0,84.0,87.0,5.0,105.0,130.0,10.0,4500.0
102.53,3.0,6.0,23.0,2497.0,84.0,87.0,5.0,105.0,130.0,10.5,4500.0
106.17,3.0,6.0,23.0,2497.0,84.0,87.0,5.0,105.0,130.0,11.0,4500.0
109.86,3.0,6.0,23.0,2497.0,84.0,87.0,5.0,105.0,130.0,11.5,4500.0
113.6,3.0,6.0,23.0,2497.0,84.0,87.0,5.0,105.0,130.0,12.0,4500.0
121.24,3.0,6.0,23.0,2497.0,84.0,87.0,5.0,105.0,130.0,13.0,4500.0
125.12,3.0,6.0,23.0,2497.0,84.0,87.0,5.0,105.0,130.0,13.5,4500.0
129.05,3.0,6.0,23.0,2497.0,84.0,87.0,5.0,105.0,130.0,14.0,4500.0
133.04,3.0,6.0,23.0,2497.0,84.0,87.0,5.0,105.0,130.0,14.5,4500.0
137.07,3.0,6.0,23.0,2497.0,84.0,87.0,5.0,105.0,130.0,15.0,4500.0
46.49,3.0,6.0,23.0,2497.0,84.0,87.0,5.0,105.0,130.0,0.0,5000.0
49.43,3.0,6.0,23.0,2497.0,84.0,87.0,5.0,105.0,130.0,0.5,5000.0
52.43,3.0,6.0,23.0,2497.0,84.0,87.0,5.0,105.0,130.0,1.0,5000.0
58.61,3.0,6.0,23.0,2497.0,84.0,87.0,5.0,105.0,130.0,2.0,5000.0
61.78,3.0,6.0,23.0,2497.0,84.0,87.0,5.0,105.0,130.0,2.5,5000.0
65.02,3.0,6.0,23.0,2497.0,84.0,87.0,5.0,105.0,130.0,3.0,5000.0
68.3,3.0,6.0,23.0,2497.0,84.0,87.0,5.0,105.0,130.0,3.5,5000.0
71.65,3.0,6.0,23.0,2497.0,84.0,87.0,5.0,105.0,130.0,4.0,5000.0
78.53,3.0,6.0,23.0,2497.0,84.0,87.0,5.0,105.0,130.0,5.0,5000.0
82.05,3.0,6.0,23.0,2497.0,84.0,87.0,5.0,105.0,130.0,5.5,5000.0
85.63,3.0,6.0,23.0,2497.0,84.0,87.0,5.0,105.0,130.0,6.0,5000.0
89.27,3.0,6.0,23.0,2497.0,84.0,87.0,5.0,105.0,130.0,6.5,5000.0
92.97,3.0,6.0,23.0,2497.0,84.0,87.0,5.0,105.0,130.0,7.0,5000.0
100.54,3.0,6.0,23.0,2497.0,84.0,87.0,5.0,105.0,130.0,8.0,5000.0
104.4,3.0,6.0,23.0,2497.0,84.0,87.0,5.0,105.0,130.0,8.5,5000.0
108.33,3.0,6.0,23.0,2497.0,84.0,87.0,5.0,105.0,130.0,9.0,5000.0
116.36,3.0,6.0,23.0,2497.0,84.0,87.0,5.0,105.0,130.0,10.0,5000.0
120.46,3.0,6.0,23.0,2497.0,84.0,87.0,5.0,105.0,130.0,10.5,5000.0
124.62,3.0,6.0,23.0,2497.0,84.0,87.0,5.0,105.0,130.0,11.0,5000.0
128.84,3.0,6.0,23.0,2497.0,84.0,87.0,5.0,105.0,130.0,11.5,5000.0
137.46,3.0,6.0,23.0,2497.0,84.0,87.0,5.0,105.0,130.0,12.5,5000.0
141.84,3.0,6.0,23.0,2497.0,84.0,87.0,5.0,105.0,130.0,13.0,5000.0
150.8,3.0,6.0,23.0,2497.0,84.0,87.0,5.0,105.0,130.0,14.0,5000.0
155.36,3.0,6.0,23.0,2497.0,84.0,87.0,5.0,105.0,130.0,14.5,5000.0
159.99,3.0,6.0,23.0,2497.0,84.0,87.0,5.0,105.0,130.0,15.0,5000.0
0.24,3.0,6.0,21.0,2874.0,92.4,89.0,5.0,105.0,130.0,0.0,100.0
0.96,3.0,6.0,21.0,2874.0,92.4,89.0,5.0,105.0,130.0,0.5,100.0
1.73,3.0,6.0,21.0,2874.0,92.4,89.0,5.0,105.0,130.0,1.0,100.0
2.55,3.0,6.0,21.0,2874.0,92.4,89.0,5.0,105.0,130.0,1.5,100.0
3.44,3.0,6.0,21.0,2874.0,92.4,89.0,5.0,105.0,130.0,2.0,100.0
4.39,3.0,6.0,21.0,2874.0,92.4,89.0,5.0,105.0,130.0,2.5,100.0
5.38,3.0,6.0,21.0,2874.0,92.4,89.0,5.0,105.0,130.0,3.0,100.0
6.44,3.0,6.0,21.0,2874.0,92.4,89.0,5.0,105.0,130.0,3.5,100.0
7.57,3.0,6.0,21.0,2874.0,92.4,89.0,5.0,105.0,130.0,4.0,100.0
9.96,3.0,6.0,21.0,2874.0,92.4,89.0,5.0,105.0,130.0,5.0,100.0
12.59,3.0,6.0,21.0,2874.0,92.4,89.0,5.0,105.0,130.0,6.0,100.0
14.0,3.0,6.0,21.0,2874.0,92.4,89.0,5.0,105.0,130.0,6.5,100.0
15.46,3.0,6.0,21.0,2874.0,92.4,89.0,5.0,105.0,130.0,7.0,100.0
16.98,3.0,6.0,21.0,2874.0,92.4,89.0,5.0,105.0,130.0,7.5,100.0
18.55,3.0,6.0,21.0,2874.0,92.4,89.0,5.0,105.0,130.0,8.0,100.0
20.18,3.0,6.0,21.0,2874.0,92.4,89.0,5.0,105.0,130.0,8.5,100.0
21.87,3.0,6.0,21.0,2874.0,92.4,89.0,5.0,105.0,130.0,9.0,100.0
23.61,3.0,6.0,21.0,2874.0,92.4,89.0,5.0,105.0,130.0,9.5,100.0
25.42,3.0,6.0,21.0,2874.0,92.4,89.0,5.0,105.0,130.0,10.0,100.0
27.28,3.0,6.0,21.0,2874.0,92.4,89.0,5.0,105.0,130.0,10.5,100.0
29.2,3.0,6.0,21.0,2874.0,92.4,89.0,5.0,105.0,130.0,11.0,100.0
31.17,3.0,6.0,21.0,2874.0,92.4,89.0,5.0,105.0,130.0,11.5,100.0
33.21,3.0,6.0,21.0,2874.0,92.4,89.0,5.0,105.0,130.0,12.0,100.0
2.36,3.0,6.0,21.0,2874.0,92.4,89.0,5.0,105.0,130.0,0.0,1000.0
3.05,3.0,6.0,21.0,2874.0,92.4,89.0,5.0,105.0,130.0,0.5,1000.0
3.81,3.0,6.0,21.0,2874.0,92.4,89.0,5.0,105.0,130.0,1.0,1000.0
4.68,3.0,6.0,21.0,2874.0,92.4,89.0,5.0,105.0,130.0,1.5,1000.0
5.61,3.0,6.0,21.0,2874.0,92.4,89.0,5.0,105.0,130.0,2.0,1000.0
6.64,3.0,6.0,21.0,2874.0,92.4,89.0,5.0,105.0,130.0,2.5,1000.0
8.96,3.0,6.0,21.0,2874.0,92.4,89.0,5.0,105.0,130.0,3.5,1000.0
10.25,3.0,6.0,21.0,2874.0,92.4,89.0,5.0,105.0,130.0,4.0,1000.0
11.63,3.0,6.0,21.0,2874.0,92.4,89.0,5.0,105.0,130.0,4.5,1000.0
13.09,3.0,6.0,21.0,2874.0,92.4,89.0,5.0,105.0,130.0,5.0,1000.0
16.28,3.0,6.0,21.0,2874.0,92.4,89.0,5.0,105.0,130.0,6.0,1000.0
18.01,3.0,6.0,21.0,2874.0,92.4,89.0,5.0,105.0,130.0,6.5,1000.0
19.82,3.0,6.0,21.0,2874.0,92.4,89.0,5.0,105.0,130.0,7.0,1000.0
21.71,3.0,6.0,21.0,2874.0,92.4,89.0,5.0,105.0,130.0,7.5,1000.0
23.7,3.0,6.0,21.0,2874.0,92.4,89.0,5.0,105.0,130.0,8.0,1000.0
25.78,3.0,6.0,21.0,2874.0,92.4,89.0,5.0,105.0,130.0,8.5,1000.0
27.94,3.0,6.0,21.0,2874.0,92.4,89.0,5.0,105.0,130.0,9.0,1000.0
30.18,3.0,6.0,21.0,2874.0,92.4,89.0,5.0,105.0,130.0,9.5,1000.0
32.52,3.0,6.0,21.0,2874.0,92.4,89.0,5.0,105.0,130.0,10.0,1000.0
34.94,3.0,6.0,21.0,2874.0,92.4,89.0,5.0,105.0,130.0,10.5,1000.0
37.46,3.0,6.0,21.0,2874.0,92.4,89.0,5.0,105.0,130.0,11.0,1000.0
40.05,3.0,6.0,21.0,2874.0,92.4,89.0,5.0,105.0,130.0,11.5,1000.0
42.73,3.0,6.0,21.0,2874.0,92.4,89.0,5.0,105.0,130.0,12.0,1000.0
4.38,3.0,6.0,21.0,2874.0,92.4,89.0,5.0,105.0,130.0,0.0,1500.0
5.11,3.0,6.0,21.0,2874.0,92.4,89.0,5.0,105.0,130.0,0.5,1500.0
5.95,3.0,6.0,21.0,2874.0,92.4,89.0,5.0,105.0,130.0,1.0,1500.0
6.88,3.0,6.0,21.0,2874.0,92.4,89.0,5.0,105.0,130.0,1.5,1500.0
7.91,3.0,6.0,21.0,2874.0,92.4,89.0,5.0,105.0,130.0,2.0,1500.0
10.29,3.0,6.0,21.0,2874.0,92.4,89.0,5.0,105.0,130.0,3.0,1500.0
11.63,3.0,6.0,21.0,2874.0,92.4,89.0,5.0,105.0,130.0,3.5,1500.0
13.07,3.0,6.0,21.0,2874.0,92.4,89.0,5.0,105.0,130.0,4.0,1500.0
14.6,3.0,6.0,21.0,2874.0,92.4,89.0,5.0,105.0,130.0,4.5,1500.0
16.23,3.0,6.0,21.0,2874.0,92.4,89.0,5.0,105.0,130.0,5.0,1500.0
17.97,3.0,6.0,21.0,2874.0,92.4,89.0,5.0,105.0,130.0,5.5,1500.0
19.82,3.0,6.0,21.0,2874.0,92.4,89.0,5.0,105.0,130.0,6.0,1500.0
21.75,3.0,6.0,21.0,2874.0,92.4,89.0,5.0,105.0,130.0,6.5,1500.0
25.92,3.0,6.0,21.0,2874.0,92.4,89.0,5.0,105.0,130.0,7.5,1500.0
28.16,3.0,6.0,21.0,2874.0,92.4,89.0,5.0,105.0,130.0,8.0,1500.0
30.51,3.0,6.0,21.0,2874.0,92.4,89.0,5.0,105.0,130.0,8.5,1500.0
32.95,3.0,6.0,21.0,2874.0,92.4,89.0,5.0,105.0,130.0,9.0,1500.0
35.49,3.0,6.0,21.0,2874.0,92.4,89.0,5.0,105.0,130.0,9.5,1500.0
38.13,3.0,6.0,21.0,2874.0,92.4,89.0,5.0,105.0,130.0,10.0,1500.0
40.87,3.0,6.0,21.0,2874.0,92.4,89.0,5.0,105.0,130.0,10.5,1500.0
43.72,3.0,6.0,21.0,2874.0,92.4,89.0,5.0,105.0,130.0,11.0,1500.0
46.65,3.0,6.0,21.0,2874.0,92.4,89.0,5.0,105.0,130.0,11.5,1500.0
49.7,3.0,6.0,21.0,2874.0,92.4,89.0,5.0,105.0,130.0,12.0,1500.0
6.97,3.0,6.0,21.0,2874.0,92.4,89.0,5.0,105.0,130.0,0.0,2000.0
7.81,3.0,6.0,21.0,2874.0,92.4,89.0,5.0,105.0,130.0,0.5,2000.0
8.76,3.0,6.0,21.0,2874.0,92.4,89.0,5.0,105.0,130.0,1.0,2000.0
9.83,3.0,6.0,21.0,2874.0,92.4,89.0,5.0,105.0,130.0,1.5,2000.0
11.01,3.0,6.0,21.0,2874.0,92.4,89.0,5.0,105.0,130.0,2.0,2000.0
12.29,3.0,6.0,21.0,2874.0,92.4,89.0,5.0,105.0,130.0,2.5,2000.0
13.68,3.0,6.0,21.0,2874.0,92.4,89.0,5.0,105.0,130.0,3.0,2000.0
15.19,3.0,6.0,21.0,2874.0,92.4,89.0,5.0,105.0,130.0,3.5,2000.0
16.81,3.0,6.0,21.0,2874.0,92.4,89.0,5.0,105.0,130.0,4.0,2000.0
18.55,3.0,6.0,21.0,2874.0,92.4,89.0,5.0,105.0,130.0,4.5,2000.0
20.38,3.0,6.0,21.0,2874.0,92.4,89.0,5.0,105.0,130.0,5.0,2000.0
22.34,3.0,6.0,21.0,2874.0,92.4,89.0,5.0,105.0,130.0,5.5,2000.0
24.41,3.0,6.0,21.0,2874.0,92.4,89.0,5.0,105.0,130.0,6.0,2000.0
26.58,3.0,6.0,21.0,2874.0,92.4,89.0,5.0,105.0,130.0,6.5,2000.0
28.87,3.0,6.0,21.0,2874.0,92.4,89.0,5.0,105.0,130.0,7.0,2000.0
31.27,3.0,6.0,21.0,2874.0,92.4,89.0,5.0,105.0,130.0,7.5,2000.0
33.78,3.0,6.0,21.0,2874.0,92.4,89.0,5.0,105.0,130.0,8.0,2000.0
36.4,3.0,6.0,21.0,2874.0,92.4,89.0,5.0,105.0,130.0,8.5,2000.0
39.14,3.0,6.0,21.0,2874.0,92.4,89.0,5.0,105.0,130.0,9.0,2000.0
41.98,3.0,6.0,21.0,2874.0,92.4,89.0,5.0,105.0,130.0,9.5,2000.0
44.94,3.0,6.0,21.0,2874.0,92.4,89.0,5.0,105.0,130.0,10.0,2000.0
48.0,3.0,6.0,21.0,2874.0,92.4,89.0,5.0,105.0,130.0,10.5,2000.0
51.17,3.0,6.0,21.0,2874.0,92.4,89.0,5.0,105.0,130.0,11.0,2000.0
57.86,3.0,6.0,21.0,2874.0,92.4,89.0,5.0,105.0,130.0,12.0,2000.0
11.15,3.0,6.0,21.0,2874.0,92.4,89.0,5.0,105.0,130.0,0.5,2500.0
12.28,3.0,6.0,21.0,2874.0,92.4,89.0,5.0,105.0,130.0,1.0,2500.0
13.51,3.0,6.0,21.0,2874.0,92.4,89.0,5.0,105.0,130.0,1.5,2500.0
14.87,3.0,6.0,21.0,2874.0,92.4,89.0,5.0,105.0,130.0,2.0,2500.0
16.35,3.0,6.0,21.0,2874.0,92.4,89.0,5.0,105.0,130.0,2.5,2500.0
17.95,3.0,6.0,21.0,2874.0,92.4,89.0,5.0,105.0,130.0,3.0,2500.0
19.68,3.0,6.0,21.0,2874.0,92.4,89.0,5.0,105.0,130.0,3.5,2500.0
21.51,3.0,6.0,21.0,2874.0,92.4,89.0,5.0,105.0,130.0,4.0,2500.0
23.48,3.0,6.0,21.0,2874.0,92.4,89.0,5.0,105.0,130.0,4.5,2500.0
25.55,3.0,6.0,21.0,2874.0,92.4,89.0,5.0,105.0,130.0,5.0,2500.0
27.74,3.0,6.0,21.0,2874.0,92.4,89.0,5.0,105.0,130.0,5.5,2500.0
32.5,3.0,6.0,21.0,2874.0,92.4,89.0,5.0,105.0,130.0,6.5,2500.0
37.73,3.0,6.0,21.0,2874.0,92.4,89.0,5.0,105.0,130.0,7.5,2500.0
40.54,3.0,6.0,21.0,2874.0,92.4,89.0,5.0,105.0,130.0,8.0,2500.0
43.45,3.0,6.0,21.0,2874.0,92.4,89.0,5.0,105.0,130.0,8.5,2500.0
46.5,3.0,6.0,21.0,2874.0,92.4,89.0,5.0,105.0,130.0,9.0,2500.0
49.65,3.0,6.0,21.0,2874.0,92.4,89.0,5.0,105.0,130.0,9.5,2500.0
52.92,3.0,6.0,21.0,2874.0,92.4,89.0,5.0,105.0,130.0,10.0,2500.0
56.32,3.0,6.0,21.0,2874.0,92.4,89.0,5.0,105.0,130.0,10.5,2500.0
59.84,3.0,6.0,21.0,2874.0,92.4,89.0,5.0,105.0,130.0,11.0,2500.0
63.49,3.0,6.0,21.0,2874.0,92.4,89.0,5.0,105.0,130.0,11.5,2500.0
67.24,3.0,6.0,21.0,2874.0,92.4,89.0,5.0,105.0,130.0,12.0,2500.0
13.93,3.0,6.0,21.0,2874.0,92.4,89.0,5.0,105.0,130.0,0.0,3000.0
15.14,3.0,6.0,21.0,2874.0,92.4,89.0,5.0,105.0,130.0,0.5,3000.0
16.47,3.0,6.0,21.0,2874.0,92.4,89.0,5.0,105.0,130.0,1.0,3000.0
17.95,3.0,6.0,21.0,2874.0,92.4,89.0,5.0,105.0,130.0,1.5,3000.0
19.53,3.0,6.0,21.0,2874.0,92.4,89.0,5.0,105.0,130.0,2.0,3000.0
21.25,3.0,6.0,21.0,2874.0,92.4,89.0,5.0,105.0,130.0,2.5,3000.0
25.06,3.0,6.0,21.0,2874.0,92.4,89.0,5.0,105.0,130.0,3.5,3000.0
27.15,3.0,6.0,21.0,2874.0,92.4,89.0,5.0,105.0,130.0,4.0,3000.0
29.36,3.0,6.0,21.0,2874.0,92.4,89.0,5.0,105.0,130.0,4.5,3000.0
31.71,3.0,6.0,21.0,2874.0,92.4,89.0,5.0,105.0,130.0,5.0,3000.0
34.18,3.0,6.0,21.0,2874.0,92.4,89.0,5.0,105.0,130.0,5.5,3000.0
36.79,3.0,6.0,21.0,2874.0,92.4,89.0,5.0,105.0,130.0,6.0,3000.0
39.51,3.0,6.0,21.0,2874.0,92.4,89.0,5.0,105.0,130.0,6.5,3000.0
42.36,3.0,6.0,21.0,2874.0,92.4,89.0,5.0,105.0,130.0,7.0,3000.0
45.33,3.0,6.0,21.0,2874.0,92.4,89.0,5.0,105.0,130.0,7.5,3000.0
48.44,3.0,6.0,21.0,2874.0,92.4,89.0,5.0,105.0,130.0,8.0,3000.0
55.02,3.0,6.0,21.0,2874.0,92.4,89.0,5.0,105.0,130.0,9.0,3000.0
58.5,3.0,6.0,21.0,2874.0,92.4,89.0,5.0,105.0,130.0,9.5,3000.0
62.11,3.0,6.0,21.0,2874.0,92.4,89.0,5.0,105.0,130.0,10.0,3000.0
65.85,3.0,6.0,21.0,2874.0,92.4,89.0,5.0,105.0,130.0,10.5,3000.0
69.71,3.0,6.0,21.0,2874.0,92.4,89.0,5.0,105.0,130.0,11.0,3000.0
73.69,3.0,6.0,21.0,2874.0,92.4,89.0,5.0,105.0,130.0,11.5,3000.0
77.8,3.0,6.0,21.0,2874.0,92.4,89.0,5.0,105.0,130.0,12.0,3000.0
18.3,3.0,6.0,21.0,2874.0,92.4,89.0,5.0,105.0,130.0,0.0,3500.0
19.77,3.0,6.0,21.0,2874.0,92.4,89.0,5.0,105.0,130.0,0.5,3500.0
21.38,3.0,6.0,21.0,2874.0,92.4,89.0,5.0,105.0,130.0,1.0,3500.0
23.12,3.0,6.0,21.0,2874.0,92.4,89.0,5.0,105.0,130.0,1.5,3500.0
24.96,3.0,6.0,21.0,2874.0,92.4,89.0,5.0,105.0,130.0,2.0,3500.0
26.97,3.0,6.0,21.0,2874.0,92.4,89.0,5.0,105.0,130.0,2.5,3500.0
29.1,3.0,6.0,21.0,2874.0,92.4,89.0,5.0,105.0,130.0,3.0,3500.0
31.34,3.0,6.0,21.0,2874.0,92.4,89.0,5.0,105.0,130.0,3.5,3500.0
33.73,3.0,6.0,21.0,2874.0,92.4,89.0,5.0,105.0,130.0,4.0,3500.0
36.25,3.0,6.0,21.0,2874.0,92.4,89.0,5.0,105.0,130.0,4.5,3500.0
38.88,3.0,6.0,21.0,2874.0,92.4,89.0,5.0,105.0,130.0,5.0,3500.0
41.65,3.0,6.0,21.0,2874.0,92.4,89.0,5.0,105.0,130.0,5.5,3500.0
44.57,3.0,6.0,21.0,2874.0,92.4,89.0,5.0,105.0,130.0,6.0,3500.0
47.6,3.0,6.0,21.0,2874.0,92.4,89.0,5.0,105.0,130.0,6.5,3500.0
50.77,3.0,6.0,21.0,2874.0,92.4,89.0,5.0,105.0,130.0,7.0,3500.0
54.06,3.0,6.0,21.0,2874.0,92.4,89.0,5.0,105.0,130.0,7.5,3500.0
57.48,3.0,6.0,21.0,2874.0,92.4,89.0,5.0,105.0,130.0,8.0,3500.0
61.03,3.0,6.0,21.0,2874.0,92.4,89.0,5.0,105.0,130.0,8.5,3500.0
64.72,3.0,6.0,21.0,2874.0,92.4,89.0,5.0,105.0,130.0,9.0,3500.0
68.53,3.0,6.0,21.0,2874.0,92.4,89.0,5.0,105.0,130.0,9.5,3500.0
72.48,3.0,6.0,21.0,2874.0,92.4,89.0,5.0,105.0,130.0,10.0,3500.0
76.57,3.0,6.0,21.0,2874.0,92.4,89.0,5.0,105.0,130.0,10.5,3500.0
80.76,3.0,6.0,21.0,2874.0,92.4,89.0,5.0,105.0,130.0,11.0,3500.0
85.11,3.0,6.0,21.0,2874.0,92.4,89.0,5.0,105.0,130.0,11.5,3500.0
23.26,3.0,6.0,21.0,2874.0,92.4,89.0,5.0,105.0,130.0,0.0,4000.0
25.05,3.0,6.0,21.0,2874.0,92.4,89.0,5.0,105.0,130.0,0.5,4000.0
26.97,3.0,6.0,21.0,2874.0,92.4,89.0,5.0,105.0,130.0,1.0,4000.0
29.02,3.0,6.0,21.0,2874.0,92.4,89.0,5.0,105.0,130.0,1.5,4000.0
31.2,3.0,6.0,21.0,2874.0,92.4,89.0,5.0,105.0,130.0,2.0,4000.0
33.52,3.0,6.0,21.0,2874.0,92.4,89.0,5.0,105.0,130.0,2.5,4000.0
35.97,3.0,6.0,21.0,2874.0,92.4,89.0,5.0,105.0,130.0,3.0,4000.0
38.55,3.0,6.0,21.0,2874.0,92.4,89.0,5.0,105.0,130.0,3.5,4000.0
41.25,3.0,6.0,21.0,2874.0,92.4,89.0,5.0,105.0,130.0,4.0,4000.0
44.1,3.0,6.0,21.0,2874.0,92.4,89.0,5.0,105.0,130.0,4.5,4000.0
47.06,3.0,6.0,21.0,2874.0,92.4,89.0,5.0,105.0,130.0,5.0,4000.0
50.17,3.0,6.0,21.0,2874.0,92.4,89.0,5.0,105.0,130.0,5.5,4000.0
53.4,3.0,6.0,21.0,2874.0,92.4,89.0,5.0,105.0,130.0,6.0,4000.0
56.78,3.0,6.0,21.0,2874.0,92.4,89.0,5.0,105.0,130.0,6.5,4000.0
60.27,3.0,6.0,21.0,2874.0,92.4,89.0,5.0,105.0,130.0,7.0,4000.0
63.91,3.0,6.0,21.0,2874.0,92.4,89.0,5.0,105.0,130.0,7.5,4000.0
67.67,3.0,6.0,21.0,2874.0,92.4,89.0,5.0,105.0,130.0,8.0,4000.0
71.57,3.0,6.0,21.0,2874.0,92.4,89.0,5.0,105.0,130.0,8.5,4000.0
75.6,3.0,6.0,21.0,2874.0,92.4,89.0,5.0,105.0,130.0,9.0,4000.0
79.76,3.0,6.0,21.0,2874.0,92.4,89.0,5.0,105.0,130.0,9.5,4000.0
84.05,3.0,6.0,21.0,2874.0,92.4,89.0,5.0,105.0,130.0,10.0,4000.0
88.47,3.0,6.0,21.0,2874.0,92.4,89.0,5.0,105.0,130.0,10.5,4000.0
93.03,3.0,6.0,21.0,2874.0,92.4,89.0,5.0,105.0,130.0,11.0,4000.0
97.72,3.0,6.0,21.0,2874.0,92.4,89.0,5.0,105.0,130.0,11.5,4000.0
102.54,3.0,6.0,21.0,2874.0,92.4,89.0,5.0,105.0,130.0,12.0,4000.0
28.8,3.0,6.0,21.0,2874.0,92.4,89.0,5.0,105.0,130.0,0.0,4500.0
33.24,3.0,6.0,21.0,2874.0,92.4,89.0,5.0,105.0,130.0,1.0,4500.0
35.67,3.0,6.0,21.0,2874.0,92.4,89.0,5.0,105.0,130.0,1.5,4500.0
38.21,3.0,6.0,21.0,2874.0,92.4,89.0,5.0,105.0,130.0,2.0,4500.0
40.89,3.0,6.0,21.0,2874.0,92.4,89.0,5.0,105.0,130.0,2.5,4500.0
43.69,3.0,6.0,21.0,2874.0,92.4,89.0,5.0,105.0,130.0,3.0,4500.0
46.64,3.0,6.0,21.0,2874.0,92.4,89.0,5.0,105.0,130.0,3.5,4500.0
49.71,3.0,6.0,21.0,2874.0,92.4,89.0,5.0,105.0,130.0,4.0,4500.0
52.91,3.0,6.0,21.0,2874.0,92.4,89.0,5.0,105.0,130.0,4.5,4500.0
63.31,3.0,6.0,21.0,2874.0,92.4,89.0,5.0,105.0,130.0,6.0,4500.0
67.05,3.0,6.0,21.0,2874.0,92.4,89.0,5.0,105.0,130.0,6.5,4500.0
70.9,3.0,6.0,21.0,2874.0,92.4,89.0,5.0,105.0,130.0,7.0,4500.0
74.89,3.0,6.0,21.0,2874.0,92.4,89.0,5.0,105.0,130.0,7.5,4500.0
79.01,3.0,6.0,21.0,2874.0,92.4,89.0,5.0,105.0,130.0,8.0,4500.0
87.65,3.0,6.0,21.0,2874.0,92.4,89.0,5.0,105.0,130.0,9.0,4500.0
92.17,3.0,6.0,21.0,2874.0,92.4,89.0,5.0,105.0,130.0,9.5,4500.0
96.81,3.0,6.0,21.0,2874.0,92.4,89.0,5.0,105.0,130.0,10.0,4500.0
101.58,3.0,6.0,21.0,2874.0,92.4,89.0,5.0,105.0,130.0,10.5,4500.0
106.48,3.0,6.0,21.0,2874.0,92.4,89.0,5.0,105.0,130.0,11.0,4500.0
111.53,3.0,6.0,21.0,2874.0,92.4,89.0,5.0,105.0,130.0,11.5,4500.0
116.7,3.0,6.0,21.0,2874.0,92.4,89.0,5.0,105.0,130.0,12.0,4500.0
34.94,3.0,6.0,21.0,2874.0,92.4,89.0,5.0,105.0,130.0,0.0,5000.0
37.52,3.0,6.0,21.0,2874.0,92.4,89.0,5.0,105.0,130.0,0.5,5000.0
43.04,3.0,6.0,21.0,2874.0,92.4,89.0,5.0,105.0,130.0,1.5,5000.0
46.01,3.0,6.0,21.0,2874.0,92.4,89.0,5.0,105.0,130.0,2.0,5000.0
52.3,3.0,6.0,21.0,2874.0,92.4,89.0,5.0,105.0,130.0,3.0,5000.0
55.65,3.0,6.0,21.0,2874.0,92.4,89.0,5.0,105.0,130.0,3.5,5000.0
59.12,3.0,6.0,21.0,2874.0,92.4,89.0,5.0,105.0,130.0,4.0,5000.0
62.72,3.0,6.0,21.0,2874.0,92.4,89.0,5.0,105.0,130.0,4.5,5000.0
66.45,3.0,6.0,21.0,2874.0,92.4,89.0,5.0,105.0,130.0,5.0,5000.0
70.3,3.0,6.0,21.0,2874.0,92.4,89.0,5.0,105.0,130.0,5.5,5000.0
78.39,3.0,6.0,21.0,2874.0,92.4,89.0,5.0,105.0,130.0,6.5,5000.0
82.62,3.0,6.0,21.0,2874.0,92.4,89.0,5.0,105.0,130.0,7.0,5000.0
87.0,3.0,6.0,21.0,2874.0,92.4,89.0,5.0,105.0,130.0,7.5,5000.0
91.5,3.0,6.0,21.0,2874.0,92.4,89.0,5.0,105.0,130.0,8.0,5000.0
96.12,3.0,6.0,21.0,2874.0,92.4,89.0,5.0,105.0,130.0,8.5,5000.0
100.86,3.0,6.0,21.0,2874.0,92.4,89.0,5.0,105.0,130.0,9.0,5000.0
105.75,3.0,6.0,21.0,2874.0,92.4,89.0,5.0,105.0,130.0,9.5,5000.0
115.88,3.0,6.0,21.0,2874.0,92.4,89.0,5.0,105.0,130.0,10.5,5000.0
121.15,3.0,6.0,21.0,2874.0,92.4,89.0,5.0,105.0,130.0,11.0,5000.0
126.54,3.0,6.0,21.0,2874.0,92.4,89.0,5.0,105.0,130.0,11.5,5000.0
132.07,3.0,6.0,21.0,2874.0,92.4,89.0,5.0,105.0,130.0,12.0,5000.0
0.27,3.0,7.0,21.0,2996.0,84.0,87.0,6.0,105.0,130.0,0.0,100.0
1.07,3.0,7.0,21.0,2996.0,84.0,87.0,6.0,105.0,130.0,0.5,100.0
1.92,3.0,7.0,21.0,2996.0,84.0,87.0,6.0,105.0,130.0,1.0,100.0
2.84,3.0,7.0,21.0,2996.0,84.0,87.0,6.0,105.0,130.0,1.5,100.0
3.83,3.0,7.0,21.0,2996.0,84.0,87.0,6.0,105.0,130.0,2.0,100.0
4.89,3.0,7.0,21.0,2996.0,84.0,87.0,6.0,105.0,130.0,2.5,100.0
5.99,3.0,7.0,21.0,2996.0,84.0,87.0,6.0,105.0,130.0,3.0,100.0
7.17,3.0,7.0,21.0,2996.0,84.0,87.0,6.0,105.0,130.0,3.5,100.0
8.42,3.0,7.0,21.0,2996.0,84.0,87.0,6.0,105.0,130.0,4.0,100.0
9.73,3.0,7.0,21.0,2996.0,84.0,87.0,6.0,105.0,130.0,4.5,100.0
11.09,3.0,7.0,21.0,2996.0,84.0,87.0,6.0,105.0,130.0,5.0,100.0
12.54,3.0,7.0,21.0,2996.0,84.0,87.0,6.0,105.0,130.0,5.5,100.0
14.02,3.0,7.0,21.0,2996.0,84.0,87.0,6.0,105.0,130.0,6.0,100.0
15.59,3.0,7.0,21.0,2996.0,84.0,87.0,6.0,105.0,130.0,6.5,100.0
17.21,3.0,7.0,21.0,2996.0,84.0,87.0,6.0,105.0,130.0,7.0,100.0
18.9,3.0,7.0,21.0,2996.0,84.0,87.0,6.0,105.0,130.0,7.5,100.0
20.65,3.0,7.0,21.0,2996.0,84.0,87.0,6.0,105.0,130.0,8.0,100.0
22.47,3.0,7.0,21.0,2996.0,84.0,87.0,6.0,105.0,130.0,8.5,100.0
24.35,3.0,7.0,21.0,2996.0,84.0,87.0,6.0,105.0,130.0,9.0,100.0
26.29,3.0,7.0,21.0,2996.0,84.0,87.0,6.0,105.0,130.0,9.5,100.0
28.3,3.0,7.0,21.0,2996.0,84.0,87.0,6.0,105.0,130.0,10.0,100.0
30.37,3.0,7.0,21.0,2996.0,84.0,87.0,6.0,105.0,130.0,10.5,100.0
32.51,3.0,7.0,21.0,2996.0,84.0,87.0,6.0,105.0,130.0,11.0,100.0
34.71,3.0,7.0,21.0,2996.0,84.0,87.0,6.0,105.0,130.0,11.5,100.0
36.98,3.0,7.0,21.0,2996.0,84.0,87.0,6.0,105.0,130.0,12.0,100.0
2.63,3.0,7.0,21.0,2996.0,84.0,87.0,6.0,105.0,130.0,0.0,1000.0
3.39,3.0,7.0,21.0,2996.0,84.0,87.0,6.0,105.0,130.0,0.5,1000.0
4.25,3.0,7.0,21.0,2996.0,84.0,87.0,6.0,105.0,130.0,1.0,1000.0
5.21,3.0,7.0,21.0,2996.0,84.0,87.0,6.0,105.0,130.0,1.5,1000.0
6.25,3.0,7.0,21.0,2996.0,84.0,87.0,6.0,105.0,130.0,2.0,1000.0
7.4,3.0,7.0,21.0,2996.0,84.0,87.0,6.0,105.0,130.0,2.5,1000.0
8.64,3.0,7.0,21.0,2996.0,84.0,87.0,6.0,105.0,130.0,3.0,1000.0
9.97,3.0,7.0,21.0,2996.0,84.0,87.0,6.0,105.0,130.0,3.5,1000.0
11.41,3.0,7.0,21.0,2996.0,84.0,87.0,6.0,105.0,130.0,4.0,1000.0
12.95,3.0,7.0,21.0,2996.0,84.0,87.0,6.0,105.0,130.0,4.5,1000.0
14.58,3.0,7.0,21.0,2996.0,84.0,87.0,6.0,105.0,130.0,5.0,1000.0
16.3,3.0,7.0,21.0,2996.0,84.0,87.0,6.0,105.0,130.0,5.5,1000.0
20.05,3.0,7.0,21.0,2996.0,84.0,87.0,6.0,105.0,130.0,6.5,1000.0
22.07,3.0,7.0,21.0,2996.0,84.0,87.0,6.0,105.0,130.0,7.0,1000.0
24.18,3.0,7.0,21.0,2996.0,84.0,87.0,6.0,105.0,130.0,7.5,1000.0
28.7,3.0,7.0,21.0,2996.0,84.0,87.0,6.0,105.0,130.0,8.5,1000.0
31.11,3.0,7.0,21.0,2996.0,84.0,87.0,6.0,105.0,130.0,9.0,1000.0
33.6,3.0,7.0,21.0,2996.0,84.0,87.0,6.0,105.0,130.0,9.5,1000.0
36.21,3.0,7.0,21.0,2996.0,84.0,87.0,6.0,105.0,130.0,10.0,1000.0
38.9,3.0,7.0,21.0,2996.0,84.0,87.0,6.0,105.0,130.0,10.5,1000.0
41.71,3.0,7.0,21.0,2996.0,84.0,87.0,6.0,105.0,130.0,11.0,1000.0
44.59,3.0,7.0,21.0,2996.0,84.0,87.0,6.0,105.0,130.0,11.5,1000.0
47.58,3.0,7.0,21.0,2996.0,84.0,87.0,6.0,105.0,130.0,12.0,1000.0
4.87,3.0,7.0,21.0,2996.0,84.0,87.0,6.0,105.0,130.0,0.0,1500.0
5.69,3.0,7.0,21.0,2996.0,84.0,87.0,6.0,105.0,130.0,0.5,1500.0
6.62,3.0,7.0,21.0,2996.0,84.0,87.0,6.0,105.0,130.0,1.0,1500.0
7.66,3.0,7.0,21.0,2996.0,84.0,87.0,6.0,105.0,130.0,1.5,1500.0
8.81,3.0,7.0,21.0,2996.0,84.0,87.0,6.0,105.0,130.0,2.0,1500.0
10.08,3.0,7.0,21.0,2996.0,84.0,87.0,6.0,105.0,130.0,2.5,1500.0
11.45,3.0,7.0,21.0,2996.0,84.0,87.0,6.0,105.0,130.0,3.0,1500.0
12.95,3.0,7.0,21.0,2996.0,84.0,87.0,6.0,105.0,130.0,3.5,1500.0
14.55,3.0,7.0,21.0,2996.0,84.0,87.0,6.0,105.0,130.0,4.0,1500.0
16.26,3.0,7.0,21.0,2996.0,84.0,87.0,6.0,105.0,130.0,4.5,1500.0
18.08,3.0,7.0,21.0,2996.0,84.0,87.0,6.0,105.0,130.0,5.0,1500.0
20.01,3.0,7.0,21.0,2996.0,84.0,87.0,6.0,105.0,130.0,5.5,1500.0
22.07,3.0,7.0,21.0,2996.0,84.0,87.0,6.0,105.0,130.0,6.0,1500.0
24.22,3.0,7.0,21.0,2996.0,84.0,87.0,6.0,105.0,130.0,6.5,1500.0
26.49,3.0,7.0,21.0,2996.0,84.0,87.0,6.0,105.0,130.0,7.0,1500.0
28.86,3.0,7.0,21.0,2996.0,84.0,87.0,6.0,105.0,130.0,7.5,1500.0
31.36,3.0,7.0,21.0,2996.0,84.0,87.0,6.0,105.0,130.0,8.0,1500.0
33.98,3.0,7.0,21.0,2996.0,84.0,87.0,6.0,105.0,130.0,8.5,1500.0
36.69,3.0,7.0,21.0,2996.0,84.0,87.0,6.0,105.0,130.0,9.0,1500.0
39.52,3.0,7.0,21.0,2996.0,84.0,87.0,6.0,105.0,130.0,9.5,1500.0
42.45,3.0,7.0,21.0,2996.0,84.0,87.0,6.0,105.0,130.0,10.0,1500.0
45.51,3.0,7.0,21.0,2996.0,84.0,87.0,6.0,105.0,130.0,10.5,1500.0
51.94,3.0,7.0,21.0,2996.0,84.0,87.0,6.0,105.0,130.0,11.5,1500.0
55.34,3.0,7.0,21.0,2996.0,84.0,87.0,6.0,105.0,130.0,12.0,1500.0
8.69,3.0,7.0,21.0,2996.0,84.0,87.0,6.0,105.0,130.0,0.5,2000.0
10.95,3.0,7.0,21.0,2996.0,84.0,87.0,6.0,105.0,130.0,1.5,2000.0
12.26,3.0,7.0,21.0,2996.0,84.0,87.0,6.0,105.0,130.0,2.0,2000.0
13.68,3.0,7.0,21.0,2996.0,84.0,87.0,6.0,105.0,130.0,2.5,2000.0
15.23,3.0,7.0,21.0,2996.0,84.0,87.0,6.0,105.0,130.0,3.0,2000.0
16.91,3.0,7.0,21.0,2996.0,84.0,87.0,6.0,105.0,130.0,3.5,2000.0
18.72,3.0,7.0,21.0,2996.0,84.0,87.0,6.0,105.0,130.0,4.0,2000.0
20.65,3.0,7.0,21.0,2996.0,84.0,87.0,6.0,105.0,130.0,4.5,2000.0
22.69,3.0,7.0,21.0,2996.0,84.0,87.0,6.0,105.0,130.0,5.0,2000.0
24.87,3.0,7.0,21.0,2996.0,84.0,87.0,6.0,105.0,130.0,5.5,2000.0
27.18,3.0,7.0,21.0,2996.0,84.0,87.0,6.0,105.0,130.0,6.0,2000.0
29.6,3.0,7.0,21.0,2996.0,84.0,87.0,6.0,105.0,130.0,6.5,2000.0
32.15,3.0,7.0,21.0,2996.0,84.0,87.0,6.0,105.0,130.0,7.0,2000.0
34.82,3.0,7.0,21.0,2996.0,84.0,87.0,6.0,105.0,130.0,7.5,2000.0
40.53,3.0,7.0,21.0,2996.0,84.0,87.0,6.0,105.0,130.0,8.5,2000.0
43.57,3.0,7.0,21.0,2996.0,84.0,87.0,6.0,105.0,130.0,9.0,2000.0
46.74,3.0,7.0,21.0,2996.0,84.0,87.0,6.0,105.0,130.0,9.5,2000.0
50.04,3.0,7.0,21.0,2996.0,84.0,87.0,6.0,105.0,130.0,10.0,2000.0
53.44,3.0,7.0,21.0,2996.0,84.0,87.0,6.0,105.0,130.0,10.5,2000.0
56.98,3.0,7.0,21.0,2996.0,84.0,87.0,6.0,105.0,130.0,11.0,2000.0
60.64,3.0,7.0,21.0,2996.0,84.0,87.0,6.0,105.0,130.0,11.5,2000.0
64.43,3.0,7.0,21.0,2996.0,84.0,87.0,6.0,105.0,130.0,12.0,2000.0
11.31,3.0,7.0,21.0,2996.0,84.0,87.0,6.0,105.0,130.0,0.0,2500.0
12.42,3.0,7.0,21.0,2996.0,84.0,87.0,6.0,105.0,130.0,0.5,2500.0
13.67,3.0,7.0,21.0,2996.0,84.0,87.0,6.0,105.0,130.0,1.0,2500.0
15.05,3.0,7.0,21.0,2996.0,84.0,87.0,6.0,105.0,130.0,1.5,2500.0
16.55,3.0,7.0,21.0,2996.0,84.0,87.0,6.0,105.0,130.0,2.0,2500.0
18.21,3.0,7.0,21.0,2996.0,84.0,87.0,6.0,105.0,130.0,2.5,2500.0
19.98,3.0,7.0,21.0,2996.0,84.0,87.0,6.0,105.0,130.0,3.0,2500.0
21.91,3.0,7.0,21.0,2996.0,84.0,87.0,6.0,105.0,130.0,3.5,2500.0
23.95,3.0,7.0,21.0,2996.0,84.0,87.0,6.0,105.0,130.0,4.0,2500.0
26.14,3.0,7.0,21.0,2996.0,84.0,87.0,6.0,105.0,130.0,4.5,2500.0
28.45,3.0,7.0,21.0,2996.0,84.0,87.0,6.0,105.0,130.0,5.0,2500.0
30.89,3.0,7.0,21.0,2996.0,84.0,87.0,6.0,105.0,130.0,5.5,2500.0
33.47,3.0,7.0,21.0,2996.0,84.0,87.0,6.0,105.0,130.0,6.0,2500.0
36.19,3.0,7.0,21.0,2996.0,84.0,87.0,6.0,105.0,130.0,6.5,2500.0
39.04,3.0,7.0,21.0,2996.0,84.0,87.0,6.0,105.0,130.0,7.0,2500.0
45.14,3.0,7.0,21.0,2996.0,84.0,87.0,6.0,105.0,130.0,8.0,2500.0
48.38,3.0,7.0,21.0,2996.0,84.0,87.0,6.0,105.0,130.0,8.5,2500.0
55.28,3.0,7.0,21.0,2996.0,84.0,87.0,6.0,105.0,130.0,9.5,2500.0
58.93,3.0,7.0,21.0,2996.0,84.0,87.0,6.0,105.0,130.0,10.0,2500.0
62.7,3.0,7.0,21.0,2996.0,84.0,87.0,6.0,105.0,130.0,10.5,2500.0
70.69,3.0,7.0,21.0,2996.0,84.0,87.0,6.0,105.0,130.0,11.5,2500.0
74.87,3.0,7.0,21.0,2996.0,84.0,87.0,6.0,105.0,130.0,12.0,2500.0
15.51,3.0,7.0,21.0,2996.0,84.0,87.0,6.0,105.0,130.0,0.0,3000.0
16.86,3.0,7.0,21.0,2996.0,84.0,87.0,6.0,105.0,130.0,0.5,3000.0
18.34,3.0,7.0,21.0,2996.0,84.0,87.0,6.0,105.0,130.0,1.0,3000.0
19.98,3.0,7.0,21.0,2996.0,84.0,87.0,6.0,105.0,130.0,1.5,3000.0
23.66,3.0,7.0,21.0,2996.0,84.0,87.0,6.0,105.0,130.0,2.5,3000.0
25.71,3.0,7.0,21.0,2996.0,84.0,87.0,6.0,105.0,130.0,3.0,3000.0
27.9,3.0,7.0,21.0,2996.0,84.0,87.0,6.0,105.0,130.0,3.5,3000.0
30.22,3.0,7.0,21.0,2996.0,84.0,87.0,6.0,105.0,130.0,4.0,3000.0
35.31,3.0,7.0,21.0,2996.0,84.0,87.0,6.0,105.0,130.0,5.0,3000.0
38.06,3.0,7.0,21.0,2996.0,84.0,87.0,6.0,105.0,130.0,5.5,3000.0
40.96,3.0,7.0,21.0,2996.0,84.0,87.0,6.0,105.0,130.0,6.0,3000.0
43.99,3.0,7.0,21.0,2996.0,84.0,87.0,6.0,105.0,130.0,6.5,3000.0
47.17,3.0,7.0,21.0,2996.0,84.0,87.0,6.0,105.0,130.0,7.0,3000.0
50.48,3.0,7.0,21.0,2996.0,84.0,87.0,6.0,105.0,130.0,7.5,3000.0
53.93,3.0,7.0,21.0,2996.0,84.0,87.0,6.0,105.0,130.0,8.0,3000.0
57.53,3.0,7.0,21.0,2996.0,84.0,87.0,6.0,105.0,130.0,8.5,3000.0
61.26,3.0,7.0,21.0,2996.0,84.0,87.0,6.0,105.0,130.0,9.0,3000.0
69.15,3.0,7.0,21.0,2996.0,84.0,87.0,6.0,105.0,130.0,10.0,3000.0
73.32,3.0,7.0,21.0,2996.0,84.0,87.0,6.0,105.0,130.0,10.5,3000.0
77.62,3.0,7.0,21.0,2996.0,84.0,87.0,6.0,105.0,130.0,11.0,3000.0
82.05,3.0,7.0,21.0,2996.0,84.0,87.0,6.0,105.0,130.0,11.5,3000.0
86.63,3.0,7.0,21.0,2996.0,84.0,87.0,6.0,105.0,130.0,12.0,3000.0
20.37,3.0,7.0,21.0,2996.0,84.0,87.0,6.0,105.0,130.0,0.0,3500.0
22.01,3.0,7.0,21.0,2996.0,84.0,87.0,6.0,105.0,130.0,0.5,3500.0
25.74,3.0,7.0,21.0,2996.0,84.0,87.0,6.0,105.0,130.0,1.5,3500.0
27.79,3.0,7.0,21.0,2996.0,84.0,87.0,6.0,105.0,130.0,2.0,3500.0
30.02,3.0,7.0,21.0,2996.0,84.0,87.0,6.0,105.0,130.0,2.5,3500.0
32.4,3.0,7.0,21.0,2996.0,84.0,87.0,6.0,105.0,130.0,3.0,3500.0
34.9,3.0,7.0,21.0,2996.0,84.0,87.0,6.0,105.0,130.0,3.5,3500.0
37.55,3.0,7.0,21.0,2996.0,84.0,87.0,6.0,105.0,130.0,4.0,3500.0
40.36,3.0,7.0,21.0,2996.0,84.0,87.0,6.0,105.0,130.0,4.5,3500.0
43.29,3.0,7.0,21.0,2996.0,84.0,87.0,6.0,105.0,130.0,5.0,3500.0
46.38,3.0,7.0,21.0,2996.0,84.0,87.0,6.0,105.0,130.0,5.5,3500.0
49.62,3.0,7.0,21.0,2996.0,84.0,87.0,6.0,105.0,130.0,6.0,3500.0
53.0,3.0,7.0,21.0,2996.0,84.0,87.0,6.0,105.0,130.0,6.5,3500.0
56.52,3.0,7.0,21.0,2996.0,84.0,87.0,6.0,105.0,130.0,7.0,3500.0
60.2,3.0,7.0,21.0,2996.0,84.0,87.0,6.0,105.0,130.0,7.5,3500.0
64.0,3.0,7.0,21.0,2996.0,84.0,87.0,6.0,105.0,130.0,8.0,3500.0
67.95,3.0,7.0,21.0,2996.0,84.0,87.0,6.0,105.0,130.0,8.5,3500.0
72.06,3.0,7.0,21.0,2996.0,84.0,87.0,6.0,105.0,130.0,9.0,3500.0
76.31,3.0,7.0,21.0,2996.0,84.0,87.0,6.0,105.0,130.0,9.5,3500.0
80.7,3.0,7.0,21.0,2996.0,84.0,87.0,6.0,105.0,130.0,10.0,3500.0
89.93,3.0,7.0,21.0,2996.0,84.0,87.0,6.0,105.0,130.0,11.0,3500.0
99.72,3.0,7.0,21.0,2996.0,84.0,87.0,6.0,105.0,130.0,12.0,3500.0
25.9,3.0,7.0,21.0,2996.0,84.0,87.0,6.0,105.0,130.0,0.0,4000.0
27.89,3.0,7.0,21.0,2996.0,84.0,87.0,6.0,105.0,130.0,0.5,4000.0
32.31,3.0,7.0,21.0,2996.0,84.0,87.0,6.0,105.0,130.0,1.5,4000.0
34.74,3.0,7.0,21.0,2996.0,84.0,87.0,6.0,105.0,130.0,2.0,4000.0
37.33,3.0,7.0,21.0,2996.0,84.0,87.0,6.0,105.0,130.0,2.5,4000.0
40.05,3.0,7.0,21.0,2996.0,84.0,87.0,6.0,105.0,130.0,3.0,4000.0
42.92,3.0,7.0,21.0,2996.0,84.0,87.0,6.0,105.0,130.0,3.5,4000.0
45.92,3.0,7.0,21.0,2996.0,84.0,87.0,6.0,105.0,130.0,4.0,4000.0
49.1,3.0,7.0,21.0,2996.0,84.0,87.0,6.0,105.0,130.0,4.5,4000.0
52.4,3.0,7.0,21.0,2996.0,84.0,87.0,6.0,105.0,130.0,5.0,4000.0
55.86,3.0,7.0,21.0,2996.0,84.0,87.0,6.0,105.0,130.0,5.5,4000.0
59.46,3.0,7.0,21.0,2996.0,84.0,87.0,6.0,105.0,130.0,6.0,4000.0
63.23,3.0,7.0,21.0,2996.0,84.0,87.0,6.0,105.0,130.0,6.5,4000.0
67.11,3.0,7.0,21.0,2996.0,84.0,87.0,6.0,105.0,130.0,7.0,4000.0
71.16,3.0,7.0,21.0,2996.0,84.0,87.0,6.0,105.0,130.0,7.5,4000.0
75.35,3.0,7.0,21.0,2996.0,84.0,87.0,6.0,105.0,130.0,8.0,4000.0
79.69,3.0,7.0,21.0,2996.0,84.0,87.0,6.0,105.0,130.0,8.5,4000.0
84.17,3.0,7.0,21.0,2996.0,84.0,87.0,6.0,105.0,130.0,9.0,4000.0
88.8,3.0,7.0,21.0,2996.0,84.0,87.0,6.0,105.0,130.0,9.5,4000.0
93.58,3.0,7.0,21.0,2996.0,84.0,87.0,6.0,105.0,130.0,10.0,4000.0
98.51,3.0,7.0,21.0,2996.0,84.0,87.0,6.0,105.0,130.0,10.5,4000.0
103.58,3.0,7.0,21.0,2996.0,84.0,87.0,6.0,105.0,130.0,11.0,4000.0
108.8,3.0,7.0,21.0,2996.0,84.0,87.0,6.0,105.0,130.0,11.5,4000.0
114.17,3.0,7.0,21.0,2996.0,84.0,87.0,6.0,105.0,130.0,12.0,4000.0
32.07,3.0,7.0,21.0,2996.0,84.0,87.0,6.0,105.0,130.0,0.0,4500.0
34.47,3.0,7.0,21.0,2996.0,84.0,87.0,6.0,105.0,130.0,0.5,4500.0
37.01,3.0,7.0,21.0,2996.0,84.0,87.0,6.0,105.0,130.0,1.0,4500.0
39.72,3.0,7.0,21.0,2996.0,84.0,87.0,6.0,105.0,130.0,1.5,4500.0
42.55,3.0,7.0,21.0,2996.0,84.0,87.0,6.0,105.0,130.0,2.0,4500.0
45.52,3.0,7.0,21.0,2996.0,84.0,87.0,6.0,105.0,130.0,2.5,4500.0
48.65,3.0,7.0,21.0,2996.0,84.0,87.0,6.0,105.0,130.0,3.0,4500.0
51.93,3.0,7.0,21.0,2996.0,84.0,87.0,6.0,105.0,130.0,3.5,4500.0
55.35,3.0,7.0,21.0,2996.0,84.0,87.0,6.0,105.0,130.0,4.0,4500.0
58.91,3.0,7.0,21.0,2996.0,84.0,87.0,6.0,105.0,130.0,4.5,4500.0
62.62,3.0,7.0,21.0,2996.0,84.0,87.0,6.0,105.0,130.0,5.0,4500.0
66.5,3.0,7.0,21.0,2996.0,84.0,87.0,6.0,105.0,130.0,5.5,4500.0
70.49,3.0,7.0,21.0,2996.0,84.0,87.0,6.0,105.0,130.0,6.0,4500.0
74.65,3.0,7.0,21.0,2996.0,84.0,87.0,6.0,105.0,130.0,6.5,4500.0
78.94,3.0,7.0,21.0,2996.0,84.0,87.0,6.0,105.0,130.0,7.0,4500.0
83.38,3.0,7.0,21.0,2996.0,84.0,87.0,6.0,105.0,130.0,7.5,4500.0
87.98,3.0,7.0,21.0,2996.0,84.0,87.0,6.0,105.0,130.0,8.0,4500.0
92.72,3.0,7.0,21.0,2996.0,84.0,87.0,6.0,105.0,130.0,8.5,4500.0
97.59,3.0,7.0,21.0,2996.0,84.0,87.0,6.0,105.0,130.0,9.0,4500.0
102.62,3.0,7.0,21.0,2996.0,84.0,87.0,6.0,105.0,130.0,9.5,4500.0
107.79,3.0,7.0,21.0,2996.0,84.0,87.0,6.0,105.0,130.0,10.0,4500.0
113.1,3.0,7.0,21.0,2996.0,84.0,87.0,6.0,105.0,130.0,10.5,4500.0
118.56,3.0,7.0,21.0,2996.0,84.0,87.0,6.0,105.0,130.0,11.0,4500.0
124.18,3.0,7.0,21.0,2996.0,84.0,87.0,6.0,105.0,130.0,11.5,4500.0
129.94,3.0,7.0,21.0,2996.0,84.0,87.0,6.0,105.0,130.0,12.0,4500.0
38.9,3.0,7.0,21.0,2996.0,84.0,87.0,6.0,105.0,130.0,0.0,5000.0
41.77,3.0,7.0,21.0,2996.0,84.0,87.0,6.0,105.0,130.0,0.5,5000.0
44.78,3.0,7.0,21.0,2996.0,84.0,87.0,6.0,105.0,130.0,1.0,5000.0
47.93,3.0,7.0,21.0,2996.0,84.0,87.0,6.0,105.0,130.0,1.5,5000.0
51.22,3.0,7.0,21.0,2996.0,84.0,87.0,6.0,105.0,130.0,2.0,5000.0
54.65,3.0,7.0,21.0,2996.0,84.0,87.0,6.0,105.0,130.0,2.5,5000.0
58.23,3.0,7.0,21.0,2996.0,84.0,87.0,6.0,105.0,130.0,3.0,5000.0
61.96,3.0,7.0,21.0,2996.0,84.0,87.0,6.0,105.0,130.0,3.5,5000.0
65.83,3.0,7.0,21.0,2996.0,84.0,87.0,6.0,105.0,130.0,4.0,5000.0
69.83,3.0,7.0,21.0,2996.0,84.0,87.0,6.0,105.0,130.0,4.5,5000.0
73.99,3.0,7.0,21.0,2996.0,84.0,87.0,6.0,105.0,130.0,5.0,5000.0
78.27,3.0,7.0,21.0,2996.0,84.0,87.0,6.0,105.0,130.0,5.5,5000.0
82.7,3.0,7.0,21.0,2996.0,84.0,87.0,6.0,105.0,130.0,6.0,5000.0
87.28,3.0,7.0,21.0,2996.0,84.0,87.0,6.0,105.0,130.0,6.5,5000.0
91.99,3.0,7.0,21.0,2996.0,84.0,87.0,6.0,105.0,130.0,7.0,5000.0
96.87,3.0,7.0,21.0,2996.0,84.0,87.0,6.0,105.0,130.0,7.5,5000.0
101.87,3.0,7.0,21.0,2996.0,84.0,87.0,6.0,105.0,130.0,8.0,5000.0
107.03,3.0,7.0,21.0,2996.0,84.0,87.0,6.0,105.0,130.0,8.5,5000.0
112.3,3.0,7.0,21.0,2996.0,84.0,87.0,6.0,105.0,130.0,9.0,5000.0
117.75,3.0,7.0,21.0,2996.0,84.0,87.0,6.0,105.0,130.0,9.5,5000.0
123.31,3.0,7.0,21.0,2996.0,84.0,87.0,6.0,105.0,130.0,10.0,5000.0
129.03,3.0,7.0,21.0,2996.0,84.0,87.0,6.0,105.0,130.0,10.5,5000.0
134.89,3.0,7.0,21.0,2996.0,84.0,87.0,6.0,105.0,130.0,11.0,5000.0
140.9,3.0,7.0,21.0,2996.0,84.0,87.0,6.0,105.0,130.0,11.5,5000.0
147.05,3.0,7.0,21.0,2996.0,84.0,87.0,6.0,105.0,130.0,12.0,5000.0
0.17,3.0,8.0,21.0,2155.0,86.6,89.0,4.0,105.0,130.0,0.0,100.0
0.68,3.0,8.0,21.0,2155.0,86.6,89.0,4.0,105.0,130.0,0.5,100.0
1.23,3.0,8.0,21.0,2155.0,86.6,89.0,4.0,105.0,130.0,1.0,100.0
1.81,3.0,8.0,21.0,2155.0,86.6,89.0,4.0,105.0,130.0,1.5,100.0
2.44,3.0,8.0,21.0,2155.0,86.6,89.0,4.0,105.0,130.0,2.0,100.0
3.11,3.0,8.0,21.0,2155.0,86.6,89.0,4.0,105.0,130.0,2.5,100.0
3.82,3.0,8.0,21.0,2155.0,86.6,89.0,4.0,105.0,130.0,3.0,100.0
5.37,3.0,8.0,21.0,2155.0,86.6,89.0,4.0,105.0,130.0,4.0,100.0
6.2,3.0,8.0,21.0,2155.0,86.6,89.0,4.0,105.0,130.0,4.5,100.0
7.07,3.0,8.0,21.0,2155.0,86.6,89.0,4.0,105.0,130.0,5.0,100.0
7.99,3.0,8.0,21.0,2155.0,86.6,89.0,4.0,105.0,130.0,5.5,100.0
8.94,3.0,8.0,21.0,2155.0,86.6,89.0,4.0,105.0,130.0,6.0,100.0
9.94,3.0,8.0,21.0,2155.0,86.6,89.0,4.0,105.0,130.0,6.5,100.0
10.97,3.0,8.0,21.0,2155.0,86.6,89.0,4.0,105.0,130.0,7.0,100.0
12.05,3.0,8.0,21.0,2155.0,86.6,89.0,4.0,105.0,130.0,7.5,100.0
13.16,3.0,8.0,21.0,2155.0,86.6,89.0,4.0,105.0,130.0,8.0,100.0
14.32,3.0,8.0,21.0,2155.0,86.6,89.0,4.0,105.0,130.0,8.5,100.0
15.52,3.0,8.0,21.0,2155.0,86.6,89.0,4.0,105.0,130.0,9.0,100.0
16.76,3.0,8.0,21.0,2155.0,86.6,89.0,4.0,105.0,130.0,9.5,100.0
18.04,3.0,8.0,21.0,2155.0,86.6,89.0,4.0,105.0,130.0,10.0,100.0
19.36,3.0,8.0,21.0,2155.0,86.6,89.0,4.0,105.0,130.0,10.5,100.0
20.72,3.0,8.0,21.0,2155.0,86.6,89.0,4.0,105.0,130.0,11.0,100.0
22.13,3.0,8.0,21.0,2155.0,86.6,89.0,4.0,105.0,130.0,11.5,100.0
23.57,3.0,8.0,21.0,2155.0,86.6,89.0,4.0,105.0,130.0,12.0,100.0
1.68,3.0,8.0,21.0,2155.0,86.6,89.0,4.0,105.0,130.0,0.0,1000.0
2.16,3.0,8.0,21.0,2155.0,86.6,89.0,4.0,105.0,130.0,0.5,1000.0
2.71,3.0,8.0,21.0,2155.0,86.6,89.0,4.0,105.0,130.0,1.0,1000.0
3.32,3.0,8.0,21.0,2155.0,86.6,89.0,4.0,105.0,130.0,1.5,1000.0
3.98,3.0,8.0,21.0,2155.0,86.6,89.0,4.0,105.0,130.0,2.0,1000.0
4.71,3.0,8.0,21.0,2155.0,86.6,89.0,4.0,105.0,130.0,2.5,1000.0
5.51,3.0,8.0,21.0,2155.0,86.6,89.0,4.0,105.0,130.0,3.0,1000.0
6.36,3.0,8.0,21.0,2155.0,86.6,89.0,4.0,105.0,130.0,3.5,1000.0
7.28,3.0,8.0,21.0,2155.0,86.6,89.0,4.0,105.0,130.0,4.0,1000.0
8.25,3.0,8.0,21.0,2155.0,86.6,89.0,4.0,105.0,130.0,4.5,1000.0
9.29,3.0,8.0,21.0,2155.0,86.6,89.0,4.0,105.0,130.0,5.0,1000.0
10.39,3.0,8.0,21.0,2155.0,86.6,89.0,4.0,105.0,130.0,5.5,1000.0
12.78,3.0,8.0,21.0,2155.0,86.6,89.0,4.0,105.0,130.0,6.5,1000.0
14.07,3.0,8.0,21.0,2155.0,86.6,89.0,4.0,105.0,130.0,7.0,1000.0
15.41,3.0,8.0,21.0,2155.0,86.6,89.0,4.0,105.0,130.0,7.5,1000.0
16.82,3.0,8.0,21.0,2155.0,86.6,89.0,4.0,105.0,130.0,8.0,1000.0
18.3,3.0,8.0,21.0,2155.0,86.6,89.0,4.0,105.0,130.0,8.5,1000.0
19.83,3.0,8.0,21.0,2155.0,86.6,89.0,4.0,105.0,130.0,9.0,1000.0
21.42,3.0,8.0,21.0,2155.0,86.6,89.0,4.0,105.0,130.0,9.5,1000.0
23.08,3.0,8.0,21.0,2155.0,86.6,89.0,4.0,105.0,130.0,10.0,1000.0
24.8,3.0,8.0,21.0,2155.0,86.6,89.0,4.0,105.0,130.0,10.5,1000.0
26.59,3.0,8.0,21.0,2155.0,86.6,89.0,4.0,105.0,130.0,11.0,1000.0
28.42,3.0,8.0,21.0,2155.0,86.6,89.0,4.0,105.0,130.0,11.5,1000.0
30.33,3.0,8.0,21.0,2155.0,86.6,89.0,4.0,105.0,130.0,12.0,1000.0
3.11,3.0,8.0,21.0,2155.0,86.6,89.0,4.0,105.0,130.0,0.0,1500.0
3.63,3.0,8.0,21.0,2155.0,86.6,89.0,4.0,105.0,130.0,0.5,1500.0
4.22,3.0,8.0,21.0,2155.0,86.6,89.0,4.0,105.0,130.0,1.0,1500.0
4.88,3.0,8.0,21.0,2155.0,86.6,89.0,4.0,105.0,130.0,1.5,1500.0
5.62,3.0,8.0,21.0,2155.0,86.6,89.0,4.0,105.0,130.0,2.0,1500.0
6.43,3.0,8.0,21.0,2155.0,86.6,89.0,4.0,105.0,130.0,2.5,1500.0
7.3,3.0,8.0,21.0,2155.0,86.6,89.0,4.0,105.0,130.0,3.0,1500.0
8.25,3.0,8.0,21.0,2155.0,86.6,89.0,4.0,105.0,130.0,3.5,1500.0
9.28,3.0,8.0,21.0,2155.0,86.6,89.0,4.0,105.0,130.0,4.0,1500.0
10.37,3.0,8.0,21.0,2155.0,86.6,89.0,4.0,105.0,130.0,4.5,1500.0
11.52,3.0,8.0,21.0,2155.0,86.6,89.0,4.0,105.0,130.0,5.0,1500.0
12.76,3.0,8.0,21.0,2155.0,86.6,89.0,4.0,105.0,130.0,5.5,1500.0
14.07,3.0,8.0,21.0,2155.0,86.6,89.0,4.0,105.0,130.0,6.0,1500.0
15.44,3.0,8.0,21.0,2155.0,86.6,89.0,4.0,105.0,130.0,6.5,1500.0
16.88,3.0,8.0,21.0,2155.0,86.6,89.0,4.0,105.0,130.0,7.0,1500.0
18.4,3.0,8.0,21.0,2155.0,86.6,89.0,4.0,105.0,130.0,7.5,1500.0
19.99,3.0,8.0,21.0,2155.0,86.6,89.0,4.0,105.0,130.0,8.0,1500.0
21.66,3.0,8.0,21.0,2155.0,86.6,89.0,4.0,105.0,130.0,8.5,1500.0
23.39,3.0,8.0,21.0,2155.0,86.6,89.0,4.0,105.0,130.0,9.0,1500.0
27.06,3.0,8.0,21.0,2155.0,86.6,89.0,4.0,105.0,130.0,10.0,1500.0
29.01,3.0,8.0,21.0,2155.0,86.6,89.0,4.0,105.0,130.0,10.5,1500.0
31.03,3.0,8.0,21.0,2155.0,86.6,89.0,4.0,105.0,130.0,11.0,1500.0
35.27,3.0,8.0,21.0,2155.0,86.6,89.0,4.0,105.0,130.0,12.0,1500.0
4.94,3.0,8.0,21.0,2155.0,86.6,89.0,4.0,105.0,130.0,0.0,2000.0
5.54,3.0,8.0,21.0,2155.0,86.6,89.0,4.0,105.0,130.0,0.5,2000.0
6.22,3.0,8.0,21.0,2155.0,86.6,89.0,4.0,105.0,130.0,1.0,2000.0
6.98,3.0,8.0,21.0,2155.0,86.6,89.0,4.0,105.0,130.0,1.5,2000.0
7.81,3.0,8.0,21.0,2155.0,86.6,89.0,4.0,105.0,130.0,2.0,2000.0
8.72,3.0,8.0,21.0,2155.0,86.6,89.0,4.0,105.0,130.0,2.5,2000.0
9.71,3.0,8.0,21.0,2155.0,86.6,89.0,4.0,105.0,130.0,3.0,2000.0
10.78,3.0,8.0,21.0,2155.0,86.6,89.0,4.0,105.0,130.0,3.5,2000.0
11.93,3.0,8.0,21.0,2155.0,86.6,89.0,4.0,105.0,130.0,4.0,2000.0
13.16,3.0,8.0,21.0,2155.0,86.6,89.0,4.0,105.0,130.0,4.5,2000.0
14.47,3.0,8.0,21.0,2155.0,86.6,89.0,4.0,105.0,130.0,5.0,2000.0
15.85,3.0,8.0,21.0,2155.0,86.6,89.0,4.0,105.0,130.0,5.5,2000.0
18.87,3.0,8.0,21.0,2155.0,86.6,89.0,4.0,105.0,130.0,6.5,2000.0
20.49,3.0,8.0,21.0,2155.0,86.6,89.0,4.0,105.0,130.0,7.0,2000.0
22.19,3.0,8.0,21.0,2155.0,86.6,89.0,4.0,105.0,130.0,7.5,2000.0
23.97,3.0,8.0,21.0,2155.0,86.6,89.0,4.0,105.0,130.0,8.0,2000.0
25.84,3.0,8.0,21.0,2155.0,86.6,89.0,4.0,105.0,130.0,8.5,2000.0
27.78,3.0,8.0,21.0,2155.0,86.6,89.0,4.0,105.0,130.0,9.0,2000.0
29.79,3.0,8.0,21.0,2155.0,86.6,89.0,4.0,105.0,130.0,9.5,2000.0
31.9,3.0,8.0,21.0,2155.0,86.6,89.0,4.0,105.0,130.0,10.0,2000.0
34.07,3.0,8.0,21.0,2155.0,86.6,89.0,4.0,105.0,130.0,10.5,2000.0
36.32,3.0,8.0,21.0,2155.0,86.6,89.0,4.0,105.0,130.0,11.0,2000.0
38.65,3.0,8.0,21.0,2155.0,86.6,89.0,4.0,105.0,130.0,11.5,2000.0
41.07,3.0,8.0,21.0,2155.0,86.6,89.0,4.0,105.0,130.0,12.0,2000.0
7.21,3.0,8.0,21.0,2155.0,86.6,89.0,4.0,105.0,130.0,0.0,2500.0
7.91,3.0,8.0,21.0,2155.0,86.6,89.0,4.0,105.0,130.0,0.5,2500.0
8.71,3.0,8.0,21.0,2155.0,86.6,89.0,4.0,105.0,130.0,1.0,2500.0
9.59,3.0,8.0,21.0,2155.0,86.6,89.0,4.0,105.0,130.0,1.5,2500.0
10.55,3.0,8.0,21.0,2155.0,86.6,89.0,4.0,105.0,130.0,2.0,2500.0
11.61,3.0,8.0,21.0,2155.0,86.6,89.0,4.0,105.0,130.0,2.5,2500.0
12.74,3.0,8.0,21.0,2155.0,86.6,89.0,4.0,105.0,130.0,3.0,2500.0
15.27,3.0,8.0,21.0,2155.0,86.6,89.0,4.0,105.0,130.0,4.0,2500.0
18.13,3.0,8.0,21.0,2155.0,86.6,89.0,4.0,105.0,130.0,5.0,2500.0
19.69,3.0,8.0,21.0,2155.0,86.6,89.0,4.0,105.0,130.0,5.5,2500.0
21.33,3.0,8.0,21.0,2155.0,86.6,89.0,4.0,105.0,130.0,6.0,2500.0
23.07,3.0,8.0,21.0,2155.0,86.6,89.0,4.0,105.0,130.0,6.5,2500.0
24.88,3.0,8.0,21.0,2155.0,86.6,89.0,4.0,105.0,130.0,7.0,2500.0
26.78,3.0,8.0,21.0,2155.0,86.6,89.0,4.0,105.0,130.0,7.5,2500.0
28.77,3.0,8.0,21.0,2155.0,86.6,89.0,4.0,105.0,130.0,8.0,2500.0
30.84,3.0,8.0,21.0,2155.0,86.6,89.0,4.0,105.0,130.0,8.5,2500.0
33.0,3.0,8.0,21.0,2155.0,86.6,89.0,4.0,105.0,130.0,9.0,2500.0
35.24,3.0,8.0,21.0,2155.0,86.6,89.0,4.0,105.0,130.0,9.5,2500.0
37.56,3.0,8.0,21.0,2155.0,86.6,89.0,4.0,105.0,130.0,10.0,2500.0
39.97,3.0,8.0,21.0,2155.0,86.6,89.0,4.0,105.0,130.0,10.5,2500.0
42.47,3.0,8.0,21.0,2155.0,86.6,89.0,4.0,105.0,130.0,11.0,2500.0
45.06,3.0,8.0,21.0,2155.0,86.6,89.0,4.0,105.0,130.0,11.5,2500.0
47.72,3.0,8.0,21.0,2155.0,86.6,89.0,4.0,105.0,130.0,12.0,2500.0
9.89,3.0,8.0,21.0,2155.0,86.6,89.0,4.0,105.0,130.0,0.0,3000.0
10.75,3.0,8.0,21.0,2155.0,86.6,89.0,4.0,105.0,130.0,0.5,3000.0
11.69,3.0,8.0,21.0,2155.0,86.6,89.0,4.0,105.0,130.0,1.0,3000.0
12.74,3.0,8.0,21.0,2155.0,86.6,89.0,4.0,105.0,130.0,1.5,3000.0
13.86,3.0,8.0,21.0,2155.0,86.6,89.0,4.0,105.0,130.0,2.0,3000.0
15.08,3.0,8.0,21.0,2155.0,86.6,89.0,4.0,105.0,130.0,2.5,3000.0
16.39,3.0,8.0,21.0,2155.0,86.6,89.0,4.0,105.0,130.0,3.0,3000.0
19.27,3.0,8.0,21.0,2155.0,86.6,89.0,4.0,105.0,130.0,4.0,3000.0
20.84,3.0,8.0,21.0,2155.0,86.6,89.0,4.0,105.0,130.0,4.5,3000.0
22.51,3.0,8.0,21.0,2155.0,86.6,89.0,4.0,105.0,130.0,5.0,3000.0
24.26,3.0,8.0,21.0,2155.0,86.6,89.0,4.0,105.0,130.0,5.5,3000.0
26.11,3.0,8.0,21.0,2155.0,86.6,89.0,4.0,105.0,130.0,6.0,3000.0
28.04,3.0,8.0,21.0,2155.0,86.6,89.0,4.0,105.0,130.0,6.5,3000.0
30.07,3.0,8.0,21.0,2155.0,86.6,89.0,4.0,105.0,130.0,7.0,3000.0
32.18,3.0,8.0,21.0,2155.0,86.6,89.0,4.0,105.0,130.0,7.5,3000.0
34.38,3.0,8.0,21.0,2155.0,86.6,89.0,4.0,105.0,130.0,8.0,3000.0
36.67,3.0,8.0,21.0,2155.0,86.6,89.0,4.0,105.0,130.0,8.5,3000.0
39.05,3.0,8.0,21.0,2155.0,86.6,89.0,4.0,105.0,130.0,9.0,3000.0
41.52,3.0,8.0,21.0,2155.0,86.6,89.0,4.0,105.0,130.0,9.5,3000.0
44.08,3.0,8.0,21.0,2155.0,86.6,89.0,4.0,105.0,130.0,10.0,3000.0
46.74,3.0,8.0,21.0,2155.0,86.6,89.0,4.0,105.0,130.0,10.5,3000.0
49.48,3.0,8.0,21.0,2155.0,86.6,89.0,4.0,105.0,130.0,11.0,3000.0
52.3,3.0,8.0,21.0,2155.0,86.6,89.0,4.0,105.0,130.0,11.5,3000.0
55.22,3.0,8.0,21.0,2155.0,86.6,89.0,4.0,105.0,130.0,12.0,3000.0
12.99,3.0,8.0,21.0,2155.0,86.6,89.0,4.0,105.0,130.0,0.0,3500.0
14.03,3.0,8.0,21.0,2155.0,86.6,89.0,4.0,105.0,130.0,0.5,3500.0
16.41,3.0,8.0,21.0,2155.0,86.6,89.0,4.0,105.0,130.0,1.5,3500.0
17.72,3.0,8.0,21.0,2155.0,86.6,89.0,4.0,105.0,130.0,2.0,3500.0
19.14,3.0,8.0,21.0,2155.0,86.6,89.0,4.0,105.0,130.0,2.5,3500.0
22.25,3.0,8.0,21.0,2155.0,86.6,89.0,4.0,105.0,130.0,3.5,3500.0
23.94,3.0,8.0,21.0,2155.0,86.6,89.0,4.0,105.0,130.0,4.0,3500.0
25.73,3.0,8.0,21.0,2155.0,86.6,89.0,4.0,105.0,130.0,4.5,3500.0
29.56,3.0,8.0,21.0,2155.0,86.6,89.0,4.0,105.0,130.0,5.5,3500.0
31.63,3.0,8.0,21.0,2155.0,86.6,89.0,4.0,105.0,130.0,6.0,3500.0
33.78,3.0,8.0,21.0,2155.0,86.6,89.0,4.0,105.0,130.0,6.5,3500.0
36.03,3.0,8.0,21.0,2155.0,86.6,89.0,4.0,105.0,130.0,7.0,3500.0
38.37,3.0,8.0,21.0,2155.0,86.6,89.0,4.0,105.0,130.0,7.5,3500.0
40.8,3.0,8.0,21.0,2155.0,86.6,89.0,4.0,105.0,130.0,8.0,3500.0
43.32,3.0,8.0,21.0,2155.0,86.6,89.0,4.0,105.0,130.0,8.5,3500.0
48.64,3.0,8.0,21.0,2155.0,86.6,89.0,4.0,105.0,130.0,9.5,3500.0
54.34,3.0,8.0,21.0,2155.0,86.6,89.0,4.0,105.0,130.0,10.5,3500.0
57.32,3.0,8.0,21.0,2155.0,86.6,89.0,4.0,105.0,130.0,11.0,3500.0
60.4,3.0,8.0,21.0,2155.0,86.6,89.0,4.0,105.0,130.0,11.5,3500.0
63.57,3.0,8.0,21.0,2155.0,86.6,89.0,4.0,105.0,130.0,12.0,3500.0
16.51,3.0,8.0,21.0,2155.0,86.6,89.0,4.0,105.0,130.0,0.0,4000.0
17.78,3.0,8.0,21.0,2155.0,86.6,89.0,4.0,105.0,130.0,0.5,4000.0
19.14,3.0,8.0,21.0,2155.0,86.6,89.0,4.0,105.0,130.0,1.0,4000.0
20.59,3.0,8.0,21.0,2155.0,86.6,89.0,4.0,105.0,130.0,1.5,4000.0
22.14,3.0,8.0,21.0,2155.0,86.6,89.0,4.0,105.0,130.0,2.0,4000.0
25.53,3.0,8.0,21.0,2155.0,86.6,89.0,4.0,105.0,130.0,3.0,4000.0
27.36,3.0,8.0,21.0,2155.0,86.6,89.0,4.0,105.0,130.0,3.5,4000.0
29.27,3.0,8.0,21.0,2155.0,86.6,89.0,4.0,105.0,130.0,4.0,4000.0
31.3,3.0,8.0,21.0,2155.0,86.6,89.0,4.0,105.0,130.0,4.5,4000.0
33.4,3.0,8.0,21.0,2155.0,86.6,89.0,4.0,105.0,130.0,5.0,4000.0
35.61,3.0,8.0,21.0,2155.0,86.6,89.0,4.0,105.0,130.0,5.5,4000.0
37.9,3.0,8.0,21.0,2155.0,86.6,89.0,4.0,105.0,130.0,6.0,4000.0
40.3,3.0,8.0,21.0,2155.0,86.6,89.0,4.0,105.0,130.0,6.5,4000.0
42.78,3.0,8.0,21.0,2155.0,86.6,89.0,4.0,105.0,130.0,7.0,4000.0
45.36,3.0,8.0,21.0,2155.0,86.6,89.0,4.0,105.0,130.0,7.5,4000.0
48.03,3.0,8.0,21.0,2155.0,86.6,89.0,4.0,105.0,130.0,8.0,4000.0
53.66,3.0,8.0,21.0,2155.0,86.6,89.0,4.0,105.0,130.0,9.0,4000.0
56.61,3.0,8.0,21.0,2155.0,86.6,89.0,4.0,105.0,130.0,9.5,4000.0
62.8,3.0,8.0,21.0,2155.0,86.6,89.0,4.0,105.0,130.0,10.5,4000.0
66.03,3.0,8.0,21.0,2155.0,86.6,89.0,4.0,105.0,130.0,11.0,4000.0
69.36,3.0,8.0,21.0,2155.0,86.6,89.0,4.0,105.0,130.0,11.5,4000.0
72.78,3.0,8.0,21.0,2155.0,86.6,89.0,4.0,105.0,130.0,12.0,4000.0
20.44,3.0,8.0,21.0,2155.0,86.6,89.0,4.0,105.0,130.0,0.0,4500.0
21.97,3.0,8.0,21.0,2155.0,86.6,89.0,4.0,105.0,130.0,0.5,4500.0
23.59,3.0,8.0,21.0,2155.0,86.6,89.0,4.0,105.0,130.0,1.0,4500.0
25.32,3.0,8.0,21.0,2155.0,86.6,89.0,4.0,105.0,130.0,1.5,4500.0
27.12,3.0,8.0,21.0,2155.0,86.6,89.0,4.0,105.0,130.0,2.0,4500.0
29.02,3.0,8.0,21.0,2155.0,86.6,89.0,4.0,105.0,130.0,2.5,4500.0
31.01,3.0,8.0,21.0,2155.0,86.6,89.0,4.0,105.0,130.0,3.0,4500.0
33.1,3.0,8.0,21.0,2155.0,86.6,89.0,4.0,105.0,130.0,3.5,4500.0
35.28,3.0,8.0,21.0,2155.0,86.6,89.0,4.0,105.0,130.0,4.0,4500.0
37.55,3.0,8.0,21.0,2155.0,86.6,89.0,4.0,105.0,130.0,4.5,4500.0
39.92,3.0,8.0,21.0,2155.0,86.6,89.0,4.0,105.0,130.0,5.0,4500.0
42.39,3.0,8.0,21.0,2155.0,86.6,89.0,4.0,105.0,130.0,5.5,4500.0
44.93,3.0,8.0,21.0,2155.0,86.6,89.0,4.0,105.0,130.0,6.0,4500.0
50.32,3.0,8.0,21.0,2155.0,86.6,89.0,4.0,105.0,130.0,7.0,4500.0
53.15,3.0,8.0,21.0,2155.0,86.6,89.0,4.0,105.0,130.0,7.5,4500.0
56.08,3.0,8.0,21.0,2155.0,86.6,89.0,4.0,105.0,130.0,8.0,4500.0
59.1,3.0,8.0,21.0,2155.0,86.6,89.0,4.0,105.0,130.0,8.5,4500.0
62.21,3.0,8.0,21.0,2155.0,86.6,89.0,4.0,105.0,130.0,9.0,4500.0
65.42,3.0,8.0,21.0,2155.0,86.6,89.0,4.0,105.0,130.0,9.5,4500.0
68.71,3.0,8.0,21.0,2155.0,86.6,89.0,4.0,105.0,130.0,10.0,4500.0
72.1,3.0,8.0,21.0,2155.0,86.6,89.0,4.0,105.0,130.0,10.5,4500.0
75.58,3.0,8.0,21.0,2155.0,86.6,89.0,4.0,105.0,130.0,11.0,4500.0
82.83,3.0,8.0,21.0,2155.0,86.6,89.0,4.0,105.0,130.0,12.0,4500.0
24.8,3.0,8.0,21.0,2155.0,86.6,89.0,4.0,105.0,130.0,0.0,5000.0
26.63,3.0,8.0,21.0,2155.0,86.6,89.0,4.0,105.0,130.0,0.5,5000.0
28.54,3.0,8.0,21.0,2155.0,86.6,89.0,4.0,105.0,130.0,1.0,5000.0
30.55,3.0,8.0,21.0,2155.0,86.6,89.0,4.0,105.0,130.0,1.5,5000.0
32.65,3.0,8.0,21.0,2155.0,86.6,89.0,4.0,105.0,130.0,2.0,5000.0
34.84,3.0,8.0,21.0,2155.0,86.6,89.0,4.0,105.0,130.0,2.5,5000.0
37.12,3.0,8.0,21.0,2155.0,86.6,89.0,4.0,105.0,130.0,3.0,5000.0
39.49,3.0,8.0,21.0,2155.0,86.6,89.0,4.0,105.0,130.0,3.5,5000.0
41.96,3.0,8.0,21.0,2155.0,86.6,89.0,4.0,105.0,130.0,4.0,5000.0
44.52,3.0,8.0,21.0,2155.0,86.6,89.0,4.0,105.0,130.0,4.5,5000.0
47.16,3.0,8.0,21.0,2155.0,86.6,89.0,4.0,105.0,130.0,5.0,5000.0
49.89,3.0,8.0,21.0,2155.0,86.6,89.0,4.0,105.0,130.0,5.5,5000.0
55.64,3.0,8.0,21.0,2155.0,86.6,89.0,4.0,105.0,130.0,6.5,5000.0
58.64,3.0,8.0,21.0,2155.0,86.6,89.0,4.0,105.0,130.0,7.0,5000.0
61.75,3.0,8.0,21.0,2155.0,86.6,89.0,4.0,105.0,130.0,7.5,5000.0
64.94,3.0,8.0,21.0,2155.0,86.6,89.0,4.0,105.0,130.0,8.0,5000.0
68.22,3.0,8.0,21.0,2155.0,86.6,89.0,4.0,105.0,130.0,8.5,5000.0
71.59,3.0,8.0,21.0,2155.0,86.6,89.0,4.0,105.0,130.0,9.0,5000.0
75.06,3.0,8.0,21.0,2155.0,86.6,89.0,4.0,105.0,130.0,9.5,5000.0
78.61,3.0,8.0,21.0,2155.0,86.6,89.0,4.0,105.0,130.0,10.0,5000.0
82.25,3.0,8.0,21.0,2155.0,86.6,89.0,4.0,105.0,130.0,10.5,5000.0
85.99,3.0,8.0,21.0,2155.0,86.6,89.0,4.0,105.0,130.0,11.0,5000.0
0.2,3.0,9.0,21.0,2497.0,84.0,87.0,5.0,105.0,130.0,0.0,100.0
0.8,3.0,9.0,21.0,2497.0,84.0,87.0,5.0,105.0,130.0,0.5,100.0
2.13,3.0,9.0,21.0,2497.0,84.0,87.0,5.0,105.0,130.0,1.5,100.0
2.87,3.0,9.0,21.0,2497.0,84.0,87.0,5.0,105.0,130.0,2.0,100.0
3.66,3.0,9.0,21.0,2497.0,84.0,87.0,5.0,105.0,130.0,2.5,100.0
4.49,3.0,9.0,21.0,2497.0,84.0,87.0,5.0,105.0,130.0,3.0,100.0
5.37,3.0,9.0,21.0,2497.0,84.0,87.0,5.0,105.0,130.0,3.5,100.0
6.31,3.0,9.0,21.0,2497.0,84.0,87.0,5.0,105.0,130.0,4.0,100.0
7.29,3.0,9.0,21.0,2497.0,84.0,87.0,5.0,105.0,130.0,4.5,100.0
8.31,3.0,9.0,21.0,2497.0,84.0,87.0,5.0,105.0,130.0,5.0,100.0
9.39,3.0,9.0,21.0,2497.0,84.0,87.0,5.0,105.0,130.0,5.5,100.0
10.5,3.0,9.0,21.0,2497.0,84.0,87.0,5.0,105.0,130.0,6.0,100.0
11.68,3.0,9.0,21.0,2497.0,84.0,87.0,5.0,105.0,130.0,6.5,100.0
12.89,3.0,9.0,21.0,2497.0,84.0,87.0,5.0,105.0,130.0,7.0,100.0
14.16,3.0,9.0,21.0,2497.0,84.0,87.0,5.0,105.0,130.0,7.5,100.0
15.47,3.0,9.0,21.0,2497.0,84.0,87.0,5.0,105.0,130.0,8.0,100.0
18.24,3.0,9.0,21.0,2497.0,84.0,87.0,5.0,105.0,130.0,9.0,100.0
19.69,3.0,9.0,21.0,2497.0,84.0,87.0,5.0,105.0,130.0,9.5,100.0
21.2,3.0,9.0,21.0,2497.0,84.0,87.0,5.0,105.0,130.0,10.0,100.0
22.75,3.0,9.0,21.0,2497.0,84.0,87.0,5.0,105.0,130.0,10.5,100.0
24.35,3.0,9.0,21.0,2497.0,84.0,87.0,5.0,105.0,130.0,11.0,100.0
26.0,3.0,9.0,21.0,2497.0,84.0,87.0,5.0,105.0,130.0,11.5,100.0
27.7,3.0,9.0,21.0,2497.0,84.0,87.0,5.0,105.0,130.0,12.0,100.0
1.97,3.0,9.0,21.0,2497.0,84.0,87.0,5.0,105.0,130.0,0.0,1000.0
2.54,3.0,9.0,21.0,2497.0,84.0,87.0,5.0,105.0,130.0,0.5,1000.0
3.18,3.0,9.0,21.0,2497.0,84.0,87.0,5.0,105.0,130.0,1.0,1000.0
3.9,3.0,9.0,21.0,2497.0,84.0,87.0,5.0,105.0,130.0,1.5,1000.0
4.68,3.0,9.0,21.0,2497.0,84.0,87.0,5.0,105.0,130.0,2.0,1000.0
5.54,3.0,9.0,21.0,2497.0,84.0,87.0,5.0,105.0,130.0,2.5,1000.0
7.47,3.0,9.0,21.0,2497.0,84.0,87.0,5.0,105.0,130.0,3.5,1000.0
8.55,3.0,9.0,21.0,2497.0,84.0,87.0,5.0,105.0,130.0,4.0,1000.0
9.7,3.0,9.0,21.0,2497.0,84.0,87.0,5.0,105.0,130.0,4.5,1000.0
10.92,3.0,9.0,21.0,2497.0,84.0,87.0,5.0,105.0,130.0,5.0,1000.0
12.21,3.0,9.0,21.0,2497.0,84.0,87.0,5.0,105.0,130.0,5.5,1000.0
13.58,3.0,9.0,21.0,2497.0,84.0,87.0,5.0,105.0,130.0,6.0,1000.0
15.02,3.0,9.0,21.0,2497.0,84.0,87.0,5.0,105.0,130.0,6.5,1000.0
16.53,3.0,9.0,21.0,2497.0,84.0,87.0,5.0,105.0,130.0,7.0,1000.0
18.11,3.0,9.0,21.0,2497.0,84.0,87.0,5.0,105.0,130.0,7.5,1000.0
19.77,3.0,9.0,21.0,2497.0,84.0,87.0,5.0,105.0,130.0,8.0,1000.0
21.5,3.0,9.0,21.0,2497.0,84.0,87.0,5.0,105.0,130.0,8.5,1000.0
23.3,3.0,9.0,21.0,2497.0,84.0,87.0,5.0,105.0,130.0,9.0,1000.0
25.17,3.0,9.0,21.0,2497.0,84.0,87.0,5.0,105.0,130.0,9.5,1000.0
27.12,3.0,9.0,21.0,2497.0,84.0,87.0,5.0,105.0,130.0,10.0,1000.0
29.14,3.0,9.0,21.0,2497.0,84.0,87.0,5.0,105.0,130.0,10.5,1000.0
31.24,3.0,9.0,21.0,2497.0,84.0,87.0,5.0,105.0,130.0,11.0,1000.0
33.4,3.0,9.0,21.0,2497.0,84.0,87.0,5.0,105.0,130.0,11.5,1000.0
35.64,3.0,9.0,21.0,2497.0,84.0,87.0,5.0,105.0,130.0,12.0,1000.0
3.65,3.0,9.0,21.0,2497.0,84.0,87.0,5.0,105.0,130.0,0.0,1500.0
4.26,3.0,9.0,21.0,2497.0,84.0,87.0,5.0,105.0,130.0,0.5,1500.0
5.74,3.0,9.0,21.0,2497.0,84.0,87.0,5.0,105.0,130.0,1.5,1500.0
6.6,3.0,9.0,21.0,2497.0,84.0,87.0,5.0,105.0,130.0,2.0,1500.0
7.55,3.0,9.0,21.0,2497.0,84.0,87.0,5.0,105.0,130.0,2.5,1500.0
9.7,3.0,9.0,21.0,2497.0,84.0,87.0,5.0,105.0,130.0,3.5,1500.0
10.9,3.0,9.0,21.0,2497.0,84.0,87.0,5.0,105.0,130.0,4.0,1500.0
12.18,3.0,9.0,21.0,2497.0,84.0,87.0,5.0,105.0,130.0,4.5,1500.0
13.54,3.0,9.0,21.0,2497.0,84.0,87.0,5.0,105.0,130.0,5.0,1500.0
14.99,3.0,9.0,21.0,2497.0,84.0,87.0,5.0,105.0,130.0,5.5,1500.0
19.84,3.0,9.0,21.0,2497.0,84.0,87.0,5.0,105.0,130.0,7.0,1500.0
21.62,3.0,9.0,21.0,2497.0,84.0,87.0,5.0,105.0,130.0,7.5,1500.0
25.45,3.0,9.0,21.0,2497.0,84.0,87.0,5.0,105.0,130.0,8.5,1500.0
27.48,3.0,9.0,21.0,2497.0,84.0,87.0,5.0,105.0,130.0,9.0,1500.0
29.6,3.0,9.0,21.0,2497.0,84.0,87.0,5.0,105.0,130.0,9.5,1500.0
34.09,3.0,9.0,21.0,2497.0,84.0,87.0,5.0,105.0,130.0,10.5,1500.0
36.46,3.0,9.0,21.0,2497.0,84.0,87.0,5.0,105.0,130.0,11.0,1500.0
38.91,3.0,9.0,21.0,2497.0,84.0,87.0,5.0,105.0,130.0,11.5,1500.0
41.45,3.0,9.0,21.0,2497.0,84.0,87.0,5.0,105.0,130.0,12.0,1500.0
5.81,3.0,9.0,21.0,2497.0,84.0,87.0,5.0,105.0,130.0,0.0,2000.0
6.51,3.0,9.0,21.0,2497.0,84.0,87.0,5.0,105.0,130.0,0.5,2000.0
7.31,3.0,9.0,21.0,2497.0,84.0,87.0,5.0,105.0,130.0,1.0,2000.0
8.2,3.0,9.0,21.0,2497.0,84.0,87.0,5.0,105.0,130.0,1.5,2000.0
9.18,3.0,9.0,21.0,2497.0,84.0,87.0,5.0,105.0,130.0,2.0,2000.0
10.25,3.0,9.0,21.0,2497.0,84.0,87.0,5.0,105.0,130.0,2.5,2000.0
11.41,3.0,9.0,21.0,2497.0,84.0,87.0,5.0,105.0,130.0,3.0,2000.0
12.67,3.0,9.0,21.0,2497.0,84.0,87.0,5.0,105.0,130.0,3.5,2000.0
14.02,3.0,9.0,21.0,2497.0,84.0,87.0,5.0,105.0,130.0,4.0,2000.0
15.47,3.0,9.0,21.0,2497.0,84.0,87.0,5.0,105.0,130.0,4.5,2000.0
17.0,3.0,9.0,21.0,2497.0,84.0,87.0,5.0,105.0,130.0,5.0,2000.0
18.63,3.0,9.0,21.0,2497.0,84.0,87.0,5.0,105.0,130.0,5.5,2000.0
20.36,3.0,9.0,21.0,2497.0,84.0,87.0,5.0,105.0,130.0,6.0,2000.0
22.17,3.0,9.0,21.0,2497.0,84.0,87.0,5.0,105.0,130.0,6.5,2000.0
24.08,3.0,9.0,21.0,2497.0,84.0,87.0,5.0,105.0,130.0,7.0,2000.0
26.08,3.0,9.0,21.0,2497.0,84.0,87.0,5.0,105.0,130.0,7.5,2000.0
28.17,3.0,9.0,21.0,2497.0,84.0,87.0,5.0,105.0,130.0,8.0,2000.0
32.64,3.0,9.0,21.0,2497.0,84.0,87.0,5.0,105.0,130.0,9.0,2000.0
37.48,3.0,9.0,21.0,2497.0,84.0,87.0,5.0,105.0,130.0,10.0,2000.0
40.03,3.0,9.0,21.0,2497.0,84.0,87.0,5.0,105.0,130.0,10.5,2000.0
42.68,3.0,9.0,21.0,2497.0,84.0,87.0,5.0,105.0,130.0,11.0,2000.0
45.42,3.0,9.0,21.0,2497.0,84.0,87.0,5.0,105.0,130.0,11.5,2000.0
48.26,3.0,9.0,21.0,2497.0,84.0,87.0,5.0,105.0,130.0,12.0,2000.0
8.47,3.0,9.0,21.0,2497.0,84.0,87.0,5.0,105.0,130.0,0.0,2500.0
9.3,3.0,9.0,21.0,2497.0,84.0,87.0,5.0,105.0,130.0,0.5,2500.0
10.24,3.0,9.0,21.0,2497.0,84.0,87.0,5.0,105.0,130.0,1.0,2500.0
11.27,3.0,9.0,21.0,2497.0,84.0,87.0,5.0,105.0,130.0,1.5,2500.0
12.4,3.0,9.0,21.0,2497.0,84.0,87.0,5.0,105.0,130.0,2.0,2500.0
13.64,3.0,9.0,21.0,2497.0,84.0,87.0,5.0,105.0,130.0,2.5,2500.0
14.97,3.0,9.0,21.0,2497.0,84.0,87.0,5.0,105.0,130.0,3.0,2500.0
16.41,3.0,9.0,21.0,2497.0,84.0,87.0,5.0,105.0,130.0,3.5,2500.0
17.94,3.0,9.0,21.0,2497.0,84.0,87.0,5.0,105.0,130.0,4.0,2500.0
19.58,3.0,9.0,21.0,2497.0,84.0,87.0,5.0,105.0,130.0,4.5,2500.0
21.31,3.0,9.0,21.0,2497.0,84.0,87.0,5.0,105.0,130.0,5.0,2500.0
23.14,3.0,9.0,21.0,2497.0,84.0,87.0,5.0,105.0,130.0,5.5,2500.0
27.11,3.0,9.0,21.0,2497.0,84.0,87.0,5.0,105.0,130.0,6.5,2500.0
31.47,3.0,9.0,21.0,2497.0,84.0,87.0,5.0,105.0,130.0,7.5,2500.0
33.81,3.0,9.0,21.0,2497.0,84.0,87.0,5.0,105.0,130.0,8.0,2500.0
36.24,3.0,9.0,21.0,2497.0,84.0,87.0,5.0,105.0,130.0,8.5,2500.0
38.78,3.0,9.0,21.0,2497.0,84.0,87.0,5.0,105.0,130.0,9.0,2500.0
41.41,3.0,9.0,21.0,2497.0,84.0,87.0,5.0,105.0,130.0,9.5,2500.0
44.14,3.0,9.0,21.0,2497.0,84.0,87.0,5.0,105.0,130.0,10.0,2500.0
46.97,3.0,9.0,21.0,2497.0,84.0,87.0,5.0,105.0,130.0,10.5,2500.0
49.91,3.0,9.0,21.0,2497.0,84.0,87.0,5.0,105.0,130.0,11.0,2500.0
52.95,3.0,9.0,21.0,2497.0,84.0,87.0,5.0,105.0,130.0,11.5,2500.0
56.08,3.0,9.0,21.0,2497.0,84.0,87.0,5.0,105.0,130.0,12.0,2500.0
11.62,3.0,9.0,21.0,2497.0,84.0,87.0,5.0,105.0,130.0,0.0,3000.0
12.63,3.0,9.0,21.0,2497.0,84.0,87.0,5.0,105.0,130.0,0.5,3000.0
13.74,3.0,9.0,21.0,2497.0,84.0,87.0,5.0,105.0,130.0,1.0,3000.0
14.97,3.0,9.0,21.0,2497.0,84.0,87.0,5.0,105.0,130.0,1.5,3000.0
16.29,3.0,9.0,21.0,2497.0,84.0,87.0,5.0,105.0,130.0,2.0,3000.0
17.72,3.0,9.0,21.0,2497.0,84.0,87.0,5.0,105.0,130.0,2.5,3000.0
19.26,3.0,9.0,21.0,2497.0,84.0,87.0,5.0,105.0,130.0,3.0,3000.0
20.9,3.0,9.0,21.0,2497.0,84.0,87.0,5.0,105.0,130.0,3.5,3000.0
26.45,3.0,9.0,21.0,2497.0,84.0,87.0,5.0,105.0,130.0,5.0,3000.0
28.51,3.0,9.0,21.0,2497.0,84.0,87.0,5.0,105.0,130.0,5.5,3000.0
30.68,3.0,9.0,21.0,2497.0,84.0,87.0,5.0,105.0,130.0,6.0,3000.0
35.33,3.0,9.0,21.0,2497.0,84.0,87.0,5.0,105.0,130.0,7.0,3000.0
37.81,3.0,9.0,21.0,2497.0,84.0,87.0,5.0,105.0,130.0,7.5,3000.0
40.4,3.0,9.0,21.0,2497.0,84.0,87.0,5.0,105.0,130.0,8.0,3000.0
43.09,3.0,9.0,21.0,2497.0,84.0,87.0,5.0,105.0,130.0,8.5,3000.0
45.89,3.0,9.0,21.0,2497.0,84.0,87.0,5.0,105.0,130.0,9.0,3000.0
48.79,3.0,9.0,21.0,2497.0,84.0,87.0,5.0,105.0,130.0,9.5,3000.0
51.8,3.0,9.0,21.0,2497.0,84.0,87.0,5.0,105.0,130.0,10.0,3000.0
54.92,3.0,9.0,21.0,2497.0,84.0,87.0,5.0,105.0,130.0,10.5,3000.0
58.14,3.0,9.0,21.0,2497.0,84.0,87.0,5.0,105.0,130.0,11.0,3000.0
64.89,3.0,9.0,21.0,2497.0,84.0,87.0,5.0,105.0,130.0,12.0,3000.0
15.26,3.0,9.0,21.0,2497.0,84.0,87.0,5.0,105.0,130.0,0.0,3500.0
16.49,3.0,9.0,21.0,2497.0,84.0,87.0,5.0,105.0,130.0,0.5,3500.0
17.83,3.0,9.0,21.0,2497.0,84.0,87.0,5.0,105.0,130.0,1.0,3500.0
19.28,3.0,9.0,21.0,2497.0,84.0,87.0,5.0,105.0,130.0,1.5,3500.0
20.82,3.0,9.0,21.0,2497.0,84.0,87.0,5.0,105.0,130.0,2.0,3500.0
22.49,3.0,9.0,21.0,2497.0,84.0,87.0,5.0,105.0,130.0,2.5,3500.0
24.27,3.0,9.0,21.0,2497.0,84.0,87.0,5.0,105.0,130.0,3.0,3500.0
26.14,3.0,9.0,21.0,2497.0,84.0,87.0,5.0,105.0,130.0,3.5,3500.0
28.13,3.0,9.0,21.0,2497.0,84.0,87.0,5.0,105.0,130.0,4.0,3500.0
30.23,3.0,9.0,21.0,2497.0,84.0,87.0,5.0,105.0,130.0,4.5,3500.0
32.43,3.0,9.0,21.0,2497.0,84.0,87.0,5.0,105.0,130.0,5.0,3500.0
34.74,3.0,9.0,21.0,2497.0,84.0,87.0,5.0,105.0,130.0,5.5,3500.0
37.17,3.0,9.0,21.0,2497.0,84.0,87.0,5.0,105.0,130.0,6.0,3500.0
39.7,3.0,9.0,21.0,2497.0,84.0,87.0,5.0,105.0,130.0,6.5,3500.0
42.34,3.0,9.0,21.0,2497.0,84.0,87.0,5.0,105.0,130.0,7.0,3500.0
45.09,3.0,9.0,21.0,2497.0,84.0,87.0,5.0,105.0,130.0,7.5,3500.0
50.9,3.0,9.0,21.0,2497.0,84.0,87.0,5.0,105.0,130.0,8.5,3500.0
53.98,3.0,9.0,21.0,2497.0,84.0,87.0,5.0,105.0,130.0,9.0,3500.0
57.16,3.0,9.0,21.0,2497.0,84.0,87.0,5.0,105.0,130.0,9.5,3500.0
60.45,3.0,9.0,21.0,2497.0,84.0,87.0,5.0,105.0,130.0,10.0,3500.0
63.86,3.0,9.0,21.0,2497.0,84.0,87.0,5.0,105.0,130.0,10.5,3500.0
67.36,3.0,9.0,21.0,2497.0,84.0,87.0,5.0,105.0,130.0,11.0,3500.0
70.98,3.0,9.0,21.0,2497.0,84.0,87.0,5.0,105.0,130.0,11.5,3500.0
74.7,3.0,9.0,21.0,2497.0,84.0,87.0,5.0,105.0,130.0,12.0,3500.0
19.4,3.0,9.0,21.0,2497.0,84.0,87.0,5.0,105.0,130.0,0.0,4000.0
20.89,3.0,9.0,21.0,2497.0,84.0,87.0,5.0,105.0,130.0,0.5,4000.0
22.49,3.0,9.0,21.0,2497.0,84.0,87.0,5.0,105.0,130.0,1.0,4000.0
24.2,3.0,9.0,21.0,2497.0,84.0,87.0,5.0,105.0,130.0,1.5,4000.0
26.02,3.0,9.0,21.0,2497.0,84.0,87.0,5.0,105.0,130.0,2.0,4000.0
27.96,3.0,9.0,21.0,2497.0,84.0,87.0,5.0,105.0,130.0,2.5,4000.0
30.0,3.0,9.0,21.0,2497.0,84.0,87.0,5.0,105.0,130.0,3.0,4000.0
32.15,3.0,9.0,21.0,2497.0,84.0,87.0,5.0,105.0,130.0,3.5,4000.0
34.4,3.0,9.0,21.0,2497.0,84.0,87.0,5.0,105.0,130.0,4.0,4000.0
36.78,3.0,9.0,21.0,2497.0,84.0,87.0,5.0,105.0,130.0,4.5,4000.0
39.25,3.0,9.0,21.0,2497.0,84.0,87.0,5.0,105.0,130.0,5.0,4000.0
41.84,3.0,9.0,21.0,2497.0,84.0,87.0,5.0,105.0,130.0,5.5,4000.0
44.54,3.0,9.0,21.0,2497.0,84.0,87.0,5.0,105.0,130.0,6.0,4000.0
47.36,3.0,9.0,21.0,2497.0,84.0,87.0,5.0,105.0,130.0,6.5,4000.0
50.27,3.0,9.0,21.0,2497.0,84.0,87.0,5.0,105.0,130.0,7.0,4000.0
53.3,3.0,9.0,21.0,2497.0,84.0,87.0,5.0,105.0,130.0,7.5,4000.0
56.44,3.0,9.0,21.0,2497.0,84.0,87.0,5.0,105.0,130.0,8.0,4000.0
59.69,3.0,9.0,21.0,2497.0,84.0,87.0,5.0,105.0,130.0,8.5,4000.0
63.05,3.0,9.0,21.0,2497.0,84.0,87.0,5.0,105.0,130.0,9.0,4000.0
66.52,3.0,9.0,21.0,2497.0,84.0,87.0,5.0,105.0,130.0,9.5,4000.0
70.1,3.0,9.0,21.0,2497.0,84.0,87.0,5.0,105.0,130.0,10.0,4000.0
73.79,3.0,9.0,21.0,2497.0,84.0,87.0,5.0,105.0,130.0,10.5,4000.0
77.59,3.0,9.0,21.0,2497.0,84.0,87.0,5.0,105.0,130.0,11.0,4000.0
81.5,3.0,9.0,21.0,2497.0,84.0,87.0,5.0,105.0,130.0,11.5,4000.0
85.52,3.0,9.0,21.0,2497.0,84.0,87.0,5.0,105.0,130.0,12.0,4000.0
24.02,3.0,9.0,21.0,2497.0,84.0,87.0,5.0,105.0,130.0,0.0,4500.0
25.82,3.0,9.0,21.0,2497.0,84.0,87.0,5.0,105.0,130.0,0.5,4500.0
29.75,3.0,9.0,21.0,2497.0,84.0,87.0,5.0,105.0,130.0,1.5,4500.0
31.87,3.0,9.0,21.0,2497.0,84.0,87.0,5.0,105.0,130.0,2.0,4500.0
34.1,3.0,9.0,21.0,2497.0,84.0,87.0,5.0,105.0,130.0,2.5,4500.0
36.44,3.0,9.0,21.0,2497.0,84.0,87.0,5.0,105.0,130.0,3.0,4500.0
38.9,3.0,9.0,21.0,2497.0,84.0,87.0,5.0,105.0,130.0,3.5,4500.0
41.46,3.0,9.0,21.0,2497.0,84.0,87.0,5.0,105.0,130.0,4.0,4500.0
44.13,3.0,9.0,21.0,2497.0,84.0,87.0,5.0,105.0,130.0,4.5,4500.0
46.91,3.0,9.0,21.0,2497.0,84.0,87.0,5.0,105.0,130.0,5.0,4500.0
49.81,3.0,9.0,21.0,2497.0,84.0,87.0,5.0,105.0,130.0,5.5,4500.0
52.8,3.0,9.0,21.0,2497.0,84.0,87.0,5.0,105.0,130.0,6.0,4500.0
55.92,3.0,9.0,21.0,2497.0,84.0,87.0,5.0,105.0,130.0,6.5,4500.0
59.13,3.0,9.0,21.0,2497.0,84.0,87.0,5.0,105.0,130.0,7.0,4500.0
62.46,3.0,9.0,21.0,2497.0,84.0,87.0,5.0,105.0,130.0,7.5,4500.0
65.9,3.0,9.0,21.0,2497.0,84.0,87.0,5.0,105.0,130.0,8.0,4500.0
69.45,3.0,9.0,21.0,2497.0,84.0,87.0,5.0,105.0,130.0,8.5,4500.0
73.1,3.0,9.0,21.0,2497.0,84.0,87.0,5.0,105.0,130.0,9.0,4500.0
76.87,3.0,9.0,21.0,2497.0,84.0,87.0,5.0,105.0,130.0,9.5,4500.0
80.74,3.0,9.0,21.0,2497.0,84.0,87.0,5.0,105.0,130.0,10.0,4500.0
84.72,3.0,9.0,21.0,2497.0,84.0,87.0,5.0,105.0,130.0,10.5,4500.0
88.81,3.0,9.0,21.0,2497.0,84.0,87.0,5.0,105.0,130.0,11.0,4500.0
93.02,3.0,9.0,21.0,2497.0,84.0,87.0,5.0,105.0,130.0,11.5,4500.0
97.33,3.0,9.0,21.0,2497.0,84.0,87.0,5.0,105.0,130.0,12.0,4500.0
29.14,3.0,9.0,21.0,2497.0,84.0,87.0,5.0,105.0,130.0,0.0,5000.0
31.29,3.0,9.0,21.0,2497.0,84.0,87.0,5.0,105.0,130.0,0.5,5000.0
33.54,3.0,9.0,21.0,2497.0,84.0,87.0,5.0,105.0,130.0,1.0,5000.0
35.9,3.0,9.0,21.0,2497.0,84.0,87.0,5.0,105.0,130.0,1.5,5000.0
38.37,3.0,9.0,21.0,2497.0,84.0,87.0,5.0,105.0,130.0,2.0,5000.0
40.94,3.0,9.0,21.0,2497.0,84.0,87.0,5.0,105.0,130.0,2.5,5000.0
43.62,3.0,9.0,21.0,2497.0,84.0,87.0,5.0,105.0,130.0,3.0,5000.0
46.41,3.0,9.0,21.0,2497.0,84.0,87.0,5.0,105.0,130.0,3.5,5000.0
49.31,3.0,9.0,21.0,2497.0,84.0,87.0,5.0,105.0,130.0,4.0,5000.0
55.42,3.0,9.0,21.0,2497.0,84.0,87.0,5.0,105.0,130.0,5.0,5000.0
58.63,3.0,9.0,21.0,2497.0,84.0,87.0,5.0,105.0,130.0,5.5,5000.0
61.95,3.0,9.0,21.0,2497.0,84.0,87.0,5.0,105.0,130.0,6.0,5000.0
65.38,3.0,9.0,21.0,2497.0,84.0,87.0,5.0,105.0,130.0,6.5,5000.0
68.91,3.0,9.0,21.0,2497.0,84.0,87.0,5.0,105.0,130.0,7.0,5000.0
76.31,3.0,9.0,21.0,2497.0,84.0,87.0,5.0,105.0,130.0,8.0,5000.0
80.17,3.0,9.0,21.0,2497.0,84.0,87.0,5.0,105.0,130.0,8.5,5000.0
84.12,3.0,9.0,21.0,2497.0,84.0,87.0,5.0,105.0,130.0,9.0,5000.0
88.2,3.0,9.0,21.0,2497.0,84.0,87.0,5.0,105.0,130.0,9.5,5000.0
96.65,3.0,9.0,21.0,2497.0,84.0,87.0,5.0,105.0,130.0,10.5,5000.0
101.04,3.0,9.0,21.0,2497.0,84.0,87.0,5.0,105.0,130.0,11.0,5000.0
105.54,3.0,9.0,21.0,2497.0,84.0,87.0,5.0,105.0,130.0,11.5,5000.0
110.15,3.0,9.0,21.0,2497.0,84.0,87.0,5.0,105.0,130.0,12.0,5000.0
0.96,3.0,10.0,21.0,2996.0,84.0,87.0,6.0,105.0,130.0,0.5,100.0
1.73,3.0,10.0,21.0,2996.0,84.0,87.0,6.0,105.0,130.0,1.0,100.0
2.56,3.0,10.0,21.0,2996.0,84.0,87.0,6.0,105.0,130.0,1.5,100.0
3.45,3.0,10.0,21.0,2996.0,84.0,87.0,6.0,105.0,130.0,2.0,100.0
4.39,3.0,10.0,21.0,2996.0,84.0,87.0,6.0,105.0,130.0,2.5,100.0
5.39,3.0,10.0,21.0,2996.0,84.0,87.0,6.0,105.0,130.0,3.0,100.0
6.45,3.0,10.0,21.0,2996.0,84.0,87.0,6.0,105.0,130.0,3.5,100.0
7.57,3.0,10.0,21.0,2996.0,84.0,87.0,6.0,105.0,130.0,4.0,100.0
8.75,3.0,10.0,21.0,2996.0,84.0,87.0,6.0,105.0,130.0,4.5,100.0
9.98,3.0,10.0,21.0,2996.0,84.0,87.0,6.0,105.0,130.0,5.0,100.0
11.27,3.0,10.0,21.0,2996.0,84.0,87.0,6.0,105.0,130.0,5.5,100.0
12.61,3.0,10.0,21.0,2996.0,84.0,87.0,6.0,105.0,130.0,6.0,100.0
14.02,3.0,10.0,21.0,2996.0,84.0,87.0,6.0,105.0,130.0,6.5,100.0
17.0,3.0,10.0,21.0,2996.0,84.0,87.0,6.0,105.0,130.0,7.5,100.0
18.57,3.0,10.0,21.0,2996.0,84.0,87.0,6.0,105.0,130.0,8.0,100.0
20.21,3.0,10.0,21.0,2996.0,84.0,87.0,6.0,105.0,130.0,8.5,100.0
21.9,3.0,10.0,21.0,2996.0,84.0,87.0,6.0,105.0,130.0,9.0,100.0
23.64,3.0,10.0,21.0,2996.0,84.0,87.0,6.0,105.0,130.0,9.5,100.0
25.45,3.0,10.0,21.0,2996.0,84.0,87.0,6.0,105.0,130.0,10.0,100.0
27.31,3.0,10.0,21.0,2996.0,84.0,87.0,6.0,105.0,130.0,10.5,100.0
31.21,3.0,10.0,21.0,2996.0,84.0,87.0,6.0,105.0,130.0,11.5,100.0
33.25,3.0,10.0,21.0,2996.0,84.0,87.0,6.0,105.0,130.0,12.0,100.0
3.05,3.0,10.0,21.0,2996.0,84.0,87.0,6.0,105.0,130.0,0.5,1000.0
3.82,3.0,10.0,21.0,2996.0,84.0,87.0,6.0,105.0,130.0,1.0,1000.0
6.65,3.0,10.0,21.0,2996.0,84.0,87.0,6.0,105.0,130.0,2.5,1000.0
7.77,3.0,10.0,21.0,2996.0,84.0,87.0,6.0,105.0,130.0,3.0,1000.0
8.97,3.0,10.0,21.0,2996.0,84.0,87.0,6.0,105.0,130.0,3.5,1000.0
10.26,3.0,10.0,21.0,2996.0,84.0,87.0,6.0,105.0,130.0,4.0,1000.0
11.64,3.0,10.0,21.0,2996.0,84.0,87.0,6.0,105.0,130.0,4.5,1000.0
13.11,3.0,10.0,21.0,2996.0,84.0,87.0,6.0,105.0,130.0,5.0,1000.0
14.66,3.0,10.0,21.0,2996.0,84.0,87.0,6.0,105.0,130.0,5.5,1000.0
16.3,3.0,10.0,21.0,2996.0,84.0,87.0,6.0,105.0,130.0,6.0,1000.0
18.03,3.0,10.0,21.0,2996.0,84.0,87.0,6.0,105.0,130.0,6.5,1000.0
19.84,3.0,10.0,21.0,2996.0,84.0,87.0,6.0,105.0,130.0,7.0,1000.0
21.74,3.0,10.0,21.0,2996.0,84.0,87.0,6.0,105.0,130.0,7.5,1000.0
23.73,3.0,10.0,21.0,2996.0,84.0,87.0,6.0,105.0,130.0,8.0,1000.0
25.81,3.0,10.0,21.0,2996.0,84.0,87.0,6.0,105.0,130.0,8.5,1000.0
27.97,3.0,10.0,21.0,2996.0,84.0,87.0,6.0,105.0,130.0,9.0,1000.0
30.22,3.0,10.0,21.0,2996.0,84.0,87.0,6.0,105.0,130.0,9.5,1000.0
37.5,3.0,10.0,21.0,2996.0,84.0,87.0,6.0,105.0,130.0,11.0,1000.0
40.1,3.0,10.0,21.0,2996.0,84.0,87.0,6.0,105.0,130.0,11.5,1000.0
42.78,3.0,10.0,21.0,2996.0,84.0,87.0,6.0,105.0,130.0,12.0,1000.0
4.38,3.0,10.0,21.0,2996.0,84.0,87.0,6.0,105.0,130.0,0.0,1500.0
5.12,3.0,10.0,21.0,2996.0,84.0,87.0,6.0,105.0,130.0,0.5,1500.0
5.95,3.0,10.0,21.0,2996.0,84.0,87.0,6.0,105.0,130.0,1.0,1500.0
6.89,3.0,10.0,21.0,2996.0,84.0,87.0,6.0,105.0,130.0,1.5,1500.0
7.92,3.0,10.0,21.0,2996.0,84.0,87.0,6.0,105.0,130.0,2.0,1500.0
9.06,3.0,10.0,21.0,2996.0,84.0,87.0,6.0,105.0,130.0,2.5,1500.0
10.3,3.0,10.0,21.0,2996.0,84.0,87.0,6.0,105.0,130.0,3.0,1500.0
11.64,3.0,10.0,21.0,2996.0,84.0,87.0,6.0,105.0,130.0,3.5,1500.0
13.08,3.0,10.0,21.0,2996.0,84.0,87.0,6.0,105.0,130.0,4.0,1500.0
14.62,3.0,10.0,21.0,2996.0,84.0,87.0,6.0,105.0,130.0,4.5,1500.0
16.26,3.0,10.0,21.0,2996.0,84.0,87.0,6.0,105.0,130.0,5.0,1500.0
19.84,3.0,10.0,21.0,2996.0,84.0,87.0,6.0,105.0,130.0,6.0,1500.0
23.82,3.0,10.0,21.0,2996.0,84.0,87.0,6.0,105.0,130.0,7.0,1500.0
25.96,3.0,10.0,21.0,2996.0,84.0,87.0,6.0,105.0,130.0,7.5,1500.0
28.2,3.0,10.0,21.0,2996.0,84.0,87.0,6.0,105.0,130.0,8.0,1500.0
30.55,3.0,10.0,21.0,2996.0,84.0,87.0,6.0,105.0,130.0,8.5,1500.0
35.53,3.0,10.0,21.0,2996.0,84.0,87.0,6.0,105.0,130.0,9.5,1500.0
38.18,3.0,10.0,21.0,2996.0,84.0,87.0,6.0,105.0,130.0,10.0,1500.0
43.77,3.0,10.0,21.0,2996.0,84.0,87.0,6.0,105.0,130.0,11.0,1500.0
46.71,3.0,10.0,21.0,2996.0,84.0,87.0,6.0,105.0,130.0,11.5,1500.0
49.76,3.0,10.0,21.0,2996.0,84.0,87.0,6.0,105.0,130.0,12.0,1500.0
6.98,3.0,10.0,21.0,2996.0,84.0,87.0,6.0,105.0,130.0,0.0,2000.0
7.82,3.0,10.0,21.0,2996.0,84.0,87.0,6.0,105.0,130.0,0.5,2000.0
8.78,3.0,10.0,21.0,2996.0,84.0,87.0,6.0,105.0,130.0,1.0,2000.0
9.84,3.0,10.0,21.0,2996.0,84.0,87.0,6.0,105.0,130.0,1.5,2000.0
11.02,3.0,10.0,21.0,2996.0,84.0,87.0,6.0,105.0,130.0,2.0,2000.0
12.3,3.0,10.0,21.0,2996.0,84.0,87.0,6.0,105.0,130.0,2.5,2000.0
15.21,3.0,10.0,21.0,2996.0,84.0,87.0,6.0,105.0,130.0,3.5,2000.0
16.83,3.0,10.0,21.0,2996.0,84.0,87.0,6.0,105.0,130.0,4.0,2000.0
18.57,3.0,10.0,21.0,2996.0,84.0,87.0,6.0,105.0,130.0,4.5,2000.0
20.41,3.0,10.0,21.0,2996.0,84.0,87.0,6.0,105.0,130.0,5.0,2000.0
24.44,3.0,10.0,21.0,2996.0,84.0,87.0,6.0,105.0,130.0,6.0,2000.0
26.62,3.0,10.0,21.0,2996.0,84.0,87.0,6.0,105.0,130.0,6.5,2000.0
28.91,3.0,10.0,21.0,2996.0,84.0,87.0,6.0,105.0,130.0,7.0,2000.0
31.31,3.0,10.0,21.0,2996.0,84.0,87.0,6.0,105.0,130.0,7.5,2000.0
33.82,3.0,10.0,21.0,2996.0,84.0,87.0,6.0,105.0,130.0,8.0,2000.0
39.18,3.0,10.0,21.0,2996.0,84.0,87.0,6.0,105.0,130.0,9.0,2000.0
42.03,3.0,10.0,21.0,2996.0,84.0,87.0,6.0,105.0,130.0,9.5,2000.0
44.99,3.0,10.0,21.0,2996.0,84.0,87.0,6.0,105.0,130.0,10.0,2000.0
48.06,3.0,10.0,21.0,2996.0,84.0,87.0,6.0,105.0,130.0,10.5,2000.0
51.24,3.0,10.0,21.0,2996.0,84.0,87.0,6.0,105.0,130.0,11.0,2000.0
54.53,3.0,10.0,21.0,2996.0,84.0,87.0,6.0,105.0,130.0,11.5,2000.0
57.94,3.0,10.0,21.0,2996.0,84.0,87.0,6.0,105.0,130.0,12.0,2000.0
10.17,3.0,10.0,21.0,2996.0,84.0,87.0,6.0,105.0,130.0,0.0,2500.0
11.17,3.0,10.0,21.0,2996.0,84.0,87.0,6.0,105.0,130.0,0.5,2500.0
12.29,3.0,10.0,21.0,2996.0,84.0,87.0,6.0,105.0,130.0,1.0,2500.0
14.89,3.0,10.0,21.0,2996.0,84.0,87.0,6.0,105.0,130.0,2.0,2500.0
16.37,3.0,10.0,21.0,2996.0,84.0,87.0,6.0,105.0,130.0,2.5,2500.0
17.97,3.0,10.0,21.0,2996.0,84.0,87.0,6.0,105.0,130.0,3.0,2500.0
19.7,3.0,10.0,21.0,2996.0,84.0,87.0,6.0,105.0,130.0,3.5,2500.0
21.54,3.0,10.0,21.0,2996.0,84.0,87.0,6.0,105.0,130.0,4.0,2500.0
23.5,3.0,10.0,21.0,2996.0,84.0,87.0,6.0,105.0,130.0,4.5,2500.0
25.58,3.0,10.0,21.0,2996.0,84.0,87.0,6.0,105.0,130.0,5.0,2500.0
27.78,3.0,10.0,21.0,2996.0,84.0,87.0,6.0,105.0,130.0,5.5,2500.0
30.1,3.0,10.0,21.0,2996.0,84.0,87.0,6.0,105.0,130.0,6.0,2500.0
32.54,3.0,10.0,21.0,2996.0,84.0,87.0,6.0,105.0,130.0,6.5,2500.0
35.1,3.0,10.0,21.0,2996.0,84.0,87.0,6.0,105.0,130.0,7.0,2500.0
37.78,3.0,10.0,21.0,2996.0,84.0,87.0,6.0,105.0,130.0,7.5,2500.0
40.59,3.0,10.0,21.0,2996.0,84.0,87.0,6.0,105.0,130.0,8.0,2500.0
43.51,3.0,10.0,21.0,2996.0,84.0,87.0,6.0,105.0,130.0,8.5,2500.0
46.55,3.0,10.0,21.0,2996.0,84.0,87.0,6.0,105.0,130.0,9.0,2500.0
52.99,3.0,10.0,21.0,2996.0,84.0,87.0,6.0,105.0,130.0,10.0,2500.0
56.39,3.0,10.0,21.0,2996.0,84.0,87.0,6.0,105.0,130.0,10.5,2500.0
63.56,3.0,10.0,21.0,2996.0,84.0,87.0,6.0,105.0,130.0,11.5,2500.0
67.32,3.0,10.0,21.0,2996.0,84.0,87.0,6.0,105.0,130.0,12.0,2500.0
13.95,3.0,10.0,21.0,2996.0,84.0,87.0,6.0,105.0,130.0,0.0,3000.0
15.16,3.0,10.0,21.0,2996.0,84.0,87.0,6.0,105.0,130.0,0.5,3000.0
16.5,3.0,10.0,21.0,2996.0,84.0,87.0,6.0,105.0,130.0,1.0,3000.0
17.97,3.0,10.0,21.0,2996.0,84.0,87.0,6.0,105.0,130.0,1.5,3000.0
19.56,3.0,10.0,21.0,2996.0,84.0,87.0,6.0,105.0,130.0,2.0,3000.0
21.27,3.0,10.0,21.0,2996.0,84.0,87.0,6.0,105.0,130.0,2.5,3000.0
25.09,3.0,10.0,21.0,2996.0,84.0,87.0,6.0,105.0,130.0,3.5,3000.0
27.18,3.0,10.0,21.0,2996.0,84.0,87.0,6.0,105.0,130.0,4.0,3000.0
29.4,3.0,10.0,21.0,2996.0,84.0,87.0,6.0,105.0,130.0,4.5,3000.0
31.75,3.0,10.0,21.0,2996.0,84.0,87.0,6.0,105.0,130.0,5.0,3000.0
34.23,3.0,10.0,21.0,2996.0,84.0,87.0,6.0,105.0,130.0,5.5,3000.0
36.83,3.0,10.0,21.0,2996.0,84.0,87.0,6.0,105.0,130.0,6.0,3000.0
39.56,3.0,10.0,21.0,2996.0,84.0,87.0,6.0,105.0,130.0,6.5,3000.0
42.41,3.0,10.0,21.0,2996.0,84.0,87.0,6.0,105.0,130.0,7.0,3000.0
45.39,3.0,10.0,21.0,2996.0,84.0,87.0,6.0,105.0,130.0,7.5,3000.0
48.5,3.0,10.0,21.0,2996.0,84.0,87.0,6.0,105.0,130.0,8.0,3000.0
55.09,3.0,10.0,21.0,2996.0,84.0,87.0,6.0,105.0,130.0,9.0,3000.0
58.57,3.0,10.0,21.0,2996.0,84.0,87.0,6.0,105.0,130.0,9.5,3000.0
62.19,3.0,10.0,21.0,2996.0,84.0,87.0,6.0,105.0,130.0,10.0,3000.0
65.93,3.0,10.0,21.0,2996.0,84.0,87.0,6.0,105.0,130.0,10.5,3000.0
69.79,3.0,10.0,21.0,2996.0,84.0,87.0,6.0,105.0,130.0,11.0,3000.0
73.78,3.0,10.0,21.0,2996.0,84.0,87.0,6.0,105.0,130.0,11.5,3000.0
77.9,3.0,10.0,21.0,2996.0,84.0,87.0,6.0,105.0,130.0,12.0,3000.0
18.32,3.0,10.0,21.0,2996.0,84.0,87.0,6.0,105.0,130.0,0.0,3500.0
19.8,3.0,10.0,21.0,2996.0,84.0,87.0,6.0,105.0,130.0,0.5,3500.0
23.14,3.0,10.0,21.0,2996.0,84.0,87.0,6.0,105.0,130.0,1.5,3500.0
25.0,3.0,10.0,21.0,2996.0,84.0,87.0,6.0,105.0,130.0,2.0,3500.0
27.0,3.0,10.0,21.0,2996.0,84.0,87.0,6.0,105.0,130.0,2.5,3500.0
29.13,3.0,10.0,21.0,2996.0,84.0,87.0,6.0,105.0,130.0,3.0,3500.0
31.38,3.0,10.0,21.0,2996.0,84.0,87.0,6.0,105.0,130.0,3.5,3500.0
33.77,3.0,10.0,21.0,2996.0,84.0,87.0,6.0,105.0,130.0,4.0,3500.0
36.29,3.0,10.0,21.0,2996.0,84.0,87.0,6.0,105.0,130.0,4.5,3500.0
38.93,3.0,10.0,21.0,2996.0,84.0,87.0,6.0,105.0,130.0,5.0,3500.0
41.71,3.0,10.0,21.0,2996.0,84.0,87.0,6.0,105.0,130.0,5.5,3500.0
44.62,3.0,10.0,21.0,2996.0,84.0,87.0,6.0,105.0,130.0,6.0,3500.0
47.66,3.0,10.0,21.0,2996.0,84.0,87.0,6.0,105.0,130.0,6.5,3500.0
50.83,3.0,10.0,21.0,2996.0,84.0,87.0,6.0,105.0,130.0,7.0,3500.0
54.13,3.0,10.0,21.0,2996.0,84.0,87.0,6.0,105.0,130.0,7.5,3500.0
57.55,3.0,10.0,21.0,2996.0,84.0,87.0,6.0,105.0,130.0,8.0,3500.0
61.11,3.0,10.0,21.0,2996.0,84.0,87.0,6.0,105.0,130.0,8.5,3500.0
64.8,3.0,10.0,21.0,2996.0,84.0,87.0,6.0,105.0,130.0,9.0,3500.0
68.62,3.0,10.0,21.0,2996.0,84.0,87.0,6.0,105.0,130.0,9.5,3500.0
72.57,3.0,10.0,21.0,2996.0,84.0,87.0,6.0,105.0,130.0,10.0,3500.0
76.66,3.0,10.0,21.0,2996.0,84.0,87.0,6.0,105.0,130.0,10.5,3500.0
80.87,3.0,10.0,21.0,2996.0,84.0,87.0,6.0,105.0,130.0,11.0,3500.0
85.21,3.0,10.0,21.0,2996.0,84.0,87.0,6.0,105.0,130.0,11.5,3500.0
89.68,3.0,10.0,21.0,2996.0,84.0,87.0,6.0,105.0,130.0,12.0,3500.0
23.29,3.0,10.0,21.0,2996.0,84.0,87.0,6.0,105.0,130.0,0.0,4000.0
25.08,3.0,10.0,21.0,2996.0,84.0,87.0,6.0,105.0,130.0,0.5,4000.0
27.0,3.0,10.0,21.0,2996.0,84.0,87.0,6.0,105.0,130.0,1.0,4000.0
29.05,3.0,10.0,21.0,2996.0,84.0,87.0,6.0,105.0,130.0,1.5,4000.0
31.24,3.0,10.0,21.0,2996.0,84.0,87.0,6.0,105.0,130.0,2.0,4000.0
33.56,3.0,10.0,21.0,2996.0,84.0,87.0,6.0,105.0,130.0,2.5,4000.0
36.01,3.0,10.0,21.0,2996.0,84.0,87.0,6.0,105.0,130.0,3.0,4000.0
38.59,3.0,10.0,21.0,2996.0,84.0,87.0,6.0,105.0,130.0,3.5,4000.0
41.3,3.0,10.0,21.0,2996.0,84.0,87.0,6.0,105.0,130.0,4.0,4000.0
44.15,3.0,10.0,21.0,2996.0,84.0,87.0,6.0,105.0,130.0,4.5,4000.0
47.12,3.0,10.0,21.0,2996.0,84.0,87.0,6.0,105.0,130.0,5.0,4000.0
50.23,3.0,10.0,21.0,2996.0,84.0,87.0,6.0,105.0,130.0,5.5,4000.0
53.47,3.0,10.0,21.0,2996.0,84.0,87.0,6.0,105.0,130.0,6.0,4000.0
56.85,3.0,10.0,21.0,2996.0,84.0,87.0,6.0,105.0,130.0,6.5,4000.0
60.35,3.0,10.0,21.0,2996.0,84.0,87.0,6.0,105.0,130.0,7.0,4000.0
63.99,3.0,10.0,21.0,2996.0,84.0,87.0,6.0,105.0,130.0,7.5,4000.0
71.66,3.0,10.0,21.0,2996.0,84.0,87.0,6.0,105.0,130.0,8.5,4000.0
84.15,3.0,10.0,21.0,2996.0,84.0,87.0,6.0,105.0,130.0,10.0,4000.0
93.14,3.0,10.0,21.0,2996.0,84.0,87.0,6.0,105.0,130.0,11.0,4000.0
97.84,3.0,10.0,21.0,2996.0,84.0,87.0,6.0,105.0,130.0,11.5,4000.0
28.84,3.0,10.0,21.0,2996.0,84.0,87.0,6.0,105.0,130.0,0.0,4500.0
31.0,3.0,10.0,21.0,2996.0,84.0,87.0,6.0,105.0,130.0,0.5,4500.0
33.28,3.0,10.0,21.0,2996.0,84.0,87.0,6.0,105.0,130.0,1.0,4500.0
35.71,3.0,10.0,21.0,2996.0,84.0,87.0,6.0,105.0,130.0,1.5,4500.0
38.26,3.0,10.0,21.0,2996.0,84.0,87.0,6.0,105.0,130.0,2.0,4500.0
40.94,3.0,10.0,21.0,2996.0,84.0,87.0,6.0,105.0,130.0,2.5,4500.0
43.75,3.0,10.0,21.0,2996.0,84.0,87.0,6.0,105.0,130.0,3.0,4500.0
46.7,3.0,10.0,21.0,2996.0,84.0,87.0,6.0,105.0,130.0,3.5,4500.0
49.77,3.0,10.0,21.0,2996.0,84.0,87.0,6.0,105.0,130.0,4.0,4500.0
52.98,3.0,10.0,21.0,2996.0,84.0,87.0,6.0,105.0,130.0,4.5,4500.0
56.32,3.0,10.0,21.0,2996.0,84.0,87.0,6.0,105.0,130.0,5.0,4500.0
59.79,3.0,10.0,21.0,2996.0,84.0,87.0,6.0,105.0,130.0,5.5,4500.0
63.39,3.0,10.0,21.0,2996.0,84.0,87.0,6.0,105.0,130.0,6.0,4500.0
67.13,3.0,10.0,21.0,2996.0,84.0,87.0,6.0,105.0,130.0,6.5,4500.0
70.99,3.0,10.0,21.0,2996.0,84.0,87.0,6.0,105.0,130.0,7.0,4500.0
74.98,3.0,10.0,21.0,2996.0,84.0,87.0,6.0,105.0,130.0,7.5,4500.0
79.11,3.0,10.0,21.0,2996.0,84.0,87.0,6.0,105.0,130.0,8.0,4500.0
87.76,3.0,10.0,21.0,2996.0,84.0,87.0,6.0,105.0,130.0,9.0,4500.0
92.28,3.0,10.0,21.0,2996.0,84.0,87.0,6.0,105.0,130.0,9.5,4500.0
96.93,3.0,10.0,21.0,2996.0,84.0,87.0,6.0,105.0,130.0,10.0,4500.0
101.71,3.0,10.0,21.0,2996.0,84.0,87.0,6.0,105.0,130.0,10.5,4500.0
106.62,3.0,10.0,21.0,2996.0,84.0,87.0,6.0,105.0,130.0,11.0,4500.0
111.67,3.0,10.0,21.0,2996.0,84.0,87.0,6.0,105.0,130.0,11.5,4500.0
116.84,3.0,10.0,21.0,2996.0,84.0,87.0,6.0,105.0,130.0,12.0,4500.0
34.98,3.0,10.0,21.0,2996.0,84.0,87.0,6.0,105.0,130.0,0.0,5000.0
37.56,3.0,10.0,21.0,2996.0,84.0,87.0,6.0,105.0,130.0,0.5,5000.0
40.26,3.0,10.0,21.0,2996.0,84.0,87.0,6.0,105.0,130.0,1.0,5000.0
43.1,3.0,10.0,21.0,2996.0,84.0,87.0,6.0,105.0,130.0,1.5,5000.0
46.06,3.0,10.0,21.0,2996.0,84.0,87.0,6.0,105.0,130.0,2.0,5000.0
49.15,3.0,10.0,21.0,2996.0,84.0,87.0,6.0,105.0,130.0,2.5,5000.0
52.37,3.0,10.0,21.0,2996.0,84.0,87.0,6.0,105.0,130.0,3.0,5000.0
55.72,3.0,10.0,21.0,2996.0,84.0,87.0,6.0,105.0,130.0,3.5,5000.0
59.19,3.0,10.0,21.0,2996.0,84.0,87.0,6.0,105.0,130.0,4.0,5000.0
62.8,3.0,10.0,21.0,2996.0,84.0,87.0,6.0,105.0,130.0,4.5,5000.0
66.53,3.0,10.0,21.0,2996.0,84.0,87.0,6.0,105.0,130.0,5.0,5000.0
70.39,3.0,10.0,21.0,2996.0,84.0,87.0,6.0,105.0,130.0,5.5,5000.0
74.37,3.0,10.0,21.0,2996.0,84.0,87.0,6.0,105.0,130.0,6.0,5000.0
78.49,3.0,10.0,21.0,2996.0,84.0,87.0,6.0,105.0,130.0,6.5,5000.0
87.11,3.0,10.0,21.0,2996.0,84.0,87.0,6.0,105.0,130.0,7.5,5000.0
91.61,3.0,10.0,21.0,2996.0,84.0,87.0,6.0,105.0,130.0,8.0,5000.0
96.24,3.0,10.0,21.0,2996.0,84.0,87.0,6.0,105.0,130.0,8.5,5000.0
100.99,3.0,10.0,21.0,2996.0,84.0,87.0,6.0,105.0,130.0,9.0,5000.0
105.88,3.0,10.0,21.0,2996.0,84.0,87.0,6.0,105.0,130.0,9.5,5000.0
110.89,3.0,10.0,21.0,2996.0,84.0,87.0,6.0,105.0,130.0,10.0,5000.0
116.03,3.0,10.0,21.0,2996.0,84.0,87.0,6.0,105.0,130.0,10.5,5000.0
121.3,3.0,10.0,21.0,2996.0,84.0,87.0,6.0,105.0,130.0,11.0,5000.0
126.7,3.0,10.0,21.0,2996.0,84.0,87.0,6.0,105.0,130.0,11.5,5000.0
132.23,3.0,10.0,21.0,2996.0,84.0,87.0,6.0,105.0,130.0,12.0,5000.0
1.58,3.0,10.0,22.0,2996.0,84.0,87.0,6.0,105.0,130.0,0.0,700.0
3.09,3.0,10.0,22.0,2996.0,84.0,87.0,6.0,105.0,130.0,0.5,700.0
4.6,3.0,10.0,22.0,2996.0,84.0,87.0,6.0,105.0,130.0,1.0,700.0
6.06,3.0,10.0,22.0,2996.0,84.0,87.0,6.0,105.0,130.0,1.5,700.0
7.5,3.0,10.0,22.0,2996.0,84.0,87.0,6.0,105.0,130.0,2.0,700.0
8.91,3.0,10.0,22.0,2996.0,84.0,87.0,6.0,105.0,130.0,2.5,700.0
11.65,3.0,10.0,22.0,2996.0,84.0,87.0,6.0,105.0,130.0,3.5,700.0
12.98,3.0,10.0,22.0,2996.0,84.0,87.0,6.0,105.0,130.0,4.0,700.0
14.29,3.0,10.0,22.0,2996.0,84.0,87.0,6.0,105.0,130.0,4.5,700.0
18.02,3.0,10.0,22.0,2996.0,84.0,87.0,6.0,105.0,130.0,6.0,700.0
20.37,3.0,10.0,22.0,2996.0,84.0,87.0,6.0,105.0,130.0,7.0,700.0
21.5,3.0,10.0,22.0,2996.0,84.0,87.0,6.0,105.0,130.0,7.5,700.0
22.61,3.0,10.0,22.0,2996.0,84.0,87.0,6.0,105.0,130.0,8.0,700.0
23.69,3.0,10.0,22.0,2996.0,84.0,87.0,6.0,105.0,130.0,8.5,700.0
24.74,3.0,10.0,22.0,2996.0,84.0,87.0,6.0,105.0,130.0,9.0,700.0
25.78,3.0,10.0,22.0,2996.0,84.0,87.0,6.0,105.0,130.0,9.5,700.0
26.77,3.0,10.0,22.0,2996.0,84.0,87.0,6.0,105.0,130.0,10.0,700.0
28.68,3.0,10.0,22.0,2996.0,84.0,87.0,6.0,105.0,130.0,11.0,700.0
29.6,3.0,10.0,22.0,2996.0,84.0,87.0,6.0,105.0,130.0,11.5,700.0
30.48,3.0,10.0,22.0,2996.0,84.0,87.0,6.0,105.0,130.0,12.0,700.0
31.34,3.0,10.0,22.0,2996.0,84.0,87.0,6.0,105.0,130.0,12.5,700.0
32.17,3.0,10.0,22.0,2996.0,84.0,87.0,6.0,105.0,130.0,13.0,700.0
32.99,3.0,10.0,22.0,2996.0,84.0,87.0,6.0,105.0,130.0,13.5,700.0
33.75,3.0,10.0,22.0,2996.0,84.0,87.0,6.0,105.0,130.0,14.0,700.0
34.51,3.0,10.0,22.0,2996.0,84.0,87.0,6.0,105.0,130.0,14.5,700.0
35.23,3.0,10.0,22.0,2996.0,84.0,87.0,6.0,105.0,130.0,15.0,700.0
3.33,3.0,10.0,22.0,2996.0,84.0,87.0,6.0,105.0,130.0,0.0,1000.0
4.81,3.0,10.0,22.0,2996.0,84.0,87.0,6.0,105.0,130.0,0.5,1000.0
6.26,3.0,10.0,22.0,2996.0,84.0,87.0,6.0,105.0,130.0,1.0,1000.0
7.7,3.0,10.0,22.0,2996.0,84.0,87.0,6.0,105.0,130.0,1.5,1000.0
9.1,3.0,10.0,22.0,2996.0,84.0,87.0,6.0,105.0,130.0,2.0,1000.0
10.49,3.0,10.0,22.0,2996.0,84.0,87.0,6.0,105.0,130.0,2.5,1000.0
11.87,3.0,10.0,22.0,2996.0,84.0,87.0,6.0,105.0,130.0,3.0,1000.0
13.2,3.0,10.0,22.0,2996.0,84.0,87.0,6.0,105.0,130.0,3.5,1000.0
14.52,3.0,10.0,22.0,2996.0,84.0,87.0,6.0,105.0,130.0,4.0,1000.0
15.82,3.0,10.0,22.0,2996.0,84.0,87.0,6.0,105.0,130.0,4.5,1000.0
17.09,3.0,10.0,22.0,2996.0,84.0,87.0,6.0,105.0,130.0,5.0,1000.0
18.34,3.0,10.0,22.0,2996.0,84.0,87.0,6.0,105.0,130.0,5.5,1000.0
19.56,3.0,10.0,22.0,2996.0,84.0,87.0,6.0,105.0,130.0,6.0,1000.0
20.78,3.0,10.0,22.0,2996.0,84.0,87.0,6.0,105.0,130.0,6.5,1000.0
23.11,3.0,10.0,22.0,2996.0,84.0,87.0,6.0,105.0,130.0,7.5,1000.0
24.25,3.0,10.0,22.0,2996.0,84.0,87.0,6.0,105.0,130.0,8.0,1000.0
25.37,3.0,10.0,22.0,2996.0,84.0,87.0,6.0,105.0,130.0,8.5,1000.0
26.46,3.0,10.0,22.0,2996.0,84.0,87.0,6.0,105.0,130.0,9.0,1000.0
28.57,3.0,10.0,22.0,2996.0,84.0,87.0,6.0,105.0,130.0,10.0,1000.0
29.59,3.0,10.0,22.0,2996.0,84.0,87.0,6.0,105.0,130.0,10.5,1000.0
30.59,3.0,10.0,22.0,2996.0,84.0,87.0,6.0,105.0,130.0,11.0,1000.0
31.57,3.0,10.0,22.0,2996.0,84.0,87.0,6.0,105.0,130.0,11.5,1000.0
32.51,3.0,10.0,22.0,2996.0,84.0,87.0,6.0,105.0,130.0,12.0,1000.0
34.35,3.0,10.0,22.0,2996.0,84.0,87.0,6.0,105.0,130.0,13.0,1000.0
36.1,3.0,10.0,22.0,2996.0,84.0,87.0,6.0,105.0,130.0,14.0,1000.0
36.95,3.0,10.0,22.0,2996.0,84.0,87.0,6.0,105.0,130.0,14.5,1000.0
37.76,3.0,10.0,22.0,2996.0,84.0,87.0,6.0,105.0,130.0,15.0,1000.0
6.49,3.0,10.0,22.0,2996.0,84.0,87.0,6.0,105.0,130.0,0.0,1500.0
7.93,3.0,10.0,22.0,2996.0,84.0,87.0,6.0,105.0,130.0,0.5,1500.0
10.76,3.0,10.0,22.0,2996.0,84.0,87.0,6.0,105.0,130.0,1.5,1500.0
13.54,3.0,10.0,22.0,2996.0,84.0,87.0,6.0,105.0,130.0,2.5,1500.0
14.91,3.0,10.0,22.0,2996.0,84.0,87.0,6.0,105.0,130.0,3.0,1500.0
16.25,3.0,10.0,22.0,2996.0,84.0,87.0,6.0,105.0,130.0,3.5,1500.0
18.92,3.0,10.0,22.0,2996.0,84.0,87.0,6.0,105.0,130.0,4.5,1500.0
20.22,3.0,10.0,22.0,2996.0,84.0,87.0,6.0,105.0,130.0,5.0,1500.0
21.52,3.0,10.0,22.0,2996.0,84.0,87.0,6.0,105.0,130.0,5.5,1500.0
22.8,3.0,10.0,22.0,2996.0,84.0,87.0,6.0,105.0,130.0,6.0,1500.0
24.07,3.0,10.0,22.0,2996.0,84.0,87.0,6.0,105.0,130.0,6.5,1500.0
25.33,3.0,10.0,22.0,2996.0,84.0,87.0,6.0,105.0,130.0,7.0,1500.0
26.55,3.0,10.0,22.0,2996.0,84.0,87.0,6.0,105.0,130.0,7.5,1500.0
27.78,3.0,10.0,22.0,2996.0,84.0,87.0,6.0,105.0,130.0,8.0,1500.0
28.99,3.0,10.0,22.0,2996.0,84.0,87.0,6.0,105.0,130.0,8.5,1500.0
30.19,3.0,10.0,22.0,2996.0,84.0,87.0,6.0,105.0,130.0,9.0,1500.0
31.37,3.0,10.0,22.0,2996.0,84.0,87.0,6.0,105.0,130.0,9.5,1500.0
32.53,3.0,10.0,22.0,2996.0,84.0,87.0,6.0,105.0,130.0,10.0,1500.0
33.68,3.0,10.0,22.0,2996.0,84.0,87.0,6.0,105.0,130.0,10.5,1500.0
34.82,3.0,10.0,22.0,2996.0,84.0,87.0,6.0,105.0,130.0,11.0,1500.0
35.94,3.0,10.0,22.0,2996.0,84.0,87.0,6.0,105.0,130.0,11.5,1500.0
37.06,3.0,10.0,22.0,2996.0,84.0,87.0,6.0,105.0,130.0,12.0,1500.0
38.15,3.0,10.0,22.0,2996.0,84.0,87.0,6.0,105.0,130.0,12.5,1500.0
39.22,3.0,10.0,22.0,2996.0,84.0,87.0,6.0,105.0,130.0,13.0,1500.0
40.29,3.0,10.0,22.0,2996.0,84.0,87.0,6.0,105.0,130.0,13.5,1500.0
41.34,3.0,10.0,22.0,2996.0,84.0,87.0,6.0,105.0,130.0,14.0,1500.0
43.4,3.0,10.0,22.0,2996.0,84.0,87.0,6.0,105.0,130.0,15.0,1500.0
9.93,3.0,10.0,22.0,2996.0,84.0,87.0,6.0,105.0,130.0,0.0,2000.0
11.38,3.0,10.0,22.0,2996.0,84.0,87.0,6.0,105.0,130.0,0.5,2000.0
12.81,3.0,10.0,22.0,2996.0,84.0,87.0,6.0,105.0,130.0,1.0,2000.0
15.65,3.0,10.0,22.0,2996.0,84.0,87.0,6.0,105.0,130.0,2.0,2000.0
17.07,3.0,10.0,22.0,2996.0,84.0,87.0,6.0,105.0,130.0,2.5,2000.0
18.48,3.0,10.0,22.0,2996.0,84.0,87.0,6.0,105.0,130.0,3.0,2000.0
19.88,3.0,10.0,22.0,2996.0,84.0,87.0,6.0,105.0,130.0,3.5,2000.0
21.29,3.0,10.0,22.0,2996.0,84.0,87.0,6.0,105.0,130.0,4.0,2000.0
22.7,3.0,10.0,22.0,2996.0,84.0,87.0,6.0,105.0,130.0,4.5,2000.0
25.46,3.0,10.0,22.0,2996.0,84.0,87.0,6.0,105.0,130.0,5.5,2000.0
26.84,3.0,10.0,22.0,2996.0,84.0,87.0,6.0,105.0,130.0,6.0,2000.0
28.22,3.0,10.0,22.0,2996.0,84.0,87.0,6.0,105.0,130.0,6.5,2000.0
29.59,3.0,10.0,22.0,2996.0,84.0,87.0,6.0,105.0,130.0,7.0,2000.0
30.96,3.0,10.0,22.0,2996.0,84.0,87.0,6.0,105.0,130.0,7.5,2000.0
32.31,3.0,10.0,22.0,2996.0,84.0,87.0,6.0,105.0,130.0,8.0,2000.0
33.67,3.0,10.0,22.0,2996.0,84.0,87.0,6.0,105.0,130.0,8.5,2000.0
35.03,3.0,10.0,22.0,2996.0,84.0,87.0,6.0,105.0,130.0,9.0,2000.0
36.36,3.0,10.0,22.0,2996.0,84.0,87.0,6.0,105.0,130.0,9.5,2000.0
37.7,3.0,10.0,22.0,2996.0,84.0,87.0,6.0,105.0,130.0,10.0,2000.0
39.04,3.0,10.0,22.0,2996.0,84.0,87.0,6.0,105.0,130.0,10.5,2000.0
40.36,3.0,10.0,22.0,2996.0,84.0,87.0,6.0,105.0,130.0,11.0,2000.0
41.7,3.0,10.0,22.0,2996.0,84.0,87.0,6.0,105.0,130.0,11.5,2000.0
43.02,3.0,10.0,22.0,2996.0,84.0,87.0,6.0,105.0,130.0,12.0,2000.0
44.32,3.0,10.0,22.0,2996.0,84.0,87.0,6.0,105.0,130.0,12.5,2000.0
45.63,3.0,10.0,22.0,2996.0,84.0,87.0,6.0,105.0,130.0,13.0,2000.0
46.94,3.0,10.0,22.0,2996.0,84.0,87.0,6.0,105.0,130.0,13.5,2000.0
48.23,3.0,10.0,22.0,2996.0,84.0,87.0,6.0,105.0,130.0,14.0,2000.0
49.51,3.0,10.0,22.0,2996.0,84.0,87.0,6.0,105.0,130.0,14.5,2000.0
50.81,3.0,10.0,22.0,2996.0,84.0,87.0,6.0,105.0,130.0,15.0,2000.0
13.68,3.0,10.0,22.0,2996.0,84.0,87.0,6.0,105.0,130.0,0.0,2500.0
15.15,3.0,10.0,22.0,2996.0,84.0,87.0,6.0,105.0,130.0,0.5,2500.0
18.13,3.0,10.0,22.0,2996.0,84.0,87.0,6.0,105.0,130.0,1.5,2500.0
21.11,3.0,10.0,22.0,2996.0,84.0,87.0,6.0,105.0,130.0,2.5,2500.0
22.61,3.0,10.0,22.0,2996.0,84.0,87.0,6.0,105.0,130.0,3.0,2500.0
24.11,3.0,10.0,22.0,2996.0,84.0,87.0,6.0,105.0,130.0,3.5,2500.0
25.62,3.0,10.0,22.0,2996.0,84.0,87.0,6.0,105.0,130.0,4.0,2500.0
27.14,3.0,10.0,22.0,2996.0,84.0,87.0,6.0,105.0,130.0,4.5,2500.0
28.66,3.0,10.0,22.0,2996.0,84.0,87.0,6.0,105.0,130.0,5.0,2500.0
30.18,3.0,10.0,22.0,2996.0,84.0,87.0,6.0,105.0,130.0,5.5,2500.0
31.7,3.0,10.0,22.0,2996.0,84.0,87.0,6.0,105.0,130.0,6.0,2500.0
33.23,3.0,10.0,22.0,2996.0,84.0,87.0,6.0,105.0,130.0,6.5,2500.0
34.77,3.0,10.0,22.0,2996.0,84.0,87.0,6.0,105.0,130.0,7.0,2500.0
36.31,3.0,10.0,22.0,2996.0,84.0,87.0,6.0,105.0,130.0,7.5,2500.0
37.86,3.0,10.0,22.0,2996.0,84.0,87.0,6.0,105.0,130.0,8.0,2500.0
39.41,3.0,10.0,22.0,2996.0,84.0,87.0,6.0,105.0,130.0,8.5,2500.0
40.96,3.0,10.0,22.0,2996.0,84.0,87.0,6.0,105.0,130.0,9.0,2500.0
42.52,3.0,10.0,22.0,2996.0,84.0,87.0,6.0,105.0,130.0,9.5,2500.0
44.09,3.0,10.0,22.0,2996.0,84.0,87.0,6.0,105.0,130.0,10.0,2500.0
45.65,3.0,10.0,22.0,2996.0,84.0,87.0,6.0,105.0,130.0,10.5,2500.0
47.24,3.0,10.0,22.0,2996.0,84.0,87.0,6.0,105.0,130.0,11.0,2500.0
48.8,3.0,10.0,22.0,2996.0,84.0,87.0,6.0,105.0,130.0,11.5,2500.0
50.39,3.0,10.0,22.0,2996.0,84.0,87.0,6.0,105.0,130.0,12.0,2500.0
53.57,3.0,10.0,22.0,2996.0,84.0,87.0,6.0,105.0,130.0,13.0,2500.0
56.76,3.0,10.0,22.0,2996.0,84.0,87.0,6.0,105.0,130.0,14.0,2500.0
17.71,3.0,10.0,22.0,2996.0,84.0,87.0,6.0,105.0,130.0,0.0,3000.0
19.26,3.0,10.0,22.0,2996.0,84.0,87.0,6.0,105.0,130.0,0.5,3000.0
20.84,3.0,10.0,22.0,2996.0,84.0,87.0,6.0,105.0,130.0,1.0,3000.0
22.42,3.0,10.0,22.0,2996.0,84.0,87.0,6.0,105.0,130.0,1.5,3000.0
24.01,3.0,10.0,22.0,2996.0,84.0,87.0,6.0,105.0,130.0,2.0,3000.0
27.26,3.0,10.0,22.0,2996.0,84.0,87.0,6.0,105.0,130.0,3.0,3000.0
28.91,3.0,10.0,22.0,2996.0,84.0,87.0,6.0,105.0,130.0,3.5,3000.0
30.58,3.0,10.0,22.0,2996.0,84.0,87.0,6.0,105.0,130.0,4.0,3000.0
33.94,3.0,10.0,22.0,2996.0,84.0,87.0,6.0,105.0,130.0,5.0,3000.0
35.64,3.0,10.0,22.0,2996.0,84.0,87.0,6.0,105.0,130.0,5.5,3000.0
39.1,3.0,10.0,22.0,2996.0,84.0,87.0,6.0,105.0,130.0,6.5,3000.0
40.85,3.0,10.0,22.0,2996.0,84.0,87.0,6.0,105.0,130.0,7.0,3000.0
42.63,3.0,10.0,22.0,2996.0,84.0,87.0,6.0,105.0,130.0,7.5,3000.0
44.41,3.0,10.0,22.0,2996.0,84.0,87.0,6.0,105.0,130.0,8.0,3000.0
46.2,3.0,10.0,22.0,2996.0,84.0,87.0,6.0,105.0,130.0,8.5,3000.0
49.84,3.0,10.0,22.0,2996.0,84.0,87.0,6.0,105.0,130.0,9.5,3000.0
51.69,3.0,10.0,22.0,2996.0,84.0,87.0,6.0,105.0,130.0,10.0,3000.0
53.54,3.0,10.0,22.0,2996.0,84.0,87.0,6.0,105.0,130.0,10.5,3000.0
55.4,3.0,10.0,22.0,2996.0,84.0,87.0,6.0,105.0,130.0,11.0,3000.0
57.3,3.0,10.0,22.0,2996.0,84.0,87.0,6.0,105.0,130.0,11.5,3000.0
59.2,3.0,10.0,22.0,2996.0,84.0,87.0,6.0,105.0,130.0,12.0,3000.0
61.12,3.0,10.0,22.0,2996.0,84.0,87.0,6.0,105.0,130.0,12.5,3000.0
63.04,3.0,10.0,22.0,2996.0,84.0,87.0,6.0,105.0,130.0,13.0,3000.0
64.98,3.0,10.0,22.0,2996.0,84.0,87.0,6.0,105.0,130.0,13.5,3000.0
66.96,3.0,10.0,22.0,2996.0,84.0,87.0,6.0,105.0,130.0,14.0,3000.0
68.92,3.0,10.0,22.0,2996.0,84.0,87.0,6.0,105.0,130.0,14.5,3000.0
70.92,3.0,10.0,22.0,2996.0,84.0,87.0,6.0,105.0,130.0,15.0,3000.0
22.02,3.0,10.0,22.0,2996.0,84.0,87.0,6.0,105.0,130.0,0.0,3500.0
23.71,3.0,10.0,22.0,2996.0,84.0,87.0,6.0,105.0,130.0,0.5,3500.0
25.41,3.0,10.0,22.0,2996.0,84.0,87.0,6.0,105.0,130.0,1.0,3500.0
27.14,3.0,10.0,22.0,2996.0,84.0,87.0,6.0,105.0,130.0,1.5,3500.0
28.88,3.0,10.0,22.0,2996.0,84.0,87.0,6.0,105.0,130.0,2.0,3500.0
30.66,3.0,10.0,22.0,2996.0,84.0,87.0,6.0,105.0,130.0,2.5,3500.0
32.47,3.0,10.0,22.0,2996.0,84.0,87.0,6.0,105.0,130.0,3.0,3500.0
34.29,3.0,10.0,22.0,2996.0,84.0,87.0,6.0,105.0,130.0,3.5,3500.0
36.15,3.0,10.0,22.0,2996.0,84.0,87.0,6.0,105.0,130.0,4.0,3500.0
38.04,3.0,10.0,22.0,2996.0,84.0,87.0,6.0,105.0,130.0,4.5,3500.0
39.96,3.0,10.0,22.0,2996.0,84.0,87.0,6.0,105.0,130.0,5.0,3500.0
41.89,3.0,10.0,22.0,2996.0,84.0,87.0,6.0,105.0,130.0,5.5,3500.0
43.85,3.0,10.0,22.0,2996.0,84.0,87.0,6.0,105.0,130.0,6.0,3500.0
45.83,3.0,10.0,22.0,2996.0,84.0,87.0,6.0,105.0,130.0,6.5,3500.0
47.85,3.0,10.0,22.0,2996.0,84.0,87.0,6.0,105.0,130.0,7.0,3500.0
49.89,3.0,10.0,22.0,2996.0,84.0,87.0,6.0,105.0,130.0,7.5,3500.0
51.96,3.0,10.0,22.0,2996.0,84.0,87.0,6.0,105.0,130.0,8.0,3500.0
54.04,3.0,10.0,22.0,2996.0,84.0,87.0,6.0,105.0,130.0,8.5,3500.0
56.17,3.0,10.0,22.0,2996.0,84.0,87.0,6.0,105.0,130.0,9.0,3500.0
58.32,3.0,10.0,22.0,2996.0,84.0,87.0,6.0,105.0,130.0,9.5,3500.0
60.48,3.0,10.0,22.0,2996.0,84.0,87.0,6.0,105.0,130.0,10.0,3500.0
62.68,3.0,10.0,22.0,2996.0,84.0,87.0,6.0,105.0,130.0,10.5,3500.0
64.9,3.0,10.0,22.0,2996.0,84.0,87.0,6.0,105.0,130.0,11.0,3500.0
67.15,3.0,10.0,22.0,2996.0,84.0,87.0,6.0,105.0,130.0,11.5,3500.0
69.42,3.0,10.0,22.0,2996.0,84.0,87.0,6.0,105.0,130.0,12.0,3500.0
71.73,3.0,10.0,22.0,2996.0,84.0,87.0,6.0,105.0,130.0,12.5,3500.0
74.06,3.0,10.0,22.0,2996.0,84.0,87.0,6.0,105.0,130.0,13.0,3500.0
76.4,3.0,10.0,22.0,2996.0,84.0,87.0,6.0,105.0,130.0,13.5,3500.0
78.8,3.0,10.0,22.0,2996.0,84.0,87.0,6.0,105.0,130.0,14.0,3500.0
81.19,3.0,10.0,22.0,2996.0,84.0,87.0,6.0,105.0,130.0,14.5,3500.0
83.63,3.0,10.0,22.0,2996.0,84.0,87.0,6.0,105.0,130.0,15.0,3500.0
26.64,3.0,10.0,22.0,2996.0,84.0,87.0,6.0,105.0,130.0,0.0,4000.0
28.46,3.0,10.0,22.0,2996.0,84.0,87.0,6.0,105.0,130.0,0.5,4000.0
30.33,3.0,10.0,22.0,2996.0,84.0,87.0,6.0,105.0,130.0,1.0,4000.0
32.25,3.0,10.0,22.0,2996.0,84.0,87.0,6.0,105.0,130.0,1.5,4000.0
34.2,3.0,10.0,22.0,2996.0,84.0,87.0,6.0,105.0,130.0,2.0,4000.0
36.17,3.0,10.0,22.0,2996.0,84.0,87.0,6.0,105.0,130.0,2.5,4000.0
38.2,3.0,10.0,22.0,2996.0,84.0,87.0,6.0,105.0,130.0,3.0,4000.0
40.27,3.0,10.0,22.0,2996.0,84.0,87.0,6.0,105.0,130.0,3.5,4000.0
42.37,3.0,10.0,22.0,2996.0,84.0,87.0,6.0,105.0,130.0,4.0,4000.0
44.5,3.0,10.0,22.0,2996.0,84.0,87.0,6.0,105.0,130.0,4.5,4000.0
46.67,3.0,10.0,22.0,2996.0,84.0,87.0,6.0,105.0,130.0,5.0,4000.0
51.13,3.0,10.0,22.0,2996.0,84.0,87.0,6.0,105.0,130.0,6.0,4000.0
53.43,3.0,10.0,22.0,2996.0,84.0,87.0,6.0,105.0,130.0,6.5,4000.0
55.76,3.0,10.0,22.0,2996.0,84.0,87.0,6.0,105.0,130.0,7.0,4000.0
58.11,3.0,10.0,22.0,2996.0,84.0,87.0,6.0,105.0,130.0,7.5,4000.0
60.51,3.0,10.0,22.0,2996.0,84.0,87.0,6.0,105.0,130.0,8.0,4000.0
62.94,3.0,10.0,22.0,2996.0,84.0,87.0,6.0,105.0,130.0,8.5,4000.0
65.43,3.0,10.0,22.0,2996.0,84.0,87.0,6.0,105.0,130.0,9.0,4000.0
67.94,3.0,10.0,22.0,2996.0,84.0,87.0,6.0,105.0,130.0,9.5,4000.0
70.49,3.0,10.0,22.0,2996.0,84.0,87.0,6.0,105.0,130.0,10.0,4000.0
73.08,3.0,10.0,22.0,2996.0,84.0,87.0,6.0,105.0,130.0,10.5,4000.0
75.71,3.0,10.0,22.0,2996.0,84.0,87.0,6.0,105.0,130.0,11.0,4000.0
78.37,3.0,10.0,22.0,2996.0,84.0,87.0,6.0,105.0,130.0,11.5,4000.0
81.08,3.0,10.0,22.0,2996.0,84.0,87.0,6.0,105.0,130.0,12.0,4000.0
83.82,3.0,10.0,22.0,2996.0,84.0,87.0,6.0,105.0,130.0,12.5,4000.0
86.6,3.0,10.0,22.0,2996.0,84.0,87.0,6.0,105.0,130.0,13.0,4000.0
89.42,3.0,10.0,22.0,2996.0,84.0,87.0,6.0,105.0,130.0,13.5,4000.0
92.27,3.0,10.0,22.0,2996.0,84.0,87.0,6.0,105.0,130.0,14.0,4000.0
95.17,3.0,10.0,22.0,2996.0,84.0,87.0,6.0,105.0,130.0,14.5,4000.0
98.11,3.0,10.0,22.0,2996.0,84.0,87.0,6.0,105.0,130.0,15.0,4000.0
31.53,3.0,10.0,22.0,2996.0,84.0,87.0,6.0,105.0,130.0,0.0,4500.0
33.57,3.0,10.0,22.0,2996.0,84.0,87.0,6.0,105.0,130.0,0.5,4500.0
35.64,3.0,10.0,22.0,2996.0,84.0,87.0,6.0,105.0,130.0,1.0,4500.0
37.78,3.0,10.0,22.0,2996.0,84.0,87.0,6.0,105.0,130.0,1.5,4500.0
39.97,3.0,10.0,22.0,2996.0,84.0,87.0,6.0,105.0,130.0,2.0,4500.0
42.2,3.0,10.0,22.0,2996.0,84.0,87.0,6.0,105.0,130.0,2.5,4500.0
44.48,3.0,10.0,22.0,2996.0,84.0,87.0,6.0,105.0,130.0,3.0,4500.0
46.82,3.0,10.0,22.0,2996.0,84.0,87.0,6.0,105.0,130.0,3.5,4500.0
49.2,3.0,10.0,22.0,2996.0,84.0,87.0,6.0,105.0,130.0,4.0,4500.0
51.63,3.0,10.0,22.0,2996.0,84.0,87.0,6.0,105.0,130.0,4.5,4500.0
54.12,3.0,10.0,22.0,2996.0,84.0,87.0,6.0,105.0,130.0,5.0,4500.0
59.23,3.0,10.0,22.0,2996.0,84.0,87.0,6.0,105.0,130.0,6.0,4500.0
61.87,3.0,10.0,22.0,2996.0,84.0,87.0,6.0,105.0,130.0,6.5,4500.0
64.56,3.0,10.0,22.0,2996.0,84.0,87.0,6.0,105.0,130.0,7.0,4500.0
67.29,3.0,10.0,22.0,2996.0,84.0,87.0,6.0,105.0,130.0,7.5,4500.0
70.07,3.0,10.0,22.0,2996.0,84.0,87.0,6.0,105.0,130.0,8.0,4500.0
72.92,3.0,10.0,22.0,2996.0,84.0,87.0,6.0,105.0,130.0,8.5,4500.0
75.79,3.0,10.0,22.0,2996.0,84.0,87.0,6.0,105.0,130.0,9.0,4500.0
81.72,3.0,10.0,22.0,2996.0,84.0,87.0,6.0,105.0,130.0,10.0,4500.0
84.76,3.0,10.0,22.0,2996.0,84.0,87.0,6.0,105.0,130.0,10.5,4500.0
87.83,3.0,10.0,22.0,2996.0,84.0,87.0,6.0,105.0,130.0,11.0,4500.0
90.98,3.0,10.0,22.0,2996.0,84.0,87.0,6.0,105.0,130.0,11.5,4500.0
94.16,3.0,10.0,22.0,2996.0,84.0,87.0,6.0,105.0,130.0,12.0,4500.0
97.4,3.0,10.0,22.0,2996.0,84.0,87.0,6.0,105.0,130.0,12.5,4500.0
100.68,3.0,10.0,22.0,2996.0,84.0,87.0,6.0,105.0,130.0,13.0,4500.0
104.03,3.0,10.0,22.0,2996.0,84.0,87.0,6.0,105.0,130.0,13.5,4500.0
107.42,3.0,10.0,22.0,2996.0,84.0,87.0,6.0,105.0,130.0,14.0,4500.0
114.34,3.0,10.0,22.0,2996.0,84.0,87.0,6.0,105.0,130.0,15.0,4500.0
36.73,3.0,10.0,22.0,2996.0,84.0,87.0,6.0,105.0,130.0,0.0,5000.0
39.0,3.0,10.0,22.0,2996.0,84.0,87.0,6.0,105.0,130.0,0.5,5000.0
41.33,3.0,10.0,22.0,2996.0,84.0,87.0,6.0,105.0,130.0,1.0,5000.0
43.73,3.0,10.0,22.0,2996.0,84.0,87.0,6.0,105.0,130.0,1.5,5000.0
46.19,3.0,10.0,22.0,2996.0,84.0,87.0,6.0,105.0,130.0,2.0,5000.0
48.71,3.0,10.0,22.0,2996.0,84.0,87.0,6.0,105.0,130.0,2.5,5000.0
51.31,3.0,10.0,22.0,2996.0,84.0,87.0,6.0,105.0,130.0,3.0,5000.0
53.95,3.0,10.0,22.0,2996.0,84.0,87.0,6.0,105.0,130.0,3.5,5000.0
56.67,3.0,10.0,22.0,2996.0,84.0,87.0,6.0,105.0,130.0,4.0,5000.0
62.28,3.0,10.0,22.0,2996.0,84.0,87.0,6.0,105.0,130.0,5.0,5000.0
65.18,3.0,10.0,22.0,2996.0,84.0,87.0,6.0,105.0,130.0,5.5,5000.0
68.14,3.0,10.0,22.0,2996.0,84.0,87.0,6.0,105.0,130.0,6.0,5000.0
71.18,3.0,10.0,22.0,2996.0,84.0,87.0,6.0,105.0,130.0,6.5,5000.0
74.27,3.0,10.0,22.0,2996.0,84.0,87.0,6.0,105.0,130.0,7.0,5000.0
77.42,3.0,10.0,22.0,2996.0,84.0,87.0,6.0,105.0,130.0,7.5,5000.0
83.93,3.0,10.0,22.0,2996.0,84.0,87.0,6.0,105.0,130.0,8.5,5000.0
87.27,3.0,10.0,22.0,2996.0,84.0,87.0,6.0,105.0,130.0,9.0,5000.0
94.15,3.0,10.0,22.0,2996.0,84.0,87.0,6.0,105.0,130.0,10.0,5000.0
97.69,3.0,10.0,22.0,2996.0,84.0,87.0,6.0,105.0,130.0,10.5,5000.0
104.94,3.0,10.0,22.0,2996.0,84.0,87.0,6.0,105.0,130.0,11.5,5000.0
108.67,3.0,10.0,22.0,2996.0,84.0,87.0,6.0,105.0,130.0,12.0,5000.0
112.47,3.0,10.0,22.0,2996.0,84.0,87.0,6.0,105.0,130.0,12.5,5000.0
120.22,3.0,10.0,22.0,2996.0,84.0,87.0,6.0,105.0,130.0,13.5,5000.0
124.21,3.0,10.0,22.0,2996.0,84.0,87.0,6.0,105.0,130.0,14.0,5000.0
132.35,3.0,10.0,22.0,2996.0,84.0,87.0,6.0,105.0,130.0,15.0,5000.0
-4.16,4.0,11.0,24.0,2151.0,88.4,88.0,4.0,105.0,130.0,0.5,100.0
-3.21,4.0,11.0,24.0,2151.0,88.4,88.0,4.0,105.0,130.0,1.0,100.0
-2.25,4.0,11.0,24.0,2151.0,88.4,88.0,4.0,105.0,130.0,1.5,100.0
-1.27,4.0,11.0,24.0,2151.0,88.4,88.0,4.0,105.0,130.0,2.0,100.0
-0.29,4.0,11.0,24.0,2151.0,88.4,88.0,4.0,105.0,130.0,2.5,100.0
0.72,4.0,11.0,24.0,2151.0,88.4,88.0,4.0,105.0,130.0,3.0,100.0
1.73,4.0,11.0,24.0,2151.0,88.4,88.0,4.0,105.0,130.0,3.5,100.0
2.76,4.0,11.0,24.0,2151.0,88.4,88.0,4.0,105.0,130.0,4.0,100.0
3.8,4.0,11.0,24.0,2151.0,88.4,88.0,4.0,105.0,130.0,4.5,100.0
5.93,4.0,11.0,24.0,2151.0,88.4,88.0,4.0,105.0,130.0,5.5,100.0
8.11,4.0,11.0,24.0,2151.0,88.4,88.0,4.0,105.0,130.0,6.5,100.0
9.22,4.0,11.0,24.0,2151.0,88.4,88.0,4.0,105.0,130.0,7.0,100.0
10.34,4.0,11.0,24.0,2151.0,88.4,88.0,4.0,105.0,130.0,7.5,100.0
11.48,4.0,11.0,24.0,2151.0,88.4,88.0,4.0,105.0,130.0,8.0,100.0
12.63,4.0,11.0,24.0,2151.0,88.4,88.0,4.0,105.0,130.0,8.5,100.0
14.97,4.0,11.0,24.0,2151.0,88.4,88.0,4.0,105.0,130.0,9.5,100.0
16.16,4.0,11.0,24.0,2151.0,88.4,88.0,4.0,105.0,130.0,10.0,100.0
17.37,4.0,11.0,24.0,2151.0,88.4,88.0,4.0,105.0,130.0,10.5,100.0
18.59,4.0,11.0,24.0,2151.0,88.4,88.0,4.0,105.0,130.0,11.0,100.0
19.82,4.0,11.0,24.0,2151.0,88.4,88.0,4.0,105.0,130.0,11.5,100.0
21.06,4.0,11.0,24.0,2151.0,88.4,88.0,4.0,105.0,130.0,12.0,100.0
23.59,4.0,11.0,24.0,2151.0,88.4,88.0,4.0,105.0,130.0,13.0,100.0
24.88,4.0,11.0,24.0,2151.0,88.4,88.0,4.0,105.0,130.0,13.5,100.0
26.18,4.0,11.0,24.0,2151.0,88.4,88.0,4.0,105.0,130.0,14.0,100.0
27.49,4.0,11.0,24.0,2151.0,88.4,88.0,4.0,105.0,130.0,14.5,100.0
30.15,4.0,11.0,24.0,2151.0,88.4,88.0,4.0,105.0,130.0,15.5,100.0
32.87,4.0,11.0,24.0,2151.0,88.4,88.0,4.0,105.0,130.0,16.5,100.0
34.25,4.0,11.0,24.0,2151.0,88.4,88.0,4.0,105.0,130.0,17.0,100.0
37.05,4.0,11.0,24.0,2151.0,88.4,88.0,4.0,105.0,130.0,18.0,100.0
38.47,4.0,11.0,24.0,2151.0,88.4,88.0,4.0,105.0,130.0,18.5,100.0
39.9,4.0,11.0,24.0,2151.0,88.4,88.0,4.0,105.0,130.0,19.0,100.0
41.35,4.0,11.0,24.0,2151.0,88.4,88.0,4.0,105.0,130.0,19.5,100.0
42.81,4.0,11.0,24.0,2151.0,88.4,88.0,4.0,105.0,130.0,20.0,100.0
-0.38,4.0,11.0,24.0,2151.0,88.4,88.0,4.0,105.0,130.0,0.0,1000.0
0.32,4.0,11.0,24.0,2151.0,88.4,88.0,4.0,105.0,130.0,0.5,1000.0
1.03,4.0,11.0,24.0,2151.0,88.4,88.0,4.0,105.0,130.0,1.0,1000.0
1.75,4.0,11.0,24.0,2151.0,88.4,88.0,4.0,105.0,130.0,1.5,1000.0
3.25,4.0,11.0,24.0,2151.0,88.4,88.0,4.0,105.0,130.0,2.5,1000.0
4.01,4.0,11.0,24.0,2151.0,88.4,88.0,4.0,105.0,130.0,3.0,1000.0
4.79,4.0,11.0,24.0,2151.0,88.4,88.0,4.0,105.0,130.0,3.5,1000.0
5.58,4.0,11.0,24.0,2151.0,88.4,88.0,4.0,105.0,130.0,4.0,1000.0
7.2,4.0,11.0,24.0,2151.0,88.4,88.0,4.0,105.0,130.0,5.0,1000.0
8.03,4.0,11.0,24.0,2151.0,88.4,88.0,4.0,105.0,130.0,5.5,1000.0
8.87,4.0,11.0,24.0,2151.0,88.4,88.0,4.0,105.0,130.0,6.0,1000.0
10.59,4.0,11.0,24.0,2151.0,88.4,88.0,4.0,105.0,130.0,7.0,1000.0
11.47,4.0,11.0,24.0,2151.0,88.4,88.0,4.0,105.0,130.0,7.5,1000.0
12.36,4.0,11.0,24.0,2151.0,88.4,88.0,4.0,105.0,130.0,8.0,1000.0
13.27,4.0,11.0,24.0,2151.0,88.4,88.0,4.0,105.0,130.0,8.5,1000.0
14.19,4.0,11.0,24.0,2151.0,88.4,88.0,4.0,105.0,130.0,9.0,1000.0
15.12,4.0,11.0,24.0,2151.0,88.4,88.0,4.0,105.0,130.0,9.5,1000.0
16.07,4.0,11.0,24.0,2151.0,88.4,88.0,4.0,105.0,130.0,10.0,1000.0
17.02,4.0,11.0,24.0,2151.0,88.4,88.0,4.0,105.0,130.0,10.5,1000.0
17.99,4.0,11.0,24.0,2151.0,88.4,88.0,4.0,105.0,130.0,11.0,1000.0
18.98,4.0,11.0,24.0,2151.0,88.4,88.0,4.0,105.0,130.0,11.5,1000.0
19.97,4.0,11.0,24.0,2151.0,88.4,88.0,4.0,105.0,130.0,12.0,1000.0
20.98,4.0,11.0,24.0,2151.0,88.4,88.0,4.0,105.0,130.0,12.5,1000.0
22.0,4.0,11.0,24.0,2151.0,88.4,88.0,4.0,105.0,130.0,13.0,1000.0
23.04,4.0,11.0,24.0,2151.0,88.4,88.0,4.0,105.0,130.0,13.5,1000.0
24.09,4.0,11.0,24.0,2151.0,88.4,88.0,4.0,105.0,130.0,14.0,1000.0
26.22,4.0,11.0,24.0,2151.0,88.4,88.0,4.0,105.0,130.0,15.0,1000.0
27.31,4.0,11.0,24.0,2151.0,88.4,88.0,4.0,105.0,130.0,15.5,1000.0
28.41,4.0,11.0,24.0,2151.0,88.4,88.0,4.0,105.0,130.0,16.0,1000.0
29.52,4.0,11.0,24.0,2151.0,88.4,88.0,4.0,105.0,130.0,16.5,1000.0
30.65,4.0,11.0,24.0,2151.0,88.4,88.0,4.0,105.0,130.0,17.0,1000.0
31.78,4.0,11.0,24.0,2151.0,88.4,88.0,4.0,105.0,130.0,17.5,1000.0
34.1,4.0,11.0,24.0,2151.0,88.4,88.0,4.0,105.0,130.0,18.5,1000.0
35.27,4.0,11.0,24.0,2151.0,88.4,88.0,4.0,105.0,130.0,19.0,1000.0
36.46,4.0,11.0,24.0,2151.0,88.4,88.0,4.0,105.0,130.0,19.5,1000.0
37.67,4.0,11.0,24.0,2151.0,88.4,88.0,4.0,105.0,130.0,20.0,1000.0
2.44,4.0,11.0,24.0,2151.0,88.4,88.0,4.0,105.0,130.0,0.0,1500.0
4.33,4.0,11.0,24.0,2151.0,88.4,88.0,4.0,105.0,130.0,1.5,1500.0
4.98,4.0,11.0,24.0,2151.0,88.4,88.0,4.0,105.0,130.0,2.0,1500.0
5.66,4.0,11.0,24.0,2151.0,88.4,88.0,4.0,105.0,130.0,2.5,1500.0
6.35,4.0,11.0,24.0,2151.0,88.4,88.0,4.0,105.0,130.0,3.0,1500.0
7.06,4.0,11.0,24.0,2151.0,88.4,88.0,4.0,105.0,130.0,3.5,1500.0
7.78,4.0,11.0,24.0,2151.0,88.4,88.0,4.0,105.0,130.0,4.0,1500.0
8.52,4.0,11.0,24.0,2151.0,88.4,88.0,4.0,105.0,130.0,4.5,1500.0
9.27,4.0,11.0,24.0,2151.0,88.4,88.0,4.0,105.0,130.0,5.0,1500.0
10.83,4.0,11.0,24.0,2151.0,88.4,88.0,4.0,105.0,130.0,6.0,1500.0
11.63,4.0,11.0,24.0,2151.0,88.4,88.0,4.0,105.0,130.0,6.5,1500.0
12.45,4.0,11.0,24.0,2151.0,88.4,88.0,4.0,105.0,130.0,7.0,1500.0
13.29,4.0,11.0,24.0,2151.0,88.4,88.0,4.0,105.0,130.0,7.5,1500.0
14.14,4.0,11.0,24.0,2151.0,88.4,88.0,4.0,105.0,130.0,8.0,1500.0
15.01,4.0,11.0,24.0,2151.0,88.4,88.0,4.0,105.0,130.0,8.5,1500.0
15.89,4.0,11.0,24.0,2151.0,88.4,88.0,4.0,105.0,130.0,9.0,1500.0
16.79,4.0,11.0,24.0,2151.0,88.4,88.0,4.0,105.0,130.0,9.5,1500.0
18.63,4.0,11.0,24.0,2151.0,88.4,88.0,4.0,105.0,130.0,10.5,1500.0
19.58,4.0,11.0,24.0,2151.0,88.4,88.0,4.0,105.0,130.0,11.0,1500.0
20.54,4.0,11.0,24.0,2151.0,88.4,88.0,4.0,105.0,130.0,11.5,1500.0
21.52,4.0,11.0,24.0,2151.0,88.4,88.0,4.0,105.0,130.0,12.0,1500.0
22.52,4.0,11.0,24.0,2151.0,88.4,88.0,4.0,105.0,130.0,12.5,1500.0
23.53,4.0,11.0,24.0,2151.0,88.4,88.0,4.0,105.0,130.0,13.0,1500.0
24.56,4.0,11.0,24.0,2151.0,88.4,88.0,4.0,105.0,130.0,13.5,1500.0
25.6,4.0,11.0,24.0,2151.0,88.4,88.0,4.0,105.0,130.0,14.0,1500.0
26.66,4.0,11.0,24.0,2151.0,88.4,88.0,4.0,105.0,130.0,14.5,1500.0
27.73,4.0,11.0,24.0,2151.0,88.4,88.0,4.0,105.0,130.0,15.0,1500.0
28.83,4.0,11.0,24.0,2151.0,88.4,88.0,4.0,105.0,130.0,15.5,1500.0
29.93,4.0,11.0,24.0,2151.0,88.4,88.0,4.0,105.0,130.0,16.0,1500.0
31.06,4.0,11.0,24.0,2151.0,88.4,88.0,4.0,105.0,130.0,16.5,1500.0
32.2,4.0,11.0,24.0,2151.0,88.4,88.0,4.0,105.0,130.0,17.0,1500.0
34.52,4.0,11.0,24.0,2151.0,88.4,88.0,4.0,105.0,130.0,18.0,1500.0
35.71,4.0,11.0,24.0,2151.0,88.4,88.0,4.0,105.0,130.0,18.5,1500.0
36.91,4.0,11.0,24.0,2151.0,88.4,88.0,4.0,105.0,130.0,19.0,1500.0
38.13,4.0,11.0,24.0,2151.0,88.4,88.0,4.0,105.0,130.0,19.5,1500.0
39.37,4.0,11.0,24.0,2151.0,88.4,88.0,4.0,105.0,130.0,20.0,1500.0
5.43,4.0,11.0,24.0,2151.0,88.4,88.0,4.0,105.0,130.0,0.0,2000.0
5.98,4.0,11.0,24.0,2151.0,88.4,88.0,4.0,105.0,130.0,0.5,2000.0
6.55,4.0,11.0,24.0,2151.0,88.4,88.0,4.0,105.0,130.0,1.0,2000.0
7.14,4.0,11.0,24.0,2151.0,88.4,88.0,4.0,105.0,130.0,1.5,2000.0
8.4,4.0,11.0,24.0,2151.0,88.4,88.0,4.0,105.0,130.0,2.5,2000.0
9.74,4.0,11.0,24.0,2151.0,88.4,88.0,4.0,105.0,130.0,3.5,2000.0
10.44,4.0,11.0,24.0,2151.0,88.4,88.0,4.0,105.0,130.0,4.0,2000.0
11.16,4.0,11.0,24.0,2151.0,88.4,88.0,4.0,105.0,130.0,4.5,2000.0
11.91,4.0,11.0,24.0,2151.0,88.4,88.0,4.0,105.0,130.0,5.0,2000.0
12.67,4.0,11.0,24.0,2151.0,88.4,88.0,4.0,105.0,130.0,5.5,2000.0
13.46,4.0,11.0,24.0,2151.0,88.4,88.0,4.0,105.0,130.0,6.0,2000.0
14.27,4.0,11.0,24.0,2151.0,88.4,88.0,4.0,105.0,130.0,6.5,2000.0
15.11,4.0,11.0,24.0,2151.0,88.4,88.0,4.0,105.0,130.0,7.0,2000.0
15.96,4.0,11.0,24.0,2151.0,88.4,88.0,4.0,105.0,130.0,7.5,2000.0
16.83,4.0,11.0,24.0,2151.0,88.4,88.0,4.0,105.0,130.0,8.0,2000.0
17.73,4.0,11.0,24.0,2151.0,88.4,88.0,4.0,105.0,130.0,8.5,2000.0
19.59,4.0,11.0,24.0,2151.0,88.4,88.0,4.0,105.0,130.0,9.5,2000.0
20.55,4.0,11.0,24.0,2151.0,88.4,88.0,4.0,105.0,130.0,10.0,2000.0
21.53,4.0,11.0,24.0,2151.0,88.4,88.0,4.0,105.0,130.0,10.5,2000.0
22.54,4.0,11.0,24.0,2151.0,88.4,88.0,4.0,105.0,130.0,11.0,2000.0
25.68,4.0,11.0,24.0,2151.0,88.4,88.0,4.0,105.0,130.0,12.5,2000.0
26.77,4.0,11.0,24.0,2151.0,88.4,88.0,4.0,105.0,130.0,13.0,2000.0
27.89,4.0,11.0,24.0,2151.0,88.4,88.0,4.0,105.0,130.0,13.5,2000.0
29.02,4.0,11.0,24.0,2151.0,88.4,88.0,4.0,105.0,130.0,14.0,2000.0
31.36,4.0,11.0,24.0,2151.0,88.4,88.0,4.0,105.0,130.0,15.0,2000.0
32.56,4.0,11.0,24.0,2151.0,88.4,88.0,4.0,105.0,130.0,15.5,2000.0
33.78,4.0,11.0,24.0,2151.0,88.4,88.0,4.0,105.0,130.0,16.0,2000.0
35.02,4.0,11.0,24.0,2151.0,88.4,88.0,4.0,105.0,130.0,16.5,2000.0
36.28,4.0,11.0,24.0,2151.0,88.4,88.0,4.0,105.0,130.0,17.0,2000.0
37.57,4.0,11.0,24.0,2151.0,88.4,88.0,4.0,105.0,130.0,17.5,2000.0
38.88,4.0,11.0,24.0,2151.0,88.4,88.0,4.0,105.0,130.0,18.0,2000.0
40.21,4.0,11.0,24.0,2151.0,88.4,88.0,4.0,105.0,130.0,18.5,2000.0
41.56,4.0,11.0,24.0,2151.0,88.4,88.0,4.0,105.0,130.0,19.0,2000.0
42.93,4.0,11.0,24.0,2151.0,88.4,88.0,4.0,105.0,130.0,19.5,2000.0
44.32,4.0,11.0,24.0,2151.0,88.4,88.0,4.0,105.0,130.0,20.0,2000.0
8.56,4.0,11.0,24.0,2151.0,88.4,88.0,4.0,105.0,130.0,0.0,2500.0
9.08,4.0,11.0,24.0,2151.0,88.4,88.0,4.0,105.0,130.0,0.5,2500.0
9.63,4.0,11.0,24.0,2151.0,88.4,88.0,4.0,105.0,130.0,1.0,2500.0
10.21,4.0,11.0,24.0,2151.0,88.4,88.0,4.0,105.0,130.0,1.5,2500.0
10.82,4.0,11.0,24.0,2151.0,88.4,88.0,4.0,105.0,130.0,2.0,2500.0
11.46,4.0,11.0,24.0,2151.0,88.4,88.0,4.0,105.0,130.0,2.5,2500.0
12.13,4.0,11.0,24.0,2151.0,88.4,88.0,4.0,105.0,130.0,3.0,2500.0
12.82,4.0,11.0,24.0,2151.0,88.4,88.0,4.0,105.0,130.0,3.5,2500.0
13.55,4.0,11.0,24.0,2151.0,88.4,88.0,4.0,105.0,130.0,4.0,2500.0
14.31,4.0,11.0,24.0,2151.0,88.4,88.0,4.0,105.0,130.0,4.5,2500.0
15.1,4.0,11.0,24.0,2151.0,88.4,88.0,4.0,105.0,130.0,5.0,2500.0
15.92,4.0,11.0,24.0,2151.0,88.4,88.0,4.0,105.0,130.0,5.5,2500.0
16.76,4.0,11.0,24.0,2151.0,88.4,88.0,4.0,105.0,130.0,6.0,2500.0
17.64,4.0,11.0,24.0,2151.0,88.4,88.0,4.0,105.0,130.0,6.5,2500.0
18.55,4.0,11.0,24.0,2151.0,88.4,88.0,4.0,105.0,130.0,7.0,2500.0
19.48,4.0,11.0,24.0,2151.0,88.4,88.0,4.0,105.0,130.0,7.5,2500.0
20.45,4.0,11.0,24.0,2151.0,88.4,88.0,4.0,105.0,130.0,8.0,2500.0
21.44,4.0,11.0,24.0,2151.0,88.4,88.0,4.0,105.0,130.0,8.5,2500.0
22.47,4.0,11.0,24.0,2151.0,88.4,88.0,4.0,105.0,130.0,9.0,2500.0
23.52,4.0,11.0,24.0,2151.0,88.4,88.0,4.0,105.0,130.0,9.5,2500.0
24.61,4.0,11.0,24.0,2151.0,88.4,88.0,4.0,105.0,130.0,10.0,2500.0
25.72,4.0,11.0,24.0,2151.0,88.4,88.0,4.0,105.0,130.0,10.5,2500.0
26.87,4.0,11.0,24.0,2151.0,88.4,88.0,4.0,105.0,130.0,11.0,2500.0
28.04,4.0,11.0,24.0,2151.0,88.4,88.0,4.0,105.0,130.0,11.5,2500.0
29.24,4.0,11.0,24.0,2151.0,88.4,88.0,4.0,105.0,130.0,12.0,2500.0
30.48,4.0,11.0,24.0,2151.0,88.4,88.0,4.0,105.0,130.0,12.5,2500.0
31.74,4.0,11.0,24.0,2151.0,88.4,88.0,4.0,105.0,130.0,13.0,2500.0
33.03,4.0,11.0,24.0,2151.0,88.4,88.0,4.0,105.0,130.0,13.5,2500.0
34.35,4.0,11.0,24.0,2151.0,88.4,88.0,4.0,105.0,130.0,14.0,2500.0
37.09,4.0,11.0,24.0,2151.0,88.4,88.0,4.0,105.0,130.0,15.0,2500.0
38.5,4.0,11.0,24.0,2151.0,88.4,88.0,4.0,105.0,130.0,15.5,2500.0
39.94,4.0,11.0,24.0,2151.0,88.4,88.0,4.0,105.0,130.0,16.0,2500.0
41.41,4.0,11.0,24.0,2151.0,88.4,88.0,4.0,105.0,130.0,16.5,2500.0
42.91,4.0,11.0,24.0,2151.0,88.4,88.0,4.0,105.0,130.0,17.0,2500.0
46.0,4.0,11.0,24.0,2151.0,88.4,88.0,4.0,105.0,130.0,18.0,2500.0
47.59,4.0,11.0,24.0,2151.0,88.4,88.0,4.0,105.0,130.0,18.5,2500.0
49.21,4.0,11.0,24.0,2151.0,88.4,88.0,4.0,105.0,130.0,19.0,2500.0
50.85,4.0,11.0,24.0,2151.0,88.4,88.0,4.0,105.0,130.0,19.5,2500.0
11.84,4.0,11.0,24.0,2151.0,88.4,88.0,4.0,105.0,130.0,0.0,3000.0
12.36,4.0,11.0,24.0,2151.0,88.4,88.0,4.0,105.0,130.0,0.5,3000.0
12.92,4.0,11.0,24.0,2151.0,88.4,88.0,4.0,105.0,130.0,1.0,3000.0
13.52,4.0,11.0,24.0,2151.0,88.4,88.0,4.0,105.0,130.0,1.5,3000.0
14.16,4.0,11.0,24.0,2151.0,88.4,88.0,4.0,105.0,130.0,2.0,3000.0
14.84,4.0,11.0,24.0,2151.0,88.4,88.0,4.0,105.0,130.0,2.5,3000.0
15.56,4.0,11.0,24.0,2151.0,88.4,88.0,4.0,105.0,130.0,3.0,3000.0
16.32,4.0,11.0,24.0,2151.0,88.4,88.0,4.0,105.0,130.0,3.5,3000.0
17.12,4.0,11.0,24.0,2151.0,88.4,88.0,4.0,105.0,130.0,4.0,3000.0
17.96,4.0,11.0,24.0,2151.0,88.4,88.0,4.0,105.0,130.0,4.5,3000.0
18.85,4.0,11.0,24.0,2151.0,88.4,88.0,4.0,105.0,130.0,5.0,3000.0
19.77,4.0,11.0,24.0,2151.0,88.4,88.0,4.0,105.0,130.0,5.5,3000.0
20.73,4.0,11.0,24.0,2151.0,88.4,88.0,4.0,105.0,130.0,6.0,3000.0
21.73,4.0,11.0,24.0,2151.0,88.4,88.0,4.0,105.0,130.0,6.5,3000.0
22.77,4.0,11.0,24.0,2151.0,88.4,88.0,4.0,105.0,130.0,7.0,3000.0
23.86,4.0,11.0,24.0,2151.0,88.4,88.0,4.0,105.0,130.0,7.5,3000.0
24.98,4.0,11.0,24.0,2151.0,88.4,88.0,4.0,105.0,130.0,8.0,3000.0
26.14,4.0,11.0,24.0,2151.0,88.4,88.0,4.0,105.0,130.0,8.5,3000.0
27.35,4.0,11.0,24.0,2151.0,88.4,88.0,4.0,105.0,130.0,9.0,3000.0
28.59,4.0,11.0,24.0,2151.0,88.4,88.0,4.0,105.0,130.0,9.5,3000.0
29.87,4.0,11.0,24.0,2151.0,88.4,88.0,4.0,105.0,130.0,10.0,3000.0
31.2,4.0,11.0,24.0,2151.0,88.4,88.0,4.0,105.0,130.0,10.5,3000.0
32.56,4.0,11.0,24.0,2151.0,88.4,88.0,4.0,105.0,130.0,11.0,3000.0
33.97,4.0,11.0,24.0,2151.0,88.4,88.0,4.0,105.0,130.0,11.5,3000.0
35.41,4.0,11.0,24.0,2151.0,88.4,88.0,4.0,105.0,130.0,12.0,3000.0
38.42,4.0,11.0,24.0,2151.0,88.4,88.0,4.0,105.0,130.0,13.0,3000.0
39.99,4.0,11.0,24.0,2151.0,88.4,88.0,4.0,105.0,130.0,13.5,3000.0
41.59,4.0,11.0,24.0,2151.0,88.4,88.0,4.0,105.0,130.0,14.0,3000.0
43.24,4.0,11.0,24.0,2151.0,88.4,88.0,4.0,105.0,130.0,14.5,3000.0
44.92,4.0,11.0,24.0,2151.0,88.4,88.0,4.0,105.0,130.0,15.0,3000.0
46.65,4.0,11.0,24.0,2151.0,88.4,88.0,4.0,105.0,130.0,15.5,3000.0
48.42,4.0,11.0,24.0,2151.0,88.4,88.0,4.0,105.0,130.0,16.0,3000.0
50.22,4.0,11.0,24.0,2151.0,88.4,88.0,4.0,105.0,130.0,16.5,3000.0
52.07,4.0,11.0,24.0,2151.0,88.4,88.0,4.0,105.0,130.0,17.0,3000.0
53.96,4.0,11.0,24.0,2151.0,88.4,88.0,4.0,105.0,130.0,17.5,3000.0
55.89,4.0,11.0,24.0,2151.0,88.4,88.0,4.0,105.0,130.0,18.0,3000.0
57.85,4.0,11.0,24.0,2151.0,88.4,88.0,4.0,105.0,130.0,18.5,3000.0
59.86,4.0,11.0,24.0,2151.0,88.4,88.0,4.0,105.0,130.0,19.0,3000.0
61.91,4.0,11.0,24.0,2151.0,88.4,88.0,4.0,105.0,130.0,19.5,3000.0
64.0,4.0,11.0,24.0,2151.0,88.4,88.0,4.0,105.0,130.0,20.0,3000.0
15.28,4.0,11.0,24.0,2151.0,88.4,88.0,4.0,105.0,130.0,0.0,3500.0
15.83,4.0,11.0,24.0,2151.0,88.4,88.0,4.0,105.0,130.0,0.5,3500.0
16.43,4.0,11.0,24.0,2151.0,88.4,88.0,4.0,105.0,130.0,1.0,3500.0
17.08,4.0,11.0,24.0,2151.0,88.4,88.0,4.0,105.0,130.0,1.5,3500.0
18.55,4.0,11.0,24.0,2151.0,88.4,88.0,4.0,105.0,130.0,2.5,3500.0
19.36,4.0,11.0,24.0,2151.0,88.4,88.0,4.0,105.0,130.0,3.0,3500.0
20.23,4.0,11.0,24.0,2151.0,88.4,88.0,4.0,105.0,130.0,3.5,3500.0
21.15,4.0,11.0,24.0,2151.0,88.4,88.0,4.0,105.0,130.0,4.0,3500.0
22.12,4.0,11.0,24.0,2151.0,88.4,88.0,4.0,105.0,130.0,4.5,3500.0
23.15,4.0,11.0,24.0,2151.0,88.4,88.0,4.0,105.0,130.0,5.0,3500.0
24.23,4.0,11.0,24.0,2151.0,88.4,88.0,4.0,105.0,130.0,5.5,3500.0
25.36,4.0,11.0,24.0,2151.0,88.4,88.0,4.0,105.0,130.0,6.0,3500.0
26.55,4.0,11.0,24.0,2151.0,88.4,88.0,4.0,105.0,130.0,6.5,3500.0
27.79,4.0,11.0,24.0,2151.0,88.4,88.0,4.0,105.0,130.0,7.0,3500.0
29.08,4.0,11.0,24.0,2151.0,88.4,88.0,4.0,105.0,130.0,7.5,3500.0
30.43,4.0,11.0,24.0,2151.0,88.4,88.0,4.0,105.0,130.0,8.0,3500.0
31.83,4.0,11.0,24.0,2151.0,88.4,88.0,4.0,105.0,130.0,8.5,3500.0
33.28,4.0,11.0,24.0,2151.0,88.4,88.0,4.0,105.0,130.0,9.0,3500.0
34.79,4.0,11.0,24.0,2151.0,88.4,88.0,4.0,105.0,130.0,9.5,3500.0
36.35,4.0,11.0,24.0,2151.0,88.4,88.0,4.0,105.0,130.0,10.0,3500.0
39.63,4.0,11.0,24.0,2151.0,88.4,88.0,4.0,105.0,130.0,11.0,3500.0
41.35,4.0,11.0,24.0,2151.0,88.4,88.0,4.0,105.0,130.0,11.5,3500.0
43.12,4.0,11.0,24.0,2151.0,88.4,88.0,4.0,105.0,130.0,12.0,3500.0
44.94,4.0,11.0,24.0,2151.0,88.4,88.0,4.0,105.0,130.0,12.5,3500.0
46.82,4.0,11.0,24.0,2151.0,88.4,88.0,4.0,105.0,130.0,13.0,3500.0
48.76,4.0,11.0,24.0,2151.0,88.4,88.0,4.0,105.0,130.0,13.5,3500.0
50.74,4.0,11.0,24.0,2151.0,88.4,88.0,4.0,105.0,130.0,14.0,3500.0
52.78,4.0,11.0,24.0,2151.0,88.4,88.0,4.0,105.0,130.0,14.5,3500.0
54.87,4.0,11.0,24.0,2151.0,88.4,88.0,4.0,105.0,130.0,15.0,3500.0
57.02,4.0,11.0,24.0,2151.0,88.4,88.0,4.0,105.0,130.0,15.5,3500.0
59.22,4.0,11.0,24.0,2151.0,88.4,88.0,4.0,105.0,130.0,16.0,3500.0
61.47,4.0,11.0,24.0,2151.0,88.4,88.0,4.0,105.0,130.0,16.5,3500.0
63.77,4.0,11.0,24.0,2151.0,88.4,88.0,4.0,105.0,130.0,17.0,3500.0
66.13,4.0,11.0,24.0,2151.0,88.4,88.0,4.0,105.0,130.0,17.5,3500.0
68.54,4.0,11.0,24.0,2151.0,88.4,88.0,4.0,105.0,130.0,18.0,3500.0
71.01,4.0,11.0,24.0,2151.0,88.4,88.0,4.0,105.0,130.0,18.5,3500.0
73.53,4.0,11.0,24.0,2151.0,88.4,88.0,4.0,105.0,130.0,19.0,3500.0
76.1,4.0,11.0,24.0,2151.0,88.4,88.0,4.0,105.0,130.0,19.5,3500.0
78.72,4.0,11.0,24.0,2151.0,88.4,88.0,4.0,105.0,130.0,20.0,3500.0
20.34,4.0,11.0,24.0,2151.0,88.4,88.0,4.0,105.0,130.0,0.0,4200.0
20.98,4.0,11.0,24.0,2151.0,88.4,88.0,4.0,105.0,130.0,0.5,4200.0
21.69,4.0,11.0,24.0,2151.0,88.4,88.0,4.0,105.0,130.0,1.0,4200.0
22.48,4.0,11.0,24.0,2151.0,88.4,88.0,4.0,105.0,130.0,1.5,4200.0
23.34,4.0,11.0,24.0,2151.0,88.4,88.0,4.0,105.0,130.0,2.0,4200.0
24.28,4.0,11.0,24.0,2151.0,88.4,88.0,4.0,105.0,130.0,2.5,4200.0
25.3,4.0,11.0,24.0,2151.0,88.4,88.0,4.0,105.0,130.0,3.0,4200.0
26.39,4.0,11.0,24.0,2151.0,88.4,88.0,4.0,105.0,130.0,3.5,4200.0
27.55,4.0,11.0,24.0,2151.0,88.4,88.0,4.0,105.0,130.0,4.0,4200.0
28.79,4.0,11.0,24.0,2151.0,88.4,88.0,4.0,105.0,130.0,4.5,4200.0
30.11,4.0,11.0,24.0,2151.0,88.4,88.0,4.0,105.0,130.0,5.0,4200.0
31.5,4.0,11.0,24.0,2151.0,88.4,88.0,4.0,105.0,130.0,5.5,4200.0
32.97,4.0,11.0,24.0,2151.0,88.4,88.0,4.0,105.0,130.0,6.0,4200.0
36.14,4.0,11.0,24.0,2151.0,88.4,88.0,4.0,105.0,130.0,7.0,4200.0
37.83,4.0,11.0,24.0,2151.0,88.4,88.0,4.0,105.0,130.0,7.5,4200.0
39.6,4.0,11.0,24.0,2151.0,88.4,88.0,4.0,105.0,130.0,8.0,4200.0
41.45,4.0,11.0,24.0,2151.0,88.4,88.0,4.0,105.0,130.0,8.5,4200.0
43.37,4.0,11.0,24.0,2151.0,88.4,88.0,4.0,105.0,130.0,9.0,4200.0
47.44,4.0,11.0,24.0,2151.0,88.4,88.0,4.0,105.0,130.0,10.0,4200.0
49.59,4.0,11.0,24.0,2151.0,88.4,88.0,4.0,105.0,130.0,10.5,4200.0
54.12,4.0,11.0,24.0,2151.0,88.4,88.0,4.0,105.0,130.0,11.5,4200.0
56.5,4.0,11.0,24.0,2151.0,88.4,88.0,4.0,105.0,130.0,12.0,4200.0
61.48,4.0,11.0,24.0,2151.0,88.4,88.0,4.0,105.0,130.0,13.0,4200.0
64.08,4.0,11.0,24.0,2151.0,88.4,88.0,4.0,105.0,130.0,13.5,4200.0
69.51,4.0,11.0,24.0,2151.0,88.4,88.0,4.0,105.0,130.0,14.5,4200.0
72.34,4.0,11.0,24.0,2151.0,88.4,88.0,4.0,105.0,130.0,15.0,4200.0
75.25,4.0,11.0,24.0,2151.0,88.4,88.0,4.0,105.0,130.0,15.5,4200.0
78.23,4.0,11.0,24.0,2151.0,88.4,88.0,4.0,105.0,130.0,16.0,4200.0
81.29,4.0,11.0,24.0,2151.0,88.4,88.0,4.0,105.0,130.0,16.5,4200.0
84.42,4.0,11.0,24.0,2151.0,88.4,88.0,4.0,105.0,130.0,17.0,4200.0
87.63,4.0,11.0,24.0,2151.0,88.4,88.0,4.0,105.0,130.0,17.5,4200.0
90.91,4.0,11.0,24.0,2151.0,88.4,88.0,4.0,105.0,130.0,18.0,4200.0
94.27,4.0,11.0,24.0,2151.0,88.4,88.0,4.0,105.0,130.0,18.5,4200.0
97.71,4.0,11.0,24.0,2151.0,88.4,88.0,4.0,105.0,130.0,19.0,4200.0
101.22,4.0,11.0,24.0,2151.0,88.4,88.0,4.0,105.0,130.0,19.5,4200.0
104.8,4.0,11.0,24.0,2151.0,88.4,88.0,4.0,105.0,130.0,20.0,4200.0
22.61,4.0,11.0,24.0,2151.0,88.4,88.0,4.0,105.0,130.0,0.0,4500.0
23.3,4.0,11.0,24.0,2151.0,88.4,88.0,4.0,105.0,130.0,0.5,4500.0
24.08,4.0,11.0,24.0,2151.0,88.4,88.0,4.0,105.0,130.0,1.0,4500.0
24.94,4.0,11.0,24.0,2151.0,88.4,88.0,4.0,105.0,130.0,1.5,4500.0
25.89,4.0,11.0,24.0,2151.0,88.4,88.0,4.0,105.0,130.0,2.0,4500.0
26.93,4.0,11.0,24.0,2151.0,88.4,88.0,4.0,105.0,130.0,2.5,4500.0
28.06,4.0,11.0,24.0,2151.0,88.4,88.0,4.0,105.0,130.0,3.0,4500.0
30.57,4.0,11.0,24.0,2151.0,88.4,88.0,4.0,105.0,130.0,4.0,4500.0
31.96,4.0,11.0,24.0,2151.0,88.4,88.0,4.0,105.0,130.0,4.5,4500.0
33.43,4.0,11.0,24.0,2151.0,88.4,88.0,4.0,105.0,130.0,5.0,4500.0
34.99,4.0,11.0,24.0,2151.0,88.4,88.0,4.0,105.0,130.0,5.5,4500.0
36.63,4.0,11.0,24.0,2151.0,88.4,88.0,4.0,105.0,130.0,6.0,4500.0
38.37,4.0,11.0,24.0,2151.0,88.4,88.0,4.0,105.0,130.0,6.5,4500.0
40.19,4.0,11.0,24.0,2151.0,88.4,88.0,4.0,105.0,130.0,7.0,4500.0
42.09,4.0,11.0,24.0,2151.0,88.4,88.0,4.0,105.0,130.0,7.5,4500.0
44.09,4.0,11.0,24.0,2151.0,88.4,88.0,4.0,105.0,130.0,8.0,4500.0
46.17,4.0,11.0,24.0,2151.0,88.4,88.0,4.0,105.0,130.0,8.5,4500.0
48.33,4.0,11.0,24.0,2151.0,88.4,88.0,4.0,105.0,130.0,9.0,4500.0
50.59,4.0,11.0,24.0,2151.0,88.4,88.0,4.0,105.0,130.0,9.5,4500.0
52.93,4.0,11.0,24.0,2151.0,88.4,88.0,4.0,105.0,130.0,10.0,4500.0
55.35,4.0,11.0,24.0,2151.0,88.4,88.0,4.0,105.0,130.0,10.5,4500.0
57.87,4.0,11.0,24.0,2151.0,88.4,88.0,4.0,105.0,130.0,11.0,4500.0
60.47,4.0,11.0,24.0,2151.0,88.4,88.0,4.0,105.0,130.0,11.5,4500.0
63.15,4.0,11.0,24.0,2151.0,88.4,88.0,4.0,105.0,130.0,12.0,4500.0
65.93,4.0,11.0,24.0,2151.0,88.4,88.0,4.0,105.0,130.0,12.5,4500.0
68.79,4.0,11.0,24.0,2151.0,88.4,88.0,4.0,105.0,130.0,13.0,4500.0
71.73,4.0,11.0,24.0,2151.0,88.4,88.0,4.0,105.0,130.0,13.5,4500.0
74.77,4.0,11.0,24.0,2151.0,88.4,88.0,4.0,105.0,130.0,14.0,4500.0
77.89,4.0,11.0,24.0,2151.0,88.4,88.0,4.0,105.0,130.0,14.5,4500.0
81.09,4.0,11.0,24.0,2151.0,88.4,88.0,4.0,105.0,130.0,15.0,4500.0
84.39,4.0,11.0,24.0,2151.0,88.4,88.0,4.0,105.0,130.0,15.5,4500.0
87.77,4.0,11.0,24.0,2151.0,88.4,88.0,4.0,105.0,130.0,16.0,4500.0
91.24,4.0,11.0,24.0,2151.0,88.4,88.0,4.0,105.0,130.0,16.5,4500.0
94.79,4.0,11.0,24.0,2151.0,88.4,88.0,4.0,105.0,130.0,17.0,4500.0
98.43,4.0,11.0,24.0,2151.0,88.4,88.0,4.0,105.0,130.0,17.5,4500.0
102.16,4.0,11.0,24.0,2151.0,88.4,88.0,4.0,105.0,130.0,18.0,4500.0
105.97,4.0,11.0,24.0,2151.0,88.4,88.0,4.0,105.0,130.0,18.5,4500.0
109.87,4.0,11.0,24.0,2151.0,88.4,88.0,4.0,105.0,130.0,19.0,4500.0
113.86,4.0,11.0,24.0,2151.0,88.4,88.0,4.0,105.0,130.0,19.5,4500.0
117.93,4.0,11.0,24.0,2151.0,88.4,88.0,4.0,105.0,130.0,20.0,4500.0
26.5,4.0,11.0,24.0,2151.0,88.4,88.0,4.0,105.0,130.0,0.0,5000.0
27.31,4.0,11.0,24.0,2151.0,88.4,88.0,4.0,105.0,130.0,0.5,5000.0
28.22,4.0,11.0,24.0,2151.0,88.4,88.0,4.0,105.0,130.0,1.0,5000.0
29.24,4.0,11.0,24.0,2151.0,88.4,88.0,4.0,105.0,130.0,1.5,5000.0
30.37,4.0,11.0,24.0,2151.0,88.4,88.0,4.0,105.0,130.0,2.0,5000.0
31.61,4.0,11.0,24.0,2151.0,88.4,88.0,4.0,105.0,130.0,2.5,5000.0
32.96,4.0,11.0,24.0,2151.0,88.4,88.0,4.0,105.0,130.0,3.0,5000.0
34.41,4.0,11.0,24.0,2151.0,88.4,88.0,4.0,105.0,130.0,3.5,5000.0
37.63,4.0,11.0,24.0,2151.0,88.4,88.0,4.0,105.0,130.0,4.5,5000.0
39.4,4.0,11.0,24.0,2151.0,88.4,88.0,4.0,105.0,130.0,5.0,5000.0
41.28,4.0,11.0,24.0,2151.0,88.4,88.0,4.0,105.0,130.0,5.5,5000.0
43.27,4.0,11.0,24.0,2151.0,88.4,88.0,4.0,105.0,130.0,6.0,5000.0
45.37,4.0,11.0,24.0,2151.0,88.4,88.0,4.0,105.0,130.0,6.5,5000.0
47.57,4.0,11.0,24.0,2151.0,88.4,88.0,4.0,105.0,130.0,7.0,5000.0
49.88,4.0,11.0,24.0,2151.0,88.4,88.0,4.0,105.0,130.0,7.5,5000.0
52.29,4.0,11.0,24.0,2151.0,88.4,88.0,4.0,105.0,130.0,8.0,5000.0
54.82,4.0,11.0,24.0,2151.0,88.4,88.0,4.0,105.0,130.0,8.5,5000.0
60.18,4.0,11.0,24.0,2151.0,88.4,88.0,4.0,105.0,130.0,9.5,5000.0
65.98,4.0,11.0,24.0,2151.0,88.4,88.0,4.0,105.0,130.0,10.5,5000.0
69.04,4.0,11.0,24.0,2151.0,88.4,88.0,4.0,105.0,130.0,11.0,5000.0
72.2,4.0,11.0,24.0,2151.0,88.4,88.0,4.0,105.0,130.0,11.5,5000.0
75.48,4.0,11.0,24.0,2151.0,88.4,88.0,4.0,105.0,130.0,12.0,5000.0
78.86,4.0,11.0,24.0,2151.0,88.4,88.0,4.0,105.0,130.0,12.5,5000.0
82.35,4.0,11.0,24.0,2151.0,88.4,88.0,4.0,105.0,130.0,13.0,5000.0
85.94,4.0,11.0,24.0,2151.0,88.4,88.0,4.0,105.0,130.0,13.5,5000.0
89.64,4.0,11.0,24.0,2151.0,88.4,88.0,4.0,105.0,130.0,14.0,5000.0
93.45,4.0,11.0,24.0,2151.0,88.4,88.0,4.0,105.0,130.0,14.5,5000.0
97.37,4.0,11.0,24.0,2151.0,88.4,88.0,4.0,105.0,130.0,15.0,5000.0
101.39,4.0,11.0,24.0,2151.0,88.4,88.0,4.0,105.0,130.0,15.5,5000.0
105.52,4.0,11.0,24.0,2151.0,88.4,88.0,4.0,105.0,130.0,16.0,5000.0
109.76,4.0,11.0,24.0,2151.0,88.4,88.0,4.0,105.0,130.0,16.5,5000.0
114.1,4.0,11.0,24.0,2151.0,88.4,88.0,4.0,105.0,130.0,17.0,5000.0
118.56,4.0,11.0,24.0,2151.0,88.4,88.0,4.0,105.0,130.0,17.5,5000.0
123.11,4.0,11.0,24.0,2151.0,88.4,88.0,4.0,105.0,130.0,18.0,5000.0
127.78,4.0,11.0,24.0,2151.0,88.4,88.0,4.0,105.0,130.0,18.5,5000.0
132.55,4.0,11.0,24.0,2151.0,88.4,88.0,4.0,105.0,130.0,19.0,5000.0
137.44,4.0,11.0,24.0,2151.0,88.4,88.0,4.0,105.0,130.0,19.5,5000.0
-2.0,4.0,12.0,24.0,2686.0,88.34,88.0,4.0,105.0,130.0,0.0,100.0
-0.9,4.0,12.0,24.0,2686.0,88.34,88.0,4.0,105.0,130.0,0.5,100.0
0.2,4.0,12.0,24.0,2686.0,88.34,88.0,4.0,105.0,130.0,1.0,100.0
1.3,4.0,12.0,24.0,2686.0,88.34,88.0,4.0,105.0,130.0,1.5,100.0
2.4,4.0,12.0,24.0,2686.0,88.34,88.0,4.0,105.0,130.0,2.0,100.0
3.5,4.0,12.0,24.0,2686.0,88.34,88.0,4.0,105.0,130.0,2.5,100.0
4.6,4.0,12.0,24.0,2686.0,88.34,88.0,4.0,105.0,130.0,3.0,100.0
5.7,4.0,12.0,24.0,2686.0,88.34,88.0,4.0,105.0,130.0,3.5,100.0
6.8,4.0,12.0,24.0,2686.0,88.34,88.0,4.0,105.0,130.0,4.0,100.0
7.9,4.0,12.0,24.0,2686.0,88.34,88.0,4.0,105.0,130.0,4.5,100.0
9.0,4.0,12.0,24.0,2686.0,88.34,88.0,4.0,105.0,130.0,5.0,100.0
11.2,4.0,12.0,24.0,2686.0,88.34,88.0,4.0,105.0,130.0,6.0,100.0
12.3,4.0,12.0,24.0,2686.0,88.34,88.0,4.0,105.0,130.0,6.5,100.0
14.5,4.0,12.0,24.0,2686.0,88.34,88.0,4.0,105.0,130.0,7.5,100.0
15.6,4.0,12.0,24.0,2686.0,88.34,88.0,4.0,105.0,130.0,8.0,100.0
16.7,4.0,12.0,24.0,2686.0,88.34,88.0,4.0,105.0,130.0,8.5,100.0
17.8,4.0,12.0,24.0,2686.0,88.34,88.0,4.0,105.0,130.0,9.0,100.0
18.9,4.0,12.0,24.0,2686.0,88.34,88.0,4.0,105.0,130.0,9.5,100.0
20.0,4.0,12.0,24.0,2686.0,88.34,88.0,4.0,105.0,130.0,10.0,100.0
21.1,4.0,12.0,24.0,2686.0,88.34,88.0,4.0,105.0,130.0,10.5,100.0
22.2,4.0,12.0,24.0,2686.0,88.34,88.0,4.0,105.0,130.0,11.0,100.0
23.3,4.0,12.0,24.0,2686.0,88.34,88.0,4.0,105.0,130.0,11.5,100.0
24.4,4.0,12.0,24.0,2686.0,88.34,88.0,4.0,105.0,130.0,12.0,100.0
25.5,4.0,12.0,24.0,2686.0,88.34,88.0,4.0,105.0,130.0,12.5,100.0
26.6,4.0,12.0,24.0,2686.0,88.34,88.0,4.0,105.0,130.0,13.0,100.0
27.7,4.0,12.0,24.0,2686.0,88.34,88.0,4.0,105.0,130.0,13.5,100.0
28.8,4.0,12.0,24.0,2686.0,88.34,88.0,4.0,105.0,130.0,14.0,100.0
29.9,4.0,12.0,24.0,2686.0,88.34,88.0,4.0,105.0,130.0,14.5,100.0
31.0,4.0,12.0,24.0,2686.0,88.34,88.0,4.0,105.0,130.0,15.0,100.0
32.1,4.0,12.0,24.0,2686.0,88.34,88.0,4.0,105.0,130.0,15.5,100.0
33.2,4.0,12.0,24.0,2686.0,88.34,88.0,4.0,105.0,130.0,16.0,100.0
34.3,4.0,12.0,24.0,2686.0,88.34,88.0,4.0,105.0,130.0,16.5,100.0
35.4,4.0,12.0,24.0,2686.0,88.34,88.0,4.0,105.0,130.0,17.0,100.0
37.6,4.0,12.0,24.0,2686.0,88.34,88.0,4.0,105.0,130.0,18.0,100.0
38.7,4.0,12.0,24.0,2686.0,88.34,88.0,4.0,105.0,130.0,18.5,100.0
39.8,4.0,12.0,24.0,2686.0,88.34,88.0,4.0,105.0,130.0,19.0,100.0
42.0,4.0,12.0,24.0,2686.0,88.34,88.0,4.0,105.0,130.0,20.0,100.0
-0.56,4.0,12.0,24.0,2686.0,88.34,88.0,4.0,105.0,130.0,0.0,1000.0
0.51,4.0,12.0,24.0,2686.0,88.34,88.0,4.0,105.0,130.0,0.5,1000.0
1.58,4.0,12.0,24.0,2686.0,88.34,88.0,4.0,105.0,130.0,1.0,1000.0
2.65,4.0,12.0,24.0,2686.0,88.34,88.0,4.0,105.0,130.0,1.5,1000.0
3.73,4.0,12.0,24.0,2686.0,88.34,88.0,4.0,105.0,130.0,2.0,1000.0
4.81,4.0,12.0,24.0,2686.0,88.34,88.0,4.0,105.0,130.0,2.5,1000.0
5.9,4.0,12.0,24.0,2686.0,88.34,88.0,4.0,105.0,130.0,3.0,1000.0
6.99,4.0,12.0,24.0,2686.0,88.34,88.0,4.0,105.0,130.0,3.5,1000.0
8.08,4.0,12.0,24.0,2686.0,88.34,88.0,4.0,105.0,130.0,4.0,1000.0
9.17,4.0,12.0,24.0,2686.0,88.34,88.0,4.0,105.0,130.0,4.5,1000.0
10.27,4.0,12.0,24.0,2686.0,88.34,88.0,4.0,105.0,130.0,5.0,1000.0
11.37,4.0,12.0,24.0,2686.0,88.34,88.0,4.0,105.0,130.0,5.5,1000.0
12.47,4.0,12.0,24.0,2686.0,88.34,88.0,4.0,105.0,130.0,6.0,1000.0
13.58,4.0,12.0,24.0,2686.0,88.34,88.0,4.0,105.0,130.0,6.5,1000.0
14.69,4.0,12.0,24.0,2686.0,88.34,88.0,4.0,105.0,130.0,7.0,1000.0
15.8,4.0,12.0,24.0,2686.0,88.34,88.0,4.0,105.0,130.0,7.5,1000.0
16.92,4.0,12.0,24.0,2686.0,88.34,88.0,4.0,105.0,130.0,8.0,1000.0
18.04,4.0,12.0,24.0,2686.0,88.34,88.0,4.0,105.0,130.0,8.5,1000.0
20.29,4.0,12.0,24.0,2686.0,88.34,88.0,4.0,105.0,130.0,9.5,1000.0
21.42,4.0,12.0,24.0,2686.0,88.34,88.0,4.0,105.0,130.0,10.0,1000.0
22.55,4.0,12.0,24.0,2686.0,88.34,88.0,4.0,105.0,130.0,10.5,1000.0
23.69,4.0,12.0,24.0,2686.0,88.34,88.0,4.0,105.0,130.0,11.0,1000.0
24.83,4.0,12.0,24.0,2686.0,88.34,88.0,4.0,105.0,130.0,11.5,1000.0
25.97,4.0,12.0,24.0,2686.0,88.34,88.0,4.0,105.0,130.0,12.0,1000.0
27.11,4.0,12.0,24.0,2686.0,88.34,88.0,4.0,105.0,130.0,12.5,1000.0
28.26,4.0,12.0,24.0,2686.0,88.34,88.0,4.0,105.0,130.0,13.0,1000.0
29.42,4.0,12.0,24.0,2686.0,88.34,88.0,4.0,105.0,130.0,13.5,1000.0
30.57,4.0,12.0,24.0,2686.0,88.34,88.0,4.0,105.0,130.0,14.0,1000.0
31.73,4.0,12.0,24.0,2686.0,88.34,88.0,4.0,105.0,130.0,14.5,1000.0
32.89,4.0,12.0,24.0,2686.0,88.34,88.0,4.0,105.0,130.0,15.0,1000.0
34.06,4.0,12.0,24.0,2686.0,88.34,88.0,4.0,105.0,130.0,15.5,1000.0
35.22,4.0,12.0,24.0,2686.0,88.34,88.0,4.0,105.0,130.0,16.0,1000.0
36.4,4.0,12.0,24.0,2686.0,88.34,88.0,4.0,105.0,130.0,16.5,1000.0
37.57,4.0,12.0,24.0,2686.0,88.34,88.0,4.0,105.0,130.0,17.0,1000.0
38.75,4.0,12.0,24.0,2686.0,88.34,88.0,4.0,105.0,130.0,17.5,1000.0
39.93,4.0,12.0,24.0,2686.0,88.34,88.0,4.0,105.0,130.0,18.0,1000.0
41.11,4.0,12.0,24.0,2686.0,88.34,88.0,4.0,105.0,130.0,18.5,1000.0
42.3,4.0,12.0,24.0,2686.0,88.34,88.0,4.0,105.0,130.0,19.0,1000.0
44.68,4.0,12.0,24.0,2686.0,88.34,88.0,4.0,105.0,130.0,20.0,1000.0
3.07,4.0,12.0,24.0,2686.0,88.34,88.0,4.0,105.0,130.0,0.0,1500.0
3.94,4.0,12.0,24.0,2686.0,88.34,88.0,4.0,105.0,130.0,0.5,1500.0
4.83,4.0,12.0,24.0,2686.0,88.34,88.0,4.0,105.0,130.0,1.0,1500.0
5.73,4.0,12.0,24.0,2686.0,88.34,88.0,4.0,105.0,130.0,1.5,1500.0
6.65,4.0,12.0,24.0,2686.0,88.34,88.0,4.0,105.0,130.0,2.0,1500.0
7.58,4.0,12.0,24.0,2686.0,88.34,88.0,4.0,105.0,130.0,2.5,1500.0
8.52,4.0,12.0,24.0,2686.0,88.34,88.0,4.0,105.0,130.0,3.0,1500.0
9.49,4.0,12.0,24.0,2686.0,88.34,88.0,4.0,105.0,130.0,3.5,1500.0
10.46,4.0,12.0,24.0,2686.0,88.34,88.0,4.0,105.0,130.0,4.0,1500.0
11.46,4.0,12.0,24.0,2686.0,88.34,88.0,4.0,105.0,130.0,4.5,1500.0
12.46,4.0,12.0,24.0,2686.0,88.34,88.0,4.0,105.0,130.0,5.0,1500.0
13.49,4.0,12.0,24.0,2686.0,88.34,88.0,4.0,105.0,130.0,5.5,1500.0
14.52,4.0,12.0,24.0,2686.0,88.34,88.0,4.0,105.0,130.0,6.0,1500.0
16.65,4.0,12.0,24.0,2686.0,88.34,88.0,4.0,105.0,130.0,7.0,1500.0
17.73,4.0,12.0,24.0,2686.0,88.34,88.0,4.0,105.0,130.0,7.5,1500.0
18.83,4.0,12.0,24.0,2686.0,88.34,88.0,4.0,105.0,130.0,8.0,1500.0
19.94,4.0,12.0,24.0,2686.0,88.34,88.0,4.0,105.0,130.0,8.5,1500.0
22.22,4.0,12.0,24.0,2686.0,88.34,88.0,4.0,105.0,130.0,9.5,1500.0
23.38,4.0,12.0,24.0,2686.0,88.34,88.0,4.0,105.0,130.0,10.0,1500.0
24.55,4.0,12.0,24.0,2686.0,88.34,88.0,4.0,105.0,130.0,10.5,1500.0
25.74,4.0,12.0,24.0,2686.0,88.34,88.0,4.0,105.0,130.0,11.0,1500.0
26.95,4.0,12.0,24.0,2686.0,88.34,88.0,4.0,105.0,130.0,11.5,1500.0
28.17,4.0,12.0,24.0,2686.0,88.34,88.0,4.0,105.0,130.0,12.0,1500.0
29.41,4.0,12.0,24.0,2686.0,88.34,88.0,4.0,105.0,130.0,12.5,1500.0
31.93,4.0,12.0,24.0,2686.0,88.34,88.0,4.0,105.0,130.0,13.5,1500.0
33.21,4.0,12.0,24.0,2686.0,88.34,88.0,4.0,105.0,130.0,14.0,1500.0
34.51,4.0,12.0,24.0,2686.0,88.34,88.0,4.0,105.0,130.0,14.5,1500.0
35.82,4.0,12.0,24.0,2686.0,88.34,88.0,4.0,105.0,130.0,15.0,1500.0
37.15,4.0,12.0,24.0,2686.0,88.34,88.0,4.0,105.0,130.0,15.5,1500.0
38.49,4.0,12.0,24.0,2686.0,88.34,88.0,4.0,105.0,130.0,16.0,1500.0
39.85,4.0,12.0,24.0,2686.0,88.34,88.0,4.0,105.0,130.0,16.5,1500.0
41.22,4.0,12.0,24.0,2686.0,88.34,88.0,4.0,105.0,130.0,17.0,1500.0
42.61,4.0,12.0,24.0,2686.0,88.34,88.0,4.0,105.0,130.0,17.5,1500.0
44.01,4.0,12.0,24.0,2686.0,88.34,88.0,4.0,105.0,130.0,18.0,1500.0
45.43,4.0,12.0,24.0,2686.0,88.34,88.0,4.0,105.0,130.0,18.5,1500.0
48.32,4.0,12.0,24.0,2686.0,88.34,88.0,4.0,105.0,130.0,19.5,1500.0
49.78,4.0,12.0,24.0,2686.0,88.34,88.0,4.0,105.0,130.0,20.0,1500.0
6.72,4.0,12.0,24.0,2686.0,88.34,88.0,4.0,105.0,130.0,0.0,2000.0
7.5,4.0,12.0,24.0,2686.0,88.34,88.0,4.0,105.0,130.0,0.5,2000.0
8.3,4.0,12.0,24.0,2686.0,88.34,88.0,4.0,105.0,130.0,1.0,2000.0
9.12,4.0,12.0,24.0,2686.0,88.34,88.0,4.0,105.0,130.0,1.5,2000.0
9.97,4.0,12.0,24.0,2686.0,88.34,88.0,4.0,105.0,130.0,2.0,2000.0
10.85,4.0,12.0,24.0,2686.0,88.34,88.0,4.0,105.0,130.0,2.5,2000.0
11.75,4.0,12.0,24.0,2686.0,88.34,88.0,4.0,105.0,130.0,3.0,2000.0
13.63,4.0,12.0,24.0,2686.0,88.34,88.0,4.0,105.0,130.0,4.0,2000.0
14.61,4.0,12.0,24.0,2686.0,88.34,88.0,4.0,105.0,130.0,4.5,2000.0
15.61,4.0,12.0,24.0,2686.0,88.34,88.0,4.0,105.0,130.0,5.0,2000.0
16.64,4.0,12.0,24.0,2686.0,88.34,88.0,4.0,105.0,130.0,5.5,2000.0
17.7,4.0,12.0,24.0,2686.0,88.34,88.0,4.0,105.0,130.0,6.0,2000.0
18.78,4.0,12.0,24.0,2686.0,88.34,88.0,4.0,105.0,130.0,6.5,2000.0
19.88,4.0,12.0,24.0,2686.0,88.34,88.0,4.0,105.0,130.0,7.0,2000.0
21.01,4.0,12.0,24.0,2686.0,88.34,88.0,4.0,105.0,130.0,7.5,2000.0
22.17,4.0,12.0,24.0,2686.0,88.34,88.0,4.0,105.0,130.0,8.0,2000.0
23.36,4.0,12.0,24.0,2686.0,88.34,88.0,4.0,105.0,130.0,8.5,2000.0
25.8,4.0,12.0,24.0,2686.0,88.34,88.0,4.0,105.0,130.0,9.5,2000.0
27.06,4.0,12.0,24.0,2686.0,88.34,88.0,4.0,105.0,130.0,10.0,2000.0
28.34,4.0,12.0,24.0,2686.0,88.34,88.0,4.0,105.0,130.0,10.5,2000.0
29.65,4.0,12.0,24.0,2686.0,88.34,88.0,4.0,105.0,130.0,11.0,2000.0
30.99,4.0,12.0,24.0,2686.0,88.34,88.0,4.0,105.0,130.0,11.5,2000.0
32.35,4.0,12.0,24.0,2686.0,88.34,88.0,4.0,105.0,130.0,12.0,2000.0
33.74,4.0,12.0,24.0,2686.0,88.34,88.0,4.0,105.0,130.0,12.5,2000.0
35.15,4.0,12.0,24.0,2686.0,88.34,88.0,4.0,105.0,130.0,13.0,2000.0
36.59,4.0,12.0,24.0,2686.0,88.34,88.0,4.0,105.0,130.0,13.5,2000.0
38.06,4.0,12.0,24.0,2686.0,88.34,88.0,4.0,105.0,130.0,14.0,2000.0
39.55,4.0,12.0,24.0,2686.0,88.34,88.0,4.0,105.0,130.0,14.5,2000.0
41.06,4.0,12.0,24.0,2686.0,88.34,88.0,4.0,105.0,130.0,15.0,2000.0
42.6,4.0,12.0,24.0,2686.0,88.34,88.0,4.0,105.0,130.0,15.5,2000.0
44.17,4.0,12.0,24.0,2686.0,88.34,88.0,4.0,105.0,130.0,16.0,2000.0
45.76,4.0,12.0,24.0,2686.0,88.34,88.0,4.0,105.0,130.0,16.5,2000.0
47.38,4.0,12.0,24.0,2686.0,88.34,88.0,4.0,105.0,130.0,17.0,2000.0
49.02,4.0,12.0,24.0,2686.0,88.34,88.0,4.0,105.0,130.0,17.5,2000.0
52.39,4.0,12.0,24.0,2686.0,88.34,88.0,4.0,105.0,130.0,18.5,2000.0
54.11,4.0,12.0,24.0,2686.0,88.34,88.0,4.0,105.0,130.0,19.0,2000.0
55.85,4.0,12.0,24.0,2686.0,88.34,88.0,4.0,105.0,130.0,19.5,2000.0
57.62,4.0,12.0,24.0,2686.0,88.34,88.0,4.0,105.0,130.0,20.0,2000.0
10.39,4.0,12.0,24.0,2686.0,88.34,88.0,4.0,105.0,130.0,0.0,2500.0
11.17,4.0,12.0,24.0,2686.0,88.34,88.0,4.0,105.0,130.0,0.5,2500.0
11.98,4.0,12.0,24.0,2686.0,88.34,88.0,4.0,105.0,130.0,1.0,2500.0
12.83,4.0,12.0,24.0,2686.0,88.34,88.0,4.0,105.0,130.0,1.5,2500.0
13.71,4.0,12.0,24.0,2686.0,88.34,88.0,4.0,105.0,130.0,2.0,2500.0
14.62,4.0,12.0,24.0,2686.0,88.34,88.0,4.0,105.0,130.0,2.5,2500.0
16.56,4.0,12.0,24.0,2686.0,88.34,88.0,4.0,105.0,130.0,3.5,2500.0
17.57,4.0,12.0,24.0,2686.0,88.34,88.0,4.0,105.0,130.0,4.0,2500.0
18.63,4.0,12.0,24.0,2686.0,88.34,88.0,4.0,105.0,130.0,4.5,2500.0
19.71,4.0,12.0,24.0,2686.0,88.34,88.0,4.0,105.0,130.0,5.0,2500.0
20.83,4.0,12.0,24.0,2686.0,88.34,88.0,4.0,105.0,130.0,5.5,2500.0
21.99,4.0,12.0,24.0,2686.0,88.34,88.0,4.0,105.0,130.0,6.0,2500.0
23.18,4.0,12.0,24.0,2686.0,88.34,88.0,4.0,105.0,130.0,6.5,2500.0
24.4,4.0,12.0,24.0,2686.0,88.34,88.0,4.0,105.0,130.0,7.0,2500.0
25.66,4.0,12.0,24.0,2686.0,88.34,88.0,4.0,105.0,130.0,7.5,2500.0
26.95,4.0,12.0,24.0,2686.0,88.34,88.0,4.0,105.0,130.0,8.0,2500.0
28.27,4.0,12.0,24.0,2686.0,88.34,88.0,4.0,105.0,130.0,8.5,2500.0
29.63,4.0,12.0,24.0,2686.0,88.34,88.0,4.0,105.0,130.0,9.0,2500.0
31.03,4.0,12.0,24.0,2686.0,88.34,88.0,4.0,105.0,130.0,9.5,2500.0
32.46,4.0,12.0,24.0,2686.0,88.34,88.0,4.0,105.0,130.0,10.0,2500.0
33.92,4.0,12.0,24.0,2686.0,88.34,88.0,4.0,105.0,130.0,10.5,2500.0
38.51,4.0,12.0,24.0,2686.0,88.34,88.0,4.0,105.0,130.0,12.0,2500.0
40.11,4.0,12.0,24.0,2686.0,88.34,88.0,4.0,105.0,130.0,12.5,2500.0
41.75,4.0,12.0,24.0,2686.0,88.34,88.0,4.0,105.0,130.0,13.0,2500.0
43.41,4.0,12.0,24.0,2686.0,88.34,88.0,4.0,105.0,130.0,13.5,2500.0
46.85,4.0,12.0,24.0,2686.0,88.34,88.0,4.0,105.0,130.0,14.5,2500.0
48.62,4.0,12.0,24.0,2686.0,88.34,88.0,4.0,105.0,130.0,15.0,2500.0
50.43,4.0,12.0,24.0,2686.0,88.34,88.0,4.0,105.0,130.0,15.5,2500.0
52.27,4.0,12.0,24.0,2686.0,88.34,88.0,4.0,105.0,130.0,16.0,2500.0
54.14,4.0,12.0,24.0,2686.0,88.34,88.0,4.0,105.0,130.0,16.5,2500.0
56.05,4.0,12.0,24.0,2686.0,88.34,88.0,4.0,105.0,130.0,17.0,2500.0
57.99,4.0,12.0,24.0,2686.0,88.34,88.0,4.0,105.0,130.0,17.5,2500.0
61.97,4.0,12.0,24.0,2686.0,88.34,88.0,4.0,105.0,130.0,18.5,2500.0
64.02,4.0,12.0,24.0,2686.0,88.34,88.0,4.0,105.0,130.0,19.0,2500.0
66.1,4.0,12.0,24.0,2686.0,88.34,88.0,4.0,105.0,130.0,19.5,2500.0
68.21,4.0,12.0,24.0,2686.0,88.34,88.0,4.0,105.0,130.0,20.0,2500.0
14.07,4.0,12.0,24.0,2686.0,88.34,88.0,4.0,105.0,130.0,0.0,3000.0
14.96,4.0,12.0,24.0,2686.0,88.34,88.0,4.0,105.0,130.0,0.5,3000.0
15.88,4.0,12.0,24.0,2686.0,88.34,88.0,4.0,105.0,130.0,1.0,3000.0
16.85,4.0,12.0,24.0,2686.0,88.34,88.0,4.0,105.0,130.0,1.5,3000.0
17.86,4.0,12.0,24.0,2686.0,88.34,88.0,4.0,105.0,130.0,2.0,3000.0
18.91,4.0,12.0,24.0,2686.0,88.34,88.0,4.0,105.0,130.0,2.5,3000.0
20.0,4.0,12.0,24.0,2686.0,88.34,88.0,4.0,105.0,130.0,3.0,3000.0
22.3,4.0,12.0,24.0,2686.0,88.34,88.0,4.0,105.0,130.0,4.0,3000.0
23.51,4.0,12.0,24.0,2686.0,88.34,88.0,4.0,105.0,130.0,4.5,3000.0
24.77,4.0,12.0,24.0,2686.0,88.34,88.0,4.0,105.0,130.0,5.0,3000.0
26.06,4.0,12.0,24.0,2686.0,88.34,88.0,4.0,105.0,130.0,5.5,3000.0
28.78,4.0,12.0,24.0,2686.0,88.34,88.0,4.0,105.0,130.0,6.5,3000.0
30.2,4.0,12.0,24.0,2686.0,88.34,88.0,4.0,105.0,130.0,7.0,3000.0
31.66,4.0,12.0,24.0,2686.0,88.34,88.0,4.0,105.0,130.0,7.5,3000.0
33.16,4.0,12.0,24.0,2686.0,88.34,88.0,4.0,105.0,130.0,8.0,3000.0
34.7,4.0,12.0,24.0,2686.0,88.34,88.0,4.0,105.0,130.0,8.5,3000.0
37.91,4.0,12.0,24.0,2686.0,88.34,88.0,4.0,105.0,130.0,9.5,3000.0
39.58,4.0,12.0,24.0,2686.0,88.34,88.0,4.0,105.0,130.0,10.0,3000.0
41.28,4.0,12.0,24.0,2686.0,88.34,88.0,4.0,105.0,130.0,10.5,3000.0
43.03,4.0,12.0,24.0,2686.0,88.34,88.0,4.0,105.0,130.0,11.0,3000.0
44.82,4.0,12.0,24.0,2686.0,88.34,88.0,4.0,105.0,130.0,11.5,3000.0
46.65,4.0,12.0,24.0,2686.0,88.34,88.0,4.0,105.0,130.0,12.0,3000.0
48.52,4.0,12.0,24.0,2686.0,88.34,88.0,4.0,105.0,130.0,12.5,3000.0
50.44,4.0,12.0,24.0,2686.0,88.34,88.0,4.0,105.0,130.0,13.0,3000.0
54.38,4.0,12.0,24.0,2686.0,88.34,88.0,4.0,105.0,130.0,14.0,3000.0
56.42,4.0,12.0,24.0,2686.0,88.34,88.0,4.0,105.0,130.0,14.5,3000.0
60.62,4.0,12.0,24.0,2686.0,88.34,88.0,4.0,105.0,130.0,15.5,3000.0
62.78,4.0,12.0,24.0,2686.0,88.34,88.0,4.0,105.0,130.0,16.0,3000.0
64.98,4.0,12.0,24.0,2686.0,88.34,88.0,4.0,105.0,130.0,16.5,3000.0
67.22,4.0,12.0,24.0,2686.0,88.34,88.0,4.0,105.0,130.0,17.0,3000.0
69.5,4.0,12.0,24.0,2686.0,88.34,88.0,4.0,105.0,130.0,17.5,3000.0
71.83,4.0,12.0,24.0,2686.0,88.34,88.0,4.0,105.0,130.0,18.0,3000.0
76.6,4.0,12.0,24.0,2686.0,88.34,88.0,4.0,105.0,130.0,19.0,3000.0
17.77,4.0,12.0,24.0,2686.0,88.34,88.0,4.0,105.0,130.0,0.0,3500.0
20.0,4.0,12.0,24.0,2686.0,88.34,88.0,4.0,105.0,130.0,1.0,3500.0
21.19,4.0,12.0,24.0,2686.0,88.34,88.0,4.0,105.0,130.0,1.5,3500.0
22.42,4.0,12.0,24.0,2686.0,88.34,88.0,4.0,105.0,130.0,2.0,3500.0
23.69,4.0,12.0,24.0,2686.0,88.34,88.0,4.0,105.0,130.0,2.5,3500.0
25.02,4.0,12.0,24.0,2686.0,88.34,88.0,4.0,105.0,130.0,3.0,3500.0
26.39,4.0,12.0,24.0,2686.0,88.34,88.0,4.0,105.0,130.0,3.5,3500.0
27.8,4.0,12.0,24.0,2686.0,88.34,88.0,4.0,105.0,130.0,4.0,3500.0
29.27,4.0,12.0,24.0,2686.0,88.34,88.0,4.0,105.0,130.0,4.5,3500.0
33.93,4.0,12.0,24.0,2686.0,88.34,88.0,4.0,105.0,130.0,6.0,3500.0
35.58,4.0,12.0,24.0,2686.0,88.34,88.0,4.0,105.0,130.0,6.5,3500.0
37.27,4.0,12.0,24.0,2686.0,88.34,88.0,4.0,105.0,130.0,7.0,3500.0
39.01,4.0,12.0,24.0,2686.0,88.34,88.0,4.0,105.0,130.0,7.5,3500.0
40.8,4.0,12.0,24.0,2686.0,88.34,88.0,4.0,105.0,130.0,8.0,3500.0
42.64,4.0,12.0,24.0,2686.0,88.34,88.0,4.0,105.0,130.0,8.5,3500.0
44.52,4.0,12.0,24.0,2686.0,88.34,88.0,4.0,105.0,130.0,9.0,3500.0
46.44,4.0,12.0,24.0,2686.0,88.34,88.0,4.0,105.0,130.0,9.5,3500.0
48.41,4.0,12.0,24.0,2686.0,88.34,88.0,4.0,105.0,130.0,10.0,3500.0
52.5,4.0,12.0,24.0,2686.0,88.34,88.0,4.0,105.0,130.0,11.0,3500.0
54.61,4.0,12.0,24.0,2686.0,88.34,88.0,4.0,105.0,130.0,11.5,3500.0
56.77,4.0,12.0,24.0,2686.0,88.34,88.0,4.0,105.0,130.0,12.0,3500.0
58.97,4.0,12.0,24.0,2686.0,88.34,88.0,4.0,105.0,130.0,12.5,3500.0
61.22,4.0,12.0,24.0,2686.0,88.34,88.0,4.0,105.0,130.0,13.0,3500.0
63.52,4.0,12.0,24.0,2686.0,88.34,88.0,4.0,105.0,130.0,13.5,3500.0
65.86,4.0,12.0,24.0,2686.0,88.34,88.0,4.0,105.0,130.0,14.0,3500.0
68.25,4.0,12.0,24.0,2686.0,88.34,88.0,4.0,105.0,130.0,14.5,3500.0
70.69,4.0,12.0,24.0,2686.0,88.34,88.0,4.0,105.0,130.0,15.0,3500.0
73.17,4.0,12.0,24.0,2686.0,88.34,88.0,4.0,105.0,130.0,15.5,3500.0
78.28,4.0,12.0,24.0,2686.0,88.34,88.0,4.0,105.0,130.0,16.5,3500.0
80.9,4.0,12.0,24.0,2686.0,88.34,88.0,4.0,105.0,130.0,17.0,3500.0
83.57,4.0,12.0,24.0,2686.0,88.34,88.0,4.0,105.0,130.0,17.5,3500.0
86.28,4.0,12.0,24.0,2686.0,88.34,88.0,4.0,105.0,130.0,18.0,3500.0
89.04,4.0,12.0,24.0,2686.0,88.34,88.0,4.0,105.0,130.0,18.5,3500.0
91.85,4.0,12.0,24.0,2686.0,88.34,88.0,4.0,105.0,130.0,19.0,3500.0
94.7,4.0,12.0,24.0,2686.0,88.34,88.0,4.0,105.0,130.0,19.5,3500.0
97.6,4.0,12.0,24.0,2686.0,88.34,88.0,4.0,105.0,130.0,20.0,3500.0
22.98,4.0,12.0,24.0,2686.0,88.34,88.0,4.0,105.0,130.0,0.0,4200.0
24.53,4.0,12.0,24.0,2686.0,88.34,88.0,4.0,105.0,130.0,0.5,4200.0
26.14,4.0,12.0,24.0,2686.0,88.34,88.0,4.0,105.0,130.0,1.0,4200.0
27.79,4.0,12.0,24.0,2686.0,88.34,88.0,4.0,105.0,130.0,1.5,4200.0
29.49,4.0,12.0,24.0,2686.0,88.34,88.0,4.0,105.0,130.0,2.0,4200.0
31.25,4.0,12.0,24.0,2686.0,88.34,88.0,4.0,105.0,130.0,2.5,4200.0
34.91,4.0,12.0,24.0,2686.0,88.34,88.0,4.0,105.0,130.0,3.5,4200.0
36.82,4.0,12.0,24.0,2686.0,88.34,88.0,4.0,105.0,130.0,4.0,4200.0
40.79,4.0,12.0,24.0,2686.0,88.34,88.0,4.0,105.0,130.0,5.0,4200.0
42.85,4.0,12.0,24.0,2686.0,88.34,88.0,4.0,105.0,130.0,5.5,4200.0
44.96,4.0,12.0,24.0,2686.0,88.34,88.0,4.0,105.0,130.0,6.0,4200.0
47.12,4.0,12.0,24.0,2686.0,88.34,88.0,4.0,105.0,130.0,6.5,4200.0
49.33,4.0,12.0,24.0,2686.0,88.34,88.0,4.0,105.0,130.0,7.0,4200.0
51.6,4.0,12.0,24.0,2686.0,88.34,88.0,4.0,105.0,130.0,7.5,4200.0
53.91,4.0,12.0,24.0,2686.0,88.34,88.0,4.0,105.0,130.0,8.0,4200.0
56.28,4.0,12.0,24.0,2686.0,88.34,88.0,4.0,105.0,130.0,8.5,4200.0
58.69,4.0,12.0,24.0,2686.0,88.34,88.0,4.0,105.0,130.0,9.0,4200.0
61.16,4.0,12.0,24.0,2686.0,88.34,88.0,4.0,105.0,130.0,9.5,4200.0
63.68,4.0,12.0,24.0,2686.0,88.34,88.0,4.0,105.0,130.0,10.0,4200.0
66.25,4.0,12.0,24.0,2686.0,88.34,88.0,4.0,105.0,130.0,10.5,4200.0
74.26,4.0,12.0,24.0,2686.0,88.34,88.0,4.0,105.0,130.0,12.0,4200.0
77.03,4.0,12.0,24.0,2686.0,88.34,88.0,4.0,105.0,130.0,12.5,4200.0
79.85,4.0,12.0,24.0,2686.0,88.34,88.0,4.0,105.0,130.0,13.0,4200.0
82.72,4.0,12.0,24.0,2686.0,88.34,88.0,4.0,105.0,130.0,13.5,4200.0
85.65,4.0,12.0,24.0,2686.0,88.34,88.0,4.0,105.0,130.0,14.0,4200.0
88.62,4.0,12.0,24.0,2686.0,88.34,88.0,4.0,105.0,130.0,14.5,4200.0
91.65,4.0,12.0,24.0,2686.0,88.34,88.0,4.0,105.0,130.0,15.0,4200.0
94.73,4.0,12.0,24.0,2686.0,88.34,88.0,4.0,105.0,130.0,15.5,4200.0
97.86,4.0,12.0,24.0,2686.0,88.34,88.0,4.0,105.0,130.0,16.0,4200.0
101.03,4.0,12.0,24.0,2686.0,88.34,88.0,4.0,105.0,130.0,16.5,4200.0
104.26,4.0,12.0,24.0,2686.0,88.34,88.0,4.0,105.0,130.0,17.0,4200.0
107.54,4.0,12.0,24.0,2686.0,88.34,88.0,4.0,105.0,130.0,17.5,4200.0
110.87,4.0,12.0,24.0,2686.0,88.34,88.0,4.0,105.0,130.0,18.0,4200.0
114.26,4.0,12.0,24.0,2686.0,88.34,88.0,4.0,105.0,130.0,18.5,4200.0
117.69,4.0,12.0,24.0,2686.0,88.34,88.0,4.0,105.0,130.0,19.0,4200.0
121.17,4.0,12.0,24.0,2686.0,88.34,88.0,4.0,105.0,130.0,19.5,4200.0
124.71,4.0,12.0,24.0,2686.0,88.34,88.0,4.0,105.0,130.0,20.0,4200.0
25.22,4.0,12.0,24.0,2686.0,88.34,88.0,4.0,105.0,130.0,0.0,4500.0
27.03,4.0,12.0,24.0,2686.0,88.34,88.0,4.0,105.0,130.0,0.5,4500.0
28.9,4.0,12.0,24.0,2686.0,88.34,88.0,4.0,105.0,130.0,1.0,4500.0
30.81,4.0,12.0,24.0,2686.0,88.34,88.0,4.0,105.0,130.0,1.5,4500.0
32.77,4.0,12.0,24.0,2686.0,88.34,88.0,4.0,105.0,130.0,2.0,4500.0
36.86,4.0,12.0,24.0,2686.0,88.34,88.0,4.0,105.0,130.0,3.0,4500.0
38.98,4.0,12.0,24.0,2686.0,88.34,88.0,4.0,105.0,130.0,3.5,4500.0
41.15,4.0,12.0,24.0,2686.0,88.34,88.0,4.0,105.0,130.0,4.0,4500.0
43.38,4.0,12.0,24.0,2686.0,88.34,88.0,4.0,105.0,130.0,4.5,4500.0
45.65,4.0,12.0,24.0,2686.0,88.34,88.0,4.0,105.0,130.0,5.0,4500.0
47.98,4.0,12.0,24.0,2686.0,88.34,88.0,4.0,105.0,130.0,5.5,4500.0
50.36,4.0,12.0,24.0,2686.0,88.34,88.0,4.0,105.0,130.0,6.0,4500.0
52.79,4.0,12.0,24.0,2686.0,88.34,88.0,4.0,105.0,130.0,6.5,4500.0
55.27,4.0,12.0,24.0,2686.0,88.34,88.0,4.0,105.0,130.0,7.0,4500.0
57.8,4.0,12.0,24.0,2686.0,88.34,88.0,4.0,105.0,130.0,7.5,4500.0
60.39,4.0,12.0,24.0,2686.0,88.34,88.0,4.0,105.0,130.0,8.0,4500.0
63.03,4.0,12.0,24.0,2686.0,88.34,88.0,4.0,105.0,130.0,8.5,4500.0
65.72,4.0,12.0,24.0,2686.0,88.34,88.0,4.0,105.0,130.0,9.0,4500.0
71.25,4.0,12.0,24.0,2686.0,88.34,88.0,4.0,105.0,130.0,10.0,4500.0
74.1,4.0,12.0,24.0,2686.0,88.34,88.0,4.0,105.0,130.0,10.5,4500.0
76.99,4.0,12.0,24.0,2686.0,88.34,88.0,4.0,105.0,130.0,11.0,4500.0
79.94,4.0,12.0,24.0,2686.0,88.34,88.0,4.0,105.0,130.0,11.5,4500.0
82.94,4.0,12.0,24.0,2686.0,88.34,88.0,4.0,105.0,130.0,12.0,4500.0
85.99,4.0,12.0,24.0,2686.0,88.34,88.0,4.0,105.0,130.0,12.5,4500.0
89.09,4.0,12.0,24.0,2686.0,88.34,88.0,4.0,105.0,130.0,13.0,4500.0
92.25,4.0,12.0,24.0,2686.0,88.34,88.0,4.0,105.0,130.0,13.5,4500.0
95.45,4.0,12.0,24.0,2686.0,88.34,88.0,4.0,105.0,130.0,14.0,4500.0
98.71,4.0,12.0,24.0,2686.0,88.34,88.0,4.0,105.0,130.0,14.5,4500.0
102.02,4.0,12.0,24.0,2686.0,88.34,88.0,4.0,105.0,130.0,15.0,4500.0
105.38,4.0,12.0,24.0,2686.0,88.34,88.0,4.0,105.0,130.0,15.5,4500.0
108.8,4.0,12.0,24.0,2686.0,88.34,88.0,4.0,105.0,130.0,16.0,4500.0
112.26,4.0,12.0,24.0,2686.0,88.34,88.0,4.0,105.0,130.0,16.5,4500.0
115.78,4.0,12.0,24.0,2686.0,88.34,88.0,4.0,105.0,130.0,17.0,4500.0
119.35,4.0,12.0,24.0,2686.0,88.34,88.0,4.0,105.0,130.0,17.5,4500.0
122.97,4.0,12.0,24.0,2686.0,88.34,88.0,4.0,105.0,130.0,18.0,4500.0
134.14,4.0,12.0,24.0,2686.0,88.34,88.0,4.0,105.0,130.0,19.5,4500.0
137.97,4.0,12.0,24.0,2686.0,88.34,88.0,4.0,105.0,130.0,20.0,4500.0
28.97,4.0,12.0,24.0,2686.0,88.34,88.0,4.0,105.0,130.0,0.0,5000.0
31.3,4.0,12.0,24.0,2686.0,88.34,88.0,4.0,105.0,130.0,0.5,5000.0
33.67,4.0,12.0,24.0,2686.0,88.34,88.0,4.0,105.0,130.0,1.0,5000.0
36.09,4.0,12.0,24.0,2686.0,88.34,88.0,4.0,105.0,130.0,1.5,5000.0
38.57,4.0,12.0,24.0,2686.0,88.34,88.0,4.0,105.0,130.0,2.0,5000.0
41.1,4.0,12.0,24.0,2686.0,88.34,88.0,4.0,105.0,130.0,2.5,5000.0
43.68,4.0,12.0,24.0,2686.0,88.34,88.0,4.0,105.0,130.0,3.0,5000.0
46.31,4.0,12.0,24.0,2686.0,88.34,88.0,4.0,105.0,130.0,3.5,5000.0
49.0,4.0,12.0,24.0,2686.0,88.34,88.0,4.0,105.0,130.0,4.0,5000.0
51.73,4.0,12.0,24.0,2686.0,88.34,88.0,4.0,105.0,130.0,4.5,5000.0
54.52,4.0,12.0,24.0,2686.0,88.34,88.0,4.0,105.0,130.0,5.0,5000.0
57.36,4.0,12.0,24.0,2686.0,88.34,88.0,4.0,105.0,130.0,5.5,5000.0
60.25,4.0,12.0,24.0,2686.0,88.34,88.0,4.0,105.0,130.0,6.0,5000.0
63.19,4.0,12.0,24.0,2686.0,88.34,88.0,4.0,105.0,130.0,6.5,5000.0
66.19,4.0,12.0,24.0,2686.0,88.34,88.0,4.0,105.0,130.0,7.0,5000.0
69.24,4.0,12.0,24.0,2686.0,88.34,88.0,4.0,105.0,130.0,7.5,5000.0
75.49,4.0,12.0,24.0,2686.0,88.34,88.0,4.0,105.0,130.0,8.5,5000.0
78.69,4.0,12.0,24.0,2686.0,88.34,88.0,4.0,105.0,130.0,9.0,5000.0
81.94,4.0,12.0,24.0,2686.0,88.34,88.0,4.0,105.0,130.0,9.5,5000.0
88.61,4.0,12.0,24.0,2686.0,88.34,88.0,4.0,105.0,130.0,10.5,5000.0
92.02,4.0,12.0,24.0,2686.0,88.34,88.0,4.0,105.0,130.0,11.0,5000.0
95.48,4.0,12.0,24.0,2686.0,88.34,88.0,4.0,105.0,130.0,11.5,5000.0
98.99,4.0,12.0,24.0,2686.0,88.34,88.0,4.0,105.0,130.0,12.0,5000.0
102.56,4.0,12.0,24.0,2686.0,88.34,88.0,4.0,105.0,130.0,12.5,5000.0
106.18,4.0,12.0,24.0,2686.0,88.34,88.0,4.0,105.0,130.0,13.0,5000.0
109.84,4.0,12.0,24.0,2686.0,88.34,88.0,4.0,105.0,130.0,13.5,5000.0
113.57,4.0,12.0,24.0,2686.0,88.34,88.0,4.0,105.0,130.0,14.0,5000.0
117.34,4.0,12.0,24.0,2686.0,88.34,88.0,4.0,105.0,130.0,14.5,5000.0
125.04,4.0,12.0,24.0,2686.0,88.34,88.0,4.0,105.0,130.0,15.5,5000.0
128.97,4.0,12.0,24.0,2686.0,88.34,88.0,4.0,105.0,130.0,16.0,5000.0
132.95,4.0,12.0,24.0,2686.0,88.34,88.0,4.0,105.0,130.0,16.5,5000.0
136.98,4.0,12.0,24.0,2686.0,88.34,88.0,4.0,105.0,130.0,17.0,5000.0
141.07,4.0,12.0,24.0,2686.0,88.34,88.0,4.0,105.0,130.0,17.5,5000.0
149.39,4.0,12.0,24.0,2686.0,88.34,88.0,4.0,105.0,130.0,18.5,5000.0
157.92,4.0,12.0,24.0,2686.0,88.34,88.0,4.0,105.0,130.0,19.5,5000.0
162.26,4.0,12.0,24.0,2686.0,88.34,88.0,4.0,105.0,130.0,20.0,5000.0
-13.41,4.0,13.0,24.0,3226.0,88.4,88.0,6.0,105.0,130.0,0.0,100.0
-11.4,4.0,13.0,24.0,3226.0,88.4,88.0,6.0,105.0,130.0,0.5,100.0
-9.39,4.0,13.0,24.0,3226.0,88.4,88.0,6.0,105.0,130.0,1.0,100.0
-7.39,4.0,13.0,24.0,3226.0,88.4,88.0,6.0,105.0,130.0,1.5,100.0
-5.39,4.0,13.0,24.0,3226.0,88.4,88.0,6.0,105.0,130.0,2.0,100.0
-3.39,4.0,13.0,24.0,3226.0,88.4,88.0,6.0,105.0,130.0,2.5,100.0
0.6,4.0,13.0,24.0,3226.0,88.4,88.0,6.0,105.0,130.0,3.5,100.0
2.59,4.0,13.0,24.0,3226.0,88.4,88.0,6.0,105.0,130.0,4.0,100.0
4.58,4.0,13.0,24.0,3226.0,88.4,88.0,6.0,105.0,130.0,4.5,100.0
6.57,4.0,13.0,24.0,3226.0,88.4,88.0,6.0,105.0,130.0,5.0,100.0
8.55,4.0,13.0,24.0,3226.0,88.4,88.0,6.0,105.0,130.0,5.5,100.0
10.53,4.0,13.0,24.0,3226.0,88.4,88.0,6.0,105.0,130.0,6.0,100.0
12.51,4.0,13.0,24.0,3226.0,88.4,88.0,6.0,105.0,130.0,6.5,100.0
14.48,4.0,13.0,24.0,3226.0,88.4,88.0,6.0,105.0,130.0,7.0,100.0
16.45,4.0,13.0,24.0,3226.0,88.4,88.0,6.0,105.0,130.0,7.5,100.0
18.42,4.0,13.0,24.0,3226.0,88.4,88.0,6.0,105.0,130.0,8.0,100.0
20.39,4.0,13.0,24.0,3226.0,88.4,88.0,6.0,105.0,130.0,8.5,100.0
22.35,4.0,13.0,24.0,3226.0,88.4,88.0,6.0,105.0,130.0,9.0,100.0
24.31,4.0,13.0,24.0,3226.0,88.4,88.0,6.0,105.0,130.0,9.5,100.0
28.23,4.0,13.0,24.0,3226.0,88.4,88.0,6.0,105.0,130.0,10.5,100.0
30.18,4.0,13.0,24.0,3226.0,88.4,88.0,6.0,105.0,130.0,11.0,100.0
32.13,4.0,13.0,24.0,3226.0,88.4,88.0,6.0,105.0,130.0,11.5,100.0
34.08,4.0,13.0,24.0,3226.0,88.4,88.0,6.0,105.0,130.0,12.0,100.0
36.02,4.0,13.0,24.0,3226.0,88.4,88.0,6.0,105.0,130.0,12.5,100.0
37.96,4.0,13.0,24.0,3226.0,88.4,88.0,6.0,105.0,130.0,13.0,100.0
43.77,4.0,13.0,24.0,3226.0,88.4,88.0,6.0,105.0,130.0,14.5,100.0
45.7,4.0,13.0,24.0,3226.0,88.4,88.0,6.0,105.0,130.0,15.0,100.0
47.63,4.0,13.0,24.0,3226.0,88.4,88.0,6.0,105.0,130.0,15.5,100.0
49.56,4.0,13.0,24.0,3226.0,88.4,88.0,6.0,105.0,130.0,16.0,100.0
51.48,4.0,13.0,24.0,3226.0,88.4,88.0,6.0,105.0,130.0,16.5,100.0
53.4,4.0,13.0,24.0,3226.0,88.4,88.0,6.0,105.0,130.0,17.0,100.0
55.32,4.0,13.0,24.0,3226.0,88.4,88.0,6.0,105.0,130.0,17.5,100.0
57.23,4.0,13.0,24.0,3226.0,88.4,88.0,6.0,105.0,130.0,18.0,100.0
59.14,4.0,13.0,24.0,3226.0,88.4,88.0,6.0,105.0,130.0,18.5,100.0
61.05,4.0,13.0,24.0,3226.0,88.4,88.0,6.0,105.0,130.0,19.0,100.0
62.96,4.0,13.0,24.0,3226.0,88.4,88.0,6.0,105.0,130.0,19.5,100.0
64.86,4.0,13.0,24.0,3226.0,88.4,88.0,6.0,105.0,130.0,20.0,100.0
-0.79,4.0,13.0,24.0,3226.0,88.4,88.0,6.0,105.0,130.0,0.0,1000.0
0.29,4.0,13.0,24.0,3226.0,88.4,88.0,6.0,105.0,130.0,0.5,1000.0
1.38,4.0,13.0,24.0,3226.0,88.4,88.0,6.0,105.0,130.0,1.0,1000.0
2.48,4.0,13.0,24.0,3226.0,88.4,88.0,6.0,105.0,130.0,1.5,1000.0
3.61,4.0,13.0,24.0,3226.0,88.4,88.0,6.0,105.0,130.0,2.0,1000.0
4.75,4.0,13.0,24.0,3226.0,88.4,88.0,6.0,105.0,130.0,2.5,1000.0
5.91,4.0,13.0,24.0,3226.0,88.4,88.0,6.0,105.0,130.0,3.0,1000.0
7.08,4.0,13.0,24.0,3226.0,88.4,88.0,6.0,105.0,130.0,3.5,1000.0
9.48,4.0,13.0,24.0,3226.0,88.4,88.0,6.0,105.0,130.0,4.5,1000.0
10.71,4.0,13.0,24.0,3226.0,88.4,88.0,6.0,105.0,130.0,5.0,1000.0
11.95,4.0,13.0,24.0,3226.0,88.4,88.0,6.0,105.0,130.0,5.5,1000.0
13.21,4.0,13.0,24.0,3226.0,88.4,88.0,6.0,105.0,130.0,6.0,1000.0
14.49,4.0,13.0,24.0,3226.0,88.4,88.0,6.0,105.0,130.0,6.5,1000.0
15.78,4.0,13.0,24.0,3226.0,88.4,88.0,6.0,105.0,130.0,7.0,1000.0
17.09,4.0,13.0,24.0,3226.0,88.4,88.0,6.0,105.0,130.0,7.5,1000.0
18.42,4.0,13.0,24.0,3226.0,88.4,88.0,6.0,105.0,130.0,8.0,1000.0
21.12,4.0,13.0,24.0,3226.0,88.4,88.0,6.0,105.0,130.0,9.0,1000.0
22.5,4.0,13.0,24.0,3226.0,88.4,88.0,6.0,105.0,130.0,9.5,1000.0
23.89,4.0,13.0,24.0,3226.0,88.4,88.0,6.0,105.0,130.0,10.0,1000.0
26.73,4.0,13.0,24.0,3226.0,88.4,88.0,6.0,105.0,130.0,11.0,1000.0
28.18,4.0,13.0,24.0,3226.0,88.4,88.0,6.0,105.0,130.0,11.5,1000.0
32.62,4.0,13.0,24.0,3226.0,88.4,88.0,6.0,105.0,130.0,13.0,1000.0
34.13,4.0,13.0,24.0,3226.0,88.4,88.0,6.0,105.0,130.0,13.5,1000.0
35.66,4.0,13.0,24.0,3226.0,88.4,88.0,6.0,105.0,130.0,14.0,1000.0
37.21,4.0,13.0,24.0,3226.0,88.4,88.0,6.0,105.0,130.0,14.5,1000.0
38.77,4.0,13.0,24.0,3226.0,88.4,88.0,6.0,105.0,130.0,15.0,1000.0
40.35,4.0,13.0,24.0,3226.0,88.4,88.0,6.0,105.0,130.0,15.5,1000.0
41.95,4.0,13.0,24.0,3226.0,88.4,88.0,6.0,105.0,130.0,16.0,1000.0
45.19,4.0,13.0,24.0,3226.0,88.4,88.0,6.0,105.0,130.0,17.0,1000.0
48.51,4.0,13.0,24.0,3226.0,88.4,88.0,6.0,105.0,130.0,18.0,1000.0
50.19,4.0,13.0,24.0,3226.0,88.4,88.0,6.0,105.0,130.0,18.5,1000.0
51.89,4.0,13.0,24.0,3226.0,88.4,88.0,6.0,105.0,130.0,19.0,1000.0
53.6,4.0,13.0,24.0,3226.0,88.4,88.0,6.0,105.0,130.0,19.5,1000.0
55.34,4.0,13.0,24.0,3226.0,88.4,88.0,6.0,105.0,130.0,20.0,1000.0
6.27,4.0,13.0,24.0,3226.0,88.4,88.0,6.0,105.0,130.0,0.5,1500.0
7.06,4.0,13.0,24.0,3226.0,88.4,88.0,6.0,105.0,130.0,1.0,1500.0
8.73,4.0,13.0,24.0,3226.0,88.4,88.0,6.0,105.0,130.0,2.0,1500.0
9.61,4.0,13.0,24.0,3226.0,88.4,88.0,6.0,105.0,130.0,2.5,1500.0
10.51,4.0,13.0,24.0,3226.0,88.4,88.0,6.0,105.0,130.0,3.0,1500.0
11.44,4.0,13.0,24.0,3226.0,88.4,88.0,6.0,105.0,130.0,3.5,1500.0
12.4,4.0,13.0,24.0,3226.0,88.4,88.0,6.0,105.0,130.0,4.0,1500.0
13.38,4.0,13.0,24.0,3226.0,88.4,88.0,6.0,105.0,130.0,4.5,1500.0
14.39,4.0,13.0,24.0,3226.0,88.4,88.0,6.0,105.0,130.0,5.0,1500.0
15.43,4.0,13.0,24.0,3226.0,88.4,88.0,6.0,105.0,130.0,5.5,1500.0
16.5,4.0,13.0,24.0,3226.0,88.4,88.0,6.0,105.0,130.0,6.0,1500.0
17.59,4.0,13.0,24.0,3226.0,88.4,88.0,6.0,105.0,130.0,6.5,1500.0
18.71,4.0,13.0,24.0,3226.0,88.4,88.0,6.0,105.0,130.0,7.0,1500.0
19.86,4.0,13.0,24.0,3226.0,88.4,88.0,6.0,105.0,130.0,7.5,1500.0
21.03,4.0,13.0,24.0,3226.0,88.4,88.0,6.0,105.0,130.0,8.0,1500.0
22.23,4.0,13.0,24.0,3226.0,88.4,88.0,6.0,105.0,130.0,8.5,1500.0
23.46,4.0,13.0,24.0,3226.0,88.4,88.0,6.0,105.0,130.0,9.0,1500.0
24.72,4.0,13.0,24.0,3226.0,88.4,88.0,6.0,105.0,130.0,9.5,1500.0
26.0,4.0,13.0,24.0,3226.0,88.4,88.0,6.0,105.0,130.0,10.0,1500.0
27.31,4.0,13.0,24.0,3226.0,88.4,88.0,6.0,105.0,130.0,10.5,1500.0
28.65,4.0,13.0,24.0,3226.0,88.4,88.0,6.0,105.0,130.0,11.0,1500.0
30.01,4.0,13.0,24.0,3226.0,88.4,88.0,6.0,105.0,130.0,11.5,1500.0
31.41,4.0,13.0,24.0,3226.0,88.4,88.0,6.0,105.0,130.0,12.0,1500.0
32.82,4.0,13.0,24.0,3226.0,88.4,88.0,6.0,105.0,130.0,12.5,1500.0
34.27,4.0,13.0,24.0,3226.0,88.4,88.0,6.0,105.0,130.0,13.0,1500.0
35.74,4.0,13.0,24.0,3226.0,88.4,88.0,6.0,105.0,130.0,13.5,1500.0
38.77,4.0,13.0,24.0,3226.0,88.4,88.0,6.0,105.0,130.0,14.5,1500.0
40.33,4.0,13.0,24.0,3226.0,88.4,88.0,6.0,105.0,130.0,15.0,1500.0
43.52,4.0,13.0,24.0,3226.0,88.4,88.0,6.0,105.0,130.0,16.0,1500.0
45.16,4.0,13.0,24.0,3226.0,88.4,88.0,6.0,105.0,130.0,16.5,1500.0
46.82,4.0,13.0,24.0,3226.0,88.4,88.0,6.0,105.0,130.0,17.0,1500.0
48.51,4.0,13.0,24.0,3226.0,88.4,88.0,6.0,105.0,130.0,17.5,1500.0
50.23,4.0,13.0,24.0,3226.0,88.4,88.0,6.0,105.0,130.0,18.0,1500.0
51.97,4.0,13.0,24.0,3226.0,88.4,88.0,6.0,105.0,130.0,18.5,1500.0
53.75,4.0,13.0,24.0,3226.0,88.4,88.0,6.0,105.0,130.0,19.0,1500.0
55.55,4.0,13.0,24.0,3226.0,88.4,88.0,6.0,105.0,130.0,19.5,1500.0
11.27,4.0,13.0,24.0,3226.0,88.4,88.0,6.0,105.0,130.0,0.0,2000.0
11.88,4.0,13.0,24.0,3226.0,88.4,88.0,6.0,105.0,130.0,0.5,2000.0
12.53,4.0,13.0,24.0,3226.0,88.4,88.0,6.0,105.0,130.0,1.0,2000.0
13.94,4.0,13.0,24.0,3226.0,88.4,88.0,6.0,105.0,130.0,2.0,2000.0
14.7,4.0,13.0,24.0,3226.0,88.4,88.0,6.0,105.0,130.0,2.5,2000.0
15.5,4.0,13.0,24.0,3226.0,88.4,88.0,6.0,105.0,130.0,3.0,2000.0
16.33,4.0,13.0,24.0,3226.0,88.4,88.0,6.0,105.0,130.0,3.5,2000.0
17.21,4.0,13.0,24.0,3226.0,88.4,88.0,6.0,105.0,130.0,4.0,2000.0
18.11,4.0,13.0,24.0,3226.0,88.4,88.0,6.0,105.0,130.0,4.5,2000.0
19.06,4.0,13.0,24.0,3226.0,88.4,88.0,6.0,105.0,130.0,5.0,2000.0
20.04,4.0,13.0,24.0,3226.0,88.4,88.0,6.0,105.0,130.0,5.5,2000.0
21.06,4.0,13.0,24.0,3226.0,88.4,88.0,6.0,105.0,130.0,6.0,2000.0
22.12,4.0,13.0,24.0,3226.0,88.4,88.0,6.0,105.0,130.0,6.5,2000.0
23.21,4.0,13.0,24.0,3226.0,88.4,88.0,6.0,105.0,130.0,7.0,2000.0
24.34,4.0,13.0,24.0,3226.0,88.4,88.0,6.0,105.0,130.0,7.5,2000.0
25.51,4.0,13.0,24.0,3226.0,88.4,88.0,6.0,105.0,130.0,8.0,2000.0
26.72,4.0,13.0,24.0,3226.0,88.4,88.0,6.0,105.0,130.0,8.5,2000.0
27.96,4.0,13.0,24.0,3226.0,88.4,88.0,6.0,105.0,130.0,9.0,2000.0
29.24,4.0,13.0,24.0,3226.0,88.4,88.0,6.0,105.0,130.0,9.5,2000.0
30.55,4.0,13.0,24.0,3226.0,88.4,88.0,6.0,105.0,130.0,10.0,2000.0
31.91,4.0,13.0,24.0,3226.0,88.4,88.0,6.0,105.0,130.0,10.5,2000.0
33.3,4.0,13.0,24.0,3226.0,88.4,88.0,6.0,105.0,130.0,11.0,2000.0
34.72,4.0,13.0,24.0,3226.0,88.4,88.0,6.0,105.0,130.0,11.5,2000.0
36.19,4.0,13.0,24.0,3226.0,88.4,88.0,6.0,105.0,130.0,12.0,2000.0
37.69,4.0,13.0,24.0,3226.0,88.4,88.0,6.0,105.0,130.0,12.5,2000.0
39.23,4.0,13.0,24.0,3226.0,88.4,88.0,6.0,105.0,130.0,13.0,2000.0
40.8,4.0,13.0,24.0,3226.0,88.4,88.0,6.0,105.0,130.0,13.5,2000.0
42.41,4.0,13.0,24.0,3226.0,88.4,88.0,6.0,105.0,130.0,14.0,2000.0
44.06,4.0,13.0,24.0,3226.0,88.4,88.0,6.0,105.0,130.0,14.5,2000.0
45.75,4.0,13.0,24.0,3226.0,88.4,88.0,6.0,105.0,130.0,15.0,2000.0
47.47,4.0,13.0,24.0,3226.0,88.4,88.0,6.0,105.0,130.0,15.5,2000.0
49.23,4.0,13.0,24.0,3226.0,88.4,88.0,6.0,105.0,130.0,16.0,2000.0
51.03,4.0,13.0,24.0,3226.0,88.4,88.0,6.0,105.0,130.0,16.5,2000.0
52.86,4.0,13.0,24.0,3226.0,88.4,88.0,6.0,105.0,130.0,17.0,2000.0
56.64,4.0,13.0,24.0,3226.0,88.4,88.0,6.0,105.0,130.0,18.0,2000.0
58.59,4.0,13.0,24.0,3226.0,88.4,88.0,6.0,105.0,130.0,18.5,2000.0
60.57,4.0,13.0,24.0,3226.0,88.4,88.0,6.0,105.0,130.0,19.0,2000.0
62.59,4.0,13.0,24.0,3226.0,88.4,88.0,6.0,105.0,130.0,19.5,2000.0
64.65,4.0,13.0,24.0,3226.0,88.4,88.0,6.0,105.0,130.0,20.0,2000.0
16.52,4.0,13.0,24.0,3226.0,88.4,88.0,6.0,105.0,130.0,0.0,2500.0
17.13,4.0,13.0,24.0,3226.0,88.4,88.0,6.0,105.0,130.0,0.5,2500.0
17.79,4.0,13.0,24.0,3226.0,88.4,88.0,6.0,105.0,130.0,1.0,2500.0
19.24,4.0,13.0,24.0,3226.0,88.4,88.0,6.0,105.0,130.0,2.0,2500.0
20.04,4.0,13.0,24.0,3226.0,88.4,88.0,6.0,105.0,130.0,2.5,2500.0
20.88,4.0,13.0,24.0,3226.0,88.4,88.0,6.0,105.0,130.0,3.0,2500.0
21.77,4.0,13.0,24.0,3226.0,88.4,88.0,6.0,105.0,130.0,3.5,2500.0
22.71,4.0,13.0,24.0,3226.0,88.4,88.0,6.0,105.0,130.0,4.0,2500.0
23.69,4.0,13.0,24.0,3226.0,88.4,88.0,6.0,105.0,130.0,4.5,2500.0
24.72,4.0,13.0,24.0,3226.0,88.4,88.0,6.0,105.0,130.0,5.0,2500.0
25.79,4.0,13.0,24.0,3226.0,88.4,88.0,6.0,105.0,130.0,5.5,2500.0
26.91,4.0,13.0,24.0,3226.0,88.4,88.0,6.0,105.0,130.0,6.0,2500.0
28.08,4.0,13.0,24.0,3226.0,88.4,88.0,6.0,105.0,130.0,6.5,2500.0
29.29,4.0,13.0,24.0,3226.0,88.4,88.0,6.0,105.0,130.0,7.0,2500.0
31.86,4.0,13.0,24.0,3226.0,88.4,88.0,6.0,105.0,130.0,8.0,2500.0
33.22,4.0,13.0,24.0,3226.0,88.4,88.0,6.0,105.0,130.0,8.5,2500.0
34.61,4.0,13.0,24.0,3226.0,88.4,88.0,6.0,105.0,130.0,9.0,2500.0
36.06,4.0,13.0,24.0,3226.0,88.4,88.0,6.0,105.0,130.0,9.5,2500.0
37.55,4.0,13.0,24.0,3226.0,88.4,88.0,6.0,105.0,130.0,10.0,2500.0
39.09,4.0,13.0,24.0,3226.0,88.4,88.0,6.0,105.0,130.0,10.5,2500.0
40.68,4.0,13.0,24.0,3226.0,88.4,88.0,6.0,105.0,130.0,11.0,2500.0
42.31,4.0,13.0,24.0,3226.0,88.4,88.0,6.0,105.0,130.0,11.5,2500.0
47.48,4.0,13.0,24.0,3226.0,88.4,88.0,6.0,105.0,130.0,13.0,2500.0
49.3,4.0,13.0,24.0,3226.0,88.4,88.0,6.0,105.0,130.0,13.5,2500.0
51.17,4.0,13.0,24.0,3226.0,88.4,88.0,6.0,105.0,130.0,14.0,2500.0
53.08,4.0,13.0,24.0,3226.0,88.4,88.0,6.0,105.0,130.0,14.5,2500.0
55.03,4.0,13.0,24.0,3226.0,88.4,88.0,6.0,105.0,130.0,15.0,2500.0
57.03,4.0,13.0,24.0,3226.0,88.4,88.0,6.0,105.0,130.0,15.5,2500.0
59.08,4.0,13.0,24.0,3226.0,88.4,88.0,6.0,105.0,130.0,16.0,2500.0
61.18,4.0,13.0,24.0,3226.0,88.4,88.0,6.0,105.0,130.0,16.5,2500.0
63.32,4.0,13.0,24.0,3226.0,88.4,88.0,6.0,105.0,130.0,17.0,2500.0
65.51,4.0,13.0,24.0,3226.0,88.4,88.0,6.0,105.0,130.0,17.5,2500.0
67.75,4.0,13.0,24.0,3226.0,88.4,88.0,6.0,105.0,130.0,18.0,2500.0
70.03,4.0,13.0,24.0,3226.0,88.4,88.0,6.0,105.0,130.0,18.5,2500.0
72.36,4.0,13.0,24.0,3226.0,88.4,88.0,6.0,105.0,130.0,19.0,2500.0
74.73,4.0,13.0,24.0,3226.0,88.4,88.0,6.0,105.0,130.0,19.5,2500.0
77.15,4.0,13.0,24.0,3226.0,88.4,88.0,6.0,105.0,130.0,20.0,2500.0
21.25,4.0,13.0,24.0,3226.0,88.4,88.0,6.0,105.0,130.0,0.0,3000.0
22.01,4.0,13.0,24.0,3226.0,88.4,88.0,6.0,105.0,130.0,0.5,3000.0
22.83,4.0,13.0,24.0,3226.0,88.4,88.0,6.0,105.0,130.0,1.0,3000.0
23.7,4.0,13.0,24.0,3226.0,88.4,88.0,6.0,105.0,130.0,1.5,3000.0
24.63,4.0,13.0,24.0,3226.0,88.4,88.0,6.0,105.0,130.0,2.0,3000.0
25.61,4.0,13.0,24.0,3226.0,88.4,88.0,6.0,105.0,130.0,2.5,3000.0
26.65,4.0,13.0,24.0,3226.0,88.4,88.0,6.0,105.0,130.0,3.0,3000.0
27.75,4.0,13.0,24.0,3226.0,88.4,88.0,6.0,105.0,130.0,3.5,3000.0
28.89,4.0,13.0,24.0,3226.0,88.4,88.0,6.0,105.0,130.0,4.0,3000.0
30.1,4.0,13.0,24.0,3226.0,88.4,88.0,6.0,105.0,130.0,4.5,3000.0
31.36,4.0,13.0,24.0,3226.0,88.4,88.0,6.0,105.0,130.0,5.0,3000.0
32.67,4.0,13.0,24.0,3226.0,88.4,88.0,6.0,105.0,130.0,5.5,3000.0
34.04,4.0,13.0,24.0,3226.0,88.4,88.0,6.0,105.0,130.0,6.0,3000.0
35.47,4.0,13.0,24.0,3226.0,88.4,88.0,6.0,105.0,130.0,6.5,3000.0
36.95,4.0,13.0,24.0,3226.0,88.4,88.0,6.0,105.0,130.0,7.0,3000.0
38.49,4.0,13.0,24.0,3226.0,88.4,88.0,6.0,105.0,130.0,7.5,3000.0
40.08,4.0,13.0,24.0,3226.0,88.4,88.0,6.0,105.0,130.0,8.0,3000.0
41.73,4.0,13.0,24.0,3226.0,88.4,88.0,6.0,105.0,130.0,8.5,3000.0
45.19,4.0,13.0,24.0,3226.0,88.4,88.0,6.0,105.0,130.0,9.5,3000.0
47.0,4.0,13.0,24.0,3226.0,88.4,88.0,6.0,105.0,130.0,10.0,3000.0
52.77,4.0,13.0,24.0,3226.0,88.4,88.0,6.0,105.0,130.0,11.5,3000.0
54.81,4.0,13.0,24.0,3226.0,88.4,88.0,6.0,105.0,130.0,12.0,3000.0
56.9,4.0,13.0,24.0,3226.0,88.4,88.0,6.0,105.0,130.0,12.5,3000.0
59.04,4.0,13.0,24.0,3226.0,88.4,88.0,6.0,105.0,130.0,13.0,3000.0
61.24,4.0,13.0,24.0,3226.0,88.4,88.0,6.0,105.0,130.0,13.5,3000.0
63.5,4.0,13.0,24.0,3226.0,88.4,88.0,6.0,105.0,130.0,14.0,3000.0
65.81,4.0,13.0,24.0,3226.0,88.4,88.0,6.0,105.0,130.0,14.5,3000.0
68.18,4.0,13.0,24.0,3226.0,88.4,88.0,6.0,105.0,130.0,15.0,3000.0
70.6,4.0,13.0,24.0,3226.0,88.4,88.0,6.0,105.0,130.0,15.5,3000.0
73.08,4.0,13.0,24.0,3226.0,88.4,88.0,6.0,105.0,130.0,16.0,3000.0
75.61,4.0,13.0,24.0,3226.0,88.4,88.0,6.0,105.0,130.0,16.5,3000.0
78.2,4.0,13.0,24.0,3226.0,88.4,88.0,6.0,105.0,130.0,17.0,3000.0
80.84,4.0,13.0,24.0,3226.0,88.4,88.0,6.0,105.0,130.0,17.5,3000.0
83.54,4.0,13.0,24.0,3226.0,88.4,88.0,6.0,105.0,130.0,18.0,3000.0
86.3,4.0,13.0,24.0,3226.0,88.4,88.0,6.0,105.0,130.0,18.5,3000.0
91.97,4.0,13.0,24.0,3226.0,88.4,88.0,6.0,105.0,130.0,19.5,3000.0
94.89,4.0,13.0,24.0,3226.0,88.4,88.0,6.0,105.0,130.0,20.0,3000.0
25.46,4.0,13.0,24.0,3226.0,88.4,88.0,6.0,105.0,130.0,0.0,3500.0
26.53,4.0,13.0,24.0,3226.0,88.4,88.0,6.0,105.0,130.0,0.5,3500.0
27.66,4.0,13.0,24.0,3226.0,88.4,88.0,6.0,105.0,130.0,1.0,3500.0
28.85,4.0,13.0,24.0,3226.0,88.4,88.0,6.0,105.0,130.0,1.5,3500.0
30.11,4.0,13.0,24.0,3226.0,88.4,88.0,6.0,105.0,130.0,2.0,3500.0
31.43,4.0,13.0,24.0,3226.0,88.4,88.0,6.0,105.0,130.0,2.5,3500.0
32.81,4.0,13.0,24.0,3226.0,88.4,88.0,6.0,105.0,130.0,3.0,3500.0
34.26,4.0,13.0,24.0,3226.0,88.4,88.0,6.0,105.0,130.0,3.5,3500.0
38.99,4.0,13.0,24.0,3226.0,88.4,88.0,6.0,105.0,130.0,5.0,3500.0
40.69,4.0,13.0,24.0,3226.0,88.4,88.0,6.0,105.0,130.0,5.5,3500.0
42.46,4.0,13.0,24.0,3226.0,88.4,88.0,6.0,105.0,130.0,6.0,3500.0
44.29,4.0,13.0,24.0,3226.0,88.4,88.0,6.0,105.0,130.0,6.5,3500.0
46.19,4.0,13.0,24.0,3226.0,88.4,88.0,6.0,105.0,130.0,7.0,3500.0
48.14,4.0,13.0,24.0,3226.0,88.4,88.0,6.0,105.0,130.0,7.5,3500.0
50.17,4.0,13.0,24.0,3226.0,88.4,88.0,6.0,105.0,130.0,8.0,3500.0
52.25,4.0,13.0,24.0,3226.0,88.4,88.0,6.0,105.0,130.0,8.5,3500.0
54.4,4.0,13.0,24.0,3226.0,88.4,88.0,6.0,105.0,130.0,9.0,3500.0
56.62,4.0,13.0,24.0,3226.0,88.4,88.0,6.0,105.0,130.0,9.5,3500.0
61.24,4.0,13.0,24.0,3226.0,88.4,88.0,6.0,105.0,130.0,10.5,3500.0
63.64,4.0,13.0,24.0,3226.0,88.4,88.0,6.0,105.0,130.0,11.0,3500.0
66.11,4.0,13.0,24.0,3226.0,88.4,88.0,6.0,105.0,130.0,11.5,3500.0
68.65,4.0,13.0,24.0,3226.0,88.4,88.0,6.0,105.0,130.0,12.0,3500.0
71.24,4.0,13.0,24.0,3226.0,88.4,88.0,6.0,105.0,130.0,12.5,3500.0
76.63,4.0,13.0,24.0,3226.0,88.4,88.0,6.0,105.0,130.0,13.5,3500.0
79.42,4.0,13.0,24.0,3226.0,88.4,88.0,6.0,105.0,130.0,14.0,3500.0
82.27,4.0,13.0,24.0,3226.0,88.4,88.0,6.0,105.0,130.0,14.5,3500.0
85.19,4.0,13.0,24.0,3226.0,88.4,88.0,6.0,105.0,130.0,15.0,3500.0
88.17,4.0,13.0,24.0,3226.0,88.4,88.0,6.0,105.0,130.0,15.5,3500.0
91.21,4.0,13.0,24.0,3226.0,88.4,88.0,6.0,105.0,130.0,16.0,3500.0
94.32,4.0,13.0,24.0,3226.0,88.4,88.0,6.0,105.0,130.0,16.5,3500.0
97.49,4.0,13.0,24.0,3226.0,88.4,88.0,6.0,105.0,130.0,17.0,3500.0
100.73,4.0,13.0,24.0,3226.0,88.4,88.0,6.0,105.0,130.0,17.5,3500.0
104.03,4.0,13.0,24.0,3226.0,88.4,88.0,6.0,105.0,130.0,18.0,3500.0
107.39,4.0,13.0,24.0,3226.0,88.4,88.0,6.0,105.0,130.0,18.5,3500.0
110.82,4.0,13.0,24.0,3226.0,88.4,88.0,6.0,105.0,130.0,19.0,3500.0
114.31,4.0,13.0,24.0,3226.0,88.4,88.0,6.0,105.0,130.0,19.5,3500.0
117.86,4.0,13.0,24.0,3226.0,88.4,88.0,6.0,105.0,130.0,20.0,3500.0
30.49,4.0,13.0,24.0,3226.0,88.4,88.0,6.0,105.0,130.0,0.0,4200.0
34.06,4.0,13.0,24.0,3226.0,88.4,88.0,6.0,105.0,130.0,1.0,4200.0
35.96,4.0,13.0,24.0,3226.0,88.4,88.0,6.0,105.0,130.0,1.5,4200.0
37.93,4.0,13.0,24.0,3226.0,88.4,88.0,6.0,105.0,130.0,2.0,4200.0
39.97,4.0,13.0,24.0,3226.0,88.4,88.0,6.0,105.0,130.0,2.5,4200.0
42.09,4.0,13.0,24.0,3226.0,88.4,88.0,6.0,105.0,130.0,3.0,4200.0
46.56,4.0,13.0,24.0,3226.0,88.4,88.0,6.0,105.0,130.0,4.0,4200.0
48.91,4.0,13.0,24.0,3226.0,88.4,88.0,6.0,105.0,130.0,4.5,4200.0
51.33,4.0,13.0,24.0,3226.0,88.4,88.0,6.0,105.0,130.0,5.0,4200.0
53.82,4.0,13.0,24.0,3226.0,88.4,88.0,6.0,105.0,130.0,5.5,4200.0
56.4,4.0,13.0,24.0,3226.0,88.4,88.0,6.0,105.0,130.0,6.0,4200.0
59.04,4.0,13.0,24.0,3226.0,88.4,88.0,6.0,105.0,130.0,6.5,4200.0
64.56,4.0,13.0,24.0,3226.0,88.4,88.0,6.0,105.0,130.0,7.5,4200.0
67.43,4.0,13.0,24.0,3226.0,88.4,88.0,6.0,105.0,130.0,8.0,4200.0
70.37,4.0,13.0,24.0,3226.0,88.4,88.0,6.0,105.0,130.0,8.5,4200.0
73.4,4.0,13.0,24.0,3226.0,88.4,88.0,6.0,105.0,130.0,9.0,4200.0
76.49,4.0,13.0,24.0,3226.0,88.4,88.0,6.0,105.0,130.0,9.5,4200.0
79.66,4.0,13.0,24.0,3226.0,88.4,88.0,6.0,105.0,130.0,10.0,4200.0
82.91,4.0,13.0,24.0,3226.0,88.4,88.0,6.0,105.0,130.0,10.5,4200.0
86.23,4.0,13.0,24.0,3226.0,88.4,88.0,6.0,105.0,130.0,11.0,4200.0
89.62,4.0,13.0,24.0,3226.0,88.4,88.0,6.0,105.0,130.0,11.5,4200.0
93.09,4.0,13.0,24.0,3226.0,88.4,88.0,6.0,105.0,130.0,12.0,4200.0
96.64,4.0,13.0,24.0,3226.0,88.4,88.0,6.0,105.0,130.0,12.5,4200.0
100.26,4.0,13.0,24.0,3226.0,88.4,88.0,6.0,105.0,130.0,13.0,4200.0
103.96,4.0,13.0,24.0,3226.0,88.4,88.0,6.0,105.0,130.0,13.5,4200.0
111.57,4.0,13.0,24.0,3226.0,88.4,88.0,6.0,105.0,130.0,14.5,4200.0
115.49,4.0,13.0,24.0,3226.0,88.4,88.0,6.0,105.0,130.0,15.0,4200.0
119.49,4.0,13.0,24.0,3226.0,88.4,88.0,6.0,105.0,130.0,15.5,4200.0
123.56,4.0,13.0,24.0,3226.0,88.4,88.0,6.0,105.0,130.0,16.0,4200.0
131.92,4.0,13.0,24.0,3226.0,88.4,88.0,6.0,105.0,130.0,17.0,4200.0
136.22,4.0,13.0,24.0,3226.0,88.4,88.0,6.0,105.0,130.0,17.5,4200.0
140.59,4.0,13.0,24.0,3226.0,88.4,88.0,6.0,105.0,130.0,18.0,4200.0
145.04,4.0,13.0,24.0,3226.0,88.4,88.0,6.0,105.0,130.0,18.5,4200.0
154.15,4.0,13.0,24.0,3226.0,88.4,88.0,6.0,105.0,130.0,19.5,4200.0
158.82,4.0,13.0,24.0,3226.0,88.4,88.0,6.0,105.0,130.0,20.0,4200.0
32.34,4.0,13.0,24.0,3226.0,88.4,88.0,6.0,105.0,130.0,0.0,4500.0
34.47,4.0,13.0,24.0,3226.0,88.4,88.0,6.0,105.0,130.0,0.5,4500.0
36.68,4.0,13.0,24.0,3226.0,88.4,88.0,6.0,105.0,130.0,1.0,4500.0
38.96,4.0,13.0,24.0,3226.0,88.4,88.0,6.0,105.0,130.0,1.5,4500.0
41.33,4.0,13.0,24.0,3226.0,88.4,88.0,6.0,105.0,130.0,2.0,4500.0
43.78,4.0,13.0,24.0,3226.0,88.4,88.0,6.0,105.0,130.0,2.5,4500.0
46.31,4.0,13.0,24.0,3226.0,88.4,88.0,6.0,105.0,130.0,3.0,4500.0
48.91,4.0,13.0,24.0,3226.0,88.4,88.0,6.0,105.0,130.0,3.5,4500.0
51.6,4.0,13.0,24.0,3226.0,88.4,88.0,6.0,105.0,130.0,4.0,4500.0
54.36,4.0,13.0,24.0,3226.0,88.4,88.0,6.0,105.0,130.0,4.5,4500.0
57.21,4.0,13.0,24.0,3226.0,88.4,88.0,6.0,105.0,130.0,5.0,4500.0
60.13,4.0,13.0,24.0,3226.0,88.4,88.0,6.0,105.0,130.0,5.5,4500.0
63.14,4.0,13.0,24.0,3226.0,88.4,88.0,6.0,105.0,130.0,6.0,4500.0
69.38,4.0,13.0,24.0,3226.0,88.4,88.0,6.0,105.0,130.0,7.0,4500.0
72.63,4.0,13.0,24.0,3226.0,88.4,88.0,6.0,105.0,130.0,7.5,4500.0
75.95,4.0,13.0,24.0,3226.0,88.4,88.0,6.0,105.0,130.0,8.0,4500.0
82.83,4.0,13.0,24.0,3226.0,88.4,88.0,6.0,105.0,130.0,9.0,4500.0
86.39,4.0,13.0,24.0,3226.0,88.4,88.0,6.0,105.0,130.0,9.5,4500.0
90.03,4.0,13.0,24.0,3226.0,88.4,88.0,6.0,105.0,130.0,10.0,4500.0
93.75,4.0,13.0,24.0,3226.0,88.4,88.0,6.0,105.0,130.0,10.5,4500.0
97.55,4.0,13.0,24.0,3226.0,88.4,88.0,6.0,105.0,130.0,11.0,4500.0
101.43,4.0,13.0,24.0,3226.0,88.4,88.0,6.0,105.0,130.0,11.5,4500.0
105.38,4.0,13.0,24.0,3226.0,88.4,88.0,6.0,105.0,130.0,12.0,4500.0
109.42,4.0,13.0,24.0,3226.0,88.4,88.0,6.0,105.0,130.0,12.5,4500.0
113.54,4.0,13.0,24.0,3226.0,88.4,88.0,6.0,105.0,130.0,13.0,4500.0
117.73,4.0,13.0,24.0,3226.0,88.4,88.0,6.0,105.0,130.0,13.5,4500.0
122.01,4.0,13.0,24.0,3226.0,88.4,88.0,6.0,105.0,130.0,14.0,4500.0
126.36,4.0,13.0,24.0,3226.0,88.4,88.0,6.0,105.0,130.0,14.5,4500.0
130.8,4.0,13.0,24.0,3226.0,88.4,88.0,6.0,105.0,130.0,15.0,4500.0
135.31,4.0,13.0,24.0,3226.0,88.4,88.0,6.0,105.0,130.0,15.5,4500.0
139.91,4.0,13.0,24.0,3226.0,88.4,88.0,6.0,105.0,130.0,16.0,4500.0
144.58,4.0,13.0,24.0,3226.0,88.4,88.0,6.0,105.0,130.0,16.5,4500.0
149.33,4.0,13.0,24.0,3226.0,88.4,88.0,6.0,105.0,130.0,17.0,4500.0
154.16,4.0,13.0,24.0,3226.0,88.4,88.0,6.0,105.0,130.0,17.5,4500.0
159.07,4.0,13.0,24.0,3226.0,88.4,88.0,6.0,105.0,130.0,18.0,4500.0
164.07,4.0,13.0,24.0,3226.0,88.4,88.0,6.0,105.0,130.0,18.5,4500.0
169.14,4.0,13.0,24.0,3226.0,88.4,88.0,6.0,105.0,130.0,19.0,4500.0
174.29,4.0,13.0,24.0,3226.0,88.4,88.0,6.0,105.0,130.0,19.5,4500.0
179.51,4.0,13.0,24.0,3226.0,88.4,88.0,6.0,105.0,130.0,20.0,4500.0
35.0,4.0,13.0,24.0,3226.0,88.4,88.0,6.0,105.0,130.0,0.0,5000.0
37.89,4.0,13.0,24.0,3226.0,88.4,88.0,6.0,105.0,130.0,0.5,5000.0
40.86,4.0,13.0,24.0,3226.0,88.4,88.0,6.0,105.0,130.0,1.0,5000.0
50.31,4.0,13.0,24.0,3226.0,88.4,88.0,6.0,105.0,130.0,2.5,5000.0
53.64,4.0,13.0,24.0,3226.0,88.4,88.0,6.0,105.0,130.0,3.0,5000.0
57.05,4.0,13.0,24.0,3226.0,88.4,88.0,6.0,105.0,130.0,3.5,5000.0
64.13,4.0,13.0,24.0,3226.0,88.4,88.0,6.0,105.0,130.0,4.5,5000.0
67.8,4.0,13.0,24.0,3226.0,88.4,88.0,6.0,105.0,130.0,5.0,5000.0
71.56,4.0,13.0,24.0,3226.0,88.4,88.0,6.0,105.0,130.0,5.5,5000.0
75.4,4.0,13.0,24.0,3226.0,88.4,88.0,6.0,105.0,130.0,6.0,5000.0
79.33,4.0,13.0,24.0,3226.0,88.4,88.0,6.0,105.0,130.0,6.5,5000.0
83.35,4.0,13.0,24.0,3226.0,88.4,88.0,6.0,105.0,130.0,7.0,5000.0
87.45,4.0,13.0,24.0,3226.0,88.4,88.0,6.0,105.0,130.0,7.5,5000.0
95.92,4.0,13.0,24.0,3226.0,88.4,88.0,6.0,105.0,130.0,8.5,5000.0
100.28,4.0,13.0,24.0,3226.0,88.4,88.0,6.0,105.0,130.0,9.0,5000.0
104.73,4.0,13.0,24.0,3226.0,88.4,88.0,6.0,105.0,130.0,9.5,5000.0
109.27,4.0,13.0,24.0,3226.0,88.4,88.0,6.0,105.0,130.0,10.0,5000.0
113.89,4.0,13.0,24.0,3226.0,88.4,88.0,6.0,105.0,130.0,10.5,5000.0
118.6,4.0,13.0,24.0,3226.0,88.4,88.0,6.0,105.0,130.0,11.0,5000.0
123.4,4.0,13.0,24.0,3226.0,88.4,88.0,6.0,105.0,130.0,11.5,5000.0
128.28,4.0,13.0,24.0,3226.0,88.4,88.0,6.0,105.0,130.0,12.0,5000.0
133.25,4.0,13.0,24.0,3226.0,88.4,88.0,6.0,105.0,130.0,12.5,5000.0
138.31,4.0,13.0,24.0,3226.0,88.4,88.0,6.0,105.0,130.0,13.0,5000.0
143.45,4.0,13.0,24.0,3226.0,88.4,88.0,6.0,105.0,130.0,13.5,5000.0
154.0,4.0,13.0,24.0,3226.0,88.4,88.0,6.0,105.0,130.0,14.5,5000.0
164.89,4.0,13.0,24.0,3226.0,88.4,88.0,6.0,105.0,130.0,15.5,5000.0
176.13,4.0,13.0,24.0,3226.0,88.4,88.0,6.0,105.0,130.0,16.5,5000.0
181.88,4.0,13.0,24.0,3226.0,88.4,88.0,6.0,105.0,130.0,17.0,5000.0
187.71,4.0,13.0,24.0,3226.0,88.4,88.0,6.0,105.0,130.0,17.5,5000.0
193.63,4.0,13.0,24.0,3226.0,88.4,88.0,6.0,105.0,130.0,18.0,5000.0
199.64,4.0,13.0,24.0,3226.0,88.4,88.0,6.0,105.0,130.0,18.5,5000.0
205.74,4.0,13.0,24.0,3226.0,88.4,88.0,6.0,105.0,130.0,19.0,5000.0
211.92,4.0,13.0,24.0,3226.0,88.4,88.0,6.0,105.0,130.0,19.5,5000.0
-0.2,4.0,14.0,22.0,3996.0,86.0,86.0,8.0,105.0,130.0,0.0,100.0
1.1,4.0,14.0,22.0,3996.0,86.0,86.0,8.0,105.0,130.0,0.5,100.0
2.41,4.0,14.0,22.0,3996.0,86.0,86.0,8.0,105.0,130.0,1.0,100.0
3.71,4.0,14.0,22.0,3996.0,86.0,86.0,8.0,105.0,130.0,1.5,100.0
5.01,4.0,14.0,22.0,3996.0,86.0,86.0,8.0,105.0,130.0,2.0,100.0
6.32,4.0,14.0,22.0,3996.0,86.0,86.0,8.0,105.0,130.0,2.5,100.0
8.92,4.0,14.0,22.0,3996.0,86.0,86.0,8.0,105.0,130.0,3.5,100.0
10.23,4.0,14.0,22.0,3996.0,86.0,86.0,8.0,105.0,130.0,4.0,100.0
11.53,4.0,14.0,22.0,3996.0,86.0,86.0,8.0,105.0,130.0,4.5,100.0
12.83,4.0,14.0,22.0,3996.0,86.0,86.0,8.0,105.0,130.0,5.0,100.0
14.14,4.0,14.0,22.0,3996.0,86.0,86.0,8.0,105.0,130.0,5.5,100.0
15.46,4.0,14.0,22.0,3996.0,86.0,86.0,8.0,105.0,130.0,6.0,100.0
16.76,4.0,14.0,22.0,3996.0,86.0,86.0,8.0,105.0,130.0,6.5,100.0
18.06,4.0,14.0,22.0,3996.0,86.0,86.0,8.0,105.0,130.0,7.0,100.0
19.37,4.0,14.0,22.0,3996.0,86.0,86.0,8.0,105.0,130.0,7.5,100.0
20.67,4.0,14.0,22.0,3996.0,86.0,86.0,8.0,105.0,130.0,8.0,100.0
21.97,4.0,14.0,22.0,3996.0,86.0,86.0,8.0,105.0,130.0,8.5,100.0
23.29,4.0,14.0,22.0,3996.0,86.0,86.0,8.0,105.0,130.0,9.0,100.0
24.6,4.0,14.0,22.0,3996.0,86.0,86.0,8.0,105.0,130.0,9.5,100.0
27.2,4.0,14.0,22.0,3996.0,86.0,86.0,8.0,105.0,130.0,10.5,100.0
29.83,4.0,14.0,22.0,3996.0,86.0,86.0,8.0,105.0,130.0,11.5,100.0
31.13,4.0,14.0,22.0,3996.0,86.0,86.0,8.0,105.0,130.0,12.0,100.0
32.44,4.0,14.0,22.0,3996.0,86.0,86.0,8.0,105.0,130.0,12.5,100.0
33.74,4.0,14.0,22.0,3996.0,86.0,86.0,8.0,105.0,130.0,13.0,100.0
35.06,4.0,14.0,22.0,3996.0,86.0,86.0,8.0,105.0,130.0,13.5,100.0
36.36,4.0,14.0,22.0,3996.0,86.0,86.0,8.0,105.0,130.0,14.0,100.0
37.67,4.0,14.0,22.0,3996.0,86.0,86.0,8.0,105.0,130.0,14.5,100.0
38.99,4.0,14.0,22.0,3996.0,86.0,86.0,8.0,105.0,130.0,15.0,100.0
41.59,4.0,14.0,22.0,3996.0,86.0,86.0,8.0,105.0,130.0,16.0,100.0
42.9,4.0,14.0,22.0,3996.0,86.0,86.0,8.0,105.0,130.0,16.5,100.0
44.22,4.0,14.0,22.0,3996.0,86.0,86.0,8.0,105.0,130.0,17.0,100.0
45.52,4.0,14.0,22.0,3996.0,86.0,86.0,8.0,105.0,130.0,17.5,100.0
46.82,4.0,14.0,22.0,3996.0,86.0,86.0,8.0,105.0,130.0,18.0,100.0
0.65,4.0,14.0,22.0,3996.0,86.0,86.0,8.0,105.0,130.0,0.0,1000.0
1.99,4.0,14.0,22.0,3996.0,86.0,86.0,8.0,105.0,130.0,0.5,1000.0
3.35,4.0,14.0,22.0,3996.0,86.0,86.0,8.0,105.0,130.0,1.0,1000.0
4.71,4.0,14.0,22.0,3996.0,86.0,86.0,8.0,105.0,130.0,1.5,1000.0
6.06,4.0,14.0,22.0,3996.0,86.0,86.0,8.0,105.0,130.0,2.0,1000.0
7.44,4.0,14.0,22.0,3996.0,86.0,86.0,8.0,105.0,130.0,2.5,1000.0
8.81,4.0,14.0,22.0,3996.0,86.0,86.0,8.0,105.0,130.0,3.0,1000.0
10.21,4.0,14.0,22.0,3996.0,86.0,86.0,8.0,105.0,130.0,3.5,1000.0
11.6,4.0,14.0,22.0,3996.0,86.0,86.0,8.0,105.0,130.0,4.0,1000.0
14.39,4.0,14.0,22.0,3996.0,86.0,86.0,8.0,105.0,130.0,5.0,1000.0
17.21,4.0,14.0,22.0,3996.0,86.0,86.0,8.0,105.0,130.0,6.0,1000.0
18.64,4.0,14.0,22.0,3996.0,86.0,86.0,8.0,105.0,130.0,6.5,1000.0
20.07,4.0,14.0,22.0,3996.0,86.0,86.0,8.0,105.0,130.0,7.0,1000.0
21.5,4.0,14.0,22.0,3996.0,86.0,86.0,8.0,105.0,130.0,7.5,1000.0
22.93,4.0,14.0,22.0,3996.0,86.0,86.0,8.0,105.0,130.0,8.0,1000.0
24.38,4.0,14.0,22.0,3996.0,86.0,86.0,8.0,105.0,130.0,8.5,1000.0
27.28,4.0,14.0,22.0,3996.0,86.0,86.0,8.0,105.0,130.0,9.5,1000.0
28.74,4.0,14.0,22.0,3996.0,86.0,86.0,8.0,105.0,130.0,10.0,1000.0
30.21,4.0,14.0,22.0,3996.0,86.0,86.0,8.0,105.0,130.0,10.5,1000.0
31.68,4.0,14.0,22.0,3996.0,86.0,86.0,8.0,105.0,130.0,11.0,1000.0
33.16,4.0,14.0,22.0,3996.0,86.0,86.0,8.0,105.0,130.0,11.5,1000.0
34.64,4.0,14.0,22.0,3996.0,86.0,86.0,8.0,105.0,130.0,12.0,1000.0
37.61,4.0,14.0,22.0,3996.0,86.0,86.0,8.0,105.0,130.0,13.0,1000.0
39.11,4.0,14.0,22.0,3996.0,86.0,86.0,8.0,105.0,130.0,13.5,1000.0
40.62,4.0,14.0,22.0,3996.0,86.0,86.0,8.0,105.0,130.0,14.0,1000.0
42.12,4.0,14.0,22.0,3996.0,86.0,86.0,8.0,105.0,130.0,14.5,1000.0
43.64,4.0,14.0,22.0,3996.0,86.0,86.0,8.0,105.0,130.0,15.0,1000.0
45.16,4.0,14.0,22.0,3996.0,86.0,86.0,8.0,105.0,130.0,15.5,1000.0
46.68,4.0,14.0,22.0,3996.0,86.0,86.0,8.0,105.0,130.0,16.0,1000.0
48.2,4.0,14.0,22.0,3996.0,86.0,86.0,8.0,105.0,130.0,16.5,1000.0
49.74,4.0,14.0,22.0,3996.0,86.0,86.0,8.0,105.0,130.0,17.0,1000.0
52.82,4.0,14.0,22.0,3996.0,86.0,86.0,8.0,105.0,130.0,18.0,1000.0
2.21,4.0,14.0,22.0,3996.0,86.0,86.0,8.0,105.0,130.0,0.0,1500.0
3.6,4.0,14.0,22.0,3996.0,86.0,86.0,8.0,105.0,130.0,0.5,1500.0
5.0,4.0,14.0,22.0,3996.0,86.0,86.0,8.0,105.0,130.0,1.0,1500.0
6.43,4.0,14.0,22.0,3996.0,86.0,86.0,8.0,105.0,130.0,1.5,1500.0
7.86,4.0,14.0,22.0,3996.0,86.0,86.0,8.0,105.0,130.0,2.0,1500.0
9.3,4.0,14.0,22.0,3996.0,86.0,86.0,8.0,105.0,130.0,2.5,1500.0
10.75,4.0,14.0,22.0,3996.0,86.0,86.0,8.0,105.0,130.0,3.0,1500.0
12.22,4.0,14.0,22.0,3996.0,86.0,86.0,8.0,105.0,130.0,3.5,1500.0
15.2,4.0,14.0,22.0,3996.0,86.0,86.0,8.0,105.0,130.0,4.5,1500.0
16.72,4.0,14.0,22.0,3996.0,86.0,86.0,8.0,105.0,130.0,5.0,1500.0
18.24,4.0,14.0,22.0,3996.0,86.0,86.0,8.0,105.0,130.0,5.5,1500.0
19.78,4.0,14.0,22.0,3996.0,86.0,86.0,8.0,105.0,130.0,6.0,1500.0
21.32,4.0,14.0,22.0,3996.0,86.0,86.0,8.0,105.0,130.0,6.5,1500.0
22.88,4.0,14.0,22.0,3996.0,86.0,86.0,8.0,105.0,130.0,7.0,1500.0
24.45,4.0,14.0,22.0,3996.0,86.0,86.0,8.0,105.0,130.0,7.5,1500.0
26.05,4.0,14.0,22.0,3996.0,86.0,86.0,8.0,105.0,130.0,8.0,1500.0
27.64,4.0,14.0,22.0,3996.0,86.0,86.0,8.0,105.0,130.0,8.5,1500.0
29.25,4.0,14.0,22.0,3996.0,86.0,86.0,8.0,105.0,130.0,9.0,1500.0
30.86,4.0,14.0,22.0,3996.0,86.0,86.0,8.0,105.0,130.0,9.5,1500.0
32.49,4.0,14.0,22.0,3996.0,86.0,86.0,8.0,105.0,130.0,10.0,1500.0
35.78,4.0,14.0,22.0,3996.0,86.0,86.0,8.0,105.0,130.0,11.0,1500.0
37.45,4.0,14.0,22.0,3996.0,86.0,86.0,8.0,105.0,130.0,11.5,1500.0
39.11,4.0,14.0,22.0,3996.0,86.0,86.0,8.0,105.0,130.0,12.0,1500.0
40.82,4.0,14.0,22.0,3996.0,86.0,86.0,8.0,105.0,130.0,12.5,1500.0
42.5,4.0,14.0,22.0,3996.0,86.0,86.0,8.0,105.0,130.0,13.0,1500.0
45.94,4.0,14.0,22.0,3996.0,86.0,86.0,8.0,105.0,130.0,14.0,1500.0
47.66,4.0,14.0,22.0,3996.0,86.0,86.0,8.0,105.0,130.0,14.5,1500.0
49.39,4.0,14.0,22.0,3996.0,86.0,86.0,8.0,105.0,130.0,15.0,1500.0
51.15,4.0,14.0,22.0,3996.0,86.0,86.0,8.0,105.0,130.0,15.5,1500.0
54.68,4.0,14.0,22.0,3996.0,86.0,86.0,8.0,105.0,130.0,16.5,1500.0
56.47,4.0,14.0,22.0,3996.0,86.0,86.0,8.0,105.0,130.0,17.0,1500.0
58.26,4.0,14.0,22.0,3996.0,86.0,86.0,8.0,105.0,130.0,17.5,1500.0
60.06,4.0,14.0,22.0,3996.0,86.0,86.0,8.0,105.0,130.0,18.0,1500.0
4.83,4.0,14.0,22.0,3996.0,86.0,86.0,8.0,105.0,130.0,0.0,2000.0
6.28,4.0,14.0,22.0,3996.0,86.0,86.0,8.0,105.0,130.0,0.5,2000.0
7.75,4.0,14.0,22.0,3996.0,86.0,86.0,8.0,105.0,130.0,1.0,2000.0
9.25,4.0,14.0,22.0,3996.0,86.0,86.0,8.0,105.0,130.0,1.5,2000.0
10.77,4.0,14.0,22.0,3996.0,86.0,86.0,8.0,105.0,130.0,2.0,2000.0
12.31,4.0,14.0,22.0,3996.0,86.0,86.0,8.0,105.0,130.0,2.5,2000.0
13.86,4.0,14.0,22.0,3996.0,86.0,86.0,8.0,105.0,130.0,3.0,2000.0
15.46,4.0,14.0,22.0,3996.0,86.0,86.0,8.0,105.0,130.0,3.5,2000.0
17.07,4.0,14.0,22.0,3996.0,86.0,86.0,8.0,105.0,130.0,4.0,2000.0
20.34,4.0,14.0,22.0,3996.0,86.0,86.0,8.0,105.0,130.0,5.0,2000.0
22.03,4.0,14.0,22.0,3996.0,86.0,86.0,8.0,105.0,130.0,5.5,2000.0
23.71,4.0,14.0,22.0,3996.0,86.0,86.0,8.0,105.0,130.0,6.0,2000.0
25.43,4.0,14.0,22.0,3996.0,86.0,86.0,8.0,105.0,130.0,6.5,2000.0
28.92,4.0,14.0,22.0,3996.0,86.0,86.0,8.0,105.0,130.0,7.5,2000.0
30.7,4.0,14.0,22.0,3996.0,86.0,86.0,8.0,105.0,130.0,8.0,2000.0
32.49,4.0,14.0,22.0,3996.0,86.0,86.0,8.0,105.0,130.0,8.5,2000.0
34.32,4.0,14.0,22.0,3996.0,86.0,86.0,8.0,105.0,130.0,9.0,2000.0
36.15,4.0,14.0,22.0,3996.0,86.0,86.0,8.0,105.0,130.0,9.5,2000.0
37.99,4.0,14.0,22.0,3996.0,86.0,86.0,8.0,105.0,130.0,10.0,2000.0
39.87,4.0,14.0,22.0,3996.0,86.0,86.0,8.0,105.0,130.0,10.5,2000.0
41.76,4.0,14.0,22.0,3996.0,86.0,86.0,8.0,105.0,130.0,11.0,2000.0
43.68,4.0,14.0,22.0,3996.0,86.0,86.0,8.0,105.0,130.0,11.5,2000.0
45.59,4.0,14.0,22.0,3996.0,86.0,86.0,8.0,105.0,130.0,12.0,2000.0
47.55,4.0,14.0,22.0,3996.0,86.0,86.0,8.0,105.0,130.0,12.5,2000.0
49.52,4.0,14.0,22.0,3996.0,86.0,86.0,8.0,105.0,130.0,13.0,2000.0
51.49,4.0,14.0,22.0,3996.0,86.0,86.0,8.0,105.0,130.0,13.5,2000.0
55.51,4.0,14.0,22.0,3996.0,86.0,86.0,8.0,105.0,130.0,14.5,2000.0
57.56,4.0,14.0,22.0,3996.0,86.0,86.0,8.0,105.0,130.0,15.0,2000.0
59.62,4.0,14.0,22.0,3996.0,86.0,86.0,8.0,105.0,130.0,15.5,2000.0
61.68,4.0,14.0,22.0,3996.0,86.0,86.0,8.0,105.0,130.0,16.0,2000.0
65.88,4.0,14.0,22.0,3996.0,86.0,86.0,8.0,105.0,130.0,17.0,2000.0
68.02,4.0,14.0,22.0,3996.0,86.0,86.0,8.0,105.0,130.0,17.5,2000.0
70.16,4.0,14.0,22.0,3996.0,86.0,86.0,8.0,105.0,130.0,18.0,2000.0
8.72,4.0,14.0,22.0,3996.0,86.0,86.0,8.0,105.0,130.0,0.0,2500.0
10.23,4.0,14.0,22.0,3996.0,86.0,86.0,8.0,105.0,130.0,0.5,2500.0
13.38,4.0,14.0,22.0,3996.0,86.0,86.0,8.0,105.0,130.0,1.5,2500.0
15.0,4.0,14.0,22.0,3996.0,86.0,86.0,8.0,105.0,130.0,2.0,2500.0
16.67,4.0,14.0,22.0,3996.0,86.0,86.0,8.0,105.0,130.0,2.5,2500.0
20.09,4.0,14.0,22.0,3996.0,86.0,86.0,8.0,105.0,130.0,3.5,2500.0
21.85,4.0,14.0,22.0,3996.0,86.0,86.0,8.0,105.0,130.0,4.0,2500.0
23.64,4.0,14.0,22.0,3996.0,86.0,86.0,8.0,105.0,130.0,4.5,2500.0
25.47,4.0,14.0,22.0,3996.0,86.0,86.0,8.0,105.0,130.0,5.0,2500.0
27.33,4.0,14.0,22.0,3996.0,86.0,86.0,8.0,105.0,130.0,5.5,2500.0
29.21,4.0,14.0,22.0,3996.0,86.0,86.0,8.0,105.0,130.0,6.0,2500.0
31.15,4.0,14.0,22.0,3996.0,86.0,86.0,8.0,105.0,130.0,6.5,2500.0
33.09,4.0,14.0,22.0,3996.0,86.0,86.0,8.0,105.0,130.0,7.0,2500.0
35.08,4.0,14.0,22.0,3996.0,86.0,86.0,8.0,105.0,130.0,7.5,2500.0
37.09,4.0,14.0,22.0,3996.0,86.0,86.0,8.0,105.0,130.0,8.0,2500.0
39.13,4.0,14.0,22.0,3996.0,86.0,86.0,8.0,105.0,130.0,8.5,2500.0
41.2,4.0,14.0,22.0,3996.0,86.0,86.0,8.0,105.0,130.0,9.0,2500.0
43.3,4.0,14.0,22.0,3996.0,86.0,86.0,8.0,105.0,130.0,9.5,2500.0
45.43,4.0,14.0,22.0,3996.0,86.0,86.0,8.0,105.0,130.0,10.0,2500.0
47.58,4.0,14.0,22.0,3996.0,86.0,86.0,8.0,105.0,130.0,10.5,2500.0
54.21,4.0,14.0,22.0,3996.0,86.0,86.0,8.0,105.0,130.0,12.0,2500.0
56.49,4.0,14.0,22.0,3996.0,86.0,86.0,8.0,105.0,130.0,12.5,2500.0
61.11,4.0,14.0,22.0,3996.0,86.0,86.0,8.0,105.0,130.0,13.5,2500.0
63.46,4.0,14.0,22.0,3996.0,86.0,86.0,8.0,105.0,130.0,14.0,2500.0
65.83,4.0,14.0,22.0,3996.0,86.0,86.0,8.0,105.0,130.0,14.5,2500.0
68.24,4.0,14.0,22.0,3996.0,86.0,86.0,8.0,105.0,130.0,15.0,2500.0
70.68,4.0,14.0,22.0,3996.0,86.0,86.0,8.0,105.0,130.0,15.5,2500.0
73.14,4.0,14.0,22.0,3996.0,86.0,86.0,8.0,105.0,130.0,16.0,2500.0
75.62,4.0,14.0,22.0,3996.0,86.0,86.0,8.0,105.0,130.0,16.5,2500.0
78.14,4.0,14.0,22.0,3996.0,86.0,86.0,8.0,105.0,130.0,17.0,2500.0
80.67,4.0,14.0,22.0,3996.0,86.0,86.0,8.0,105.0,130.0,17.5,2500.0
83.24,4.0,14.0,22.0,3996.0,86.0,86.0,8.0,105.0,130.0,18.0,2500.0
14.03,4.0,14.0,22.0,3996.0,86.0,86.0,8.0,105.0,130.0,0.0,3000.0
15.64,4.0,14.0,22.0,3996.0,86.0,86.0,8.0,105.0,130.0,0.5,3000.0
17.29,4.0,14.0,22.0,3996.0,86.0,86.0,8.0,105.0,130.0,1.0,3000.0
18.99,4.0,14.0,22.0,3996.0,86.0,86.0,8.0,105.0,130.0,1.5,3000.0
20.74,4.0,14.0,22.0,3996.0,86.0,86.0,8.0,105.0,130.0,2.0,3000.0
22.53,4.0,14.0,22.0,3996.0,86.0,86.0,8.0,105.0,130.0,2.5,3000.0
26.28,4.0,14.0,22.0,3996.0,86.0,86.0,8.0,105.0,130.0,3.5,3000.0
32.25,4.0,14.0,22.0,3996.0,86.0,86.0,8.0,105.0,130.0,5.0,3000.0
34.34,4.0,14.0,22.0,3996.0,86.0,86.0,8.0,105.0,130.0,5.5,3000.0
36.45,4.0,14.0,22.0,3996.0,86.0,86.0,8.0,105.0,130.0,6.0,3000.0
38.61,4.0,14.0,22.0,3996.0,86.0,86.0,8.0,105.0,130.0,6.5,3000.0
43.06,4.0,14.0,22.0,3996.0,86.0,86.0,8.0,105.0,130.0,7.5,3000.0
45.36,4.0,14.0,22.0,3996.0,86.0,86.0,8.0,105.0,130.0,8.0,3000.0
47.68,4.0,14.0,22.0,3996.0,86.0,86.0,8.0,105.0,130.0,8.5,3000.0
50.05,4.0,14.0,22.0,3996.0,86.0,86.0,8.0,105.0,130.0,9.0,3000.0
52.45,4.0,14.0,22.0,3996.0,86.0,86.0,8.0,105.0,130.0,9.5,3000.0
57.41,4.0,14.0,22.0,3996.0,86.0,86.0,8.0,105.0,130.0,10.5,3000.0
59.93,4.0,14.0,22.0,3996.0,86.0,86.0,8.0,105.0,130.0,11.0,3000.0
62.5,4.0,14.0,22.0,3996.0,86.0,86.0,8.0,105.0,130.0,11.5,3000.0
65.12,4.0,14.0,22.0,3996.0,86.0,86.0,8.0,105.0,130.0,12.0,3000.0
67.77,4.0,14.0,22.0,3996.0,86.0,86.0,8.0,105.0,130.0,12.5,3000.0
70.45,4.0,14.0,22.0,3996.0,86.0,86.0,8.0,105.0,130.0,13.0,3000.0
73.18,4.0,14.0,22.0,3996.0,86.0,86.0,8.0,105.0,130.0,13.5,3000.0
75.93,4.0,14.0,22.0,3996.0,86.0,86.0,8.0,105.0,130.0,14.0,3000.0
78.74,4.0,14.0,22.0,3996.0,86.0,86.0,8.0,105.0,130.0,14.5,3000.0
81.58,4.0,14.0,22.0,3996.0,86.0,86.0,8.0,105.0,130.0,15.0,3000.0
84.45,4.0,14.0,22.0,3996.0,86.0,86.0,8.0,105.0,130.0,15.5,3000.0
87.37,4.0,14.0,22.0,3996.0,86.0,86.0,8.0,105.0,130.0,16.0,3000.0
90.32,4.0,14.0,22.0,3996.0,86.0,86.0,8.0,105.0,130.0,16.5,3000.0
93.31,4.0,14.0,22.0,3996.0,86.0,86.0,8.0,105.0,130.0,17.0,3000.0
96.33,4.0,14.0,22.0,3996.0,86.0,86.0,8.0,105.0,130.0,17.5,3000.0
99.39,4.0,14.0,22.0,3996.0,86.0,86.0,8.0,105.0,130.0,18.0,3000.0
20.94,4.0,14.0,22.0,3996.0,86.0,86.0,8.0,105.0,130.0,0.0,3500.0
22.64,4.0,14.0,22.0,3996.0,86.0,86.0,8.0,105.0,130.0,0.5,3500.0
24.4,4.0,14.0,22.0,3996.0,86.0,86.0,8.0,105.0,130.0,1.0,3500.0
26.23,4.0,14.0,22.0,3996.0,86.0,86.0,8.0,105.0,130.0,1.5,3500.0
28.13,4.0,14.0,22.0,3996.0,86.0,86.0,8.0,105.0,130.0,2.0,3500.0
30.1,4.0,14.0,22.0,3996.0,86.0,86.0,8.0,105.0,130.0,2.5,3500.0
34.21,4.0,14.0,22.0,3996.0,86.0,86.0,8.0,105.0,130.0,3.5,3500.0
38.57,4.0,14.0,22.0,3996.0,86.0,86.0,8.0,105.0,130.0,4.5,3500.0
40.83,4.0,14.0,22.0,3996.0,86.0,86.0,8.0,105.0,130.0,5.0,3500.0
43.17,4.0,14.0,22.0,3996.0,86.0,86.0,8.0,105.0,130.0,5.5,3500.0
45.54,4.0,14.0,22.0,3996.0,86.0,86.0,8.0,105.0,130.0,6.0,3500.0
47.98,4.0,14.0,22.0,3996.0,86.0,86.0,8.0,105.0,130.0,6.5,3500.0
50.48,4.0,14.0,22.0,3996.0,86.0,86.0,8.0,105.0,130.0,7.0,3500.0
53.03,4.0,14.0,22.0,3996.0,86.0,86.0,8.0,105.0,130.0,7.5,3500.0
55.64,4.0,14.0,22.0,3996.0,86.0,86.0,8.0,105.0,130.0,8.0,3500.0
58.3,4.0,14.0,22.0,3996.0,86.0,86.0,8.0,105.0,130.0,8.5,3500.0
63.78,4.0,14.0,22.0,3996.0,86.0,86.0,8.0,105.0,130.0,9.5,3500.0
66.61,4.0,14.0,22.0,3996.0,86.0,86.0,8.0,105.0,130.0,10.0,3500.0
69.49,4.0,14.0,22.0,3996.0,86.0,86.0,8.0,105.0,130.0,10.5,3500.0
72.42,4.0,14.0,22.0,3996.0,86.0,86.0,8.0,105.0,130.0,11.0,3500.0
75.4,4.0,14.0,22.0,3996.0,86.0,86.0,8.0,105.0,130.0,11.5,3500.0
78.43,4.0,14.0,22.0,3996.0,86.0,86.0,8.0,105.0,130.0,12.0,3500.0
81.5,4.0,14.0,22.0,3996.0,86.0,86.0,8.0,105.0,130.0,12.5,3500.0
84.64,4.0,14.0,22.0,3996.0,86.0,86.0,8.0,105.0,130.0,13.0,3500.0
87.82,4.0,14.0,22.0,3996.0,86.0,86.0,8.0,105.0,130.0,13.5,3500.0
91.06,4.0,14.0,22.0,3996.0,86.0,86.0,8.0,105.0,130.0,14.0,3500.0
101.07,4.0,14.0,22.0,3996.0,86.0,86.0,8.0,105.0,130.0,15.5,3500.0
104.49,4.0,14.0,22.0,3996.0,86.0,86.0,8.0,105.0,130.0,16.0,3500.0
107.98,4.0,14.0,22.0,3996.0,86.0,86.0,8.0,105.0,130.0,16.5,3500.0
111.51,4.0,14.0,22.0,3996.0,86.0,86.0,8.0,105.0,130.0,17.0,3500.0
115.08,4.0,14.0,22.0,3996.0,86.0,86.0,8.0,105.0,130.0,17.5,3500.0
118.72,4.0,14.0,22.0,3996.0,86.0,86.0,8.0,105.0,130.0,18.0,3500.0
29.59,4.0,14.0,22.0,3996.0,86.0,86.0,8.0,105.0,130.0,0.0,4000.0
31.4,4.0,14.0,22.0,3996.0,86.0,86.0,8.0,105.0,130.0,0.5,4000.0
33.29,4.0,14.0,22.0,3996.0,86.0,86.0,8.0,105.0,130.0,1.0,4000.0
35.26,4.0,14.0,22.0,3996.0,86.0,86.0,8.0,105.0,130.0,1.5,4000.0
37.32,4.0,14.0,22.0,3996.0,86.0,86.0,8.0,105.0,130.0,2.0,4000.0
39.48,4.0,14.0,22.0,3996.0,86.0,86.0,8.0,105.0,130.0,2.5,4000.0
41.7,4.0,14.0,22.0,3996.0,86.0,86.0,8.0,105.0,130.0,3.0,4000.0
44.0,4.0,14.0,22.0,3996.0,86.0,86.0,8.0,105.0,130.0,3.5,4000.0
46.39,4.0,14.0,22.0,3996.0,86.0,86.0,8.0,105.0,130.0,4.0,4000.0
48.85,4.0,14.0,22.0,3996.0,86.0,86.0,8.0,105.0,130.0,4.5,4000.0
51.39,4.0,14.0,22.0,3996.0,86.0,86.0,8.0,105.0,130.0,5.0,4000.0
53.99,4.0,14.0,22.0,3996.0,86.0,86.0,8.0,105.0,130.0,5.5,4000.0
56.67,4.0,14.0,22.0,3996.0,86.0,86.0,8.0,105.0,130.0,6.0,4000.0
59.42,4.0,14.0,22.0,3996.0,86.0,86.0,8.0,105.0,130.0,6.5,4000.0
62.25,4.0,14.0,22.0,3996.0,86.0,86.0,8.0,105.0,130.0,7.0,4000.0
65.14,4.0,14.0,22.0,3996.0,86.0,86.0,8.0,105.0,130.0,7.5,4000.0
68.11,4.0,14.0,22.0,3996.0,86.0,86.0,8.0,105.0,130.0,8.0,4000.0
71.13,4.0,14.0,22.0,3996.0,86.0,86.0,8.0,105.0,130.0,8.5,4000.0
74.25,4.0,14.0,22.0,3996.0,86.0,86.0,8.0,105.0,130.0,9.0,4000.0
77.41,4.0,14.0,22.0,3996.0,86.0,86.0,8.0,105.0,130.0,9.5,4000.0
80.65,4.0,14.0,22.0,3996.0,86.0,86.0,8.0,105.0,130.0,10.0,4000.0
83.97,4.0,14.0,22.0,3996.0,86.0,86.0,8.0,105.0,130.0,10.5,4000.0
87.33,4.0,14.0,22.0,3996.0,86.0,86.0,8.0,105.0,130.0,11.0,4000.0
90.77,4.0,14.0,22.0,3996.0,86.0,86.0,8.0,105.0,130.0,11.5,4000.0
94.28,4.0,14.0,22.0,3996.0,86.0,86.0,8.0,105.0,130.0,12.0,4000.0
101.49,4.0,14.0,22.0,3996.0,86.0,86.0,8.0,105.0,130.0,13.0,4000.0
105.18,4.0,14.0,22.0,3996.0,86.0,86.0,8.0,105.0,130.0,13.5,4000.0
108.94,4.0,14.0,22.0,3996.0,86.0,86.0,8.0,105.0,130.0,14.0,4000.0
112.78,4.0,14.0,22.0,3996.0,86.0,86.0,8.0,105.0,130.0,14.5,4000.0
116.67,4.0,14.0,22.0,3996.0,86.0,86.0,8.0,105.0,130.0,15.0,4000.0
120.62,4.0,14.0,22.0,3996.0,86.0,86.0,8.0,105.0,130.0,15.5,4000.0
124.64,4.0,14.0,22.0,3996.0,86.0,86.0,8.0,105.0,130.0,16.0,4000.0
128.73,4.0,14.0,22.0,3996.0,86.0,86.0,8.0,105.0,130.0,16.5,4000.0
132.87,4.0,14.0,22.0,3996.0,86.0,86.0,8.0,105.0,130.0,17.0,4000.0
137.07,4.0,14.0,22.0,3996.0,86.0,86.0,8.0,105.0,130.0,17.5,4000.0
141.34,4.0,14.0,22.0,3996.0,86.0,86.0,8.0,105.0,130.0,18.0,4000.0
42.06,4.0,14.0,22.0,3996.0,86.0,86.0,8.0,105.0,130.0,0.5,4500.0
44.09,4.0,14.0,22.0,3996.0,86.0,86.0,8.0,105.0,130.0,1.0,4500.0
46.23,4.0,14.0,22.0,3996.0,86.0,86.0,8.0,105.0,130.0,1.5,4500.0
48.47,4.0,14.0,22.0,3996.0,86.0,86.0,8.0,105.0,130.0,2.0,4500.0
50.82,4.0,14.0,22.0,3996.0,86.0,86.0,8.0,105.0,130.0,2.5,4500.0
53.27,4.0,14.0,22.0,3996.0,86.0,86.0,8.0,105.0,130.0,3.0,4500.0
58.44,4.0,14.0,22.0,3996.0,86.0,86.0,8.0,105.0,130.0,4.0,4500.0
64.0,4.0,14.0,22.0,3996.0,86.0,86.0,8.0,105.0,130.0,5.0,4500.0
69.94,4.0,14.0,22.0,3996.0,86.0,86.0,8.0,105.0,130.0,6.0,4500.0
73.03,4.0,14.0,22.0,3996.0,86.0,86.0,8.0,105.0,130.0,6.5,4500.0
76.22,4.0,14.0,22.0,3996.0,86.0,86.0,8.0,105.0,130.0,7.0,4500.0
79.5,4.0,14.0,22.0,3996.0,86.0,86.0,8.0,105.0,130.0,7.5,4500.0
82.86,4.0,14.0,22.0,3996.0,86.0,86.0,8.0,105.0,130.0,8.0,4500.0
86.3,4.0,14.0,22.0,3996.0,86.0,86.0,8.0,105.0,130.0,8.5,4500.0
93.47,4.0,14.0,22.0,3996.0,86.0,86.0,8.0,105.0,130.0,9.5,4500.0
97.16,4.0,14.0,22.0,3996.0,86.0,86.0,8.0,105.0,130.0,10.0,4500.0
100.94,4.0,14.0,22.0,3996.0,86.0,86.0,8.0,105.0,130.0,10.5,4500.0
104.82,4.0,14.0,22.0,3996.0,86.0,86.0,8.0,105.0,130.0,11.0,4500.0
108.76,4.0,14.0,22.0,3996.0,86.0,86.0,8.0,105.0,130.0,11.5,4500.0
112.8,4.0,14.0,22.0,3996.0,86.0,86.0,8.0,105.0,130.0,12.0,4500.0
116.91,4.0,14.0,22.0,3996.0,86.0,86.0,8.0,105.0,130.0,12.5,4500.0
121.11,4.0,14.0,22.0,3996.0,86.0,86.0,8.0,105.0,130.0,13.0,4500.0
125.38,4.0,14.0,22.0,3996.0,86.0,86.0,8.0,105.0,130.0,13.5,4500.0
129.72,4.0,14.0,22.0,3996.0,86.0,86.0,8.0,105.0,130.0,14.0,4500.0
134.16,4.0,14.0,22.0,3996.0,86.0,86.0,8.0,105.0,130.0,14.5,4500.0
138.66,4.0,14.0,22.0,3996.0,86.0,86.0,8.0,105.0,130.0,15.0,4500.0
143.26,4.0,14.0,22.0,3996.0,86.0,86.0,8.0,105.0,130.0,15.5,4500.0
147.91,4.0,14.0,22.0,3996.0,86.0,86.0,8.0,105.0,130.0,16.0,4500.0
152.66,4.0,14.0,22.0,3996.0,86.0,86.0,8.0,105.0,130.0,16.5,4500.0
157.49,4.0,14.0,22.0,3996.0,86.0,86.0,8.0,105.0,130.0,17.0,4500.0
162.38,4.0,14.0,22.0,3996.0,86.0,86.0,8.0,105.0,130.0,17.5,4500.0
167.35,4.0,14.0,22.0,3996.0,86.0,86.0,8.0,105.0,130.0,18.0,4500.0
52.71,4.0,14.0,22.0,3996.0,86.0,86.0,8.0,105.0,130.0,0.0,5000.0
54.75,4.0,14.0,22.0,3996.0,86.0,86.0,8.0,105.0,130.0,0.5,5000.0
59.26,4.0,14.0,22.0,3996.0,86.0,86.0,8.0,105.0,130.0,1.5,5000.0
61.7,4.0,14.0,22.0,3996.0,86.0,86.0,8.0,105.0,130.0,2.0,5000.0
64.27,4.0,14.0,22.0,3996.0,86.0,86.0,8.0,105.0,130.0,2.5,5000.0
66.95,4.0,14.0,22.0,3996.0,86.0,86.0,8.0,105.0,130.0,3.0,5000.0
69.76,4.0,14.0,22.0,3996.0,86.0,86.0,8.0,105.0,130.0,3.5,5000.0
75.71,4.0,14.0,22.0,3996.0,86.0,86.0,8.0,105.0,130.0,4.5,5000.0
78.86,4.0,14.0,22.0,3996.0,86.0,86.0,8.0,105.0,130.0,5.0,5000.0
82.12,4.0,14.0,22.0,3996.0,86.0,86.0,8.0,105.0,130.0,5.5,5000.0
85.49,4.0,14.0,22.0,3996.0,86.0,86.0,8.0,105.0,130.0,6.0,5000.0
88.96,4.0,14.0,22.0,3996.0,86.0,86.0,8.0,105.0,130.0,6.5,5000.0
92.55,4.0,14.0,22.0,3996.0,86.0,86.0,8.0,105.0,130.0,7.0,5000.0
96.24,4.0,14.0,22.0,3996.0,86.0,86.0,8.0,105.0,130.0,7.5,5000.0
100.04,4.0,14.0,22.0,3996.0,86.0,86.0,8.0,105.0,130.0,8.0,5000.0
103.95,4.0,14.0,22.0,3996.0,86.0,86.0,8.0,105.0,130.0,8.5,5000.0
107.95,4.0,14.0,22.0,3996.0,86.0,86.0,8.0,105.0,130.0,9.0,5000.0
112.06,4.0,14.0,22.0,3996.0,86.0,86.0,8.0,105.0,130.0,9.5,5000.0
116.26,4.0,14.0,22.0,3996.0,86.0,86.0,8.0,105.0,130.0,10.0,5000.0
120.56,4.0,14.0,22.0,3996.0,86.0,86.0,8.0,105.0,130.0,10.5,5000.0
124.98,4.0,14.0,22.0,3996.0,86.0,86.0,8.0,105.0,130.0,11.0,5000.0
129.49,4.0,14.0,22.0,3996.0,86.0,86.0,8.0,105.0,130.0,11.5,5000.0
134.1,4.0,14.0,22.0,3996.0,86.0,86.0,8.0,105.0,130.0,12.0,5000.0
138.81,4.0,14.0,22.0,3996.0,86.0,86.0,8.0,105.0,130.0,12.5,5000.0
143.61,4.0,14.0,22.0,3996.0,86.0,86.0,8.0,105.0,130.0,13.0,5000.0
148.51,4.0,14.0,22.0,3996.0,86.0,86.0,8.0,105.0,130.0,13.5,5000.0
153.51,4.0,14.0,22.0,3996.0,86.0,86.0,8.0,105.0,130.0,14.0,5000.0
163.77,4.0,14.0,22.0,3996.0,86.0,86.0,8.0,105.0,130.0,15.0,5000.0
169.05,4.0,14.0,22.0,3996.0,86.0,86.0,8.0,105.0,130.0,15.5,5000.0
174.43,4.0,14.0,22.0,3996.0,86.0,86.0,8.0,105.0,130.0,16.0,5000.0
179.9,4.0,14.0,22.0,3996.0,86.0,86.0,8.0,105.0,130.0,16.5,5000.0
185.47,4.0,14.0,22.0,3996.0,86.0,86.0,8.0,105.0,130.0,17.0,5000.0
191.12,4.0,14.0,22.0,3996.0,86.0,86.0,8.0,105.0,130.0,17.5,5000.0
196.87,4.0,14.0,22.0,3996.0,86.0,86.0,8.0,105.0,130.0,18.0,5000.0
-7.78,4.0,14.0,24.0,3996.0,86.0,86.0,8.0,105.0,9999.0,0.0,100.0
-5.83,4.0,14.0,24.0,3996.0,86.0,86.0,8.0,105.0,9999.0,0.5,100.0
-3.88,4.0,14.0,24.0,3996.0,86.0,86.0,8.0,105.0,9999.0,1.0,100.0
0.0,4.0,14.0,24.0,3996.0,86.0,86.0,8.0,105.0,9999.0,2.0,100.0
1.94,4.0,14.0,24.0,3996.0,86.0,86.0,8.0,105.0,9999.0,2.5,100.0
3.89,4.0,14.0,24.0,3996.0,86.0,86.0,8.0,105.0,9999.0,3.0,100.0
5.83,4.0,14.0,24.0,3996.0,86.0,86.0,8.0,105.0,9999.0,3.5,100.0
7.78,4.0,14.0,24.0,3996.0,86.0,86.0,8.0,105.0,9999.0,4.0,100.0
9.72,4.0,14.0,24.0,3996.0,86.0,86.0,8.0,105.0,9999.0,4.5,100.0
11.67,4.0,14.0,24.0,3996.0,86.0,86.0,8.0,105.0,9999.0,5.0,100.0
13.61,4.0,14.0,24.0,3996.0,86.0,86.0,8.0,105.0,9999.0,5.5,100.0
15.56,4.0,14.0,24.0,3996.0,86.0,86.0,8.0,105.0,9999.0,6.0,100.0
17.5,4.0,14.0,24.0,3996.0,86.0,86.0,8.0,105.0,9999.0,6.5,100.0
21.39,4.0,14.0,24.0,3996.0,86.0,86.0,8.0,105.0,9999.0,7.5,100.0
23.33,4.0,14.0,24.0,3996.0,86.0,86.0,8.0,105.0,9999.0,8.0,100.0
25.28,4.0,14.0,24.0,3996.0,86.0,86.0,8.0,105.0,9999.0,8.5,100.0
27.22,4.0,14.0,24.0,3996.0,86.0,86.0,8.0,105.0,9999.0,9.0,100.0
29.17,4.0,14.0,24.0,3996.0,86.0,86.0,8.0,105.0,9999.0,9.5,100.0
31.11,4.0,14.0,24.0,3996.0,86.0,86.0,8.0,105.0,9999.0,10.0,100.0
33.06,4.0,14.0,24.0,3996.0,86.0,86.0,8.0,105.0,9999.0,10.5,100.0
35.0,4.0,14.0,24.0,3996.0,86.0,86.0,8.0,105.0,9999.0,11.0,100.0
36.94,4.0,14.0,24.0,3996.0,86.0,86.0,8.0,105.0,9999.0,11.5,100.0
38.89,4.0,14.0,24.0,3996.0,86.0,86.0,8.0,105.0,9999.0,12.0,100.0
40.83,4.0,14.0,24.0,3996.0,86.0,86.0,8.0,105.0,9999.0,12.5,100.0
44.72,4.0,14.0,24.0,3996.0,86.0,86.0,8.0,105.0,9999.0,13.5,100.0
46.67,4.0,14.0,24.0,3996.0,86.0,86.0,8.0,105.0,9999.0,14.0,100.0
48.61,4.0,14.0,24.0,3996.0,86.0,86.0,8.0,105.0,9999.0,14.5,100.0
50.56,4.0,14.0,24.0,3996.0,86.0,86.0,8.0,105.0,9999.0,15.0,100.0
52.5,4.0,14.0,24.0,3996.0,86.0,86.0,8.0,105.0,9999.0,15.5,100.0
56.39,4.0,14.0,24.0,3996.0,86.0,86.0,8.0,105.0,9999.0,16.5,100.0
58.33,4.0,14.0,24.0,3996.0,86.0,86.0,8.0,105.0,9999.0,17.0,100.0
60.28,4.0,14.0,24.0,3996.0,86.0,86.0,8.0,105.0,9999.0,17.5,100.0
64.17,4.0,14.0,24.0,3996.0,86.0,86.0,8.0,105.0,9999.0,18.5,100.0
68.06,4.0,14.0,24.0,3996.0,86.0,86.0,8.0,105.0,9999.0,19.5,100.0
70.0,4.0,14.0,24.0,3996.0,86.0,86.0,8.0,105.0,9999.0,20.0,100.0
2.44,4.0,14.0,24.0,3996.0,86.0,86.0,8.0,105.0,9999.0,0.0,1000.0
4.16,4.0,14.0,24.0,3996.0,86.0,86.0,8.0,105.0,9999.0,0.5,1000.0
5.89,4.0,14.0,24.0,3996.0,86.0,86.0,8.0,105.0,9999.0,1.0,1000.0
7.63,4.0,14.0,24.0,3996.0,86.0,86.0,8.0,105.0,9999.0,1.5,1000.0
9.37,4.0,14.0,24.0,3996.0,86.0,86.0,8.0,105.0,9999.0,2.0,1000.0
11.12,4.0,14.0,24.0,3996.0,86.0,86.0,8.0,105.0,9999.0,2.5,1000.0
12.87,4.0,14.0,24.0,3996.0,86.0,86.0,8.0,105.0,9999.0,3.0,1000.0
14.63,4.0,14.0,24.0,3996.0,86.0,86.0,8.0,105.0,9999.0,3.5,1000.0
16.39,4.0,14.0,24.0,3996.0,86.0,86.0,8.0,105.0,9999.0,4.0,1000.0
18.16,4.0,14.0,24.0,3996.0,86.0,86.0,8.0,105.0,9999.0,4.5,1000.0
19.93,4.0,14.0,24.0,3996.0,86.0,86.0,8.0,105.0,9999.0,5.0,1000.0
21.71,4.0,14.0,24.0,3996.0,86.0,86.0,8.0,105.0,9999.0,5.5,1000.0
23.5,4.0,14.0,24.0,3996.0,86.0,86.0,8.0,105.0,9999.0,6.0,1000.0
25.29,4.0,14.0,24.0,3996.0,86.0,86.0,8.0,105.0,9999.0,6.5,1000.0
27.09,4.0,14.0,24.0,3996.0,86.0,86.0,8.0,105.0,9999.0,7.0,1000.0
28.89,4.0,14.0,24.0,3996.0,86.0,86.0,8.0,105.0,9999.0,7.5,1000.0
30.7,4.0,14.0,24.0,3996.0,86.0,86.0,8.0,105.0,9999.0,8.0,1000.0
32.51,4.0,14.0,24.0,3996.0,86.0,86.0,8.0,105.0,9999.0,8.5,1000.0
34.33,4.0,14.0,24.0,3996.0,86.0,86.0,8.0,105.0,9999.0,9.0,1000.0
36.15,4.0,14.0,24.0,3996.0,86.0,86.0,8.0,105.0,9999.0,9.5,1000.0
37.98,4.0,14.0,24.0,3996.0,86.0,86.0,8.0,105.0,9999.0,10.0,1000.0
39.82,4.0,14.0,24.0,3996.0,86.0,86.0,8.0,105.0,9999.0,10.5,1000.0
41.66,4.0,14.0,24.0,3996.0,86.0,86.0,8.0,105.0,9999.0,11.0,1000.0
43.51,4.0,14.0,24.0,3996.0,86.0,86.0,8.0,105.0,9999.0,11.5,1000.0
45.36,4.0,14.0,24.0,3996.0,86.0,86.0,8.0,105.0,9999.0,12.0,1000.0
47.22,4.0,14.0,24.0,3996.0,86.0,86.0,8.0,105.0,9999.0,12.5,1000.0
49.08,4.0,14.0,24.0,3996.0,86.0,86.0,8.0,105.0,9999.0,13.0,1000.0
50.95,4.0,14.0,24.0,3996.0,86.0,86.0,8.0,105.0,9999.0,13.5,1000.0
54.71,4.0,14.0,24.0,3996.0,86.0,86.0,8.0,105.0,9999.0,14.5,1000.0
56.59,4.0,14.0,24.0,3996.0,86.0,86.0,8.0,105.0,9999.0,15.0,1000.0
58.48,4.0,14.0,24.0,3996.0,86.0,86.0,8.0,105.0,9999.0,15.5,1000.0
60.38,4.0,14.0,24.0,3996.0,86.0,86.0,8.0,105.0,9999.0,16.0,1000.0
62.28,4.0,14.0,24.0,3996.0,86.0,86.0,8.0,105.0,9999.0,16.5,1000.0
64.19,4.0,14.0,24.0,3996.0,86.0,86.0,8.0,105.0,9999.0,17.0,1000.0
66.11,4.0,14.0,24.0,3996.0,86.0,86.0,8.0,105.0,9999.0,17.5,1000.0
68.02,4.0,14.0,24.0,3996.0,86.0,86.0,8.0,105.0,9999.0,18.0,1000.0
69.95,4.0,14.0,24.0,3996.0,86.0,86.0,8.0,105.0,9999.0,18.5,1000.0
71.88,4.0,14.0,24.0,3996.0,86.0,86.0,8.0,105.0,9999.0,19.0,1000.0
73.82,4.0,14.0,24.0,3996.0,86.0,86.0,8.0,105.0,9999.0,19.5,1000.0
10.83,4.0,14.0,24.0,3996.0,86.0,86.0,8.0,105.0,9999.0,0.0,1500.0
12.2,4.0,14.0,24.0,3996.0,86.0,86.0,8.0,105.0,9999.0,0.5,1500.0
13.58,4.0,14.0,24.0,3996.0,86.0,86.0,8.0,105.0,9999.0,1.0,1500.0
14.98,4.0,14.0,24.0,3996.0,86.0,86.0,8.0,105.0,9999.0,1.5,1500.0
16.4,4.0,14.0,24.0,3996.0,86.0,86.0,8.0,105.0,9999.0,2.0,1500.0
17.84,4.0,14.0,24.0,3996.0,86.0,86.0,8.0,105.0,9999.0,2.5,1500.0
19.3,4.0,14.0,24.0,3996.0,86.0,86.0,8.0,105.0,9999.0,3.0,1500.0
20.78,4.0,14.0,24.0,3996.0,86.0,86.0,8.0,105.0,9999.0,3.5,1500.0
22.28,4.0,14.0,24.0,3996.0,86.0,86.0,8.0,105.0,9999.0,4.0,1500.0
23.8,4.0,14.0,24.0,3996.0,86.0,86.0,8.0,105.0,9999.0,4.5,1500.0
25.33,4.0,14.0,24.0,3996.0,86.0,86.0,8.0,105.0,9999.0,5.0,1500.0
28.46,4.0,14.0,24.0,3996.0,86.0,86.0,8.0,105.0,9999.0,6.0,1500.0
30.05,4.0,14.0,24.0,3996.0,86.0,86.0,8.0,105.0,9999.0,6.5,1500.0
31.66,4.0,14.0,24.0,3996.0,86.0,86.0,8.0,105.0,9999.0,7.0,1500.0
33.29,4.0,14.0,24.0,3996.0,86.0,86.0,8.0,105.0,9999.0,7.5,1500.0
34.94,4.0,14.0,24.0,3996.0,86.0,86.0,8.0,105.0,9999.0,8.0,1500.0
36.61,4.0,14.0,24.0,3996.0,86.0,86.0,8.0,105.0,9999.0,8.5,1500.0
38.3,4.0,14.0,24.0,3996.0,86.0,86.0,8.0,105.0,9999.0,9.0,1500.0
40.0,4.0,14.0,24.0,3996.0,86.0,86.0,8.0,105.0,9999.0,9.5,1500.0
41.73,4.0,14.0,24.0,3996.0,86.0,86.0,8.0,105.0,9999.0,10.0,1500.0
43.47,4.0,14.0,24.0,3996.0,86.0,86.0,8.0,105.0,9999.0,10.5,1500.0
45.23,4.0,14.0,24.0,3996.0,86.0,86.0,8.0,105.0,9999.0,11.0,1500.0
47.01,4.0,14.0,24.0,3996.0,86.0,86.0,8.0,105.0,9999.0,11.5,1500.0
48.82,4.0,14.0,24.0,3996.0,86.0,86.0,8.0,105.0,9999.0,12.0,1500.0
50.64,4.0,14.0,24.0,3996.0,86.0,86.0,8.0,105.0,9999.0,12.5,1500.0
52.47,4.0,14.0,24.0,3996.0,86.0,86.0,8.0,105.0,9999.0,13.0,1500.0
54.33,4.0,14.0,24.0,3996.0,86.0,86.0,8.0,105.0,9999.0,13.5,1500.0
56.21,4.0,14.0,24.0,3996.0,86.0,86.0,8.0,105.0,9999.0,14.0,1500.0
58.1,4.0,14.0,24.0,3996.0,86.0,86.0,8.0,105.0,9999.0,14.5,1500.0
60.02,4.0,14.0,24.0,3996.0,86.0,86.0,8.0,105.0,9999.0,15.0,1500.0
63.91,4.0,14.0,24.0,3996.0,86.0,86.0,8.0,105.0,9999.0,16.0,1500.0
65.88,4.0,14.0,24.0,3996.0,86.0,86.0,8.0,105.0,9999.0,16.5,1500.0
67.87,4.0,14.0,24.0,3996.0,86.0,86.0,8.0,105.0,9999.0,17.0,1500.0
69.88,4.0,14.0,24.0,3996.0,86.0,86.0,8.0,105.0,9999.0,17.5,1500.0
71.91,4.0,14.0,24.0,3996.0,86.0,86.0,8.0,105.0,9999.0,18.0,1500.0
73.95,4.0,14.0,24.0,3996.0,86.0,86.0,8.0,105.0,9999.0,18.5,1500.0
76.02,4.0,14.0,24.0,3996.0,86.0,86.0,8.0,105.0,9999.0,19.0,1500.0
78.11,4.0,14.0,24.0,3996.0,86.0,86.0,8.0,105.0,9999.0,19.5,1500.0
80.21,4.0,14.0,24.0,3996.0,86.0,86.0,8.0,105.0,9999.0,20.0,1500.0
19.03,4.0,14.0,24.0,3996.0,86.0,86.0,8.0,105.0,9999.0,0.0,2000.0
20.15,4.0,14.0,24.0,3996.0,86.0,86.0,8.0,105.0,9999.0,0.5,2000.0
21.31,4.0,14.0,24.0,3996.0,86.0,86.0,8.0,105.0,9999.0,1.0,2000.0
23.74,4.0,14.0,24.0,3996.0,86.0,86.0,8.0,105.0,9999.0,2.0,2000.0
26.31,4.0,14.0,24.0,3996.0,86.0,86.0,8.0,105.0,9999.0,3.0,2000.0
27.65,4.0,14.0,24.0,3996.0,86.0,86.0,8.0,105.0,9999.0,3.5,2000.0
29.03,4.0,14.0,24.0,3996.0,86.0,86.0,8.0,105.0,9999.0,4.0,2000.0
30.44,4.0,14.0,24.0,3996.0,86.0,86.0,8.0,105.0,9999.0,4.5,2000.0
31.89,4.0,14.0,24.0,3996.0,86.0,86.0,8.0,105.0,9999.0,5.0,2000.0
33.37,4.0,14.0,24.0,3996.0,86.0,86.0,8.0,105.0,9999.0,5.5,2000.0
34.89,4.0,14.0,24.0,3996.0,86.0,86.0,8.0,105.0,9999.0,6.0,2000.0
36.45,4.0,14.0,24.0,3996.0,86.0,86.0,8.0,105.0,9999.0,6.5,2000.0
38.04,4.0,14.0,24.0,3996.0,86.0,86.0,8.0,105.0,9999.0,7.0,2000.0
39.67,4.0,14.0,24.0,3996.0,86.0,86.0,8.0,105.0,9999.0,7.5,2000.0
41.33,4.0,14.0,24.0,3996.0,86.0,86.0,8.0,105.0,9999.0,8.0,2000.0
43.04,4.0,14.0,24.0,3996.0,86.0,86.0,8.0,105.0,9999.0,8.5,2000.0
44.77,4.0,14.0,24.0,3996.0,86.0,86.0,8.0,105.0,9999.0,9.0,2000.0
46.54,4.0,14.0,24.0,3996.0,86.0,86.0,8.0,105.0,9999.0,9.5,2000.0
48.35,4.0,14.0,24.0,3996.0,86.0,86.0,8.0,105.0,9999.0,10.0,2000.0
50.2,4.0,14.0,24.0,3996.0,86.0,86.0,8.0,105.0,9999.0,10.5,2000.0
52.08,4.0,14.0,24.0,3996.0,86.0,86.0,8.0,105.0,9999.0,11.0,2000.0
54.0,4.0,14.0,24.0,3996.0,86.0,86.0,8.0,105.0,9999.0,11.5,2000.0
55.95,4.0,14.0,24.0,3996.0,86.0,86.0,8.0,105.0,9999.0,12.0,2000.0
57.94,4.0,14.0,24.0,3996.0,86.0,86.0,8.0,105.0,9999.0,12.5,2000.0
59.96,4.0,14.0,24.0,3996.0,86.0,86.0,8.0,105.0,9999.0,13.0,2000.0
62.02,4.0,14.0,24.0,3996.0,86.0,86.0,8.0,105.0,9999.0,13.5,2000.0
64.12,4.0,14.0,24.0,3996.0,86.0,86.0,8.0,105.0,9999.0,14.0,2000.0
66.25,4.0,14.0,24.0,3996.0,86.0,86.0,8.0,105.0,9999.0,14.5,2000.0
68.42,4.0,14.0,24.0,3996.0,86.0,86.0,8.0,105.0,9999.0,15.0,2000.0
70.63,4.0,14.0,24.0,3996.0,86.0,86.0,8.0,105.0,9999.0,15.5,2000.0
72.87,4.0,14.0,24.0,3996.0,86.0,86.0,8.0,105.0,9999.0,16.0,2000.0
75.15,4.0,14.0,24.0,3996.0,86.0,86.0,8.0,105.0,9999.0,16.5,2000.0
77.46,4.0,14.0,24.0,3996.0,86.0,86.0,8.0,105.0,9999.0,17.0,2000.0
79.81,4.0,14.0,24.0,3996.0,86.0,86.0,8.0,105.0,9999.0,17.5,2000.0
82.19,4.0,14.0,24.0,3996.0,86.0,86.0,8.0,105.0,9999.0,18.0,2000.0
84.61,4.0,14.0,24.0,3996.0,86.0,86.0,8.0,105.0,9999.0,18.5,2000.0
87.07,4.0,14.0,24.0,3996.0,86.0,86.0,8.0,105.0,9999.0,19.0,2000.0
89.57,4.0,14.0,24.0,3996.0,86.0,86.0,8.0,105.0,9999.0,19.5,2000.0
92.09,4.0,14.0,24.0,3996.0,86.0,86.0,8.0,105.0,9999.0,20.0,2000.0
27.02,4.0,14.0,24.0,3996.0,86.0,86.0,8.0,105.0,9999.0,0.0,2500.0
28.02,4.0,14.0,24.0,3996.0,86.0,86.0,8.0,105.0,9999.0,0.5,2500.0
29.08,4.0,14.0,24.0,3996.0,86.0,86.0,8.0,105.0,9999.0,1.0,2500.0
31.37,4.0,14.0,24.0,3996.0,86.0,86.0,8.0,105.0,9999.0,2.0,2500.0
32.6,4.0,14.0,24.0,3996.0,86.0,86.0,8.0,105.0,9999.0,2.5,2500.0
33.89,4.0,14.0,24.0,3996.0,86.0,86.0,8.0,105.0,9999.0,3.0,2500.0
35.23,4.0,14.0,24.0,3996.0,86.0,86.0,8.0,105.0,9999.0,3.5,2500.0
36.63,4.0,14.0,24.0,3996.0,86.0,86.0,8.0,105.0,9999.0,4.0,2500.0
38.09,4.0,14.0,24.0,3996.0,86.0,86.0,8.0,105.0,9999.0,4.5,2500.0
39.6,4.0,14.0,24.0,3996.0,86.0,86.0,8.0,105.0,9999.0,5.0,2500.0
41.17,4.0,14.0,24.0,3996.0,86.0,86.0,8.0,105.0,9999.0,5.5,2500.0
42.8,4.0,14.0,24.0,3996.0,86.0,86.0,8.0,105.0,9999.0,6.0,2500.0
44.49,4.0,14.0,24.0,3996.0,86.0,86.0,8.0,105.0,9999.0,6.5,2500.0
48.02,4.0,14.0,24.0,3996.0,86.0,86.0,8.0,105.0,9999.0,7.5,2500.0
49.88,4.0,14.0,24.0,3996.0,86.0,86.0,8.0,105.0,9999.0,8.0,2500.0
51.79,4.0,14.0,24.0,3996.0,86.0,86.0,8.0,105.0,9999.0,8.5,2500.0
53.76,4.0,14.0,24.0,3996.0,86.0,86.0,8.0,105.0,9999.0,9.0,2500.0
55.78,4.0,14.0,24.0,3996.0,86.0,86.0,8.0,105.0,9999.0,9.5,2500.0
60.0,4.0,14.0,24.0,3996.0,86.0,86.0,8.0,105.0,9999.0,10.5,2500.0
62.2,4.0,14.0,24.0,3996.0,86.0,86.0,8.0,105.0,9999.0,11.0,2500.0
64.45,4.0,14.0,24.0,3996.0,86.0,86.0,8.0,105.0,9999.0,11.5,2500.0
66.76,4.0,14.0,24.0,3996.0,86.0,86.0,8.0,105.0,9999.0,12.0,2500.0
69.12,4.0,14.0,24.0,3996.0,86.0,86.0,8.0,105.0,9999.0,12.5,2500.0
71.54,4.0,14.0,24.0,3996.0,86.0,86.0,8.0,105.0,9999.0,13.0,2500.0
74.02,4.0,14.0,24.0,3996.0,86.0,86.0,8.0,105.0,9999.0,13.5,2500.0
76.56,4.0,14.0,24.0,3996.0,86.0,86.0,8.0,105.0,9999.0,14.0,2500.0
79.15,4.0,14.0,24.0,3996.0,86.0,86.0,8.0,105.0,9999.0,14.5,2500.0
81.8,4.0,14.0,24.0,3996.0,86.0,86.0,8.0,105.0,9999.0,15.0,2500.0
84.51,4.0,14.0,24.0,3996.0,86.0,86.0,8.0,105.0,9999.0,15.5,2500.0
87.27,4.0,14.0,24.0,3996.0,86.0,86.0,8.0,105.0,9999.0,16.0,2500.0
92.96,4.0,14.0,24.0,3996.0,86.0,86.0,8.0,105.0,9999.0,17.0,2500.0
95.9,4.0,14.0,24.0,3996.0,86.0,86.0,8.0,105.0,9999.0,17.5,2500.0
98.89,4.0,14.0,24.0,3996.0,86.0,86.0,8.0,105.0,9999.0,18.0,2500.0
101.93,4.0,14.0,24.0,3996.0,86.0,86.0,8.0,105.0,9999.0,18.5,2500.0
105.04,4.0,14.0,24.0,3996.0,86.0,86.0,8.0,105.0,9999.0,19.0,2500.0
108.2,4.0,14.0,24.0,3996.0,86.0,86.0,8.0,105.0,9999.0,19.5,2500.0
111.41,4.0,14.0,24.0,3996.0,86.0,86.0,8.0,105.0,9999.0,20.0,2500.0
34.82,4.0,14.0,24.0,3996.0,86.0,86.0,8.0,105.0,9999.0,0.0,3000.0
35.82,4.0,14.0,24.0,3996.0,86.0,86.0,8.0,105.0,9999.0,0.5,3000.0
36.9,4.0,14.0,24.0,3996.0,86.0,86.0,8.0,105.0,9999.0,1.0,3000.0
38.06,4.0,14.0,24.0,3996.0,86.0,86.0,8.0,105.0,9999.0,1.5,3000.0
39.31,4.0,14.0,24.0,3996.0,86.0,86.0,8.0,105.0,9999.0,2.0,3000.0
40.63,4.0,14.0,24.0,3996.0,86.0,86.0,8.0,105.0,9999.0,2.5,3000.0
43.53,4.0,14.0,24.0,3996.0,86.0,86.0,8.0,105.0,9999.0,3.5,3000.0
45.1,4.0,14.0,24.0,3996.0,86.0,86.0,8.0,105.0,9999.0,4.0,3000.0
46.75,4.0,14.0,24.0,3996.0,86.0,86.0,8.0,105.0,9999.0,4.5,3000.0
48.48,4.0,14.0,24.0,3996.0,86.0,86.0,8.0,105.0,9999.0,5.0,3000.0
50.29,4.0,14.0,24.0,3996.0,86.0,86.0,8.0,105.0,9999.0,5.5,3000.0
52.19,4.0,14.0,24.0,3996.0,86.0,86.0,8.0,105.0,9999.0,6.0,3000.0
54.16,4.0,14.0,24.0,3996.0,86.0,86.0,8.0,105.0,9999.0,6.5,3000.0
56.22,4.0,14.0,24.0,3996.0,86.0,86.0,8.0,105.0,9999.0,7.0,3000.0
58.36,4.0,14.0,24.0,3996.0,86.0,86.0,8.0,105.0,9999.0,7.5,3000.0
60.57,4.0,14.0,24.0,3996.0,86.0,86.0,8.0,105.0,9999.0,8.0,3000.0
62.87,4.0,14.0,24.0,3996.0,86.0,86.0,8.0,105.0,9999.0,8.5,3000.0
65.25,4.0,14.0,24.0,3996.0,86.0,86.0,8.0,105.0,9999.0,9.0,3000.0
67.72,4.0,14.0,24.0,3996.0,86.0,86.0,8.0,105.0,9999.0,9.5,3000.0
70.26,4.0,14.0,24.0,3996.0,86.0,86.0,8.0,105.0,9999.0,10.0,3000.0
75.59,4.0,14.0,24.0,3996.0,86.0,86.0,8.0,105.0,9999.0,11.0,3000.0
81.24,4.0,14.0,24.0,3996.0,86.0,86.0,8.0,105.0,9999.0,12.0,3000.0
84.19,4.0,14.0,24.0,3996.0,86.0,86.0,8.0,105.0,9999.0,12.5,3000.0
87.22,4.0,14.0,24.0,3996.0,86.0,86.0,8.0,105.0,9999.0,13.0,3000.0
90.33,4.0,14.0,24.0,3996.0,86.0,86.0,8.0,105.0,9999.0,13.5,3000.0
93.53,4.0,14.0,24.0,3996.0,86.0,86.0,8.0,105.0,9999.0,14.0,3000.0
100.15,4.0,14.0,24.0,3996.0,86.0,86.0,8.0,105.0,9999.0,15.0,3000.0
103.59,4.0,14.0,24.0,3996.0,86.0,86.0,8.0,105.0,9999.0,15.5,3000.0
107.11,4.0,14.0,24.0,3996.0,86.0,86.0,8.0,105.0,9999.0,16.0,3000.0
110.7,4.0,14.0,24.0,3996.0,86.0,86.0,8.0,105.0,9999.0,16.5,3000.0
114.38,4.0,14.0,24.0,3996.0,86.0,86.0,8.0,105.0,9999.0,17.0,3000.0
118.14,4.0,14.0,24.0,3996.0,86.0,86.0,8.0,105.0,9999.0,17.5,3000.0
121.99,4.0,14.0,24.0,3996.0,86.0,86.0,8.0,105.0,9999.0,18.0,3000.0
125.91,4.0,14.0,24.0,3996.0,86.0,86.0,8.0,105.0,9999.0,18.5,3000.0
129.91,4.0,14.0,24.0,3996.0,86.0,86.0,8.0,105.0,9999.0,19.0,3000.0
134.0,4.0,14.0,24.0,3996.0,86.0,86.0,8.0,105.0,9999.0,19.5,3000.0
138.16,4.0,14.0,24.0,3996.0,86.0,86.0,8.0,105.0,9999.0,20.0,3000.0
42.41,4.0,14.0,24.0,3996.0,86.0,86.0,8.0,105.0,9999.0,0.0,3500.0
44.76,4.0,14.0,24.0,3996.0,86.0,86.0,8.0,105.0,9999.0,1.0,3500.0
46.09,4.0,14.0,24.0,3996.0,86.0,86.0,8.0,105.0,9999.0,1.5,3500.0
47.54,4.0,14.0,24.0,3996.0,86.0,86.0,8.0,105.0,9999.0,2.0,3500.0
49.1,4.0,14.0,24.0,3996.0,86.0,86.0,8.0,105.0,9999.0,2.5,3500.0
50.76,4.0,14.0,24.0,3996.0,86.0,86.0,8.0,105.0,9999.0,3.0,3500.0
52.54,4.0,14.0,24.0,3996.0,86.0,86.0,8.0,105.0,9999.0,3.5,3500.0
54.42,4.0,14.0,24.0,3996.0,86.0,86.0,8.0,105.0,9999.0,4.0,3500.0
56.41,4.0,14.0,24.0,3996.0,86.0,86.0,8.0,105.0,9999.0,4.5,3500.0
58.51,4.0,14.0,24.0,3996.0,86.0,86.0,8.0,105.0,9999.0,5.0,3500.0
65.48,4.0,14.0,24.0,3996.0,86.0,86.0,8.0,105.0,9999.0,6.5,3500.0
68.01,4.0,14.0,24.0,3996.0,86.0,86.0,8.0,105.0,9999.0,7.0,3500.0
70.66,4.0,14.0,24.0,3996.0,86.0,86.0,8.0,105.0,9999.0,7.5,3500.0
73.42,4.0,14.0,24.0,3996.0,86.0,86.0,8.0,105.0,9999.0,8.0,3500.0
76.29,4.0,14.0,24.0,3996.0,86.0,86.0,8.0,105.0,9999.0,8.5,3500.0
79.26,4.0,14.0,24.0,3996.0,86.0,86.0,8.0,105.0,9999.0,9.0,3500.0
82.35,4.0,14.0,24.0,3996.0,86.0,86.0,8.0,105.0,9999.0,9.5,3500.0
85.54,4.0,14.0,24.0,3996.0,86.0,86.0,8.0,105.0,9999.0,10.0,3500.0
88.84,4.0,14.0,24.0,3996.0,86.0,86.0,8.0,105.0,9999.0,10.5,3500.0
92.25,4.0,14.0,24.0,3996.0,86.0,86.0,8.0,105.0,9999.0,11.0,3500.0
95.78,4.0,14.0,24.0,3996.0,86.0,86.0,8.0,105.0,9999.0,11.5,3500.0
99.41,4.0,14.0,24.0,3996.0,86.0,86.0,8.0,105.0,9999.0,12.0,3500.0
103.15,4.0,14.0,24.0,3996.0,86.0,86.0,8.0,105.0,9999.0,12.5,3500.0
107.0,4.0,14.0,24.0,3996.0,86.0,86.0,8.0,105.0,9999.0,13.0,3500.0
110.95,4.0,14.0,24.0,3996.0,86.0,86.0,8.0,105.0,9999.0,13.5,3500.0
115.02,4.0,14.0,24.0,3996.0,86.0,86.0,8.0,105.0,9999.0,14.0,3500.0
119.2,4.0,14.0,24.0,3996.0,86.0,86.0,8.0,105.0,9999.0,14.5,3500.0
123.48,4.0,14.0,24.0,3996.0,86.0,86.0,8.0,105.0,9999.0,15.0,3500.0
127.88,4.0,14.0,24.0,3996.0,86.0,86.0,8.0,105.0,9999.0,15.5,3500.0
132.38,4.0,14.0,24.0,3996.0,86.0,86.0,8.0,105.0,9999.0,16.0,3500.0
137.0,4.0,14.0,24.0,3996.0,86.0,86.0,8.0,105.0,9999.0,16.5,3500.0
141.72,4.0,14.0,24.0,3996.0,86.0,86.0,8.0,105.0,9999.0,17.0,3500.0
146.55,4.0,14.0,24.0,3996.0,86.0,86.0,8.0,105.0,9999.0,17.5,3500.0
151.49,4.0,14.0,24.0,3996.0,86.0,86.0,8.0,105.0,9999.0,18.0,3500.0
156.54,4.0,14.0,24.0,3996.0,86.0,86.0,8.0,105.0,9999.0,18.5,3500.0
161.7,4.0,14.0,24.0,3996.0,86.0,86.0,8.0,105.0,9999.0,19.0,3500.0
166.97,4.0,14.0,24.0,3996.0,86.0,86.0,8.0,105.0,9999.0,19.5,3500.0
172.35,4.0,14.0,24.0,3996.0,86.0,86.0,8.0,105.0,9999.0,20.0,3500.0
49.8,4.0,14.0,24.0,3996.0,86.0,86.0,8.0,105.0,9999.0,0.0,4000.0
51.16,4.0,14.0,24.0,3996.0,86.0,86.0,8.0,105.0,9999.0,0.5,4000.0
52.66,4.0,14.0,24.0,3996.0,86.0,86.0,8.0,105.0,9999.0,1.0,4000.0
54.3,4.0,14.0,24.0,3996.0,86.0,86.0,8.0,105.0,9999.0,1.5,4000.0
57.99,4.0,14.0,24.0,3996.0,86.0,86.0,8.0,105.0,9999.0,2.5,4000.0
60.06,4.0,14.0,24.0,3996.0,86.0,86.0,8.0,105.0,9999.0,3.0,4000.0
62.26,4.0,14.0,24.0,3996.0,86.0,86.0,8.0,105.0,9999.0,3.5,4000.0
64.6,4.0,14.0,24.0,3996.0,86.0,86.0,8.0,105.0,9999.0,4.0,4000.0
67.08,4.0,14.0,24.0,3996.0,86.0,86.0,8.0,105.0,9999.0,4.5,4000.0
69.71,4.0,14.0,24.0,3996.0,86.0,86.0,8.0,105.0,9999.0,5.0,4000.0
72.47,4.0,14.0,24.0,3996.0,86.0,86.0,8.0,105.0,9999.0,5.5,4000.0
75.38,4.0,14.0,24.0,3996.0,86.0,86.0,8.0,105.0,9999.0,6.0,4000.0
78.43,4.0,14.0,24.0,3996.0,86.0,86.0,8.0,105.0,9999.0,6.5,4000.0
81.62,4.0,14.0,24.0,3996.0,86.0,86.0,8.0,105.0,9999.0,7.0,4000.0
84.94,4.0,14.0,24.0,3996.0,86.0,86.0,8.0,105.0,9999.0,7.5,4000.0
88.41,4.0,14.0,24.0,3996.0,86.0,86.0,8.0,105.0,9999.0,8.0,4000.0
92.03,4.0,14.0,24.0,3996.0,86.0,86.0,8.0,105.0,9999.0,8.5,4000.0
95.78,4.0,14.0,24.0,3996.0,86.0,86.0,8.0,105.0,9999.0,9.0,4000.0
99.67,4.0,14.0,24.0,3996.0,86.0,86.0,8.0,105.0,9999.0,9.5,4000.0
103.7,4.0,14.0,24.0,3996.0,86.0,86.0,8.0,105.0,9999.0,10.0,4000.0
107.88,4.0,14.0,24.0,3996.0,86.0,86.0,8.0,105.0,9999.0,10.5,4000.0
112.19,4.0,14.0,24.0,3996.0,86.0,86.0,8.0,105.0,9999.0,11.0,4000.0
116.65,4.0,14.0,24.0,3996.0,86.0,86.0,8.0,105.0,9999.0,11.5,4000.0
121.25,4.0,14.0,24.0,3996.0,86.0,86.0,8.0,105.0,9999.0,12.0,4000.0
125.98,4.0,14.0,24.0,3996.0,86.0,86.0,8.0,105.0,9999.0,12.5,4000.0
130.86,4.0,14.0,24.0,3996.0,86.0,86.0,8.0,105.0,9999.0,13.0,4000.0
135.88,4.0,14.0,24.0,3996.0,86.0,86.0,8.0,105.0,9999.0,13.5,4000.0
141.04,4.0,14.0,24.0,3996.0,86.0,86.0,8.0,105.0,9999.0,14.0,4000.0
146.35,4.0,14.0,24.0,3996.0,86.0,86.0,8.0,105.0,9999.0,14.5,4000.0
151.79,4.0,14.0,24.0,3996.0,86.0,86.0,8.0,105.0,9999.0,15.0,4000.0
157.37,4.0,14.0,24.0,3996.0,86.0,86.0,8.0,105.0,9999.0,15.5,4000.0
163.1,4.0,14.0,24.0,3996.0,86.0,86.0,8.0,105.0,9999.0,16.0,4000.0
168.96,4.0,14.0,24.0,3996.0,86.0,86.0,8.0,105.0,9999.0,16.5,4000.0
174.97,4.0,14.0,24.0,3996.0,86.0,86.0,8.0,105.0,9999.0,17.0,4000.0
181.11,4.0,14.0,24.0,3996.0,86.0,86.0,8.0,105.0,9999.0,17.5,4000.0
187.4,4.0,14.0,24.0,3996.0,86.0,86.0,8.0,105.0,9999.0,18.0,4000.0
193.83,4.0,14.0,24.0,3996.0,86.0,86.0,8.0,105.0,9999.0,18.5,4000.0
200.4,4.0,14.0,24.0,3996.0,86.0,86.0,8.0,105.0,9999.0,19.0,4000.0
207.11,4.0,14.0,24.0,3996.0,86.0,86.0,8.0,105.0,9999.0,19.5,4000.0
213.96,4.0,14.0,24.0,3996.0,86.0,86.0,8.0,105.0,9999.0,20.0,4000.0
57.0,4.0,14.0,24.0,3996.0,86.0,86.0,8.0,105.0,9999.0,0.0,4500.0
60.6,4.0,14.0,24.0,3996.0,86.0,86.0,8.0,105.0,9999.0,1.0,4500.0
62.67,4.0,14.0,24.0,3996.0,86.0,86.0,8.0,105.0,9999.0,1.5,4500.0
64.91,4.0,14.0,24.0,3996.0,86.0,86.0,8.0,105.0,9999.0,2.0,4500.0
67.33,4.0,14.0,24.0,3996.0,86.0,86.0,8.0,105.0,9999.0,2.5,4500.0
69.92,4.0,14.0,24.0,3996.0,86.0,86.0,8.0,105.0,9999.0,3.0,4500.0
72.69,4.0,14.0,24.0,3996.0,86.0,86.0,8.0,105.0,9999.0,3.5,4500.0
75.64,4.0,14.0,24.0,3996.0,86.0,86.0,8.0,105.0,9999.0,4.0,4500.0
78.76,4.0,14.0,24.0,3996.0,86.0,86.0,8.0,105.0,9999.0,4.5,4500.0
82.06,4.0,14.0,24.0,3996.0,86.0,86.0,8.0,105.0,9999.0,5.0,4500.0
85.54,4.0,14.0,24.0,3996.0,86.0,86.0,8.0,105.0,9999.0,5.5,4500.0
89.19,4.0,14.0,24.0,3996.0,86.0,86.0,8.0,105.0,9999.0,6.0,4500.0
97.02,4.0,14.0,24.0,3996.0,86.0,86.0,8.0,105.0,9999.0,7.0,4500.0
101.2,4.0,14.0,24.0,3996.0,86.0,86.0,8.0,105.0,9999.0,7.5,4500.0
105.56,4.0,14.0,24.0,3996.0,86.0,86.0,8.0,105.0,9999.0,8.0,4500.0
110.09,4.0,14.0,24.0,3996.0,86.0,86.0,8.0,105.0,9999.0,8.5,4500.0
114.8,4.0,14.0,24.0,3996.0,86.0,86.0,8.0,105.0,9999.0,9.0,4500.0
119.69,4.0,14.0,24.0,3996.0,86.0,86.0,8.0,105.0,9999.0,9.5,4500.0
124.75,4.0,14.0,24.0,3996.0,86.0,86.0,8.0,105.0,9999.0,10.0,4500.0
135.4,4.0,14.0,24.0,3996.0,86.0,86.0,8.0,105.0,9999.0,11.0,4500.0
141.0,4.0,14.0,24.0,3996.0,86.0,86.0,8.0,105.0,9999.0,11.5,4500.0
146.76,4.0,14.0,24.0,3996.0,86.0,86.0,8.0,105.0,9999.0,12.0,4500.0
152.71,4.0,14.0,24.0,3996.0,86.0,86.0,8.0,105.0,9999.0,12.5,4500.0
158.83,4.0,14.0,24.0,3996.0,86.0,86.0,8.0,105.0,9999.0,13.0,4500.0
165.12,4.0,14.0,24.0,3996.0,86.0,86.0,8.0,105.0,9999.0,13.5,4500.0
171.59,4.0,14.0,24.0,3996.0,86.0,86.0,8.0,105.0,9999.0,14.0,4500.0
178.24,4.0,14.0,24.0,3996.0,86.0,86.0,8.0,105.0,9999.0,14.5,4500.0
192.07,4.0,14.0,24.0,3996.0,86.0,86.0,8.0,105.0,9999.0,15.5,4500.0
199.25,4.0,14.0,24.0,3996.0,86.0,86.0,8.0,105.0,9999.0,16.0,4500.0
206.6,4.0,14.0,24.0,3996.0,86.0,86.0,8.0,105.0,9999.0,16.5,4500.0
214.13,4.0,14.0,24.0,3996.0,86.0,86.0,8.0,105.0,9999.0,17.0,4500.0
221.84,4.0,14.0,24.0,3996.0,86.0,86.0,8.0,105.0,9999.0,17.5,4500.0
229.72,4.0,14.0,24.0,3996.0,86.0,86.0,8.0,105.0,9999.0,18.0,4500.0
237.78,4.0,14.0,24.0,3996.0,86.0,86.0,8.0,105.0,9999.0,18.5,4500.0
246.01,4.0,14.0,24.0,3996.0,86.0,86.0,8.0,105.0,9999.0,19.0,4500.0
254.42,4.0,14.0,24.0,3996.0,86.0,86.0,8.0,105.0,9999.0,19.5,4500.0
263.01,4.0,14.0,24.0,3996.0,86.0,86.0,8.0,105.0,9999.0,20.0,4500.0
-3.69,4.0,15.0,24.0,1866.0,89.4,81.5,4.0,105.0,130.0,0.5,100.0
-2.85,4.0,15.0,24.0,1866.0,89.4,81.5,4.0,105.0,130.0,1.0,100.0
-2.0,4.0,15.0,24.0,1866.0,89.4,81.5,4.0,105.0,130.0,1.5,100.0
-1.13,4.0,15.0,24.0,1866.0,89.4,81.5,4.0,105.0,130.0,2.0,100.0
-0.26,4.0,15.0,24.0,1866.0,89.4,81.5,4.0,105.0,130.0,2.5,100.0
0.64,4.0,15.0,24.0,1866.0,89.4,81.5,4.0,105.0,130.0,3.0,100.0
1.54,4.0,15.0,24.0,1866.0,89.4,81.5,4.0,105.0,130.0,3.5,100.0
2.45,4.0,15.0,24.0,1866.0,89.4,81.5,4.0,105.0,130.0,4.0,100.0
3.37,4.0,15.0,24.0,1866.0,89.4,81.5,4.0,105.0,130.0,4.5,100.0
4.32,4.0,15.0,24.0,1866.0,89.4,81.5,4.0,105.0,130.0,5.0,100.0
5.27,4.0,15.0,24.0,1866.0,89.4,81.5,4.0,105.0,130.0,5.5,100.0
6.22,4.0,15.0,24.0,1866.0,89.4,81.5,4.0,105.0,130.0,6.0,100.0
7.2,4.0,15.0,24.0,1866.0,89.4,81.5,4.0,105.0,130.0,6.5,100.0
10.19,4.0,15.0,24.0,1866.0,89.4,81.5,4.0,105.0,130.0,8.0,100.0
11.22,4.0,15.0,24.0,1866.0,89.4,81.5,4.0,105.0,130.0,8.5,100.0
12.25,4.0,15.0,24.0,1866.0,89.4,81.5,4.0,105.0,130.0,9.0,100.0
13.29,4.0,15.0,24.0,1866.0,89.4,81.5,4.0,105.0,130.0,9.5,100.0
14.35,4.0,15.0,24.0,1866.0,89.4,81.5,4.0,105.0,130.0,10.0,100.0
15.42,4.0,15.0,24.0,1866.0,89.4,81.5,4.0,105.0,130.0,10.5,100.0
16.51,4.0,15.0,24.0,1866.0,89.4,81.5,4.0,105.0,130.0,11.0,100.0
18.7,4.0,15.0,24.0,1866.0,89.4,81.5,4.0,105.0,130.0,12.0,100.0
20.95,4.0,15.0,24.0,1866.0,89.4,81.5,4.0,105.0,130.0,13.0,100.0
23.25,4.0,15.0,24.0,1866.0,89.4,81.5,4.0,105.0,130.0,14.0,100.0
24.41,4.0,15.0,24.0,1866.0,89.4,81.5,4.0,105.0,130.0,14.5,100.0
25.58,4.0,15.0,24.0,1866.0,89.4,81.5,4.0,105.0,130.0,15.0,100.0
26.77,4.0,15.0,24.0,1866.0,89.4,81.5,4.0,105.0,130.0,15.5,100.0
27.98,4.0,15.0,24.0,1866.0,89.4,81.5,4.0,105.0,130.0,16.0,100.0
29.19,4.0,15.0,24.0,1866.0,89.4,81.5,4.0,105.0,130.0,16.5,100.0
30.41,4.0,15.0,24.0,1866.0,89.4,81.5,4.0,105.0,130.0,17.0,100.0
31.65,4.0,15.0,24.0,1866.0,89.4,81.5,4.0,105.0,130.0,17.5,100.0
32.9,4.0,15.0,24.0,1866.0,89.4,81.5,4.0,105.0,130.0,18.0,100.0
34.16,4.0,15.0,24.0,1866.0,89.4,81.5,4.0,105.0,130.0,18.5,100.0
35.43,4.0,15.0,24.0,1866.0,89.4,81.5,4.0,105.0,130.0,19.0,100.0
36.72,4.0,15.0,24.0,1866.0,89.4,81.5,4.0,105.0,130.0,19.5,100.0
38.02,4.0,15.0,24.0,1866.0,89.4,81.5,4.0,105.0,130.0,20.0,100.0
-0.34,4.0,15.0,24.0,1866.0,89.4,81.5,4.0,105.0,130.0,0.0,1000.0
0.28,4.0,15.0,24.0,1866.0,89.4,81.5,4.0,105.0,130.0,0.5,1000.0
1.55,4.0,15.0,24.0,1866.0,89.4,81.5,4.0,105.0,130.0,1.5,1000.0
2.21,4.0,15.0,24.0,1866.0,89.4,81.5,4.0,105.0,130.0,2.0,1000.0
2.89,4.0,15.0,24.0,1866.0,89.4,81.5,4.0,105.0,130.0,2.5,1000.0
3.56,4.0,15.0,24.0,1866.0,89.4,81.5,4.0,105.0,130.0,3.0,1000.0
4.96,4.0,15.0,24.0,1866.0,89.4,81.5,4.0,105.0,130.0,4.0,1000.0
5.67,4.0,15.0,24.0,1866.0,89.4,81.5,4.0,105.0,130.0,4.5,1000.0
7.13,4.0,15.0,24.0,1866.0,89.4,81.5,4.0,105.0,130.0,5.5,1000.0
8.63,4.0,15.0,24.0,1866.0,89.4,81.5,4.0,105.0,130.0,6.5,1000.0
9.4,4.0,15.0,24.0,1866.0,89.4,81.5,4.0,105.0,130.0,7.0,1000.0
10.19,4.0,15.0,24.0,1866.0,89.4,81.5,4.0,105.0,130.0,7.5,1000.0
10.98,4.0,15.0,24.0,1866.0,89.4,81.5,4.0,105.0,130.0,8.0,1000.0
11.78,4.0,15.0,24.0,1866.0,89.4,81.5,4.0,105.0,130.0,8.5,1000.0
12.6,4.0,15.0,24.0,1866.0,89.4,81.5,4.0,105.0,130.0,9.0,1000.0
13.43,4.0,15.0,24.0,1866.0,89.4,81.5,4.0,105.0,130.0,9.5,1000.0
14.27,4.0,15.0,24.0,1866.0,89.4,81.5,4.0,105.0,130.0,10.0,1000.0
15.98,4.0,15.0,24.0,1866.0,89.4,81.5,4.0,105.0,130.0,11.0,1000.0
17.73,4.0,15.0,24.0,1866.0,89.4,81.5,4.0,105.0,130.0,12.0,1000.0
18.63,4.0,15.0,24.0,1866.0,89.4,81.5,4.0,105.0,130.0,12.5,1000.0
19.54,4.0,15.0,24.0,1866.0,89.4,81.5,4.0,105.0,130.0,13.0,1000.0
21.39,4.0,15.0,24.0,1866.0,89.4,81.5,4.0,105.0,130.0,14.0,1000.0
22.33,4.0,15.0,24.0,1866.0,89.4,81.5,4.0,105.0,130.0,14.5,1000.0
23.28,4.0,15.0,24.0,1866.0,89.4,81.5,4.0,105.0,130.0,15.0,1000.0
24.25,4.0,15.0,24.0,1866.0,89.4,81.5,4.0,105.0,130.0,15.5,1000.0
25.23,4.0,15.0,24.0,1866.0,89.4,81.5,4.0,105.0,130.0,16.0,1000.0
26.21,4.0,15.0,24.0,1866.0,89.4,81.5,4.0,105.0,130.0,16.5,1000.0
27.22,4.0,15.0,24.0,1866.0,89.4,81.5,4.0,105.0,130.0,17.0,1000.0
28.22,4.0,15.0,24.0,1866.0,89.4,81.5,4.0,105.0,130.0,17.5,1000.0
29.24,4.0,15.0,24.0,1866.0,89.4,81.5,4.0,105.0,130.0,18.0,1000.0
30.28,4.0,15.0,24.0,1866.0,89.4,81.5,4.0,105.0,130.0,18.5,1000.0
31.32,4.0,15.0,24.0,1866.0,89.4,81.5,4.0,105.0,130.0,19.0,1000.0
32.38,4.0,15.0,24.0,1866.0,89.4,81.5,4.0,105.0,130.0,19.5,1000.0
33.45,4.0,15.0,24.0,1866.0,89.4,81.5,4.0,105.0,130.0,20.0,1000.0
2.17,4.0,15.0,24.0,1866.0,89.4,81.5,4.0,105.0,130.0,0.0,1500.0
2.72,4.0,15.0,24.0,1866.0,89.4,81.5,4.0,105.0,130.0,0.5,1500.0
3.27,4.0,15.0,24.0,1866.0,89.4,81.5,4.0,105.0,130.0,1.0,1500.0
3.85,4.0,15.0,24.0,1866.0,89.4,81.5,4.0,105.0,130.0,1.5,1500.0
4.42,4.0,15.0,24.0,1866.0,89.4,81.5,4.0,105.0,130.0,2.0,1500.0
5.03,4.0,15.0,24.0,1866.0,89.4,81.5,4.0,105.0,130.0,2.5,1500.0
5.64,4.0,15.0,24.0,1866.0,89.4,81.5,4.0,105.0,130.0,3.0,1500.0
6.27,4.0,15.0,24.0,1866.0,89.4,81.5,4.0,105.0,130.0,3.5,1500.0
6.91,4.0,15.0,24.0,1866.0,89.4,81.5,4.0,105.0,130.0,4.0,1500.0
7.57,4.0,15.0,24.0,1866.0,89.4,81.5,4.0,105.0,130.0,4.5,1500.0
8.23,4.0,15.0,24.0,1866.0,89.4,81.5,4.0,105.0,130.0,5.0,1500.0
8.92,4.0,15.0,24.0,1866.0,89.4,81.5,4.0,105.0,130.0,5.5,1500.0
9.62,4.0,15.0,24.0,1866.0,89.4,81.5,4.0,105.0,130.0,6.0,1500.0
10.33,4.0,15.0,24.0,1866.0,89.4,81.5,4.0,105.0,130.0,6.5,1500.0
11.06,4.0,15.0,24.0,1866.0,89.4,81.5,4.0,105.0,130.0,7.0,1500.0
11.8,4.0,15.0,24.0,1866.0,89.4,81.5,4.0,105.0,130.0,7.5,1500.0
12.56,4.0,15.0,24.0,1866.0,89.4,81.5,4.0,105.0,130.0,8.0,1500.0
13.33,4.0,15.0,24.0,1866.0,89.4,81.5,4.0,105.0,130.0,8.5,1500.0
14.11,4.0,15.0,24.0,1866.0,89.4,81.5,4.0,105.0,130.0,9.0,1500.0
14.91,4.0,15.0,24.0,1866.0,89.4,81.5,4.0,105.0,130.0,9.5,1500.0
15.72,4.0,15.0,24.0,1866.0,89.4,81.5,4.0,105.0,130.0,10.0,1500.0
17.39,4.0,15.0,24.0,1866.0,89.4,81.5,4.0,105.0,130.0,11.0,1500.0
18.24,4.0,15.0,24.0,1866.0,89.4,81.5,4.0,105.0,130.0,11.5,1500.0
19.11,4.0,15.0,24.0,1866.0,89.4,81.5,4.0,105.0,130.0,12.0,1500.0
20.0,4.0,15.0,24.0,1866.0,89.4,81.5,4.0,105.0,130.0,12.5,1500.0
20.89,4.0,15.0,24.0,1866.0,89.4,81.5,4.0,105.0,130.0,13.0,1500.0
21.81,4.0,15.0,24.0,1866.0,89.4,81.5,4.0,105.0,130.0,13.5,1500.0
22.73,4.0,15.0,24.0,1866.0,89.4,81.5,4.0,105.0,130.0,14.0,1500.0
23.67,4.0,15.0,24.0,1866.0,89.4,81.5,4.0,105.0,130.0,14.5,1500.0
24.62,4.0,15.0,24.0,1866.0,89.4,81.5,4.0,105.0,130.0,15.0,1500.0
25.6,4.0,15.0,24.0,1866.0,89.4,81.5,4.0,105.0,130.0,15.5,1500.0
26.58,4.0,15.0,24.0,1866.0,89.4,81.5,4.0,105.0,130.0,16.0,1500.0
27.58,4.0,15.0,24.0,1866.0,89.4,81.5,4.0,105.0,130.0,16.5,1500.0
28.59,4.0,15.0,24.0,1866.0,89.4,81.5,4.0,105.0,130.0,17.0,1500.0
29.61,4.0,15.0,24.0,1866.0,89.4,81.5,4.0,105.0,130.0,17.5,1500.0
30.65,4.0,15.0,24.0,1866.0,89.4,81.5,4.0,105.0,130.0,18.0,1500.0
31.71,4.0,15.0,24.0,1866.0,89.4,81.5,4.0,105.0,130.0,18.5,1500.0
32.78,4.0,15.0,24.0,1866.0,89.4,81.5,4.0,105.0,130.0,19.0,1500.0
33.86,4.0,15.0,24.0,1866.0,89.4,81.5,4.0,105.0,130.0,19.5,1500.0
34.96,4.0,15.0,24.0,1866.0,89.4,81.5,4.0,105.0,130.0,20.0,1500.0
4.82,4.0,15.0,24.0,1866.0,89.4,81.5,4.0,105.0,130.0,0.0,2000.0
5.31,4.0,15.0,24.0,1866.0,89.4,81.5,4.0,105.0,130.0,0.5,2000.0
5.82,4.0,15.0,24.0,1866.0,89.4,81.5,4.0,105.0,130.0,1.0,2000.0
6.34,4.0,15.0,24.0,1866.0,89.4,81.5,4.0,105.0,130.0,1.5,2000.0
6.89,4.0,15.0,24.0,1866.0,89.4,81.5,4.0,105.0,130.0,2.0,2000.0
7.46,4.0,15.0,24.0,1866.0,89.4,81.5,4.0,105.0,130.0,2.5,2000.0
8.05,4.0,15.0,24.0,1866.0,89.4,81.5,4.0,105.0,130.0,3.0,2000.0
8.65,4.0,15.0,24.0,1866.0,89.4,81.5,4.0,105.0,130.0,3.5,2000.0
9.91,4.0,15.0,24.0,1866.0,89.4,81.5,4.0,105.0,130.0,4.5,2000.0
10.58,4.0,15.0,24.0,1866.0,89.4,81.5,4.0,105.0,130.0,5.0,2000.0
11.25,4.0,15.0,24.0,1866.0,89.4,81.5,4.0,105.0,130.0,5.5,2000.0
13.42,4.0,15.0,24.0,1866.0,89.4,81.5,4.0,105.0,130.0,7.0,2000.0
14.17,4.0,15.0,24.0,1866.0,89.4,81.5,4.0,105.0,130.0,7.5,2000.0
14.95,4.0,15.0,24.0,1866.0,89.4,81.5,4.0,105.0,130.0,8.0,2000.0
15.74,4.0,15.0,24.0,1866.0,89.4,81.5,4.0,105.0,130.0,8.5,2000.0
16.56,4.0,15.0,24.0,1866.0,89.4,81.5,4.0,105.0,130.0,9.0,2000.0
17.4,4.0,15.0,24.0,1866.0,89.4,81.5,4.0,105.0,130.0,9.5,2000.0
18.25,4.0,15.0,24.0,1866.0,89.4,81.5,4.0,105.0,130.0,10.0,2000.0
19.12,4.0,15.0,24.0,1866.0,89.4,81.5,4.0,105.0,130.0,10.5,2000.0
20.02,4.0,15.0,24.0,1866.0,89.4,81.5,4.0,105.0,130.0,11.0,2000.0
20.93,4.0,15.0,24.0,1866.0,89.4,81.5,4.0,105.0,130.0,11.5,2000.0
21.85,4.0,15.0,24.0,1866.0,89.4,81.5,4.0,105.0,130.0,12.0,2000.0
22.8,4.0,15.0,24.0,1866.0,89.4,81.5,4.0,105.0,130.0,12.5,2000.0
23.77,4.0,15.0,24.0,1866.0,89.4,81.5,4.0,105.0,130.0,13.0,2000.0
24.77,4.0,15.0,24.0,1866.0,89.4,81.5,4.0,105.0,130.0,13.5,2000.0
25.77,4.0,15.0,24.0,1866.0,89.4,81.5,4.0,105.0,130.0,14.0,2000.0
26.8,4.0,15.0,24.0,1866.0,89.4,81.5,4.0,105.0,130.0,14.5,2000.0
27.85,4.0,15.0,24.0,1866.0,89.4,81.5,4.0,105.0,130.0,15.0,2000.0
28.91,4.0,15.0,24.0,1866.0,89.4,81.5,4.0,105.0,130.0,15.5,2000.0
30.0,4.0,15.0,24.0,1866.0,89.4,81.5,4.0,105.0,130.0,16.0,2000.0
31.1,4.0,15.0,24.0,1866.0,89.4,81.5,4.0,105.0,130.0,16.5,2000.0
32.22,4.0,15.0,24.0,1866.0,89.4,81.5,4.0,105.0,130.0,17.0,2000.0
34.53,4.0,15.0,24.0,1866.0,89.4,81.5,4.0,105.0,130.0,18.0,2000.0
35.71,4.0,15.0,24.0,1866.0,89.4,81.5,4.0,105.0,130.0,18.5,2000.0
36.91,4.0,15.0,24.0,1866.0,89.4,81.5,4.0,105.0,130.0,19.0,2000.0
38.12,4.0,15.0,24.0,1866.0,89.4,81.5,4.0,105.0,130.0,19.5,2000.0
39.36,4.0,15.0,24.0,1866.0,89.4,81.5,4.0,105.0,130.0,20.0,2000.0
7.6,4.0,15.0,24.0,1866.0,89.4,81.5,4.0,105.0,130.0,0.0,2500.0
8.06,4.0,15.0,24.0,1866.0,89.4,81.5,4.0,105.0,130.0,0.5,2500.0
8.55,4.0,15.0,24.0,1866.0,89.4,81.5,4.0,105.0,130.0,1.0,2500.0
9.07,4.0,15.0,24.0,1866.0,89.4,81.5,4.0,105.0,130.0,1.5,2500.0
9.61,4.0,15.0,24.0,1866.0,89.4,81.5,4.0,105.0,130.0,2.0,2500.0
10.18,4.0,15.0,24.0,1866.0,89.4,81.5,4.0,105.0,130.0,2.5,2500.0
10.77,4.0,15.0,24.0,1866.0,89.4,81.5,4.0,105.0,130.0,3.0,2500.0
11.38,4.0,15.0,24.0,1866.0,89.4,81.5,4.0,105.0,130.0,3.5,2500.0
12.03,4.0,15.0,24.0,1866.0,89.4,81.5,4.0,105.0,130.0,4.0,2500.0
12.71,4.0,15.0,24.0,1866.0,89.4,81.5,4.0,105.0,130.0,4.5,2500.0
14.14,4.0,15.0,24.0,1866.0,89.4,81.5,4.0,105.0,130.0,5.5,2500.0
14.88,4.0,15.0,24.0,1866.0,89.4,81.5,4.0,105.0,130.0,6.0,2500.0
15.66,4.0,15.0,24.0,1866.0,89.4,81.5,4.0,105.0,130.0,6.5,2500.0
16.47,4.0,15.0,24.0,1866.0,89.4,81.5,4.0,105.0,130.0,7.0,2500.0
17.3,4.0,15.0,24.0,1866.0,89.4,81.5,4.0,105.0,130.0,7.5,2500.0
18.16,4.0,15.0,24.0,1866.0,89.4,81.5,4.0,105.0,130.0,8.0,2500.0
19.04,4.0,15.0,24.0,1866.0,89.4,81.5,4.0,105.0,130.0,8.5,2500.0
19.95,4.0,15.0,24.0,1866.0,89.4,81.5,4.0,105.0,130.0,9.0,2500.0
20.89,4.0,15.0,24.0,1866.0,89.4,81.5,4.0,105.0,130.0,9.5,2500.0
22.84,4.0,15.0,24.0,1866.0,89.4,81.5,4.0,105.0,130.0,10.5,2500.0
23.86,4.0,15.0,24.0,1866.0,89.4,81.5,4.0,105.0,130.0,11.0,2500.0
24.9,4.0,15.0,24.0,1866.0,89.4,81.5,4.0,105.0,130.0,11.5,2500.0
25.97,4.0,15.0,24.0,1866.0,89.4,81.5,4.0,105.0,130.0,12.0,2500.0
27.07,4.0,15.0,24.0,1866.0,89.4,81.5,4.0,105.0,130.0,12.5,2500.0
28.19,4.0,15.0,24.0,1866.0,89.4,81.5,4.0,105.0,130.0,13.0,2500.0
29.33,4.0,15.0,24.0,1866.0,89.4,81.5,4.0,105.0,130.0,13.5,2500.0
30.5,4.0,15.0,24.0,1866.0,89.4,81.5,4.0,105.0,130.0,14.0,2500.0
31.7,4.0,15.0,24.0,1866.0,89.4,81.5,4.0,105.0,130.0,14.5,2500.0
32.94,4.0,15.0,24.0,1866.0,89.4,81.5,4.0,105.0,130.0,15.0,2500.0
34.19,4.0,15.0,24.0,1866.0,89.4,81.5,4.0,105.0,130.0,15.5,2500.0
35.47,4.0,15.0,24.0,1866.0,89.4,81.5,4.0,105.0,130.0,16.0,2500.0
36.77,4.0,15.0,24.0,1866.0,89.4,81.5,4.0,105.0,130.0,16.5,2500.0
38.1,4.0,15.0,24.0,1866.0,89.4,81.5,4.0,105.0,130.0,17.0,2500.0
39.46,4.0,15.0,24.0,1866.0,89.4,81.5,4.0,105.0,130.0,17.5,2500.0
40.85,4.0,15.0,24.0,1866.0,89.4,81.5,4.0,105.0,130.0,18.0,2500.0
42.26,4.0,15.0,24.0,1866.0,89.4,81.5,4.0,105.0,130.0,18.5,2500.0
45.15,4.0,15.0,24.0,1866.0,89.4,81.5,4.0,105.0,130.0,19.5,2500.0
46.65,4.0,15.0,24.0,1866.0,89.4,81.5,4.0,105.0,130.0,20.0,2500.0
10.51,4.0,15.0,24.0,1866.0,89.4,81.5,4.0,105.0,130.0,0.0,3000.0
11.47,4.0,15.0,24.0,1866.0,89.4,81.5,4.0,105.0,130.0,1.0,3000.0
12.01,4.0,15.0,24.0,1866.0,89.4,81.5,4.0,105.0,130.0,1.5,3000.0
12.57,4.0,15.0,24.0,1866.0,89.4,81.5,4.0,105.0,130.0,2.0,3000.0
13.18,4.0,15.0,24.0,1866.0,89.4,81.5,4.0,105.0,130.0,2.5,3000.0
13.82,4.0,15.0,24.0,1866.0,89.4,81.5,4.0,105.0,130.0,3.0,3000.0
14.49,4.0,15.0,24.0,1866.0,89.4,81.5,4.0,105.0,130.0,3.5,3000.0
15.2,4.0,15.0,24.0,1866.0,89.4,81.5,4.0,105.0,130.0,4.0,3000.0
15.95,4.0,15.0,24.0,1866.0,89.4,81.5,4.0,105.0,130.0,4.5,3000.0
16.74,4.0,15.0,24.0,1866.0,89.4,81.5,4.0,105.0,130.0,5.0,3000.0
17.56,4.0,15.0,24.0,1866.0,89.4,81.5,4.0,105.0,130.0,5.5,3000.0
18.41,4.0,15.0,24.0,1866.0,89.4,81.5,4.0,105.0,130.0,6.0,3000.0
19.3,4.0,15.0,24.0,1866.0,89.4,81.5,4.0,105.0,130.0,6.5,3000.0
20.22,4.0,15.0,24.0,1866.0,89.4,81.5,4.0,105.0,130.0,7.0,3000.0
21.19,4.0,15.0,24.0,1866.0,89.4,81.5,4.0,105.0,130.0,7.5,3000.0
22.18,4.0,15.0,24.0,1866.0,89.4,81.5,4.0,105.0,130.0,8.0,3000.0
23.21,4.0,15.0,24.0,1866.0,89.4,81.5,4.0,105.0,130.0,8.5,3000.0
24.29,4.0,15.0,24.0,1866.0,89.4,81.5,4.0,105.0,130.0,9.0,3000.0
25.39,4.0,15.0,24.0,1866.0,89.4,81.5,4.0,105.0,130.0,9.5,3000.0
27.71,4.0,15.0,24.0,1866.0,89.4,81.5,4.0,105.0,130.0,10.5,3000.0
28.91,4.0,15.0,24.0,1866.0,89.4,81.5,4.0,105.0,130.0,11.0,3000.0
30.17,4.0,15.0,24.0,1866.0,89.4,81.5,4.0,105.0,130.0,11.5,3000.0
31.44,4.0,15.0,24.0,1866.0,89.4,81.5,4.0,105.0,130.0,12.0,3000.0
32.77,4.0,15.0,24.0,1866.0,89.4,81.5,4.0,105.0,130.0,12.5,3000.0
34.12,4.0,15.0,24.0,1866.0,89.4,81.5,4.0,105.0,130.0,13.0,3000.0
35.51,4.0,15.0,24.0,1866.0,89.4,81.5,4.0,105.0,130.0,13.5,3000.0
36.93,4.0,15.0,24.0,1866.0,89.4,81.5,4.0,105.0,130.0,14.0,3000.0
38.4,4.0,15.0,24.0,1866.0,89.4,81.5,4.0,105.0,130.0,14.5,3000.0
39.89,4.0,15.0,24.0,1866.0,89.4,81.5,4.0,105.0,130.0,15.0,3000.0
41.43,4.0,15.0,24.0,1866.0,89.4,81.5,4.0,105.0,130.0,15.5,3000.0
43.0,4.0,15.0,24.0,1866.0,89.4,81.5,4.0,105.0,130.0,16.0,3000.0
44.6,4.0,15.0,24.0,1866.0,89.4,81.5,4.0,105.0,130.0,16.5,3000.0
46.24,4.0,15.0,24.0,1866.0,89.4,81.5,4.0,105.0,130.0,17.0,3000.0
47.92,4.0,15.0,24.0,1866.0,89.4,81.5,4.0,105.0,130.0,17.5,3000.0
49.63,4.0,15.0,24.0,1866.0,89.4,81.5,4.0,105.0,130.0,18.0,3000.0
51.37,4.0,15.0,24.0,1866.0,89.4,81.5,4.0,105.0,130.0,18.5,3000.0
53.16,4.0,15.0,24.0,1866.0,89.4,81.5,4.0,105.0,130.0,19.0,3000.0
54.98,4.0,15.0,24.0,1866.0,89.4,81.5,4.0,105.0,130.0,19.5,3000.0
56.83,4.0,15.0,24.0,1866.0,89.4,81.5,4.0,105.0,130.0,20.0,3000.0
13.57,4.0,15.0,24.0,1866.0,89.4,81.5,4.0,105.0,130.0,0.0,3500.0
14.06,4.0,15.0,24.0,1866.0,89.4,81.5,4.0,105.0,130.0,0.5,3500.0
14.59,4.0,15.0,24.0,1866.0,89.4,81.5,4.0,105.0,130.0,1.0,3500.0
15.8,4.0,15.0,24.0,1866.0,89.4,81.5,4.0,105.0,130.0,2.0,3500.0
16.47,4.0,15.0,24.0,1866.0,89.4,81.5,4.0,105.0,130.0,2.5,3500.0
17.19,4.0,15.0,24.0,1866.0,89.4,81.5,4.0,105.0,130.0,3.0,3500.0
17.96,4.0,15.0,24.0,1866.0,89.4,81.5,4.0,105.0,130.0,3.5,3500.0
18.78,4.0,15.0,24.0,1866.0,89.4,81.5,4.0,105.0,130.0,4.0,3500.0
20.56,4.0,15.0,24.0,1866.0,89.4,81.5,4.0,105.0,130.0,5.0,3500.0
21.52,4.0,15.0,24.0,1866.0,89.4,81.5,4.0,105.0,130.0,5.5,3500.0
22.52,4.0,15.0,24.0,1866.0,89.4,81.5,4.0,105.0,130.0,6.0,3500.0
23.58,4.0,15.0,24.0,1866.0,89.4,81.5,4.0,105.0,130.0,6.5,3500.0
24.68,4.0,15.0,24.0,1866.0,89.4,81.5,4.0,105.0,130.0,7.0,3500.0
25.82,4.0,15.0,24.0,1866.0,89.4,81.5,4.0,105.0,130.0,7.5,3500.0
27.02,4.0,15.0,24.0,1866.0,89.4,81.5,4.0,105.0,130.0,8.0,3500.0
28.27,4.0,15.0,24.0,1866.0,89.4,81.5,4.0,105.0,130.0,8.5,3500.0
29.55,4.0,15.0,24.0,1866.0,89.4,81.5,4.0,105.0,130.0,9.0,3500.0
30.89,4.0,15.0,24.0,1866.0,89.4,81.5,4.0,105.0,130.0,9.5,3500.0
32.28,4.0,15.0,24.0,1866.0,89.4,81.5,4.0,105.0,130.0,10.0,3500.0
33.71,4.0,15.0,24.0,1866.0,89.4,81.5,4.0,105.0,130.0,10.5,3500.0
35.19,4.0,15.0,24.0,1866.0,89.4,81.5,4.0,105.0,130.0,11.0,3500.0
36.72,4.0,15.0,24.0,1866.0,89.4,81.5,4.0,105.0,130.0,11.5,3500.0
38.29,4.0,15.0,24.0,1866.0,89.4,81.5,4.0,105.0,130.0,12.0,3500.0
39.91,4.0,15.0,24.0,1866.0,89.4,81.5,4.0,105.0,130.0,12.5,3500.0
41.58,4.0,15.0,24.0,1866.0,89.4,81.5,4.0,105.0,130.0,13.0,3500.0
43.3,4.0,15.0,24.0,1866.0,89.4,81.5,4.0,105.0,130.0,13.5,3500.0
45.06,4.0,15.0,24.0,1866.0,89.4,81.5,4.0,105.0,130.0,14.0,3500.0
46.87,4.0,15.0,24.0,1866.0,89.4,81.5,4.0,105.0,130.0,14.5,3500.0
48.72,4.0,15.0,24.0,1866.0,89.4,81.5,4.0,105.0,130.0,15.0,3500.0
50.63,4.0,15.0,24.0,1866.0,89.4,81.5,4.0,105.0,130.0,15.5,3500.0
52.59,4.0,15.0,24.0,1866.0,89.4,81.5,4.0,105.0,130.0,16.0,3500.0
56.63,4.0,15.0,24.0,1866.0,89.4,81.5,4.0,105.0,130.0,17.0,3500.0
58.72,4.0,15.0,24.0,1866.0,89.4,81.5,4.0,105.0,130.0,17.5,3500.0
60.86,4.0,15.0,24.0,1866.0,89.4,81.5,4.0,105.0,130.0,18.0,3500.0
65.29,4.0,15.0,24.0,1866.0,89.4,81.5,4.0,105.0,130.0,19.0,3500.0
67.58,4.0,15.0,24.0,1866.0,89.4,81.5,4.0,105.0,130.0,19.5,3500.0
69.9,4.0,15.0,24.0,1866.0,89.4,81.5,4.0,105.0,130.0,20.0,3500.0
18.06,4.0,15.0,24.0,1866.0,89.4,81.5,4.0,105.0,130.0,0.0,4200.0
18.63,4.0,15.0,24.0,1866.0,89.4,81.5,4.0,105.0,130.0,0.5,4200.0
19.26,4.0,15.0,24.0,1866.0,89.4,81.5,4.0,105.0,130.0,1.0,4200.0
19.96,4.0,15.0,24.0,1866.0,89.4,81.5,4.0,105.0,130.0,1.5,4200.0
20.73,4.0,15.0,24.0,1866.0,89.4,81.5,4.0,105.0,130.0,2.0,4200.0
21.56,4.0,15.0,24.0,1866.0,89.4,81.5,4.0,105.0,130.0,2.5,4200.0
22.47,4.0,15.0,24.0,1866.0,89.4,81.5,4.0,105.0,130.0,3.0,4200.0
24.46,4.0,15.0,24.0,1866.0,89.4,81.5,4.0,105.0,130.0,4.0,4200.0
25.57,4.0,15.0,24.0,1866.0,89.4,81.5,4.0,105.0,130.0,4.5,4200.0
26.74,4.0,15.0,24.0,1866.0,89.4,81.5,4.0,105.0,130.0,5.0,4200.0
29.28,4.0,15.0,24.0,1866.0,89.4,81.5,4.0,105.0,130.0,6.0,4200.0
30.65,4.0,15.0,24.0,1866.0,89.4,81.5,4.0,105.0,130.0,6.5,4200.0
32.09,4.0,15.0,24.0,1866.0,89.4,81.5,4.0,105.0,130.0,7.0,4200.0
35.16,4.0,15.0,24.0,1866.0,89.4,81.5,4.0,105.0,130.0,8.0,4200.0
36.81,4.0,15.0,24.0,1866.0,89.4,81.5,4.0,105.0,130.0,8.5,4200.0
38.51,4.0,15.0,24.0,1866.0,89.4,81.5,4.0,105.0,130.0,9.0,4200.0
40.29,4.0,15.0,24.0,1866.0,89.4,81.5,4.0,105.0,130.0,9.5,4200.0
42.13,4.0,15.0,24.0,1866.0,89.4,81.5,4.0,105.0,130.0,10.0,4200.0
44.04,4.0,15.0,24.0,1866.0,89.4,81.5,4.0,105.0,130.0,10.5,4200.0
46.02,4.0,15.0,24.0,1866.0,89.4,81.5,4.0,105.0,130.0,11.0,4200.0
48.06,4.0,15.0,24.0,1866.0,89.4,81.5,4.0,105.0,130.0,11.5,4200.0
50.17,4.0,15.0,24.0,1866.0,89.4,81.5,4.0,105.0,130.0,12.0,4200.0
52.35,4.0,15.0,24.0,1866.0,89.4,81.5,4.0,105.0,130.0,12.5,4200.0
54.59,4.0,15.0,24.0,1866.0,89.4,81.5,4.0,105.0,130.0,13.0,4200.0
56.9,4.0,15.0,24.0,1866.0,89.4,81.5,4.0,105.0,130.0,13.5,4200.0
59.28,4.0,15.0,24.0,1866.0,89.4,81.5,4.0,105.0,130.0,14.0,4200.0
61.72,4.0,15.0,24.0,1866.0,89.4,81.5,4.0,105.0,130.0,14.5,4200.0
64.24,4.0,15.0,24.0,1866.0,89.4,81.5,4.0,105.0,130.0,15.0,4200.0
69.47,4.0,15.0,24.0,1866.0,89.4,81.5,4.0,105.0,130.0,16.0,4200.0
72.19,4.0,15.0,24.0,1866.0,89.4,81.5,4.0,105.0,130.0,16.5,4200.0
74.96,4.0,15.0,24.0,1866.0,89.4,81.5,4.0,105.0,130.0,17.0,4200.0
77.82,4.0,15.0,24.0,1866.0,89.4,81.5,4.0,105.0,130.0,17.5,4200.0
80.73,4.0,15.0,24.0,1866.0,89.4,81.5,4.0,105.0,130.0,18.0,4200.0
83.71,4.0,15.0,24.0,1866.0,89.4,81.5,4.0,105.0,130.0,18.5,4200.0
86.77,4.0,15.0,24.0,1866.0,89.4,81.5,4.0,105.0,130.0,19.0,4200.0
89.88,4.0,15.0,24.0,1866.0,89.4,81.5,4.0,105.0,130.0,19.5,4200.0
93.06,4.0,15.0,24.0,1866.0,89.4,81.5,4.0,105.0,130.0,20.0,4200.0
20.08,4.0,15.0,24.0,1866.0,89.4,81.5,4.0,105.0,130.0,0.0,4500.0
20.69,4.0,15.0,24.0,1866.0,89.4,81.5,4.0,105.0,130.0,0.5,4500.0
21.38,4.0,15.0,24.0,1866.0,89.4,81.5,4.0,105.0,130.0,1.0,4500.0
22.15,4.0,15.0,24.0,1866.0,89.4,81.5,4.0,105.0,130.0,1.5,4500.0
22.99,4.0,15.0,24.0,1866.0,89.4,81.5,4.0,105.0,130.0,2.0,4500.0
23.91,4.0,15.0,24.0,1866.0,89.4,81.5,4.0,105.0,130.0,2.5,4500.0
24.92,4.0,15.0,24.0,1866.0,89.4,81.5,4.0,105.0,130.0,3.0,4500.0
25.99,4.0,15.0,24.0,1866.0,89.4,81.5,4.0,105.0,130.0,3.5,4500.0
27.15,4.0,15.0,24.0,1866.0,89.4,81.5,4.0,105.0,130.0,4.0,4500.0
28.38,4.0,15.0,24.0,1866.0,89.4,81.5,4.0,105.0,130.0,4.5,4500.0
29.69,4.0,15.0,24.0,1866.0,89.4,81.5,4.0,105.0,130.0,5.0,4500.0
31.07,4.0,15.0,24.0,1866.0,89.4,81.5,4.0,105.0,130.0,5.5,4500.0
32.53,4.0,15.0,24.0,1866.0,89.4,81.5,4.0,105.0,130.0,6.0,4500.0
34.07,4.0,15.0,24.0,1866.0,89.4,81.5,4.0,105.0,130.0,6.5,4500.0
35.69,4.0,15.0,24.0,1866.0,89.4,81.5,4.0,105.0,130.0,7.0,4500.0
37.38,4.0,15.0,24.0,1866.0,89.4,81.5,4.0,105.0,130.0,7.5,4500.0
41.0,4.0,15.0,24.0,1866.0,89.4,81.5,4.0,105.0,130.0,8.5,4500.0
44.92,4.0,15.0,24.0,1866.0,89.4,81.5,4.0,105.0,130.0,9.5,4500.0
47.0,4.0,15.0,24.0,1866.0,89.4,81.5,4.0,105.0,130.0,10.0,4500.0
49.15,4.0,15.0,24.0,1866.0,89.4,81.5,4.0,105.0,130.0,10.5,4500.0
51.39,4.0,15.0,24.0,1866.0,89.4,81.5,4.0,105.0,130.0,11.0,4500.0
53.7,4.0,15.0,24.0,1866.0,89.4,81.5,4.0,105.0,130.0,11.5,4500.0
56.08,4.0,15.0,24.0,1866.0,89.4,81.5,4.0,105.0,130.0,12.0,4500.0
58.55,4.0,15.0,24.0,1866.0,89.4,81.5,4.0,105.0,130.0,12.5,4500.0
61.09,4.0,15.0,24.0,1866.0,89.4,81.5,4.0,105.0,130.0,13.0,4500.0
63.7,4.0,15.0,24.0,1866.0,89.4,81.5,4.0,105.0,130.0,13.5,4500.0
69.17,4.0,15.0,24.0,1866.0,89.4,81.5,4.0,105.0,130.0,14.5,4500.0
72.01,4.0,15.0,24.0,1866.0,89.4,81.5,4.0,105.0,130.0,15.0,4500.0
74.94,4.0,15.0,24.0,1866.0,89.4,81.5,4.0,105.0,130.0,15.5,4500.0
77.94,4.0,15.0,24.0,1866.0,89.4,81.5,4.0,105.0,130.0,16.0,4500.0
81.02,4.0,15.0,24.0,1866.0,89.4,81.5,4.0,105.0,130.0,16.5,4500.0
84.17,4.0,15.0,24.0,1866.0,89.4,81.5,4.0,105.0,130.0,17.0,4500.0
87.41,4.0,15.0,24.0,1866.0,89.4,81.5,4.0,105.0,130.0,17.5,4500.0
94.1,4.0,15.0,24.0,1866.0,89.4,81.5,4.0,105.0,130.0,18.5,4500.0
97.56,4.0,15.0,24.0,1866.0,89.4,81.5,4.0,105.0,130.0,19.0,4500.0
101.11,4.0,15.0,24.0,1866.0,89.4,81.5,4.0,105.0,130.0,19.5,4500.0
23.53,4.0,15.0,24.0,1866.0,89.4,81.5,4.0,105.0,130.0,0.0,5000.0
24.25,4.0,15.0,24.0,1866.0,89.4,81.5,4.0,105.0,130.0,0.5,5000.0
25.06,4.0,15.0,24.0,1866.0,89.4,81.5,4.0,105.0,130.0,1.0,5000.0
25.97,4.0,15.0,24.0,1866.0,89.4,81.5,4.0,105.0,130.0,1.5,5000.0
26.97,4.0,15.0,24.0,1866.0,89.4,81.5,4.0,105.0,130.0,2.0,5000.0
28.07,4.0,15.0,24.0,1866.0,89.4,81.5,4.0,105.0,130.0,2.5,5000.0
29.27,4.0,15.0,24.0,1866.0,89.4,81.5,4.0,105.0,130.0,3.0,5000.0
31.94,4.0,15.0,24.0,1866.0,89.4,81.5,4.0,105.0,130.0,4.0,5000.0
34.99,4.0,15.0,24.0,1866.0,89.4,81.5,4.0,105.0,130.0,5.0,5000.0
36.66,4.0,15.0,24.0,1866.0,89.4,81.5,4.0,105.0,130.0,5.5,5000.0
38.42,4.0,15.0,24.0,1866.0,89.4,81.5,4.0,105.0,130.0,6.0,5000.0
40.29,4.0,15.0,24.0,1866.0,89.4,81.5,4.0,105.0,130.0,6.5,5000.0
42.24,4.0,15.0,24.0,1866.0,89.4,81.5,4.0,105.0,130.0,7.0,5000.0
44.29,4.0,15.0,24.0,1866.0,89.4,81.5,4.0,105.0,130.0,7.5,5000.0
46.43,4.0,15.0,24.0,1866.0,89.4,81.5,4.0,105.0,130.0,8.0,5000.0
48.68,4.0,15.0,24.0,1866.0,89.4,81.5,4.0,105.0,130.0,8.5,5000.0
51.02,4.0,15.0,24.0,1866.0,89.4,81.5,4.0,105.0,130.0,9.0,5000.0
53.44,4.0,15.0,24.0,1866.0,89.4,81.5,4.0,105.0,130.0,9.5,5000.0
55.97,4.0,15.0,24.0,1866.0,89.4,81.5,4.0,105.0,130.0,10.0,5000.0
58.59,4.0,15.0,24.0,1866.0,89.4,81.5,4.0,105.0,130.0,10.5,5000.0
61.31,4.0,15.0,24.0,1866.0,89.4,81.5,4.0,105.0,130.0,11.0,5000.0
64.11,4.0,15.0,24.0,1866.0,89.4,81.5,4.0,105.0,130.0,11.5,5000.0
67.03,4.0,15.0,24.0,1866.0,89.4,81.5,4.0,105.0,130.0,12.0,5000.0
70.03,4.0,15.0,24.0,1866.0,89.4,81.5,4.0,105.0,130.0,12.5,5000.0
73.13,4.0,15.0,24.0,1866.0,89.4,81.5,4.0,105.0,130.0,13.0,5000.0
76.31,4.0,15.0,24.0,1866.0,89.4,81.5,4.0,105.0,130.0,13.5,5000.0
79.6,4.0,15.0,24.0,1866.0,89.4,81.5,4.0,105.0,130.0,14.0,5000.0
82.98,4.0,15.0,24.0,1866.0,89.4,81.5,4.0,105.0,130.0,14.5,5000.0
86.46,4.0,15.0,24.0,1866.0,89.4,81.5,4.0,105.0,130.0,15.0,5000.0
93.7,4.0,15.0,24.0,1866.0,89.4,81.5,4.0,105.0,130.0,16.0,5000.0
101.32,4.0,15.0,24.0,1866.0,89.4,81.5,4.0,105.0,130.0,17.0,5000.0
105.28,4.0,15.0,24.0,1866.0,89.4,81.5,4.0,105.0,130.0,17.5,5000.0
109.32,4.0,15.0,24.0,1866.0,89.4,81.5,4.0,105.0,130.0,18.0,5000.0
113.47,4.0,15.0,24.0,1866.0,89.4,81.5,4.0,105.0,130.0,18.5,5000.0
117.7,4.0,15.0,24.0,1866.0,89.4,81.5,4.0,105.0,130.0,19.0,5000.0
122.05,4.0,15.0,24.0,1866.0,89.4,81.5,4.0,105.0,130.0,19.5,5000.0
126.47,4.0,15.0,24.0,1866.0,89.4,81.5,4.0,105.0,130.0,20.0,5000.0
2.37,4.0,16.0,24.0,2798.0,89.4,81.5,6.0,105.0,130.0,0.0,100.0
3.31,4.0,16.0,24.0,2798.0,89.4,81.5,6.0,105.0,130.0,0.5,100.0
4.26,4.0,16.0,24.0,2798.0,89.4,81.5,6.0,105.0,130.0,1.0,100.0
5.22,4.0,16.0,24.0,2798.0,89.4,81.5,6.0,105.0,130.0,1.5,100.0
6.16,4.0,16.0,24.0,2798.0,89.4,81.5,6.0,105.0,130.0,2.0,100.0
7.11,4.0,16.0,24.0,2798.0,89.4,81.5,6.0,105.0,130.0,2.5,100.0
8.05,4.0,16.0,24.0,2798.0,89.4,81.5,6.0,105.0,130.0,3.0,100.0
9.0,4.0,16.0,24.0,2798.0,89.4,81.5,6.0,105.0,130.0,3.5,100.0
9.93,4.0,16.0,24.0,2798.0,89.4,81.5,6.0,105.0,130.0,4.0,100.0
10.87,4.0,16.0,24.0,2798.0,89.4,81.5,6.0,105.0,130.0,4.5,100.0
11.82,4.0,16.0,24.0,2798.0,89.4,81.5,6.0,105.0,130.0,5.0,100.0
12.75,4.0,16.0,24.0,2798.0,89.4,81.5,6.0,105.0,130.0,5.5,100.0
13.7,4.0,16.0,24.0,2798.0,89.4,81.5,6.0,105.0,130.0,6.0,100.0
14.63,4.0,16.0,24.0,2798.0,89.4,81.5,6.0,105.0,130.0,6.5,100.0
15.56,4.0,16.0,24.0,2798.0,89.4,81.5,6.0,105.0,130.0,7.0,100.0
16.49,4.0,16.0,24.0,2798.0,89.4,81.5,6.0,105.0,130.0,7.5,100.0
17.42,4.0,16.0,24.0,2798.0,89.4,81.5,6.0,105.0,130.0,8.0,100.0
18.35,4.0,16.0,24.0,2798.0,89.4,81.5,6.0,105.0,130.0,8.5,100.0
19.29,4.0,16.0,24.0,2798.0,89.4,81.5,6.0,105.0,130.0,9.0,100.0
21.15,4.0,16.0,24.0,2798.0,89.4,81.5,6.0,105.0,130.0,10.0,100.0
22.07,4.0,16.0,24.0,2798.0,89.4,81.5,6.0,105.0,130.0,10.5,100.0
23.0,4.0,16.0,24.0,2798.0,89.4,81.5,6.0,105.0,130.0,11.0,100.0
23.92,4.0,16.0,24.0,2798.0,89.4,81.5,6.0,105.0,130.0,11.5,100.0
24.84,4.0,16.0,24.0,2798.0,89.4,81.5,6.0,105.0,130.0,12.0,100.0
25.77,4.0,16.0,24.0,2798.0,89.4,81.5,6.0,105.0,130.0,12.5,100.0
26.69,4.0,16.0,24.0,2798.0,89.4,81.5,6.0,105.0,130.0,13.0,100.0
27.6,4.0,16.0,24.0,2798.0,89.4,81.5,6.0,105.0,130.0,13.5,100.0
28.52,4.0,16.0,24.0,2798.0,89.4,81.5,6.0,105.0,130.0,14.0,100.0
29.44,4.0,16.0,24.0,2798.0,89.4,81.5,6.0,105.0,130.0,14.5,100.0
31.27,4.0,16.0,24.0,2798.0,89.4,81.5,6.0,105.0,130.0,15.5,100.0
32.18,4.0,16.0,24.0,2798.0,89.4,81.5,6.0,105.0,130.0,16.0,100.0
33.09,4.0,16.0,24.0,2798.0,89.4,81.5,6.0,105.0,130.0,16.5,100.0
34.01,4.0,16.0,24.0,2798.0,89.4,81.5,6.0,105.0,130.0,17.0,100.0
34.91,4.0,16.0,24.0,2798.0,89.4,81.5,6.0,105.0,130.0,17.5,100.0
35.83,4.0,16.0,24.0,2798.0,89.4,81.5,6.0,105.0,130.0,18.0,100.0
0.65,4.0,16.0,24.0,2798.0,89.4,81.5,6.0,105.0,130.0,0.0,1000.0
3.65,4.0,16.0,24.0,2798.0,89.4,81.5,6.0,105.0,130.0,1.5,1000.0
4.66,4.0,16.0,24.0,2798.0,89.4,81.5,6.0,105.0,130.0,2.0,1000.0
5.66,4.0,16.0,24.0,2798.0,89.4,81.5,6.0,105.0,130.0,2.5,1000.0
6.68,4.0,16.0,24.0,2798.0,89.4,81.5,6.0,105.0,130.0,3.0,1000.0
7.69,4.0,16.0,24.0,2798.0,89.4,81.5,6.0,105.0,130.0,3.5,1000.0
8.72,4.0,16.0,24.0,2798.0,89.4,81.5,6.0,105.0,130.0,4.0,1000.0
9.74,4.0,16.0,24.0,2798.0,89.4,81.5,6.0,105.0,130.0,4.5,1000.0
10.77,4.0,16.0,24.0,2798.0,89.4,81.5,6.0,105.0,130.0,5.0,1000.0
11.81,4.0,16.0,24.0,2798.0,89.4,81.5,6.0,105.0,130.0,5.5,1000.0
12.84,4.0,16.0,24.0,2798.0,89.4,81.5,6.0,105.0,130.0,6.0,1000.0
13.88,4.0,16.0,24.0,2798.0,89.4,81.5,6.0,105.0,130.0,6.5,1000.0
14.93,4.0,16.0,24.0,2798.0,89.4,81.5,6.0,105.0,130.0,7.0,1000.0
17.04,4.0,16.0,24.0,2798.0,89.4,81.5,6.0,105.0,130.0,8.0,1000.0
18.1,4.0,16.0,24.0,2798.0,89.4,81.5,6.0,105.0,130.0,8.5,1000.0
19.15,4.0,16.0,24.0,2798.0,89.4,81.5,6.0,105.0,130.0,9.0,1000.0
20.23,4.0,16.0,24.0,2798.0,89.4,81.5,6.0,105.0,130.0,9.5,1000.0
22.37,4.0,16.0,24.0,2798.0,89.4,81.5,6.0,105.0,130.0,10.5,1000.0
23.45,4.0,16.0,24.0,2798.0,89.4,81.5,6.0,105.0,130.0,11.0,1000.0
24.53,4.0,16.0,24.0,2798.0,89.4,81.5,6.0,105.0,130.0,11.5,1000.0
25.62,4.0,16.0,24.0,2798.0,89.4,81.5,6.0,105.0,130.0,12.0,1000.0
26.71,4.0,16.0,24.0,2798.0,89.4,81.5,6.0,105.0,130.0,12.5,1000.0
27.8,4.0,16.0,24.0,2798.0,89.4,81.5,6.0,105.0,130.0,13.0,1000.0
28.9,4.0,16.0,24.0,2798.0,89.4,81.5,6.0,105.0,130.0,13.5,1000.0
30.0,4.0,16.0,24.0,2798.0,89.4,81.5,6.0,105.0,130.0,14.0,1000.0
32.22,4.0,16.0,24.0,2798.0,89.4,81.5,6.0,105.0,130.0,15.0,1000.0
33.33,4.0,16.0,24.0,2798.0,89.4,81.5,6.0,105.0,130.0,15.5,1000.0
34.45,4.0,16.0,24.0,2798.0,89.4,81.5,6.0,105.0,130.0,16.0,1000.0
35.58,4.0,16.0,24.0,2798.0,89.4,81.5,6.0,105.0,130.0,16.5,1000.0
37.83,4.0,16.0,24.0,2798.0,89.4,81.5,6.0,105.0,130.0,17.5,1000.0
1.34,4.0,16.0,24.0,2798.0,89.4,81.5,6.0,105.0,130.0,0.0,1500.0
2.38,4.0,16.0,24.0,2798.0,89.4,81.5,6.0,105.0,130.0,0.5,1500.0
3.42,4.0,16.0,24.0,2798.0,89.4,81.5,6.0,105.0,130.0,1.0,1500.0
4.47,4.0,16.0,24.0,2798.0,89.4,81.5,6.0,105.0,130.0,1.5,1500.0
5.52,4.0,16.0,24.0,2798.0,89.4,81.5,6.0,105.0,130.0,2.0,1500.0
6.59,4.0,16.0,24.0,2798.0,89.4,81.5,6.0,105.0,130.0,2.5,1500.0
7.67,4.0,16.0,24.0,2798.0,89.4,81.5,6.0,105.0,130.0,3.0,1500.0
8.74,4.0,16.0,24.0,2798.0,89.4,81.5,6.0,105.0,130.0,3.5,1500.0
10.93,4.0,16.0,24.0,2798.0,89.4,81.5,6.0,105.0,130.0,4.5,1500.0
12.03,4.0,16.0,24.0,2798.0,89.4,81.5,6.0,105.0,130.0,5.0,1500.0
13.15,4.0,16.0,24.0,2798.0,89.4,81.5,6.0,105.0,130.0,5.5,1500.0
14.27,4.0,16.0,24.0,2798.0,89.4,81.5,6.0,105.0,130.0,6.0,1500.0
15.4,4.0,16.0,24.0,2798.0,89.4,81.5,6.0,105.0,130.0,6.5,1500.0
16.53,4.0,16.0,24.0,2798.0,89.4,81.5,6.0,105.0,130.0,7.0,1500.0
17.68,4.0,16.0,24.0,2798.0,89.4,81.5,6.0,105.0,130.0,7.5,1500.0
18.83,4.0,16.0,24.0,2798.0,89.4,81.5,6.0,105.0,130.0,8.0,1500.0
22.33,4.0,16.0,24.0,2798.0,89.4,81.5,6.0,105.0,130.0,9.5,1500.0
23.52,4.0,16.0,24.0,2798.0,89.4,81.5,6.0,105.0,130.0,10.0,1500.0
24.7,4.0,16.0,24.0,2798.0,89.4,81.5,6.0,105.0,130.0,10.5,1500.0
27.11,4.0,16.0,24.0,2798.0,89.4,81.5,6.0,105.0,130.0,11.5,1500.0
28.32,4.0,16.0,24.0,2798.0,89.4,81.5,6.0,105.0,130.0,12.0,1500.0
29.55,4.0,16.0,24.0,2798.0,89.4,81.5,6.0,105.0,130.0,12.5,1500.0
30.77,4.0,16.0,24.0,2798.0,89.4,81.5,6.0,105.0,130.0,13.0,1500.0
32.01,4.0,16.0,24.0,2798.0,89.4,81.5,6.0,105.0,130.0,13.5,1500.0
33.26,4.0,16.0,24.0,2798.0,89.4,81.5,6.0,105.0,130.0,14.0,1500.0
34.51,4.0,16.0,24.0,2798.0,89.4,81.5,6.0,105.0,130.0,14.5,1500.0
35.76,4.0,16.0,24.0,2798.0,89.4,81.5,6.0,105.0,130.0,15.0,1500.0
37.04,4.0,16.0,24.0,2798.0,89.4,81.5,6.0,105.0,130.0,15.5,1500.0
38.32,4.0,16.0,24.0,2798.0,89.4,81.5,6.0,105.0,130.0,16.0,1500.0
39.6,4.0,16.0,24.0,2798.0,89.4,81.5,6.0,105.0,130.0,16.5,1500.0
42.19,4.0,16.0,24.0,2798.0,89.4,81.5,6.0,105.0,130.0,17.5,1500.0
43.5,4.0,16.0,24.0,2798.0,89.4,81.5,6.0,105.0,130.0,18.0,1500.0
4.29,4.0,16.0,24.0,2798.0,89.4,81.5,6.0,105.0,130.0,0.5,2000.0
5.38,4.0,16.0,24.0,2798.0,89.4,81.5,6.0,105.0,130.0,1.0,2000.0
6.5,4.0,16.0,24.0,2798.0,89.4,81.5,6.0,105.0,130.0,1.5,2000.0
7.61,4.0,16.0,24.0,2798.0,89.4,81.5,6.0,105.0,130.0,2.0,2000.0
9.9,4.0,16.0,24.0,2798.0,89.4,81.5,6.0,105.0,130.0,3.0,2000.0
11.06,4.0,16.0,24.0,2798.0,89.4,81.5,6.0,105.0,130.0,3.5,2000.0
12.23,4.0,16.0,24.0,2798.0,89.4,81.5,6.0,105.0,130.0,4.0,2000.0
13.42,4.0,16.0,24.0,2798.0,89.4,81.5,6.0,105.0,130.0,4.5,2000.0
14.61,4.0,16.0,24.0,2798.0,89.4,81.5,6.0,105.0,130.0,5.0,2000.0
15.83,4.0,16.0,24.0,2798.0,89.4,81.5,6.0,105.0,130.0,5.5,2000.0
17.04,4.0,16.0,24.0,2798.0,89.4,81.5,6.0,105.0,130.0,6.0,2000.0
18.27,4.0,16.0,24.0,2798.0,89.4,81.5,6.0,105.0,130.0,6.5,2000.0
20.76,4.0,16.0,24.0,2798.0,89.4,81.5,6.0,105.0,130.0,7.5,2000.0
22.04,4.0,16.0,24.0,2798.0,89.4,81.5,6.0,105.0,130.0,8.0,2000.0
24.61,4.0,16.0,24.0,2798.0,89.4,81.5,6.0,105.0,130.0,9.0,2000.0
25.9,4.0,16.0,24.0,2798.0,89.4,81.5,6.0,105.0,130.0,9.5,2000.0
27.22,4.0,16.0,24.0,2798.0,89.4,81.5,6.0,105.0,130.0,10.0,2000.0
28.55,4.0,16.0,24.0,2798.0,89.4,81.5,6.0,105.0,130.0,10.5,2000.0
29.88,4.0,16.0,24.0,2798.0,89.4,81.5,6.0,105.0,130.0,11.0,2000.0
31.24,4.0,16.0,24.0,2798.0,89.4,81.5,6.0,105.0,130.0,11.5,2000.0
32.6,4.0,16.0,24.0,2798.0,89.4,81.5,6.0,105.0,130.0,12.0,2000.0
33.97,4.0,16.0,24.0,2798.0,89.4,81.5,6.0,105.0,130.0,12.5,2000.0
35.35,4.0,16.0,24.0,2798.0,89.4,81.5,6.0,105.0,130.0,13.0,2000.0
36.75,4.0,16.0,24.0,2798.0,89.4,81.5,6.0,105.0,130.0,13.5,2000.0
38.16,4.0,16.0,24.0,2798.0,89.4,81.5,6.0,105.0,130.0,14.0,2000.0
39.58,4.0,16.0,24.0,2798.0,89.4,81.5,6.0,105.0,130.0,14.5,2000.0
41.02,4.0,16.0,24.0,2798.0,89.4,81.5,6.0,105.0,130.0,15.0,2000.0
42.46,4.0,16.0,24.0,2798.0,89.4,81.5,6.0,105.0,130.0,15.5,2000.0
43.92,4.0,16.0,24.0,2798.0,89.4,81.5,6.0,105.0,130.0,16.0,2000.0
45.39,4.0,16.0,24.0,2798.0,89.4,81.5,6.0,105.0,130.0,16.5,2000.0
46.88,4.0,16.0,24.0,2798.0,89.4,81.5,6.0,105.0,130.0,17.0,2000.0
49.87,4.0,16.0,24.0,2798.0,89.4,81.5,6.0,105.0,130.0,18.0,2000.0
6.22,4.0,16.0,24.0,2798.0,89.4,81.5,6.0,105.0,130.0,0.0,2500.0
7.36,4.0,16.0,24.0,2798.0,89.4,81.5,6.0,105.0,130.0,0.5,2500.0
8.53,4.0,16.0,24.0,2798.0,89.4,81.5,6.0,105.0,130.0,1.0,2500.0
9.72,4.0,16.0,24.0,2798.0,89.4,81.5,6.0,105.0,130.0,1.5,2500.0
10.91,4.0,16.0,24.0,2798.0,89.4,81.5,6.0,105.0,130.0,2.0,2500.0
12.14,4.0,16.0,24.0,2798.0,89.4,81.5,6.0,105.0,130.0,2.5,2500.0
13.38,4.0,16.0,24.0,2798.0,89.4,81.5,6.0,105.0,130.0,3.0,2500.0
14.63,4.0,16.0,24.0,2798.0,89.4,81.5,6.0,105.0,130.0,3.5,2500.0
15.89,4.0,16.0,24.0,2798.0,89.4,81.5,6.0,105.0,130.0,4.0,2500.0
17.18,4.0,16.0,24.0,2798.0,89.4,81.5,6.0,105.0,130.0,4.5,2500.0
18.49,4.0,16.0,24.0,2798.0,89.4,81.5,6.0,105.0,130.0,5.0,2500.0
19.81,4.0,16.0,24.0,2798.0,89.4,81.5,6.0,105.0,130.0,5.5,2500.0
21.15,4.0,16.0,24.0,2798.0,89.4,81.5,6.0,105.0,130.0,6.0,2500.0
22.51,4.0,16.0,24.0,2798.0,89.4,81.5,6.0,105.0,130.0,6.5,2500.0
25.26,4.0,16.0,24.0,2798.0,89.4,81.5,6.0,105.0,130.0,7.5,2500.0
26.67,4.0,16.0,24.0,2798.0,89.4,81.5,6.0,105.0,130.0,8.0,2500.0
28.1,4.0,16.0,24.0,2798.0,89.4,81.5,6.0,105.0,130.0,8.5,2500.0
31.0,4.0,16.0,24.0,2798.0,89.4,81.5,6.0,105.0,130.0,9.5,2500.0
32.48,4.0,16.0,24.0,2798.0,89.4,81.5,6.0,105.0,130.0,10.0,2500.0
33.97,4.0,16.0,24.0,2798.0,89.4,81.5,6.0,105.0,130.0,10.5,2500.0
35.48,4.0,16.0,24.0,2798.0,89.4,81.5,6.0,105.0,130.0,11.0,2500.0
37.0,4.0,16.0,24.0,2798.0,89.4,81.5,6.0,105.0,130.0,11.5,2500.0
38.55,4.0,16.0,24.0,2798.0,89.4,81.5,6.0,105.0,130.0,12.0,2500.0
40.12,4.0,16.0,24.0,2798.0,89.4,81.5,6.0,105.0,130.0,12.5,2500.0
41.69,4.0,16.0,24.0,2798.0,89.4,81.5,6.0,105.0,130.0,13.0,2500.0
43.28,4.0,16.0,24.0,2798.0,89.4,81.5,6.0,105.0,130.0,13.5,2500.0
44.91,4.0,16.0,24.0,2798.0,89.4,81.5,6.0,105.0,130.0,14.0,2500.0
46.53,4.0,16.0,24.0,2798.0,89.4,81.5,6.0,105.0,130.0,14.5,2500.0
48.18,4.0,16.0,24.0,2798.0,89.4,81.5,6.0,105.0,130.0,15.0,2500.0
51.54,4.0,16.0,24.0,2798.0,89.4,81.5,6.0,105.0,130.0,16.0,2500.0
53.23,4.0,16.0,24.0,2798.0,89.4,81.5,6.0,105.0,130.0,16.5,2500.0
54.94,4.0,16.0,24.0,2798.0,89.4,81.5,6.0,105.0,130.0,17.0,2500.0
56.69,4.0,16.0,24.0,2798.0,89.4,81.5,6.0,105.0,130.0,17.5,2500.0
10.41,4.0,16.0,24.0,2798.0,89.4,81.5,6.0,105.0,130.0,0.0,3000.0
11.62,4.0,16.0,24.0,2798.0,89.4,81.5,6.0,105.0,130.0,0.5,3000.0
12.87,4.0,16.0,24.0,2798.0,89.4,81.5,6.0,105.0,130.0,1.0,3000.0
14.14,4.0,16.0,24.0,2798.0,89.4,81.5,6.0,105.0,130.0,1.5,3000.0
15.43,4.0,16.0,24.0,2798.0,89.4,81.5,6.0,105.0,130.0,2.0,3000.0
16.73,4.0,16.0,24.0,2798.0,89.4,81.5,6.0,105.0,130.0,2.5,3000.0
18.07,4.0,16.0,24.0,2798.0,89.4,81.5,6.0,105.0,130.0,3.0,3000.0
19.43,4.0,16.0,24.0,2798.0,89.4,81.5,6.0,105.0,130.0,3.5,3000.0
20.82,4.0,16.0,24.0,2798.0,89.4,81.5,6.0,105.0,130.0,4.0,3000.0
22.23,4.0,16.0,24.0,2798.0,89.4,81.5,6.0,105.0,130.0,4.5,3000.0
23.65,4.0,16.0,24.0,2798.0,89.4,81.5,6.0,105.0,130.0,5.0,3000.0
26.59,4.0,16.0,24.0,2798.0,89.4,81.5,6.0,105.0,130.0,6.0,3000.0
29.61,4.0,16.0,24.0,2798.0,89.4,81.5,6.0,105.0,130.0,7.0,3000.0
31.17,4.0,16.0,24.0,2798.0,89.4,81.5,6.0,105.0,130.0,7.5,3000.0
32.74,4.0,16.0,24.0,2798.0,89.4,81.5,6.0,105.0,130.0,8.0,3000.0
34.34,4.0,16.0,24.0,2798.0,89.4,81.5,6.0,105.0,130.0,8.5,3000.0
37.61,4.0,16.0,24.0,2798.0,89.4,81.5,6.0,105.0,130.0,9.5,3000.0
39.28,4.0,16.0,24.0,2798.0,89.4,81.5,6.0,105.0,130.0,10.0,3000.0
40.97,4.0,16.0,24.0,2798.0,89.4,81.5,6.0,105.0,130.0,10.5,3000.0
42.69,4.0,16.0,24.0,2798.0,89.4,81.5,6.0,105.0,130.0,11.0,3000.0
44.43,4.0,16.0,24.0,2798.0,89.4,81.5,6.0,105.0,130.0,11.5,3000.0
46.19,4.0,16.0,24.0,2798.0,89.4,81.5,6.0,105.0,130.0,12.0,3000.0
49.78,4.0,16.0,24.0,2798.0,89.4,81.5,6.0,105.0,130.0,13.0,3000.0
51.62,4.0,16.0,24.0,2798.0,89.4,81.5,6.0,105.0,130.0,13.5,3000.0
53.48,4.0,16.0,24.0,2798.0,89.4,81.5,6.0,105.0,130.0,14.0,3000.0
55.36,4.0,16.0,24.0,2798.0,89.4,81.5,6.0,105.0,130.0,14.5,3000.0
57.26,4.0,16.0,24.0,2798.0,89.4,81.5,6.0,105.0,130.0,15.0,3000.0
63.12,4.0,16.0,24.0,2798.0,89.4,81.5,6.0,105.0,130.0,16.5,3000.0
65.11,4.0,16.0,24.0,2798.0,89.4,81.5,6.0,105.0,130.0,17.0,3000.0
67.14,4.0,16.0,24.0,2798.0,89.4,81.5,6.0,105.0,130.0,17.5,3000.0
69.19,4.0,16.0,24.0,2798.0,89.4,81.5,6.0,105.0,130.0,18.0,3000.0
15.76,4.0,16.0,24.0,2798.0,89.4,81.5,6.0,105.0,130.0,0.0,3500.0
17.06,4.0,16.0,24.0,2798.0,89.4,81.5,6.0,105.0,130.0,0.5,3500.0
18.38,4.0,16.0,24.0,2798.0,89.4,81.5,6.0,105.0,130.0,1.0,3500.0
19.75,4.0,16.0,24.0,2798.0,89.4,81.5,6.0,105.0,130.0,1.5,3500.0
21.14,4.0,16.0,24.0,2798.0,89.4,81.5,6.0,105.0,130.0,2.0,3500.0
22.56,4.0,16.0,24.0,2798.0,89.4,81.5,6.0,105.0,130.0,2.5,3500.0
24.01,4.0,16.0,24.0,2798.0,89.4,81.5,6.0,105.0,130.0,3.0,3500.0
25.49,4.0,16.0,24.0,2798.0,89.4,81.5,6.0,105.0,130.0,3.5,3500.0
27.01,4.0,16.0,24.0,2798.0,89.4,81.5,6.0,105.0,130.0,4.0,3500.0
28.55,4.0,16.0,24.0,2798.0,89.4,81.5,6.0,105.0,130.0,4.5,3500.0
30.13,4.0,16.0,24.0,2798.0,89.4,81.5,6.0,105.0,130.0,5.0,3500.0
31.73,4.0,16.0,24.0,2798.0,89.4,81.5,6.0,105.0,130.0,5.5,3500.0
33.38,4.0,16.0,24.0,2798.0,89.4,81.5,6.0,105.0,130.0,6.0,3500.0
35.05,4.0,16.0,24.0,2798.0,89.4,81.5,6.0,105.0,130.0,6.5,3500.0
36.75,4.0,16.0,24.0,2798.0,89.4,81.5,6.0,105.0,130.0,7.0,3500.0
38.48,4.0,16.0,24.0,2798.0,89.4,81.5,6.0,105.0,130.0,7.5,3500.0
40.25,4.0,16.0,24.0,2798.0,89.4,81.5,6.0,105.0,130.0,8.0,3500.0
42.05,4.0,16.0,24.0,2798.0,89.4,81.5,6.0,105.0,130.0,8.5,3500.0
43.87,4.0,16.0,24.0,2798.0,89.4,81.5,6.0,105.0,130.0,9.0,3500.0
47.62,4.0,16.0,24.0,2798.0,89.4,81.5,6.0,105.0,130.0,10.0,3500.0
49.54,4.0,16.0,24.0,2798.0,89.4,81.5,6.0,105.0,130.0,10.5,3500.0
51.5,4.0,16.0,24.0,2798.0,89.4,81.5,6.0,105.0,130.0,11.0,3500.0
53.48,4.0,16.0,24.0,2798.0,89.4,81.5,6.0,105.0,130.0,11.5,3500.0
55.5,4.0,16.0,24.0,2798.0,89.4,81.5,6.0,105.0,130.0,12.0,3500.0
57.55,4.0,16.0,24.0,2798.0,89.4,81.5,6.0,105.0,130.0,12.5,3500.0
59.63,4.0,16.0,24.0,2798.0,89.4,81.5,6.0,105.0,130.0,13.0,3500.0
63.87,4.0,16.0,24.0,2798.0,89.4,81.5,6.0,105.0,130.0,14.0,3500.0
66.04,4.0,16.0,24.0,2798.0,89.4,81.5,6.0,105.0,130.0,14.5,3500.0
68.25,4.0,16.0,24.0,2798.0,89.4,81.5,6.0,105.0,130.0,15.0,3500.0
70.49,4.0,16.0,24.0,2798.0,89.4,81.5,6.0,105.0,130.0,15.5,3500.0
72.75,4.0,16.0,24.0,2798.0,89.4,81.5,6.0,105.0,130.0,16.0,3500.0
75.06,4.0,16.0,24.0,2798.0,89.4,81.5,6.0,105.0,130.0,16.5,3500.0
77.38,4.0,16.0,24.0,2798.0,89.4,81.5,6.0,105.0,130.0,17.0,3500.0
79.74,4.0,16.0,24.0,2798.0,89.4,81.5,6.0,105.0,130.0,17.5,3500.0
82.14,4.0,16.0,24.0,2798.0,89.4,81.5,6.0,105.0,130.0,18.0,3500.0
22.01,4.0,16.0,24.0,2798.0,89.4,81.5,6.0,105.0,130.0,0.0,4000.0
23.41,4.0,16.0,24.0,2798.0,89.4,81.5,6.0,105.0,130.0,0.5,4000.0
24.86,4.0,16.0,24.0,2798.0,89.4,81.5,6.0,105.0,130.0,1.0,4000.0
26.37,4.0,16.0,24.0,2798.0,89.4,81.5,6.0,105.0,130.0,1.5,4000.0
27.91,4.0,16.0,24.0,2798.0,89.4,81.5,6.0,105.0,130.0,2.0,4000.0
29.51,4.0,16.0,24.0,2798.0,89.4,81.5,6.0,105.0,130.0,2.5,4000.0
31.16,4.0,16.0,24.0,2798.0,89.4,81.5,6.0,105.0,130.0,3.0,4000.0
32.86,4.0,16.0,24.0,2798.0,89.4,81.5,6.0,105.0,130.0,3.5,4000.0
34.46,4.0,16.0,24.0,2798.0,89.4,81.5,6.0,105.0,130.0,4.0,4000.0
36.16,4.0,16.0,24.0,2798.0,89.4,81.5,6.0,105.0,130.0,4.5,4000.0
37.89,4.0,16.0,24.0,2798.0,89.4,81.5,6.0,105.0,130.0,5.0,4000.0
39.68,4.0,16.0,24.0,2798.0,89.4,81.5,6.0,105.0,130.0,5.5,4000.0
41.5,4.0,16.0,24.0,2798.0,89.4,81.5,6.0,105.0,130.0,6.0,4000.0
43.36,4.0,16.0,24.0,2798.0,89.4,81.5,6.0,105.0,130.0,6.5,4000.0
45.27,4.0,16.0,24.0,2798.0,89.4,81.5,6.0,105.0,130.0,7.0,4000.0
47.21,4.0,16.0,24.0,2798.0,89.4,81.5,6.0,105.0,130.0,7.5,4000.0
49.19,4.0,16.0,24.0,2798.0,89.4,81.5,6.0,105.0,130.0,8.0,4000.0
51.22,4.0,16.0,24.0,2798.0,89.4,81.5,6.0,105.0,130.0,8.5,4000.0
53.28,4.0,16.0,24.0,2798.0,89.4,81.5,6.0,105.0,130.0,9.0,4000.0
55.38,4.0,16.0,24.0,2798.0,89.4,81.5,6.0,105.0,130.0,9.5,4000.0
59.71,4.0,16.0,24.0,2798.0,89.4,81.5,6.0,105.0,130.0,10.5,4000.0
61.93,4.0,16.0,24.0,2798.0,89.4,81.5,6.0,105.0,130.0,11.0,4000.0
64.19,4.0,16.0,24.0,2798.0,89.4,81.5,6.0,105.0,130.0,11.5,4000.0
66.5,4.0,16.0,24.0,2798.0,89.4,81.5,6.0,105.0,130.0,12.0,4000.0
68.84,4.0,16.0,24.0,2798.0,89.4,81.5,6.0,105.0,130.0,12.5,4000.0
71.22,4.0,16.0,24.0,2798.0,89.4,81.5,6.0,105.0,130.0,13.0,4000.0
73.64,4.0,16.0,24.0,2798.0,89.4,81.5,6.0,105.0,130.0,13.5,4000.0
76.11,4.0,16.0,24.0,2798.0,89.4,81.5,6.0,105.0,130.0,14.0,4000.0
78.61,4.0,16.0,24.0,2798.0,89.4,81.5,6.0,105.0,130.0,14.5,4000.0
83.75,4.0,16.0,24.0,2798.0,89.4,81.5,6.0,105.0,130.0,15.5,4000.0
86.37,4.0,16.0,24.0,2798.0,89.4,81.5,6.0,105.0,130.0,16.0,4000.0
89.03,4.0,16.0,24.0,2798.0,89.4,81.5,6.0,105.0,130.0,16.5,4000.0
91.73,4.0,16.0,24.0,2798.0,89.4,81.5,6.0,105.0,130.0,17.0,4000.0
94.49,4.0,16.0,24.0,2798.0,89.4,81.5,6.0,105.0,130.0,17.5,4000.0
97.27,4.0,16.0,24.0,2798.0,89.4,81.5,6.0,105.0,130.0,18.0,4000.0
29.63,4.0,16.0,24.0,2798.0,89.4,81.5,6.0,105.0,130.0,0.0,4500.0
31.13,4.0,16.0,24.0,2798.0,89.4,81.5,6.0,105.0,130.0,0.5,4500.0
32.7,4.0,16.0,24.0,2798.0,89.4,81.5,6.0,105.0,130.0,1.0,4500.0
34.33,4.0,16.0,24.0,2798.0,89.4,81.5,6.0,105.0,130.0,1.5,4500.0
37.77,4.0,16.0,24.0,2798.0,89.4,81.5,6.0,105.0,130.0,2.5,4500.0
39.58,4.0,16.0,24.0,2798.0,89.4,81.5,6.0,105.0,130.0,3.0,4500.0
41.47,4.0,16.0,24.0,2798.0,89.4,81.5,6.0,105.0,130.0,3.5,4500.0
43.18,4.0,16.0,24.0,2798.0,89.4,81.5,6.0,105.0,130.0,4.0,4500.0
45.04,4.0,16.0,24.0,2798.0,89.4,81.5,6.0,105.0,130.0,4.5,4500.0
46.97,4.0,16.0,24.0,2798.0,89.4,81.5,6.0,105.0,130.0,5.0,4500.0
48.94,4.0,16.0,24.0,2798.0,89.4,81.5,6.0,105.0,130.0,5.5,4500.0
50.96,4.0,16.0,24.0,2798.0,89.4,81.5,6.0,105.0,130.0,6.0,4500.0
53.04,4.0,16.0,24.0,2798.0,89.4,81.5,6.0,105.0,130.0,6.5,4500.0
55.17,4.0,16.0,24.0,2798.0,89.4,81.5,6.0,105.0,130.0,7.0,4500.0
57.34,4.0,16.0,24.0,2798.0,89.4,81.5,6.0,105.0,130.0,7.5,4500.0
59.56,4.0,16.0,24.0,2798.0,89.4,81.5,6.0,105.0,130.0,8.0,4500.0
61.84,4.0,16.0,24.0,2798.0,89.4,81.5,6.0,105.0,130.0,8.5,4500.0
64.17,4.0,16.0,24.0,2798.0,89.4,81.5,6.0,105.0,130.0,9.0,4500.0
66.54,4.0,16.0,24.0,2798.0,89.4,81.5,6.0,105.0,130.0,9.5,4500.0
68.96,4.0,16.0,24.0,2798.0,89.4,81.5,6.0,105.0,130.0,10.0,4500.0
71.43,4.0,16.0,24.0,2798.0,89.4,81.5,6.0,105.0,130.0,10.5,4500.0
73.96,4.0,16.0,24.0,2798.0,89.4,81.5,6.0,105.0,130.0,11.0,4500.0
76.55,4.0,16.0,24.0,2798.0,89.4,81.5,6.0,105.0,130.0,11.5,4500.0
79.17,4.0,16.0,24.0,2798.0,89.4,81.5,6.0,105.0,130.0,12.0,4500.0
81.84,4.0,16.0,24.0,2798.0,89.4,81.5,6.0,105.0,130.0,12.5,4500.0
87.35,4.0,16.0,24.0,2798.0,89.4,81.5,6.0,105.0,130.0,13.5,4500.0
90.18,4.0,16.0,24.0,2798.0,89.4,81.5,6.0,105.0,130.0,14.0,4500.0
93.05,4.0,16.0,24.0,2798.0,89.4,81.5,6.0,105.0,130.0,14.5,4500.0
95.98,4.0,16.0,24.0,2798.0,89.4,81.5,6.0,105.0,130.0,15.0,4500.0
98.96,4.0,16.0,24.0,2798.0,89.4,81.5,6.0,105.0,130.0,15.5,4500.0
101.98,4.0,16.0,24.0,2798.0,89.4,81.5,6.0,105.0,130.0,16.0,4500.0
105.06,4.0,16.0,24.0,2798.0,89.4,81.5,6.0,105.0,130.0,16.5,4500.0
108.18,4.0,16.0,24.0,2798.0,89.4,81.5,6.0,105.0,130.0,17.0,4500.0
111.36,4.0,16.0,24.0,2798.0,89.4,81.5,6.0,105.0,130.0,17.5,4500.0
114.6,4.0,16.0,24.0,2798.0,89.4,81.5,6.0,105.0,130.0,18.0,4500.0
38.4,4.0,16.0,24.0,2798.0,89.4,81.5,6.0,105.0,130.0,0.0,5000.0
40.02,4.0,16.0,24.0,2798.0,89.4,81.5,6.0,105.0,130.0,0.5,5000.0
41.71,4.0,16.0,24.0,2798.0,89.4,81.5,6.0,105.0,130.0,1.0,5000.0
43.48,4.0,16.0,24.0,2798.0,89.4,81.5,6.0,105.0,130.0,1.5,5000.0
45.33,4.0,16.0,24.0,2798.0,89.4,81.5,6.0,105.0,130.0,2.0,5000.0
47.26,4.0,16.0,24.0,2798.0,89.4,81.5,6.0,105.0,130.0,2.5,5000.0
49.26,4.0,16.0,24.0,2798.0,89.4,81.5,6.0,105.0,130.0,3.0,5000.0
51.34,4.0,16.0,24.0,2798.0,89.4,81.5,6.0,105.0,130.0,3.5,5000.0
53.16,4.0,16.0,24.0,2798.0,89.4,81.5,6.0,105.0,130.0,4.0,5000.0
57.34,4.0,16.0,24.0,2798.0,89.4,81.5,6.0,105.0,130.0,5.0,5000.0
59.52,4.0,16.0,24.0,2798.0,89.4,81.5,6.0,105.0,130.0,5.5,5000.0
61.77,4.0,16.0,24.0,2798.0,89.4,81.5,6.0,105.0,130.0,6.0,5000.0
64.07,4.0,16.0,24.0,2798.0,89.4,81.5,6.0,105.0,130.0,6.5,5000.0
66.44,4.0,16.0,24.0,2798.0,89.4,81.5,6.0,105.0,130.0,7.0,5000.0
71.37,4.0,16.0,24.0,2798.0,89.4,81.5,6.0,105.0,130.0,8.0,5000.0
73.92,4.0,16.0,24.0,2798.0,89.4,81.5,6.0,105.0,130.0,8.5,5000.0
79.22,4.0,16.0,24.0,2798.0,89.4,81.5,6.0,105.0,130.0,9.5,5000.0
81.95,4.0,16.0,24.0,2798.0,89.4,81.5,6.0,105.0,130.0,10.0,5000.0
84.76,4.0,16.0,24.0,2798.0,89.4,81.5,6.0,105.0,130.0,10.5,5000.0
87.62,4.0,16.0,24.0,2798.0,89.4,81.5,6.0,105.0,130.0,11.0,5000.0
90.53,4.0,16.0,24.0,2798.0,89.4,81.5,6.0,105.0,130.0,11.5,5000.0
93.52,4.0,16.0,24.0,2798.0,89.4,81.5,6.0,105.0,130.0,12.0,5000.0
96.56,4.0,16.0,24.0,2798.0,89.4,81.5,6.0,105.0,130.0,12.5,5000.0
99.68,4.0,16.0,24.0,2798.0,89.4,81.5,6.0,105.0,130.0,13.0,5000.0
102.85,4.0,16.0,24.0,2798.0,89.4,81.5,6.0,105.0,130.0,13.5,5000.0
106.07,4.0,16.0,24.0,2798.0,89.4,81.5,6.0,105.0,130.0,14.0,5000.0
109.35,4.0,16.0,24.0,2798.0,89.4,81.5,6.0,105.0,130.0,14.5,5000.0
112.71,4.0,16.0,24.0,2798.0,89.4,81.5,6.0,105.0,130.0,15.0,5000.0
116.13,4.0,16.0,24.0,2798.0,89.4,81.5,6.0,105.0,130.0,15.5,5000.0
123.13,4.0,16.0,24.0,2798.0,89.4,81.5,6.0,105.0,130.0,16.5,5000.0
126.74,4.0,16.0,24.0,2798.0,89.4,81.5,6.0,105.0,130.0,17.0,5000.0
134.11,4.0,16.0,24.0,2798.0,89.4,81.5,6.0,105.0,130.0,18.0,5000.0
3.16,4.0,17.0,24.0,3731.0,89.4,81.5,8.0,105.0,130.0,0.0,100.0
5.68,4.0,17.0,24.0,3731.0,89.4,81.5,8.0,105.0,130.0,1.0,100.0
8.22,4.0,17.0,24.0,3731.0,89.4,81.5,8.0,105.0,130.0,2.0,100.0
9.48,4.0,17.0,24.0,3731.0,89.4,81.5,8.0,105.0,130.0,2.5,100.0
12.0,4.0,17.0,24.0,3731.0,89.4,81.5,8.0,105.0,130.0,3.5,100.0
14.5,4.0,17.0,24.0,3731.0,89.4,81.5,8.0,105.0,130.0,4.5,100.0
15.76,4.0,17.0,24.0,3731.0,89.4,81.5,8.0,105.0,130.0,5.0,100.0
17.0,4.0,17.0,24.0,3731.0,89.4,81.5,8.0,105.0,130.0,5.5,100.0
18.26,4.0,17.0,24.0,3731.0,89.4,81.5,8.0,105.0,130.0,6.0,100.0
19.51,4.0,17.0,24.0,3731.0,89.4,81.5,8.0,105.0,130.0,6.5,100.0
20.75,4.0,17.0,24.0,3731.0,89.4,81.5,8.0,105.0,130.0,7.0,100.0
21.99,4.0,17.0,24.0,3731.0,89.4,81.5,8.0,105.0,130.0,7.5,100.0
23.23,4.0,17.0,24.0,3731.0,89.4,81.5,8.0,105.0,130.0,8.0,100.0
24.48,4.0,17.0,24.0,3731.0,89.4,81.5,8.0,105.0,130.0,8.5,100.0
25.72,4.0,17.0,24.0,3731.0,89.4,81.5,8.0,105.0,130.0,9.0,100.0
26.96,4.0,17.0,24.0,3731.0,89.4,81.5,8.0,105.0,130.0,9.5,100.0
28.2,4.0,17.0,24.0,3731.0,89.4,81.5,8.0,105.0,130.0,10.0,100.0
29.43,4.0,17.0,24.0,3731.0,89.4,81.5,8.0,105.0,130.0,10.5,100.0
30.67,4.0,17.0,24.0,3731.0,89.4,81.5,8.0,105.0,130.0,11.0,100.0
31.9,4.0,17.0,24.0,3731.0,89.4,81.5,8.0,105.0,130.0,11.5,100.0
33.12,4.0,17.0,24.0,3731.0,89.4,81.5,8.0,105.0,130.0,12.0,100.0
34.36,4.0,17.0,24.0,3731.0,89.4,81.5,8.0,105.0,130.0,12.5,100.0
35.59,4.0,17.0,24.0,3731.0,89.4,81.5,8.0,105.0,130.0,13.0,100.0
36.81,4.0,17.0,24.0,3731.0,89.4,81.5,8.0,105.0,130.0,13.5,100.0
39.26,4.0,17.0,24.0,3731.0,89.4,81.5,8.0,105.0,130.0,14.5,100.0
40.49,4.0,17.0,24.0,3731.0,89.4,81.5,8.0,105.0,130.0,15.0,100.0
41.69,4.0,17.0,24.0,3731.0,89.4,81.5,8.0,105.0,130.0,15.5,100.0
42.92,4.0,17.0,24.0,3731.0,89.4,81.5,8.0,105.0,130.0,16.0,100.0
44.13,4.0,17.0,24.0,3731.0,89.4,81.5,8.0,105.0,130.0,16.5,100.0
45.35,4.0,17.0,24.0,3731.0,89.4,81.5,8.0,105.0,130.0,17.0,100.0
46.56,4.0,17.0,24.0,3731.0,89.4,81.5,8.0,105.0,130.0,17.5,100.0
47.78,4.0,17.0,24.0,3731.0,89.4,81.5,8.0,105.0,130.0,18.0,100.0
2.2,4.0,17.0,24.0,3731.0,89.4,81.5,8.0,105.0,130.0,0.5,1000.0
3.53,4.0,17.0,24.0,3731.0,89.4,81.5,8.0,105.0,130.0,1.0,1000.0
4.86,4.0,17.0,24.0,3731.0,89.4,81.5,8.0,105.0,130.0,1.5,1000.0
6.21,4.0,17.0,24.0,3731.0,89.4,81.5,8.0,105.0,130.0,2.0,1000.0
7.54,4.0,17.0,24.0,3731.0,89.4,81.5,8.0,105.0,130.0,2.5,1000.0
8.91,4.0,17.0,24.0,3731.0,89.4,81.5,8.0,105.0,130.0,3.0,1000.0
10.26,4.0,17.0,24.0,3731.0,89.4,81.5,8.0,105.0,130.0,3.5,1000.0
11.63,4.0,17.0,24.0,3731.0,89.4,81.5,8.0,105.0,130.0,4.0,1000.0
14.36,4.0,17.0,24.0,3731.0,89.4,81.5,8.0,105.0,130.0,5.0,1000.0
15.74,4.0,17.0,24.0,3731.0,89.4,81.5,8.0,105.0,130.0,5.5,1000.0
17.13,4.0,17.0,24.0,3731.0,89.4,81.5,8.0,105.0,130.0,6.0,1000.0
21.32,4.0,17.0,24.0,3731.0,89.4,81.5,8.0,105.0,130.0,7.5,1000.0
22.72,4.0,17.0,24.0,3731.0,89.4,81.5,8.0,105.0,130.0,8.0,1000.0
24.14,4.0,17.0,24.0,3731.0,89.4,81.5,8.0,105.0,130.0,8.5,1000.0
28.4,4.0,17.0,24.0,3731.0,89.4,81.5,8.0,105.0,130.0,10.0,1000.0
29.84,4.0,17.0,24.0,3731.0,89.4,81.5,8.0,105.0,130.0,10.5,1000.0
31.28,4.0,17.0,24.0,3731.0,89.4,81.5,8.0,105.0,130.0,11.0,1000.0
32.71,4.0,17.0,24.0,3731.0,89.4,81.5,8.0,105.0,130.0,11.5,1000.0
34.17,4.0,17.0,24.0,3731.0,89.4,81.5,8.0,105.0,130.0,12.0,1000.0
35.62,4.0,17.0,24.0,3731.0,89.4,81.5,8.0,105.0,130.0,12.5,1000.0
37.08,4.0,17.0,24.0,3731.0,89.4,81.5,8.0,105.0,130.0,13.0,1000.0
38.54,4.0,17.0,24.0,3731.0,89.4,81.5,8.0,105.0,130.0,13.5,1000.0
40.01,4.0,17.0,24.0,3731.0,89.4,81.5,8.0,105.0,130.0,14.0,1000.0
42.97,4.0,17.0,24.0,3731.0,89.4,81.5,8.0,105.0,130.0,15.0,1000.0
44.45,4.0,17.0,24.0,3731.0,89.4,81.5,8.0,105.0,130.0,15.5,1000.0
45.94,4.0,17.0,24.0,3731.0,89.4,81.5,8.0,105.0,130.0,16.0,1000.0
47.45,4.0,17.0,24.0,3731.0,89.4,81.5,8.0,105.0,130.0,16.5,1000.0
48.94,4.0,17.0,24.0,3731.0,89.4,81.5,8.0,105.0,130.0,17.0,1000.0
51.97,4.0,17.0,24.0,3731.0,89.4,81.5,8.0,105.0,130.0,18.0,1000.0
1.79,4.0,17.0,24.0,3731.0,89.4,81.5,8.0,105.0,130.0,0.0,1500.0
3.18,4.0,17.0,24.0,3731.0,89.4,81.5,8.0,105.0,130.0,0.5,1500.0
4.56,4.0,17.0,24.0,3731.0,89.4,81.5,8.0,105.0,130.0,1.0,1500.0
5.96,4.0,17.0,24.0,3731.0,89.4,81.5,8.0,105.0,130.0,1.5,1500.0
7.37,4.0,17.0,24.0,3731.0,89.4,81.5,8.0,105.0,130.0,2.0,1500.0
8.79,4.0,17.0,24.0,3731.0,89.4,81.5,8.0,105.0,130.0,2.5,1500.0
10.22,4.0,17.0,24.0,3731.0,89.4,81.5,8.0,105.0,130.0,3.0,1500.0
11.66,4.0,17.0,24.0,3731.0,89.4,81.5,8.0,105.0,130.0,3.5,1500.0
13.12,4.0,17.0,24.0,3731.0,89.4,81.5,8.0,105.0,130.0,4.0,1500.0
14.57,4.0,17.0,24.0,3731.0,89.4,81.5,8.0,105.0,130.0,4.5,1500.0
16.05,4.0,17.0,24.0,3731.0,89.4,81.5,8.0,105.0,130.0,5.0,1500.0
17.54,4.0,17.0,24.0,3731.0,89.4,81.5,8.0,105.0,130.0,5.5,1500.0
19.03,4.0,17.0,24.0,3731.0,89.4,81.5,8.0,105.0,130.0,6.0,1500.0
20.54,4.0,17.0,24.0,3731.0,89.4,81.5,8.0,105.0,130.0,6.5,1500.0
23.57,4.0,17.0,24.0,3731.0,89.4,81.5,8.0,105.0,130.0,7.5,1500.0
25.12,4.0,17.0,24.0,3731.0,89.4,81.5,8.0,105.0,130.0,8.0,1500.0
26.66,4.0,17.0,24.0,3731.0,89.4,81.5,8.0,105.0,130.0,8.5,1500.0
28.22,4.0,17.0,24.0,3731.0,89.4,81.5,8.0,105.0,130.0,9.0,1500.0
29.78,4.0,17.0,24.0,3731.0,89.4,81.5,8.0,105.0,130.0,9.5,1500.0
31.36,4.0,17.0,24.0,3731.0,89.4,81.5,8.0,105.0,130.0,10.0,1500.0
32.94,4.0,17.0,24.0,3731.0,89.4,81.5,8.0,105.0,130.0,10.5,1500.0
36.16,4.0,17.0,24.0,3731.0,89.4,81.5,8.0,105.0,130.0,11.5,1500.0
37.77,4.0,17.0,24.0,3731.0,89.4,81.5,8.0,105.0,130.0,12.0,1500.0
39.4,4.0,17.0,24.0,3731.0,89.4,81.5,8.0,105.0,130.0,12.5,1500.0
41.04,4.0,17.0,24.0,3731.0,89.4,81.5,8.0,105.0,130.0,13.0,1500.0
42.69,4.0,17.0,24.0,3731.0,89.4,81.5,8.0,105.0,130.0,13.5,1500.0
44.36,4.0,17.0,24.0,3731.0,89.4,81.5,8.0,105.0,130.0,14.0,1500.0
46.03,4.0,17.0,24.0,3731.0,89.4,81.5,8.0,105.0,130.0,14.5,1500.0
47.69,4.0,17.0,24.0,3731.0,89.4,81.5,8.0,105.0,130.0,15.0,1500.0
49.4,4.0,17.0,24.0,3731.0,89.4,81.5,8.0,105.0,130.0,15.5,1500.0
51.1,4.0,17.0,24.0,3731.0,89.4,81.5,8.0,105.0,130.0,16.0,1500.0
52.81,4.0,17.0,24.0,3731.0,89.4,81.5,8.0,105.0,130.0,16.5,1500.0
54.53,4.0,17.0,24.0,3731.0,89.4,81.5,8.0,105.0,130.0,17.0,1500.0
56.27,4.0,17.0,24.0,3731.0,89.4,81.5,8.0,105.0,130.0,17.5,1500.0
58.01,4.0,17.0,24.0,3731.0,89.4,81.5,8.0,105.0,130.0,18.0,1500.0
4.26,4.0,17.0,24.0,3731.0,89.4,81.5,8.0,105.0,130.0,0.0,2000.0
5.72,4.0,17.0,24.0,3731.0,89.4,81.5,8.0,105.0,130.0,0.5,2000.0
8.66,4.0,17.0,24.0,3731.0,89.4,81.5,8.0,105.0,130.0,1.5,2000.0
10.15,4.0,17.0,24.0,3731.0,89.4,81.5,8.0,105.0,130.0,2.0,2000.0
11.68,4.0,17.0,24.0,3731.0,89.4,81.5,8.0,105.0,130.0,2.5,2000.0
13.21,4.0,17.0,24.0,3731.0,89.4,81.5,8.0,105.0,130.0,3.0,2000.0
14.75,4.0,17.0,24.0,3731.0,89.4,81.5,8.0,105.0,130.0,3.5,2000.0
16.31,4.0,17.0,24.0,3731.0,89.4,81.5,8.0,105.0,130.0,4.0,2000.0
17.89,4.0,17.0,24.0,3731.0,89.4,81.5,8.0,105.0,130.0,4.5,2000.0
19.49,4.0,17.0,24.0,3731.0,89.4,81.5,8.0,105.0,130.0,5.0,2000.0
22.72,4.0,17.0,24.0,3731.0,89.4,81.5,8.0,105.0,130.0,6.0,2000.0
24.37,4.0,17.0,24.0,3731.0,89.4,81.5,8.0,105.0,130.0,6.5,2000.0
26.02,4.0,17.0,24.0,3731.0,89.4,81.5,8.0,105.0,130.0,7.0,2000.0
27.69,4.0,17.0,24.0,3731.0,89.4,81.5,8.0,105.0,130.0,7.5,2000.0
31.1,4.0,17.0,24.0,3731.0,89.4,81.5,8.0,105.0,130.0,8.5,2000.0
32.82,4.0,17.0,24.0,3731.0,89.4,81.5,8.0,105.0,130.0,9.0,2000.0
34.54,4.0,17.0,24.0,3731.0,89.4,81.5,8.0,105.0,130.0,9.5,2000.0
36.3,4.0,17.0,24.0,3731.0,89.4,81.5,8.0,105.0,130.0,10.0,2000.0
38.07,4.0,17.0,24.0,3731.0,89.4,81.5,8.0,105.0,130.0,10.5,2000.0
39.85,4.0,17.0,24.0,3731.0,89.4,81.5,8.0,105.0,130.0,11.0,2000.0
41.66,4.0,17.0,24.0,3731.0,89.4,81.5,8.0,105.0,130.0,11.5,2000.0
43.47,4.0,17.0,24.0,3731.0,89.4,81.5,8.0,105.0,130.0,12.0,2000.0
45.3,4.0,17.0,24.0,3731.0,89.4,81.5,8.0,105.0,130.0,12.5,2000.0
47.14,4.0,17.0,24.0,3731.0,89.4,81.5,8.0,105.0,130.0,13.0,2000.0
49.01,4.0,17.0,24.0,3731.0,89.4,81.5,8.0,105.0,130.0,13.5,2000.0
50.89,4.0,17.0,24.0,3731.0,89.4,81.5,8.0,105.0,130.0,14.0,2000.0
52.79,4.0,17.0,24.0,3731.0,89.4,81.5,8.0,105.0,130.0,14.5,2000.0
54.71,4.0,17.0,24.0,3731.0,89.4,81.5,8.0,105.0,130.0,15.0,2000.0
56.62,4.0,17.0,24.0,3731.0,89.4,81.5,8.0,105.0,130.0,15.5,2000.0
58.57,4.0,17.0,24.0,3731.0,89.4,81.5,8.0,105.0,130.0,16.0,2000.0
60.53,4.0,17.0,24.0,3731.0,89.4,81.5,8.0,105.0,130.0,16.5,2000.0
62.52,4.0,17.0,24.0,3731.0,89.4,81.5,8.0,105.0,130.0,17.0,2000.0
64.5,4.0,17.0,24.0,3731.0,89.4,81.5,8.0,105.0,130.0,17.5,2000.0
66.51,4.0,17.0,24.0,3731.0,89.4,81.5,8.0,105.0,130.0,18.0,2000.0
8.29,4.0,17.0,24.0,3731.0,89.4,81.5,8.0,105.0,130.0,0.0,2500.0
11.38,4.0,17.0,24.0,3731.0,89.4,81.5,8.0,105.0,130.0,1.0,2500.0
12.96,4.0,17.0,24.0,3731.0,89.4,81.5,8.0,105.0,130.0,1.5,2500.0
16.19,4.0,17.0,24.0,3731.0,89.4,81.5,8.0,105.0,130.0,2.5,2500.0
17.84,4.0,17.0,24.0,3731.0,89.4,81.5,8.0,105.0,130.0,3.0,2500.0
19.51,4.0,17.0,24.0,3731.0,89.4,81.5,8.0,105.0,130.0,3.5,2500.0
21.19,4.0,17.0,24.0,3731.0,89.4,81.5,8.0,105.0,130.0,4.0,2500.0
22.92,4.0,17.0,24.0,3731.0,89.4,81.5,8.0,105.0,130.0,4.5,2500.0
24.65,4.0,17.0,24.0,3731.0,89.4,81.5,8.0,105.0,130.0,5.0,2500.0
30.02,4.0,17.0,24.0,3731.0,89.4,81.5,8.0,105.0,130.0,6.5,2500.0
31.84,4.0,17.0,24.0,3731.0,89.4,81.5,8.0,105.0,130.0,7.0,2500.0
35.57,4.0,17.0,24.0,3731.0,89.4,81.5,8.0,105.0,130.0,8.0,2500.0
37.47,4.0,17.0,24.0,3731.0,89.4,81.5,8.0,105.0,130.0,8.5,2500.0
39.39,4.0,17.0,24.0,3731.0,89.4,81.5,8.0,105.0,130.0,9.0,2500.0
41.34,4.0,17.0,24.0,3731.0,89.4,81.5,8.0,105.0,130.0,9.5,2500.0
43.31,4.0,17.0,24.0,3731.0,89.4,81.5,8.0,105.0,130.0,10.0,2500.0
45.3,4.0,17.0,24.0,3731.0,89.4,81.5,8.0,105.0,130.0,10.5,2500.0
47.32,4.0,17.0,24.0,3731.0,89.4,81.5,8.0,105.0,130.0,11.0,2500.0
49.34,4.0,17.0,24.0,3731.0,89.4,81.5,8.0,105.0,130.0,11.5,2500.0
51.4,4.0,17.0,24.0,3731.0,89.4,81.5,8.0,105.0,130.0,12.0,2500.0
53.5,4.0,17.0,24.0,3731.0,89.4,81.5,8.0,105.0,130.0,12.5,2500.0
55.59,4.0,17.0,24.0,3731.0,89.4,81.5,8.0,105.0,130.0,13.0,2500.0
57.72,4.0,17.0,24.0,3731.0,89.4,81.5,8.0,105.0,130.0,13.5,2500.0
59.89,4.0,17.0,24.0,3731.0,89.4,81.5,8.0,105.0,130.0,14.0,2500.0
64.25,4.0,17.0,24.0,3731.0,89.4,81.5,8.0,105.0,130.0,15.0,2500.0
66.47,4.0,17.0,24.0,3731.0,89.4,81.5,8.0,105.0,130.0,15.5,2500.0
68.73,4.0,17.0,24.0,3731.0,89.4,81.5,8.0,105.0,130.0,16.0,2500.0
73.27,4.0,17.0,24.0,3731.0,89.4,81.5,8.0,105.0,130.0,17.0,2500.0
75.6,4.0,17.0,24.0,3731.0,89.4,81.5,8.0,105.0,130.0,17.5,2500.0
77.92,4.0,17.0,24.0,3731.0,89.4,81.5,8.0,105.0,130.0,18.0,2500.0
13.88,4.0,17.0,24.0,3731.0,89.4,81.5,8.0,105.0,130.0,0.0,3000.0
15.5,4.0,17.0,24.0,3731.0,89.4,81.5,8.0,105.0,130.0,0.5,3000.0
18.85,4.0,17.0,24.0,3731.0,89.4,81.5,8.0,105.0,130.0,1.5,3000.0
20.57,4.0,17.0,24.0,3731.0,89.4,81.5,8.0,105.0,130.0,2.0,3000.0
22.31,4.0,17.0,24.0,3731.0,89.4,81.5,8.0,105.0,130.0,2.5,3000.0
24.1,4.0,17.0,24.0,3731.0,89.4,81.5,8.0,105.0,130.0,3.0,3000.0
25.91,4.0,17.0,24.0,3731.0,89.4,81.5,8.0,105.0,130.0,3.5,3000.0
27.76,4.0,17.0,24.0,3731.0,89.4,81.5,8.0,105.0,130.0,4.0,3000.0
29.64,4.0,17.0,24.0,3731.0,89.4,81.5,8.0,105.0,130.0,4.5,3000.0
31.54,4.0,17.0,24.0,3731.0,89.4,81.5,8.0,105.0,130.0,5.0,3000.0
33.49,4.0,17.0,24.0,3731.0,89.4,81.5,8.0,105.0,130.0,5.5,3000.0
35.46,4.0,17.0,24.0,3731.0,89.4,81.5,8.0,105.0,130.0,6.0,3000.0
37.47,4.0,17.0,24.0,3731.0,89.4,81.5,8.0,105.0,130.0,6.5,3000.0
39.49,4.0,17.0,24.0,3731.0,89.4,81.5,8.0,105.0,130.0,7.0,3000.0
41.57,4.0,17.0,24.0,3731.0,89.4,81.5,8.0,105.0,130.0,7.5,3000.0
43.66,4.0,17.0,24.0,3731.0,89.4,81.5,8.0,105.0,130.0,8.0,3000.0
45.79,4.0,17.0,24.0,3731.0,89.4,81.5,8.0,105.0,130.0,8.5,3000.0
47.96,4.0,17.0,24.0,3731.0,89.4,81.5,8.0,105.0,130.0,9.0,3000.0
50.16,4.0,17.0,24.0,3731.0,89.4,81.5,8.0,105.0,130.0,9.5,3000.0
54.63,4.0,17.0,24.0,3731.0,89.4,81.5,8.0,105.0,130.0,10.5,3000.0
56.92,4.0,17.0,24.0,3731.0,89.4,81.5,8.0,105.0,130.0,11.0,3000.0
59.25,4.0,17.0,24.0,3731.0,89.4,81.5,8.0,105.0,130.0,11.5,3000.0
63.97,4.0,17.0,24.0,3731.0,89.4,81.5,8.0,105.0,130.0,12.5,3000.0
68.83,4.0,17.0,24.0,3731.0,89.4,81.5,8.0,105.0,130.0,13.5,3000.0
71.32,4.0,17.0,24.0,3731.0,89.4,81.5,8.0,105.0,130.0,14.0,3000.0
73.82,4.0,17.0,24.0,3731.0,89.4,81.5,8.0,105.0,130.0,14.5,3000.0
76.36,4.0,17.0,24.0,3731.0,89.4,81.5,8.0,105.0,130.0,15.0,3000.0
78.93,4.0,17.0,24.0,3731.0,89.4,81.5,8.0,105.0,130.0,15.5,3000.0
81.54,4.0,17.0,24.0,3731.0,89.4,81.5,8.0,105.0,130.0,16.0,3000.0
84.17,4.0,17.0,24.0,3731.0,89.4,81.5,8.0,105.0,130.0,16.5,3000.0
86.83,4.0,17.0,24.0,3731.0,89.4,81.5,8.0,105.0,130.0,17.0,3000.0
89.53,4.0,17.0,24.0,3731.0,89.4,81.5,8.0,105.0,130.0,17.5,3000.0
21.02,4.0,17.0,24.0,3731.0,89.4,81.5,8.0,105.0,130.0,0.0,3500.0
22.76,4.0,17.0,24.0,3731.0,89.4,81.5,8.0,105.0,130.0,0.5,3500.0
24.51,4.0,17.0,24.0,3731.0,89.4,81.5,8.0,105.0,130.0,1.0,3500.0
26.34,4.0,17.0,24.0,3731.0,89.4,81.5,8.0,105.0,130.0,1.5,3500.0
28.19,4.0,17.0,24.0,3731.0,89.4,81.5,8.0,105.0,130.0,2.0,3500.0
30.09,4.0,17.0,24.0,3731.0,89.4,81.5,8.0,105.0,130.0,2.5,3500.0
32.02,4.0,17.0,24.0,3731.0,89.4,81.5,8.0,105.0,130.0,3.0,3500.0
33.99,4.0,17.0,24.0,3731.0,89.4,81.5,8.0,105.0,130.0,3.5,3500.0
36.01,4.0,17.0,24.0,3731.0,89.4,81.5,8.0,105.0,130.0,4.0,3500.0
38.07,4.0,17.0,24.0,3731.0,89.4,81.5,8.0,105.0,130.0,4.5,3500.0
40.19,4.0,17.0,24.0,3731.0,89.4,81.5,8.0,105.0,130.0,5.0,3500.0
42.32,4.0,17.0,24.0,3731.0,89.4,81.5,8.0,105.0,130.0,5.5,3500.0
44.52,4.0,17.0,24.0,3731.0,89.4,81.5,8.0,105.0,130.0,6.0,3500.0
49.01,4.0,17.0,24.0,3731.0,89.4,81.5,8.0,105.0,130.0,7.0,3500.0
51.32,4.0,17.0,24.0,3731.0,89.4,81.5,8.0,105.0,130.0,7.5,3500.0
53.68,4.0,17.0,24.0,3731.0,89.4,81.5,8.0,105.0,130.0,8.0,3500.0
58.5,4.0,17.0,24.0,3731.0,89.4,81.5,8.0,105.0,130.0,9.0,3500.0
60.99,4.0,17.0,24.0,3731.0,89.4,81.5,8.0,105.0,130.0,9.5,3500.0
63.51,4.0,17.0,24.0,3731.0,89.4,81.5,8.0,105.0,130.0,10.0,3500.0
66.07,4.0,17.0,24.0,3731.0,89.4,81.5,8.0,105.0,130.0,10.5,3500.0
68.67,4.0,17.0,24.0,3731.0,89.4,81.5,8.0,105.0,130.0,11.0,3500.0
71.32,4.0,17.0,24.0,3731.0,89.4,81.5,8.0,105.0,130.0,11.5,3500.0
74.02,4.0,17.0,24.0,3731.0,89.4,81.5,8.0,105.0,130.0,12.0,3500.0
76.75,4.0,17.0,24.0,3731.0,89.4,81.5,8.0,105.0,130.0,12.5,3500.0
79.52,4.0,17.0,24.0,3731.0,89.4,81.5,8.0,105.0,130.0,13.0,3500.0
82.32,4.0,17.0,24.0,3731.0,89.4,81.5,8.0,105.0,130.0,13.5,3500.0
88.08,4.0,17.0,24.0,3731.0,89.4,81.5,8.0,105.0,130.0,14.5,3500.0
91.02,4.0,17.0,24.0,3731.0,89.4,81.5,8.0,105.0,130.0,15.0,3500.0
94.0,4.0,17.0,24.0,3731.0,89.4,81.5,8.0,105.0,130.0,15.5,3500.0
97.02,4.0,17.0,24.0,3731.0,89.4,81.5,8.0,105.0,130.0,16.0,3500.0
100.09,4.0,17.0,24.0,3731.0,89.4,81.5,8.0,105.0,130.0,16.5,3500.0
106.34,4.0,17.0,24.0,3731.0,89.4,81.5,8.0,105.0,130.0,17.5,3500.0
109.54,4.0,17.0,24.0,3731.0,89.4,81.5,8.0,105.0,130.0,18.0,3500.0
29.36,4.0,17.0,24.0,3731.0,89.4,81.5,8.0,105.0,130.0,0.0,4000.0
31.22,4.0,17.0,24.0,3731.0,89.4,81.5,8.0,105.0,130.0,0.5,4000.0
33.16,4.0,17.0,24.0,3731.0,89.4,81.5,8.0,105.0,130.0,1.0,4000.0
35.16,4.0,17.0,24.0,3731.0,89.4,81.5,8.0,105.0,130.0,1.5,4000.0
37.22,4.0,17.0,24.0,3731.0,89.4,81.5,8.0,105.0,130.0,2.0,4000.0
39.35,4.0,17.0,24.0,3731.0,89.4,81.5,8.0,105.0,130.0,2.5,4000.0
41.55,4.0,17.0,24.0,3731.0,89.4,81.5,8.0,105.0,130.0,3.0,4000.0
43.82,4.0,17.0,24.0,3731.0,89.4,81.5,8.0,105.0,130.0,3.5,4000.0
45.95,4.0,17.0,24.0,3731.0,89.4,81.5,8.0,105.0,130.0,4.0,4000.0
48.23,4.0,17.0,24.0,3731.0,89.4,81.5,8.0,105.0,130.0,4.5,4000.0
50.53,4.0,17.0,24.0,3731.0,89.4,81.5,8.0,105.0,130.0,5.0,4000.0
52.91,4.0,17.0,24.0,3731.0,89.4,81.5,8.0,105.0,130.0,5.5,4000.0
55.34,4.0,17.0,24.0,3731.0,89.4,81.5,8.0,105.0,130.0,6.0,4000.0
57.83,4.0,17.0,24.0,3731.0,89.4,81.5,8.0,105.0,130.0,6.5,4000.0
60.37,4.0,17.0,24.0,3731.0,89.4,81.5,8.0,105.0,130.0,7.0,4000.0
62.96,4.0,17.0,24.0,3731.0,89.4,81.5,8.0,105.0,130.0,7.5,4000.0
65.6,4.0,17.0,24.0,3731.0,89.4,81.5,8.0,105.0,130.0,8.0,4000.0
68.3,4.0,17.0,24.0,3731.0,89.4,81.5,8.0,105.0,130.0,8.5,4000.0
71.05,4.0,17.0,24.0,3731.0,89.4,81.5,8.0,105.0,130.0,9.0,4000.0
73.86,4.0,17.0,24.0,3731.0,89.4,81.5,8.0,105.0,130.0,9.5,4000.0
76.72,4.0,17.0,24.0,3731.0,89.4,81.5,8.0,105.0,130.0,10.0,4000.0
79.63,4.0,17.0,24.0,3731.0,89.4,81.5,8.0,105.0,130.0,10.5,4000.0
82.59,4.0,17.0,24.0,3731.0,89.4,81.5,8.0,105.0,130.0,11.0,4000.0
85.61,4.0,17.0,24.0,3731.0,89.4,81.5,8.0,105.0,130.0,11.5,4000.0
88.68,4.0,17.0,24.0,3731.0,89.4,81.5,8.0,105.0,130.0,12.0,4000.0
91.8,4.0,17.0,24.0,3731.0,89.4,81.5,8.0,105.0,130.0,12.5,4000.0
94.98,4.0,17.0,24.0,3731.0,89.4,81.5,8.0,105.0,130.0,13.0,4000.0
98.21,4.0,17.0,24.0,3731.0,89.4,81.5,8.0,105.0,130.0,13.5,4000.0
101.49,4.0,17.0,24.0,3731.0,89.4,81.5,8.0,105.0,130.0,14.0,4000.0
104.83,4.0,17.0,24.0,3731.0,89.4,81.5,8.0,105.0,130.0,14.5,4000.0
108.24,4.0,17.0,24.0,3731.0,89.4,81.5,8.0,105.0,130.0,15.0,4000.0
111.68,4.0,17.0,24.0,3731.0,89.4,81.5,8.0,105.0,130.0,15.5,4000.0
115.18,4.0,17.0,24.0,3731.0,89.4,81.5,8.0,105.0,130.0,16.0,4000.0
118.73,4.0,17.0,24.0,3731.0,89.4,81.5,8.0,105.0,130.0,16.5,4000.0
122.33,4.0,17.0,24.0,3731.0,89.4,81.5,8.0,105.0,130.0,17.0,4000.0
126.01,4.0,17.0,24.0,3731.0,89.4,81.5,8.0,105.0,130.0,17.5,4000.0
129.72,4.0,17.0,24.0,3731.0,89.4,81.5,8.0,105.0,130.0,18.0,4000.0
41.52,4.0,17.0,24.0,3731.0,89.4,81.5,8.0,105.0,130.0,0.5,4500.0
43.61,4.0,17.0,24.0,3731.0,89.4,81.5,8.0,105.0,130.0,1.0,4500.0
45.78,4.0,17.0,24.0,3731.0,89.4,81.5,8.0,105.0,130.0,1.5,4500.0
48.03,4.0,17.0,24.0,3731.0,89.4,81.5,8.0,105.0,130.0,2.0,4500.0
50.37,4.0,17.0,24.0,3731.0,89.4,81.5,8.0,105.0,130.0,2.5,4500.0
52.79,4.0,17.0,24.0,3731.0,89.4,81.5,8.0,105.0,130.0,3.0,4500.0
55.31,4.0,17.0,24.0,3731.0,89.4,81.5,8.0,105.0,130.0,3.5,4500.0
57.58,4.0,17.0,24.0,3731.0,89.4,81.5,8.0,105.0,130.0,4.0,4500.0
60.07,4.0,17.0,24.0,3731.0,89.4,81.5,8.0,105.0,130.0,4.5,4500.0
62.64,4.0,17.0,24.0,3731.0,89.4,81.5,8.0,105.0,130.0,5.0,4500.0
65.27,4.0,17.0,24.0,3731.0,89.4,81.5,8.0,105.0,130.0,5.5,4500.0
70.73,4.0,17.0,24.0,3731.0,89.4,81.5,8.0,105.0,130.0,6.5,4500.0
73.57,4.0,17.0,24.0,3731.0,89.4,81.5,8.0,105.0,130.0,7.0,4500.0
76.47,4.0,17.0,24.0,3731.0,89.4,81.5,8.0,105.0,130.0,7.5,4500.0
79.43,4.0,17.0,24.0,3731.0,89.4,81.5,8.0,105.0,130.0,8.0,4500.0
82.47,4.0,17.0,24.0,3731.0,89.4,81.5,8.0,105.0,130.0,8.5,4500.0
85.57,4.0,17.0,24.0,3731.0,89.4,81.5,8.0,105.0,130.0,9.0,4500.0
88.73,4.0,17.0,24.0,3731.0,89.4,81.5,8.0,105.0,130.0,9.5,4500.0
91.96,4.0,17.0,24.0,3731.0,89.4,81.5,8.0,105.0,130.0,10.0,4500.0
95.26,4.0,17.0,24.0,3731.0,89.4,81.5,8.0,105.0,130.0,10.5,4500.0
98.64,4.0,17.0,24.0,3731.0,89.4,81.5,8.0,105.0,130.0,11.0,4500.0
102.08,4.0,17.0,24.0,3731.0,89.4,81.5,8.0,105.0,130.0,11.5,4500.0
105.58,4.0,17.0,24.0,3731.0,89.4,81.5,8.0,105.0,130.0,12.0,4500.0
109.14,4.0,17.0,24.0,3731.0,89.4,81.5,8.0,105.0,130.0,12.5,4500.0
112.78,4.0,17.0,24.0,3731.0,89.4,81.5,8.0,105.0,130.0,13.0,4500.0
116.49,4.0,17.0,24.0,3731.0,89.4,81.5,8.0,105.0,130.0,13.5,4500.0
120.26,4.0,17.0,24.0,3731.0,89.4,81.5,8.0,105.0,130.0,14.0,4500.0
124.09,4.0,17.0,24.0,3731.0,89.4,81.5,8.0,105.0,130.0,14.5,4500.0
128.0,4.0,17.0,24.0,3731.0,89.4,81.5,8.0,105.0,130.0,15.0,4500.0
140.1,4.0,17.0,24.0,3731.0,89.4,81.5,8.0,105.0,130.0,16.5,4500.0
152.83,4.0,17.0,24.0,3731.0,89.4,81.5,8.0,105.0,130.0,18.0,4500.0
51.21,4.0,17.0,24.0,3731.0,89.4,81.5,8.0,105.0,130.0,0.0,5000.0
53.37,4.0,17.0,24.0,3731.0,89.4,81.5,8.0,105.0,130.0,0.5,5000.0
57.99,4.0,17.0,24.0,3731.0,89.4,81.5,8.0,105.0,130.0,1.5,5000.0
60.46,4.0,17.0,24.0,3731.0,89.4,81.5,8.0,105.0,130.0,2.0,5000.0
63.03,4.0,17.0,24.0,3731.0,89.4,81.5,8.0,105.0,130.0,2.5,5000.0
65.69,4.0,17.0,24.0,3731.0,89.4,81.5,8.0,105.0,130.0,3.0,5000.0
70.89,4.0,17.0,24.0,3731.0,89.4,81.5,8.0,105.0,130.0,4.0,5000.0
73.64,4.0,17.0,24.0,3731.0,89.4,81.5,8.0,105.0,130.0,4.5,5000.0
76.47,4.0,17.0,24.0,3731.0,89.4,81.5,8.0,105.0,130.0,5.0,5000.0
79.38,4.0,17.0,24.0,3731.0,89.4,81.5,8.0,105.0,130.0,5.5,5000.0
82.38,4.0,17.0,24.0,3731.0,89.4,81.5,8.0,105.0,130.0,6.0,5000.0
85.45,4.0,17.0,24.0,3731.0,89.4,81.5,8.0,105.0,130.0,6.5,5000.0
88.61,4.0,17.0,24.0,3731.0,89.4,81.5,8.0,105.0,130.0,7.0,5000.0
91.86,4.0,17.0,24.0,3731.0,89.4,81.5,8.0,105.0,130.0,7.5,5000.0
95.18,4.0,17.0,24.0,3731.0,89.4,81.5,8.0,105.0,130.0,8.0,5000.0
98.58,4.0,17.0,24.0,3731.0,89.4,81.5,8.0,105.0,130.0,8.5,5000.0
102.08,4.0,17.0,24.0,3731.0,89.4,81.5,8.0,105.0,130.0,9.0,5000.0
105.65,4.0,17.0,24.0,3731.0,89.4,81.5,8.0,105.0,130.0,9.5,5000.0
109.29,4.0,17.0,24.0,3731.0,89.4,81.5,8.0,105.0,130.0,10.0,5000.0
113.03,4.0,17.0,24.0,3731.0,89.4,81.5,8.0,105.0,130.0,10.5,5000.0
116.85,4.0,17.0,24.0,3731.0,89.4,81.5,8.0,105.0,130.0,11.0,5000.0
120.74,4.0,17.0,24.0,3731.0,89.4,81.5,8.0,105.0,130.0,11.5,5000.0
124.71,4.0,17.0,24.0,3731.0,89.4,81.5,8.0,105.0,130.0,12.0,5000.0
128.78,4.0,17.0,24.0,3731.0,89.4,81.5,8.0,105.0,130.0,12.5,5000.0
132.93,4.0,17.0,24.0,3731.0,89.4,81.5,8.0,105.0,130.0,13.0,5000.0
137.15,4.0,17.0,24.0,3731.0,89.4,81.5,8.0,105.0,130.0,13.5,5000.0
141.45,4.0,17.0,24.0,3731.0,89.4,81.5,8.0,105.0,130.0,14.0,5000.0
150.31,4.0,17.0,24.0,3731.0,89.4,81.5,8.0,105.0,130.0,15.0,5000.0
154.87,4.0,17.0,24.0,3731.0,89.4,81.5,8.0,105.0,130.0,15.5,5000.0
159.5,4.0,17.0,24.0,3731.0,89.4,81.5,8.0,105.0,130.0,16.0,5000.0
164.21,4.0,17.0,24.0,3731.0,89.4,81.5,8.0,105.0,130.0,16.5,5000.0
169.02,4.0,17.0,24.0,3731.0,89.4,81.5,8.0,105.0,130.0,17.0,5000.0
173.9,4.0,17.0,24.0,3731.0,89.4,81.5,8.0,105.0,130.0,17.5,5000.0
178.85,4.0,17.0,24.0,3731.0,89.4,81.5,8.0,105.0,130.0,18.0,5000.0
3.95,4.0,18.0,24.0,4664.0,89.4,81.5,10.0,105.0,130.0,0.0,100.0
5.52,4.0,18.0,24.0,4664.0,89.4,81.5,10.0,105.0,130.0,0.5,100.0
7.1,4.0,18.0,24.0,4664.0,89.4,81.5,10.0,105.0,130.0,1.0,100.0
8.69,4.0,18.0,24.0,4664.0,89.4,81.5,10.0,105.0,130.0,1.5,100.0
10.27,4.0,18.0,24.0,4664.0,89.4,81.5,10.0,105.0,130.0,2.0,100.0
11.84,4.0,18.0,24.0,4664.0,89.4,81.5,10.0,105.0,130.0,2.5,100.0
13.42,4.0,18.0,24.0,4664.0,89.4,81.5,10.0,105.0,130.0,3.0,100.0
14.99,4.0,18.0,24.0,4664.0,89.4,81.5,10.0,105.0,130.0,3.5,100.0
16.55,4.0,18.0,24.0,4664.0,89.4,81.5,10.0,105.0,130.0,4.0,100.0
18.12,4.0,18.0,24.0,4664.0,89.4,81.5,10.0,105.0,130.0,4.5,100.0
19.7,4.0,18.0,24.0,4664.0,89.4,81.5,10.0,105.0,130.0,5.0,100.0
21.25,4.0,18.0,24.0,4664.0,89.4,81.5,10.0,105.0,130.0,5.5,100.0
22.82,4.0,18.0,24.0,4664.0,89.4,81.5,10.0,105.0,130.0,6.0,100.0
24.38,4.0,18.0,24.0,4664.0,89.4,81.5,10.0,105.0,130.0,6.5,100.0
25.93,4.0,18.0,24.0,4664.0,89.4,81.5,10.0,105.0,130.0,7.0,100.0
27.48,4.0,18.0,24.0,4664.0,89.4,81.5,10.0,105.0,130.0,7.5,100.0
29.03,4.0,18.0,24.0,4664.0,89.4,81.5,10.0,105.0,130.0,8.0,100.0
30.59,4.0,18.0,24.0,4664.0,89.4,81.5,10.0,105.0,130.0,8.5,100.0
32.14,4.0,18.0,24.0,4664.0,89.4,81.5,10.0,105.0,130.0,9.0,100.0
33.69,4.0,18.0,24.0,4664.0,89.4,81.5,10.0,105.0,130.0,9.5,100.0
35.24,4.0,18.0,24.0,4664.0,89.4,81.5,10.0,105.0,130.0,10.0,100.0
36.77,4.0,18.0,24.0,4664.0,89.4,81.5,10.0,105.0,130.0,10.5,100.0
38.33,4.0,18.0,24.0,4664.0,89.4,81.5,10.0,105.0,130.0,11.0,100.0
39.86,4.0,18.0,24.0,4664.0,89.4,81.5,10.0,105.0,130.0,11.5,100.0
41.39,4.0,18.0,24.0,4664.0,89.4,81.5,10.0,105.0,130.0,12.0,100.0
42.94,4.0,18.0,24.0,4664.0,89.4,81.5,10.0,105.0,130.0,12.5,100.0
46.0,4.0,18.0,24.0,4664.0,89.4,81.5,10.0,105.0,130.0,13.5,100.0
47.53,4.0,18.0,24.0,4664.0,89.4,81.5,10.0,105.0,130.0,14.0,100.0
49.06,4.0,18.0,24.0,4664.0,89.4,81.5,10.0,105.0,130.0,14.5,100.0
50.59,4.0,18.0,24.0,4664.0,89.4,81.5,10.0,105.0,130.0,15.0,100.0
52.1,4.0,18.0,24.0,4664.0,89.4,81.5,10.0,105.0,130.0,15.5,100.0
53.63,4.0,18.0,24.0,4664.0,89.4,81.5,10.0,105.0,130.0,16.0,100.0
55.14,4.0,18.0,24.0,4664.0,89.4,81.5,10.0,105.0,130.0,16.5,100.0
56.67,4.0,18.0,24.0,4664.0,89.4,81.5,10.0,105.0,130.0,17.0,100.0
58.18,4.0,18.0,24.0,4664.0,89.4,81.5,10.0,105.0,130.0,17.5,100.0
59.71,4.0,18.0,24.0,4664.0,89.4,81.5,10.0,105.0,130.0,18.0,100.0
1.09,4.0,18.0,24.0,4664.0,89.4,81.5,10.0,105.0,130.0,0.0,1000.0
2.75,4.0,18.0,24.0,4664.0,89.4,81.5,10.0,105.0,130.0,0.5,1000.0
6.08,4.0,18.0,24.0,4664.0,89.4,81.5,10.0,105.0,130.0,1.5,1000.0
7.76,4.0,18.0,24.0,4664.0,89.4,81.5,10.0,105.0,130.0,2.0,1000.0
9.43,4.0,18.0,24.0,4664.0,89.4,81.5,10.0,105.0,130.0,2.5,1000.0
11.13,4.0,18.0,24.0,4664.0,89.4,81.5,10.0,105.0,130.0,3.0,1000.0
12.82,4.0,18.0,24.0,4664.0,89.4,81.5,10.0,105.0,130.0,3.5,1000.0
16.24,4.0,18.0,24.0,4664.0,89.4,81.5,10.0,105.0,130.0,4.5,1000.0
17.94,4.0,18.0,24.0,4664.0,89.4,81.5,10.0,105.0,130.0,5.0,1000.0
19.67,4.0,18.0,24.0,4664.0,89.4,81.5,10.0,105.0,130.0,5.5,1000.0
21.4,4.0,18.0,24.0,4664.0,89.4,81.5,10.0,105.0,130.0,6.0,1000.0
23.13,4.0,18.0,24.0,4664.0,89.4,81.5,10.0,105.0,130.0,6.5,1000.0
24.89,4.0,18.0,24.0,4664.0,89.4,81.5,10.0,105.0,130.0,7.0,1000.0
26.64,4.0,18.0,24.0,4664.0,89.4,81.5,10.0,105.0,130.0,7.5,1000.0
28.39,4.0,18.0,24.0,4664.0,89.4,81.5,10.0,105.0,130.0,8.0,1000.0
30.16,4.0,18.0,24.0,4664.0,89.4,81.5,10.0,105.0,130.0,8.5,1000.0
31.92,4.0,18.0,24.0,4664.0,89.4,81.5,10.0,105.0,130.0,9.0,1000.0
33.71,4.0,18.0,24.0,4664.0,89.4,81.5,10.0,105.0,130.0,9.5,1000.0
37.28,4.0,18.0,24.0,4664.0,89.4,81.5,10.0,105.0,130.0,10.5,1000.0
39.08,4.0,18.0,24.0,4664.0,89.4,81.5,10.0,105.0,130.0,11.0,1000.0
40.88,4.0,18.0,24.0,4664.0,89.4,81.5,10.0,105.0,130.0,11.5,1000.0
42.7,4.0,18.0,24.0,4664.0,89.4,81.5,10.0,105.0,130.0,12.0,1000.0
44.52,4.0,18.0,24.0,4664.0,89.4,81.5,10.0,105.0,130.0,12.5,1000.0
46.33,4.0,18.0,24.0,4664.0,89.4,81.5,10.0,105.0,130.0,13.0,1000.0
48.15,4.0,18.0,24.0,4664.0,89.4,81.5,10.0,105.0,130.0,13.5,1000.0
51.83,4.0,18.0,24.0,4664.0,89.4,81.5,10.0,105.0,130.0,14.5,1000.0
53.7,4.0,18.0,24.0,4664.0,89.4,81.5,10.0,105.0,130.0,15.0,1000.0
55.54,4.0,18.0,24.0,4664.0,89.4,81.5,10.0,105.0,130.0,15.5,1000.0
57.4,4.0,18.0,24.0,4664.0,89.4,81.5,10.0,105.0,130.0,16.0,1000.0
59.29,4.0,18.0,24.0,4664.0,89.4,81.5,10.0,105.0,130.0,16.5,1000.0
61.15,4.0,18.0,24.0,4664.0,89.4,81.5,10.0,105.0,130.0,17.0,1000.0
63.04,4.0,18.0,24.0,4664.0,89.4,81.5,10.0,105.0,130.0,17.5,1000.0
64.94,4.0,18.0,24.0,4664.0,89.4,81.5,10.0,105.0,130.0,18.0,1000.0
2.24,4.0,18.0,24.0,4664.0,89.4,81.5,10.0,105.0,130.0,0.0,1500.0
3.97,4.0,18.0,24.0,4664.0,89.4,81.5,10.0,105.0,130.0,0.5,1500.0
5.7,4.0,18.0,24.0,4664.0,89.4,81.5,10.0,105.0,130.0,1.0,1500.0
7.45,4.0,18.0,24.0,4664.0,89.4,81.5,10.0,105.0,130.0,1.5,1500.0
9.2,4.0,18.0,24.0,4664.0,89.4,81.5,10.0,105.0,130.0,2.0,1500.0
10.98,4.0,18.0,24.0,4664.0,89.4,81.5,10.0,105.0,130.0,2.5,1500.0
12.78,4.0,18.0,24.0,4664.0,89.4,81.5,10.0,105.0,130.0,3.0,1500.0
14.57,4.0,18.0,24.0,4664.0,89.4,81.5,10.0,105.0,130.0,3.5,1500.0
16.39,4.0,18.0,24.0,4664.0,89.4,81.5,10.0,105.0,130.0,4.0,1500.0
18.21,4.0,18.0,24.0,4664.0,89.4,81.5,10.0,105.0,130.0,4.5,1500.0
23.78,4.0,18.0,24.0,4664.0,89.4,81.5,10.0,105.0,130.0,6.0,1500.0
27.55,4.0,18.0,24.0,4664.0,89.4,81.5,10.0,105.0,130.0,7.0,1500.0
29.46,4.0,18.0,24.0,4664.0,89.4,81.5,10.0,105.0,130.0,7.5,1500.0
31.38,4.0,18.0,24.0,4664.0,89.4,81.5,10.0,105.0,130.0,8.0,1500.0
33.31,4.0,18.0,24.0,4664.0,89.4,81.5,10.0,105.0,130.0,8.5,1500.0
35.27,4.0,18.0,24.0,4664.0,89.4,81.5,10.0,105.0,130.0,9.0,1500.0
37.22,4.0,18.0,24.0,4664.0,89.4,81.5,10.0,105.0,130.0,9.5,1500.0
39.19,4.0,18.0,24.0,4664.0,89.4,81.5,10.0,105.0,130.0,10.0,1500.0
41.17,4.0,18.0,24.0,4664.0,89.4,81.5,10.0,105.0,130.0,10.5,1500.0
43.16,4.0,18.0,24.0,4664.0,89.4,81.5,10.0,105.0,130.0,11.0,1500.0
47.2,4.0,18.0,24.0,4664.0,89.4,81.5,10.0,105.0,130.0,12.0,1500.0
49.24,4.0,18.0,24.0,4664.0,89.4,81.5,10.0,105.0,130.0,12.5,1500.0
51.28,4.0,18.0,24.0,4664.0,89.4,81.5,10.0,105.0,130.0,13.0,1500.0
53.34,4.0,18.0,24.0,4664.0,89.4,81.5,10.0,105.0,130.0,13.5,1500.0
55.43,4.0,18.0,24.0,4664.0,89.4,81.5,10.0,105.0,130.0,14.0,1500.0
57.51,4.0,18.0,24.0,4664.0,89.4,81.5,10.0,105.0,130.0,14.5,1500.0
59.6,4.0,18.0,24.0,4664.0,89.4,81.5,10.0,105.0,130.0,15.0,1500.0
61.73,4.0,18.0,24.0,4664.0,89.4,81.5,10.0,105.0,130.0,15.5,1500.0
65.99,4.0,18.0,24.0,4664.0,89.4,81.5,10.0,105.0,130.0,16.5,1500.0
68.14,4.0,18.0,24.0,4664.0,89.4,81.5,10.0,105.0,130.0,17.0,1500.0
70.31,4.0,18.0,24.0,4664.0,89.4,81.5,10.0,105.0,130.0,17.5,1500.0
72.48,4.0,18.0,24.0,4664.0,89.4,81.5,10.0,105.0,130.0,18.0,1500.0
5.32,4.0,18.0,24.0,4664.0,89.4,81.5,10.0,105.0,130.0,0.0,2000.0
7.14,4.0,18.0,24.0,4664.0,89.4,81.5,10.0,105.0,130.0,0.5,2000.0
8.96,4.0,18.0,24.0,4664.0,89.4,81.5,10.0,105.0,130.0,1.0,2000.0
10.82,4.0,18.0,24.0,4664.0,89.4,81.5,10.0,105.0,130.0,1.5,2000.0
12.69,4.0,18.0,24.0,4664.0,89.4,81.5,10.0,105.0,130.0,2.0,2000.0
14.59,4.0,18.0,24.0,4664.0,89.4,81.5,10.0,105.0,130.0,2.5,2000.0
16.5,4.0,18.0,24.0,4664.0,89.4,81.5,10.0,105.0,130.0,3.0,2000.0
18.43,4.0,18.0,24.0,4664.0,89.4,81.5,10.0,105.0,130.0,3.5,2000.0
22.36,4.0,18.0,24.0,4664.0,89.4,81.5,10.0,105.0,130.0,4.5,2000.0
24.35,4.0,18.0,24.0,4664.0,89.4,81.5,10.0,105.0,130.0,5.0,2000.0
26.37,4.0,18.0,24.0,4664.0,89.4,81.5,10.0,105.0,130.0,5.5,2000.0
28.39,4.0,18.0,24.0,4664.0,89.4,81.5,10.0,105.0,130.0,6.0,2000.0
30.45,4.0,18.0,24.0,4664.0,89.4,81.5,10.0,105.0,130.0,6.5,2000.0
32.52,4.0,18.0,24.0,4664.0,89.4,81.5,10.0,105.0,130.0,7.0,2000.0
34.6,4.0,18.0,24.0,4664.0,89.4,81.5,10.0,105.0,130.0,7.5,2000.0
36.73,4.0,18.0,24.0,4664.0,89.4,81.5,10.0,105.0,130.0,8.0,2000.0
38.86,4.0,18.0,24.0,4664.0,89.4,81.5,10.0,105.0,130.0,8.5,2000.0
41.01,4.0,18.0,24.0,4664.0,89.4,81.5,10.0,105.0,130.0,9.0,2000.0
43.16,4.0,18.0,24.0,4664.0,89.4,81.5,10.0,105.0,130.0,9.5,2000.0
45.36,4.0,18.0,24.0,4664.0,89.4,81.5,10.0,105.0,130.0,10.0,2000.0
47.58,4.0,18.0,24.0,4664.0,89.4,81.5,10.0,105.0,130.0,10.5,2000.0
49.79,4.0,18.0,24.0,4664.0,89.4,81.5,10.0,105.0,130.0,11.0,2000.0
52.06,4.0,18.0,24.0,4664.0,89.4,81.5,10.0,105.0,130.0,11.5,2000.0
54.32,4.0,18.0,24.0,4664.0,89.4,81.5,10.0,105.0,130.0,12.0,2000.0
56.6,4.0,18.0,24.0,4664.0,89.4,81.5,10.0,105.0,130.0,12.5,2000.0
58.91,4.0,18.0,24.0,4664.0,89.4,81.5,10.0,105.0,130.0,13.0,2000.0
61.24,4.0,18.0,24.0,4664.0,89.4,81.5,10.0,105.0,130.0,13.5,2000.0
63.59,4.0,18.0,24.0,4664.0,89.4,81.5,10.0,105.0,130.0,14.0,2000.0
65.96,4.0,18.0,24.0,4664.0,89.4,81.5,10.0,105.0,130.0,14.5,2000.0
68.36,4.0,18.0,24.0,4664.0,89.4,81.5,10.0,105.0,130.0,15.0,2000.0
70.75,4.0,18.0,24.0,4664.0,89.4,81.5,10.0,105.0,130.0,15.5,2000.0
73.19,4.0,18.0,24.0,4664.0,89.4,81.5,10.0,105.0,130.0,16.0,2000.0
75.63,4.0,18.0,24.0,4664.0,89.4,81.5,10.0,105.0,130.0,16.5,2000.0
80.6,4.0,18.0,24.0,4664.0,89.4,81.5,10.0,105.0,130.0,17.5,2000.0
83.11,4.0,18.0,24.0,4664.0,89.4,81.5,10.0,105.0,130.0,18.0,2000.0
10.36,4.0,18.0,24.0,4664.0,89.4,81.5,10.0,105.0,130.0,0.0,2500.0
12.27,4.0,18.0,24.0,4664.0,89.4,81.5,10.0,105.0,130.0,0.5,2500.0
14.22,4.0,18.0,24.0,4664.0,89.4,81.5,10.0,105.0,130.0,1.0,2500.0
16.19,4.0,18.0,24.0,4664.0,89.4,81.5,10.0,105.0,130.0,1.5,2500.0
18.19,4.0,18.0,24.0,4664.0,89.4,81.5,10.0,105.0,130.0,2.0,2500.0
20.23,4.0,18.0,24.0,4664.0,89.4,81.5,10.0,105.0,130.0,2.5,2500.0
22.29,4.0,18.0,24.0,4664.0,89.4,81.5,10.0,105.0,130.0,3.0,2500.0
24.38,4.0,18.0,24.0,4664.0,89.4,81.5,10.0,105.0,130.0,3.5,2500.0
26.48,4.0,18.0,24.0,4664.0,89.4,81.5,10.0,105.0,130.0,4.0,2500.0
30.81,4.0,18.0,24.0,4664.0,89.4,81.5,10.0,105.0,130.0,5.0,2500.0
33.0,4.0,18.0,24.0,4664.0,89.4,81.5,10.0,105.0,130.0,5.5,2500.0
35.24,4.0,18.0,24.0,4664.0,89.4,81.5,10.0,105.0,130.0,6.0,2500.0
37.51,4.0,18.0,24.0,4664.0,89.4,81.5,10.0,105.0,130.0,6.5,2500.0
39.79,4.0,18.0,24.0,4664.0,89.4,81.5,10.0,105.0,130.0,7.0,2500.0
42.1,4.0,18.0,24.0,4664.0,89.4,81.5,10.0,105.0,130.0,7.5,2500.0
44.45,4.0,18.0,24.0,4664.0,89.4,81.5,10.0,105.0,130.0,8.0,2500.0
46.82,4.0,18.0,24.0,4664.0,89.4,81.5,10.0,105.0,130.0,8.5,2500.0
49.22,4.0,18.0,24.0,4664.0,89.4,81.5,10.0,105.0,130.0,9.0,2500.0
54.12,4.0,18.0,24.0,4664.0,89.4,81.5,10.0,105.0,130.0,10.0,2500.0
56.6,4.0,18.0,24.0,4664.0,89.4,81.5,10.0,105.0,130.0,10.5,2500.0
59.13,4.0,18.0,24.0,4664.0,89.4,81.5,10.0,105.0,130.0,11.0,2500.0
64.23,4.0,18.0,24.0,4664.0,89.4,81.5,10.0,105.0,130.0,12.0,2500.0
66.85,4.0,18.0,24.0,4664.0,89.4,81.5,10.0,105.0,130.0,12.5,2500.0
69.47,4.0,18.0,24.0,4664.0,89.4,81.5,10.0,105.0,130.0,13.0,2500.0
72.13,4.0,18.0,24.0,4664.0,89.4,81.5,10.0,105.0,130.0,13.5,2500.0
74.84,4.0,18.0,24.0,4664.0,89.4,81.5,10.0,105.0,130.0,14.0,2500.0
77.54,4.0,18.0,24.0,4664.0,89.4,81.5,10.0,105.0,130.0,14.5,2500.0
80.29,4.0,18.0,24.0,4664.0,89.4,81.5,10.0,105.0,130.0,15.0,2500.0
83.06,4.0,18.0,24.0,4664.0,89.4,81.5,10.0,105.0,130.0,15.5,2500.0
85.88,4.0,18.0,24.0,4664.0,89.4,81.5,10.0,105.0,130.0,16.0,2500.0
88.7,4.0,18.0,24.0,4664.0,89.4,81.5,10.0,105.0,130.0,16.5,2500.0
91.56,4.0,18.0,24.0,4664.0,89.4,81.5,10.0,105.0,130.0,17.0,2500.0
94.46,4.0,18.0,24.0,4664.0,89.4,81.5,10.0,105.0,130.0,17.5,2500.0
97.37,4.0,18.0,24.0,4664.0,89.4,81.5,10.0,105.0,130.0,18.0,2500.0
17.34,4.0,18.0,24.0,4664.0,89.4,81.5,10.0,105.0,130.0,0.0,3000.0
19.36,4.0,18.0,24.0,4664.0,89.4,81.5,10.0,105.0,130.0,0.5,3000.0
21.45,4.0,18.0,24.0,4664.0,89.4,81.5,10.0,105.0,130.0,1.0,3000.0
23.56,4.0,18.0,24.0,4664.0,89.4,81.5,10.0,105.0,130.0,1.5,3000.0
25.71,4.0,18.0,24.0,4664.0,89.4,81.5,10.0,105.0,130.0,2.0,3000.0
27.88,4.0,18.0,24.0,4664.0,89.4,81.5,10.0,105.0,130.0,2.5,3000.0
30.12,4.0,18.0,24.0,4664.0,89.4,81.5,10.0,105.0,130.0,3.0,3000.0
32.38,4.0,18.0,24.0,4664.0,89.4,81.5,10.0,105.0,130.0,3.5,3000.0
34.69,4.0,18.0,24.0,4664.0,89.4,81.5,10.0,105.0,130.0,4.0,3000.0
37.04,4.0,18.0,24.0,4664.0,89.4,81.5,10.0,105.0,130.0,4.5,3000.0
39.41,4.0,18.0,24.0,4664.0,89.4,81.5,10.0,105.0,130.0,5.0,3000.0
41.85,4.0,18.0,24.0,4664.0,89.4,81.5,10.0,105.0,130.0,5.5,3000.0
44.32,4.0,18.0,24.0,4664.0,89.4,81.5,10.0,105.0,130.0,6.0,3000.0
46.82,4.0,18.0,24.0,4664.0,89.4,81.5,10.0,105.0,130.0,6.5,3000.0
51.95,4.0,18.0,24.0,4664.0,89.4,81.5,10.0,105.0,130.0,7.5,3000.0
54.56,4.0,18.0,24.0,4664.0,89.4,81.5,10.0,105.0,130.0,8.0,3000.0
57.22,4.0,18.0,24.0,4664.0,89.4,81.5,10.0,105.0,130.0,8.5,3000.0
62.68,4.0,18.0,24.0,4664.0,89.4,81.5,10.0,105.0,130.0,9.5,3000.0
71.13,4.0,18.0,24.0,4664.0,89.4,81.5,10.0,105.0,130.0,11.0,3000.0
74.04,4.0,18.0,24.0,4664.0,89.4,81.5,10.0,105.0,130.0,11.5,3000.0
76.96,4.0,18.0,24.0,4664.0,89.4,81.5,10.0,105.0,130.0,12.0,3000.0
82.95,4.0,18.0,24.0,4664.0,89.4,81.5,10.0,105.0,130.0,13.0,3000.0
86.01,4.0,18.0,24.0,4664.0,89.4,81.5,10.0,105.0,130.0,13.5,3000.0
89.12,4.0,18.0,24.0,4664.0,89.4,81.5,10.0,105.0,130.0,14.0,3000.0
92.25,4.0,18.0,24.0,4664.0,89.4,81.5,10.0,105.0,130.0,14.5,3000.0
98.63,4.0,18.0,24.0,4664.0,89.4,81.5,10.0,105.0,130.0,15.5,3000.0
101.89,4.0,18.0,24.0,4664.0,89.4,81.5,10.0,105.0,130.0,16.0,3000.0
105.18,4.0,18.0,24.0,4664.0,89.4,81.5,10.0,105.0,130.0,16.5,3000.0
108.5,4.0,18.0,24.0,4664.0,89.4,81.5,10.0,105.0,130.0,17.0,3000.0
111.88,4.0,18.0,24.0,4664.0,89.4,81.5,10.0,105.0,130.0,17.5,3000.0
115.29,4.0,18.0,24.0,4664.0,89.4,81.5,10.0,105.0,130.0,18.0,3000.0
26.26,4.0,18.0,24.0,4664.0,89.4,81.5,10.0,105.0,130.0,0.0,3500.0
30.63,4.0,18.0,24.0,4664.0,89.4,81.5,10.0,105.0,130.0,1.0,3500.0
32.92,4.0,18.0,24.0,4664.0,89.4,81.5,10.0,105.0,130.0,1.5,3500.0
35.22,4.0,18.0,24.0,4664.0,89.4,81.5,10.0,105.0,130.0,2.0,3500.0
37.6,4.0,18.0,24.0,4664.0,89.4,81.5,10.0,105.0,130.0,2.5,3500.0
40.01,4.0,18.0,24.0,4664.0,89.4,81.5,10.0,105.0,130.0,3.0,3500.0
42.47,4.0,18.0,24.0,4664.0,89.4,81.5,10.0,105.0,130.0,3.5,3500.0
45.0,4.0,18.0,24.0,4664.0,89.4,81.5,10.0,105.0,130.0,4.0,3500.0
47.58,4.0,18.0,24.0,4664.0,89.4,81.5,10.0,105.0,130.0,4.5,3500.0
50.22,4.0,18.0,24.0,4664.0,89.4,81.5,10.0,105.0,130.0,5.0,3500.0
52.88,4.0,18.0,24.0,4664.0,89.4,81.5,10.0,105.0,130.0,5.5,3500.0
55.63,4.0,18.0,24.0,4664.0,89.4,81.5,10.0,105.0,130.0,6.0,3500.0
58.4,4.0,18.0,24.0,4664.0,89.4,81.5,10.0,105.0,130.0,6.5,3500.0
61.24,4.0,18.0,24.0,4664.0,89.4,81.5,10.0,105.0,130.0,7.0,3500.0
64.12,4.0,18.0,24.0,4664.0,89.4,81.5,10.0,105.0,130.0,7.5,3500.0
67.07,4.0,18.0,24.0,4664.0,89.4,81.5,10.0,105.0,130.0,8.0,3500.0
70.07,4.0,18.0,24.0,4664.0,89.4,81.5,10.0,105.0,130.0,8.5,3500.0
79.36,4.0,18.0,24.0,4664.0,89.4,81.5,10.0,105.0,130.0,10.0,3500.0
85.81,4.0,18.0,24.0,4664.0,89.4,81.5,10.0,105.0,130.0,11.0,3500.0
89.12,4.0,18.0,24.0,4664.0,89.4,81.5,10.0,105.0,130.0,11.5,3500.0
92.49,4.0,18.0,24.0,4664.0,89.4,81.5,10.0,105.0,130.0,12.0,3500.0
95.91,4.0,18.0,24.0,4664.0,89.4,81.5,10.0,105.0,130.0,12.5,3500.0
99.37,4.0,18.0,24.0,4664.0,89.4,81.5,10.0,105.0,130.0,13.0,3500.0
102.87,4.0,18.0,24.0,4664.0,89.4,81.5,10.0,105.0,130.0,13.5,3500.0
106.44,4.0,18.0,24.0,4664.0,89.4,81.5,10.0,105.0,130.0,14.0,3500.0
110.06,4.0,18.0,24.0,4664.0,89.4,81.5,10.0,105.0,130.0,14.5,3500.0
113.74,4.0,18.0,24.0,4664.0,89.4,81.5,10.0,105.0,130.0,15.0,3500.0
117.47,4.0,18.0,24.0,4664.0,89.4,81.5,10.0,105.0,130.0,15.5,3500.0
121.24,4.0,18.0,24.0,4664.0,89.4,81.5,10.0,105.0,130.0,16.0,3500.0
125.07,4.0,18.0,24.0,4664.0,89.4,81.5,10.0,105.0,130.0,16.5,3500.0
128.95,4.0,18.0,24.0,4664.0,89.4,81.5,10.0,105.0,130.0,17.0,3500.0
132.88,4.0,18.0,24.0,4664.0,89.4,81.5,10.0,105.0,130.0,17.5,3500.0
36.69,4.0,18.0,24.0,4664.0,89.4,81.5,10.0,105.0,130.0,0.0,4000.0
39.01,4.0,18.0,24.0,4664.0,89.4,81.5,10.0,105.0,130.0,0.5,4000.0
41.43,4.0,18.0,24.0,4664.0,89.4,81.5,10.0,105.0,130.0,1.0,4000.0
43.94,4.0,18.0,24.0,4664.0,89.4,81.5,10.0,105.0,130.0,1.5,4000.0
46.51,4.0,18.0,24.0,4664.0,89.4,81.5,10.0,105.0,130.0,2.0,4000.0
49.17,4.0,18.0,24.0,4664.0,89.4,81.5,10.0,105.0,130.0,2.5,4000.0
51.92,4.0,18.0,24.0,4664.0,89.4,81.5,10.0,105.0,130.0,3.0,4000.0
54.76,4.0,18.0,24.0,4664.0,89.4,81.5,10.0,105.0,130.0,3.5,4000.0
57.42,4.0,18.0,24.0,4664.0,89.4,81.5,10.0,105.0,130.0,4.0,4000.0
60.26,4.0,18.0,24.0,4664.0,89.4,81.5,10.0,105.0,130.0,4.5,4000.0
63.15,4.0,18.0,24.0,4664.0,89.4,81.5,10.0,105.0,130.0,5.0,4000.0
66.12,4.0,18.0,24.0,4664.0,89.4,81.5,10.0,105.0,130.0,5.5,4000.0
72.26,4.0,18.0,24.0,4664.0,89.4,81.5,10.0,105.0,130.0,6.5,4000.0
75.43,4.0,18.0,24.0,4664.0,89.4,81.5,10.0,105.0,130.0,7.0,4000.0
78.67,4.0,18.0,24.0,4664.0,89.4,81.5,10.0,105.0,130.0,7.5,4000.0
81.98,4.0,18.0,24.0,4664.0,89.4,81.5,10.0,105.0,130.0,8.0,4000.0
85.35,4.0,18.0,24.0,4664.0,89.4,81.5,10.0,105.0,130.0,8.5,4000.0
88.79,4.0,18.0,24.0,4664.0,89.4,81.5,10.0,105.0,130.0,9.0,4000.0
92.29,4.0,18.0,24.0,4664.0,89.4,81.5,10.0,105.0,130.0,9.5,4000.0
95.86,4.0,18.0,24.0,4664.0,89.4,81.5,10.0,105.0,130.0,10.0,4000.0
99.5,4.0,18.0,24.0,4664.0,89.4,81.5,10.0,105.0,130.0,10.5,4000.0
103.2,4.0,18.0,24.0,4664.0,89.4,81.5,10.0,105.0,130.0,11.0,4000.0
106.97,4.0,18.0,24.0,4664.0,89.4,81.5,10.0,105.0,130.0,11.5,4000.0
110.81,4.0,18.0,24.0,4664.0,89.4,81.5,10.0,105.0,130.0,12.0,4000.0
114.71,4.0,18.0,24.0,4664.0,89.4,81.5,10.0,105.0,130.0,12.5,4000.0
122.72,4.0,18.0,24.0,4664.0,89.4,81.5,10.0,105.0,130.0,13.5,4000.0
126.83,4.0,18.0,24.0,4664.0,89.4,81.5,10.0,105.0,130.0,14.0,4000.0
131.0,4.0,18.0,24.0,4664.0,89.4,81.5,10.0,105.0,130.0,14.5,4000.0
135.25,4.0,18.0,24.0,4664.0,89.4,81.5,10.0,105.0,130.0,15.0,4000.0
148.36,4.0,18.0,24.0,4664.0,89.4,81.5,10.0,105.0,130.0,16.5,4000.0
152.86,4.0,18.0,24.0,4664.0,89.4,81.5,10.0,105.0,130.0,17.0,4000.0
162.09,4.0,18.0,24.0,4664.0,89.4,81.5,10.0,105.0,130.0,18.0,4000.0
49.37,4.0,18.0,24.0,4664.0,89.4,81.5,10.0,105.0,130.0,0.0,4500.0
51.88,4.0,18.0,24.0,4664.0,89.4,81.5,10.0,105.0,130.0,0.5,4500.0
57.2,4.0,18.0,24.0,4664.0,89.4,81.5,10.0,105.0,130.0,1.5,4500.0
60.02,4.0,18.0,24.0,4664.0,89.4,81.5,10.0,105.0,130.0,2.0,4500.0
62.95,4.0,18.0,24.0,4664.0,89.4,81.5,10.0,105.0,130.0,2.5,4500.0
65.96,4.0,18.0,24.0,4664.0,89.4,81.5,10.0,105.0,130.0,3.0,4500.0
69.11,4.0,18.0,24.0,4664.0,89.4,81.5,10.0,105.0,130.0,3.5,4500.0
71.95,4.0,18.0,24.0,4664.0,89.4,81.5,10.0,105.0,130.0,4.0,4500.0
75.06,4.0,18.0,24.0,4664.0,89.4,81.5,10.0,105.0,130.0,4.5,4500.0
78.27,4.0,18.0,24.0,4664.0,89.4,81.5,10.0,105.0,130.0,5.0,4500.0
81.56,4.0,18.0,24.0,4664.0,89.4,81.5,10.0,105.0,130.0,5.5,4500.0
84.93,4.0,18.0,24.0,4664.0,89.4,81.5,10.0,105.0,130.0,6.0,4500.0
88.39,4.0,18.0,24.0,4664.0,89.4,81.5,10.0,105.0,130.0,6.5,4500.0
91.94,4.0,18.0,24.0,4664.0,89.4,81.5,10.0,105.0,130.0,7.0,4500.0
95.55,4.0,18.0,24.0,4664.0,89.4,81.5,10.0,105.0,130.0,7.5,4500.0
99.26,4.0,18.0,24.0,4664.0,89.4,81.5,10.0,105.0,130.0,8.0,4500.0
103.05,4.0,18.0,24.0,4664.0,89.4,81.5,10.0,105.0,130.0,8.5,4500.0
106.93,4.0,18.0,24.0,4664.0,89.4,81.5,10.0,105.0,130.0,9.0,4500.0
110.88,4.0,18.0,24.0,4664.0,89.4,81.5,10.0,105.0,130.0,9.5,4500.0
114.91,4.0,18.0,24.0,4664.0,89.4,81.5,10.0,105.0,130.0,10.0,4500.0
119.04,4.0,18.0,24.0,4664.0,89.4,81.5,10.0,105.0,130.0,10.5,4500.0
123.25,4.0,18.0,24.0,4664.0,89.4,81.5,10.0,105.0,130.0,11.0,4500.0
127.56,4.0,18.0,24.0,4664.0,89.4,81.5,10.0,105.0,130.0,11.5,4500.0
131.93,4.0,18.0,24.0,4664.0,89.4,81.5,10.0,105.0,130.0,12.0,4500.0
136.38,4.0,18.0,24.0,4664.0,89.4,81.5,10.0,105.0,130.0,12.5,4500.0
140.93,4.0,18.0,24.0,4664.0,89.4,81.5,10.0,105.0,130.0,13.0,4500.0
145.57,4.0,18.0,24.0,4664.0,89.4,81.5,10.0,105.0,130.0,13.5,4500.0
155.06,4.0,18.0,24.0,4664.0,89.4,81.5,10.0,105.0,130.0,14.5,4500.0
164.91,4.0,18.0,24.0,4664.0,89.4,81.5,10.0,105.0,130.0,15.5,4500.0
169.94,4.0,18.0,24.0,4664.0,89.4,81.5,10.0,105.0,130.0,16.0,4500.0
175.07,4.0,18.0,24.0,4664.0,89.4,81.5,10.0,105.0,130.0,16.5,4500.0
180.28,4.0,18.0,24.0,4664.0,89.4,81.5,10.0,105.0,130.0,17.0,4500.0
190.97,4.0,18.0,24.0,4664.0,89.4,81.5,10.0,105.0,130.0,18.0,4500.0
63.99,4.0,18.0,24.0,4664.0,89.4,81.5,10.0,105.0,130.0,0.0,5000.0
66.7,4.0,18.0,24.0,4664.0,89.4,81.5,10.0,105.0,130.0,0.5,5000.0
69.51,4.0,18.0,24.0,4664.0,89.4,81.5,10.0,105.0,130.0,1.0,5000.0
72.46,4.0,18.0,24.0,4664.0,89.4,81.5,10.0,105.0,130.0,1.5,5000.0
75.55,4.0,18.0,24.0,4664.0,89.4,81.5,10.0,105.0,130.0,2.0,5000.0
78.76,4.0,18.0,24.0,4664.0,89.4,81.5,10.0,105.0,130.0,2.5,5000.0
85.55,4.0,18.0,24.0,4664.0,89.4,81.5,10.0,105.0,130.0,3.5,5000.0
88.59,4.0,18.0,24.0,4664.0,89.4,81.5,10.0,105.0,130.0,4.0,5000.0
92.02,4.0,18.0,24.0,4664.0,89.4,81.5,10.0,105.0,130.0,4.5,5000.0
95.55,4.0,18.0,24.0,4664.0,89.4,81.5,10.0,105.0,130.0,5.0,5000.0
99.19,4.0,18.0,24.0,4664.0,89.4,81.5,10.0,105.0,130.0,5.5,5000.0
102.94,4.0,18.0,24.0,4664.0,89.4,81.5,10.0,105.0,130.0,6.0,5000.0
106.77,4.0,18.0,24.0,4664.0,89.4,81.5,10.0,105.0,130.0,6.5,5000.0
110.72,4.0,18.0,24.0,4664.0,89.4,81.5,10.0,105.0,130.0,7.0,5000.0
118.93,4.0,18.0,24.0,4664.0,89.4,81.5,10.0,105.0,130.0,8.0,5000.0
123.19,4.0,18.0,24.0,4664.0,89.4,81.5,10.0,105.0,130.0,8.5,5000.0
127.56,4.0,18.0,24.0,4664.0,89.4,81.5,10.0,105.0,130.0,9.0,5000.0
132.02,4.0,18.0,24.0,4664.0,89.4,81.5,10.0,105.0,130.0,9.5,5000.0
136.56,4.0,18.0,24.0,4664.0,89.4,81.5,10.0,105.0,130.0,10.0,5000.0
141.24,4.0,18.0,24.0,4664.0,89.4,81.5,10.0,105.0,130.0,10.5,5000.0
146.01,4.0,18.0,24.0,4664.0,89.4,81.5,10.0,105.0,130.0,11.0,5000.0
150.87,4.0,18.0,24.0,4664.0,89.4,81.5,10.0,105.0,130.0,11.5,5000.0
155.84,4.0,18.0,24.0,4664.0,89.4,81.5,10.0,105.0,130.0,12.0,5000.0
160.92,4.0,18.0,24.0,4664.0,89.4,81.5,10.0,105.0,130.0,12.5,5000.0
166.11,4.0,18.0,24.0,4664.0,89.4,81.5,10.0,105.0,130.0,13.0,5000.0
171.38,4.0,18.0,24.0,4664.0,89.4,81.5,10.0,105.0,130.0,13.5,5000.0
176.75,4.0,18.0,24.0,4664.0,89.4,81.5,10.0,105.0,130.0,14.0,5000.0
182.23,4.0,18.0,24.0,4664.0,89.4,81.5,10.0,105.0,130.0,14.5,5000.0
187.82,4.0,18.0,24.0,4664.0,89.4,81.5,10.0,105.0,130.0,15.0,5000.0
193.52,4.0,18.0,24.0,4664.0,89.4,81.5,10.0,105.0,130.0,15.5,5000.0
199.31,4.0,18.0,24.0,4664.0,89.4,81.5,10.0,105.0,130.0,16.0,5000.0
205.19,4.0,18.0,24.0,4664.0,89.4,81.5,10.0,105.0,130.0,16.5,5000.0
211.2,4.0,18.0,24.0,4664.0,89.4,81.5,10.0,105.0,130.0,17.0,5000.0
223.49,4.0,18.0,24.0,4664.0,89.4,81.5,10.0,105.0,130.0,18.0,5000.0
-0.25,4.0,19.0,22.0,799.0,79.0,65.5,3.0,105.0,130.0,0.0,100.0
0.41,4.0,19.0,22.0,799.0,79.0,65.5,3.0,105.0,130.0,1.0,100.0
1.07,4.0,19.0,22.0,799.0,79.0,65.5,3.0,105.0,130.0,2.0,100.0
1.71,4.0,19.0,22.0,799.0,79.0,65.5,3.0,105.0,130.0,3.0,100.0
2.35,4.0,19.0,22.0,799.0,79.0,65.5,3.0,105.0,130.0,4.0,100.0
2.99,4.0,19.0,22.0,799.0,79.0,65.5,3.0,105.0,130.0,5.0,100.0
3.62,4.0,19.0,22.0,799.0,79.0,65.5,3.0,105.0,130.0,6.0,100.0
4.24,4.0,19.0,22.0,799.0,79.0,65.5,3.0,105.0,130.0,7.0,100.0
4.86,4.0,19.0,22.0,799.0,79.0,65.5,3.0,105.0,130.0,8.0,100.0
6.08,4.0,19.0,22.0,799.0,79.0,65.5,3.0,105.0,130.0,10.0,100.0
7.27,4.0,19.0,22.0,799.0,79.0,65.5,3.0,105.0,130.0,12.0,100.0
7.86,4.0,19.0,22.0,799.0,79.0,65.5,3.0,105.0,130.0,13.0,100.0
8.44,4.0,19.0,22.0,799.0,79.0,65.5,3.0,105.0,130.0,14.0,100.0
9.01,4.0,19.0,22.0,799.0,79.0,65.5,3.0,105.0,130.0,15.0,100.0
9.58,4.0,19.0,22.0,799.0,79.0,65.5,3.0,105.0,130.0,16.0,100.0
10.14,4.0,19.0,22.0,799.0,79.0,65.5,3.0,105.0,130.0,17.0,100.0
10.7,4.0,19.0,22.0,799.0,79.0,65.5,3.0,105.0,130.0,18.0,100.0
-0.69,4.0,19.0,22.0,799.0,79.0,65.5,3.0,105.0,130.0,0.0,1000.0
-0.09,4.0,19.0,22.0,799.0,79.0,65.5,3.0,105.0,130.0,1.0,1000.0
0.53,4.0,19.0,22.0,799.0,79.0,65.5,3.0,105.0,130.0,2.0,1000.0
1.16,4.0,19.0,22.0,799.0,79.0,65.5,3.0,105.0,130.0,3.0,1000.0
2.49,4.0,19.0,22.0,799.0,79.0,65.5,3.0,105.0,130.0,5.0,1000.0
3.18,4.0,19.0,22.0,799.0,79.0,65.5,3.0,105.0,130.0,6.0,1000.0
3.89,4.0,19.0,22.0,799.0,79.0,65.5,3.0,105.0,130.0,7.0,1000.0
4.62,4.0,19.0,22.0,799.0,79.0,65.5,3.0,105.0,130.0,8.0,1000.0
5.37,4.0,19.0,22.0,799.0,79.0,65.5,3.0,105.0,130.0,9.0,1000.0
6.14,4.0,19.0,22.0,799.0,79.0,65.5,3.0,105.0,130.0,10.0,1000.0
6.92,4.0,19.0,22.0,799.0,79.0,65.5,3.0,105.0,130.0,11.0,1000.0
8.56,4.0,19.0,22.0,799.0,79.0,65.5,3.0,105.0,130.0,13.0,1000.0
9.4,4.0,19.0,22.0,799.0,79.0,65.5,3.0,105.0,130.0,14.0,1000.0
10.27,4.0,19.0,22.0,799.0,79.0,65.5,3.0,105.0,130.0,15.0,1000.0
11.15,4.0,19.0,22.0,799.0,79.0,65.5,3.0,105.0,130.0,16.0,1000.0
12.98,4.0,19.0,22.0,799.0,79.0,65.5,3.0,105.0,130.0,18.0,1000.0
-0.09,4.0,19.0,22.0,799.0,79.0,65.5,3.0,105.0,130.0,0.0,2000.0
0.53,4.0,19.0,22.0,799.0,79.0,65.5,3.0,105.0,130.0,1.0,2000.0
1.2,4.0,19.0,22.0,799.0,79.0,65.5,3.0,105.0,130.0,2.0,2000.0
1.9,4.0,19.0,22.0,799.0,79.0,65.5,3.0,105.0,130.0,3.0,2000.0
2.65,4.0,19.0,22.0,799.0,79.0,65.5,3.0,105.0,130.0,4.0,2000.0
3.45,4.0,19.0,22.0,799.0,79.0,65.5,3.0,105.0,130.0,5.0,2000.0
4.28,4.0,19.0,22.0,799.0,79.0,65.5,3.0,105.0,130.0,6.0,2000.0
5.16,4.0,19.0,22.0,799.0,79.0,65.5,3.0,105.0,130.0,7.0,2000.0
6.09,4.0,19.0,22.0,799.0,79.0,65.5,3.0,105.0,130.0,8.0,2000.0
8.06,4.0,19.0,22.0,799.0,79.0,65.5,3.0,105.0,130.0,10.0,2000.0
9.11,4.0,19.0,22.0,799.0,79.0,65.5,3.0,105.0,130.0,11.0,2000.0
10.2,4.0,19.0,22.0,799.0,79.0,65.5,3.0,105.0,130.0,12.0,2000.0
11.34,4.0,19.0,22.0,799.0,79.0,65.5,3.0,105.0,130.0,13.0,2000.0
12.52,4.0,19.0,22.0,799.0,79.0,65.5,3.0,105.0,130.0,14.0,2000.0
13.74,4.0,19.0,22.0,799.0,79.0,65.5,3.0,105.0,130.0,15.0,2000.0
16.32,4.0,19.0,22.0,799.0,79.0,65.5,3.0,105.0,130.0,17.0,2000.0
17.67,4.0,19.0,22.0,799.0,79.0,65.5,3.0,105.0,130.0,18.0,2000.0
0.63,4.0,19.0,22.0,799.0,79.0,65.5,3.0,105.0,130.0,0.0,2500.0
1.3,4.0,19.0,22.0,799.0,79.0,65.5,3.0,105.0,130.0,1.0,2500.0
2.03,4.0,19.0,22.0,799.0,79.0,65.5,3.0,105.0,130.0,2.0,2500.0
2.81,4.0,19.0,22.0,799.0,79.0,65.5,3.0,105.0,130.0,3.0,2500.0
3.64,4.0,19.0,22.0,799.0,79.0,65.5,3.0,105.0,130.0,4.0,2500.0
4.53,4.0,19.0,22.0,799.0,79.0,65.5,3.0,105.0,130.0,5.0,2500.0
5.47,4.0,19.0,22.0,799.0,79.0,65.5,3.0,105.0,130.0,6.0,2500.0
6.46,4.0,19.0,22.0,799.0,79.0,65.5,3.0,105.0,130.0,7.0,2500.0
7.51,4.0,19.0,22.0,799.0,79.0,65.5,3.0,105.0,130.0,8.0,2500.0
8.6,4.0,19.0,22.0,799.0,79.0,65.5,3.0,105.0,130.0,9.0,2500.0
9.75,4.0,19.0,22.0,799.0,79.0,65.5,3.0,105.0,130.0,10.0,2500.0
12.21,4.0,19.0,22.0,799.0,79.0,65.5,3.0,105.0,130.0,12.0,2500.0
13.52,4.0,19.0,22.0,799.0,79.0,65.5,3.0,105.0,130.0,13.0,2500.0
14.89,4.0,19.0,22.0,799.0,79.0,65.5,3.0,105.0,130.0,14.0,2500.0
16.3,4.0,19.0,22.0,799.0,79.0,65.5,3.0,105.0,130.0,15.0,2500.0
17.77,4.0,19.0,22.0,799.0,79.0,65.5,3.0,105.0,130.0,16.0,2500.0
19.29,4.0,19.0,22.0,799.0,79.0,65.5,3.0,105.0,130.0,17.0,2500.0
20.87,4.0,19.0,22.0,799.0,79.0,65.5,3.0,105.0,130.0,18.0,2500.0
1.64,4.0,19.0,22.0,799.0,79.0,65.5,3.0,105.0,130.0,0.0,3000.0
2.39,4.0,19.0,22.0,799.0,79.0,65.5,3.0,105.0,130.0,1.0,3000.0
3.2,4.0,19.0,22.0,799.0,79.0,65.5,3.0,105.0,130.0,2.0,3000.0
4.08,4.0,19.0,22.0,799.0,79.0,65.5,3.0,105.0,130.0,3.0,3000.0
5.01,4.0,19.0,22.0,799.0,79.0,65.5,3.0,105.0,130.0,4.0,3000.0
7.07,4.0,19.0,22.0,799.0,79.0,65.5,3.0,105.0,130.0,6.0,3000.0
8.2,4.0,19.0,22.0,799.0,79.0,65.5,3.0,105.0,130.0,7.0,3000.0
9.38,4.0,19.0,22.0,799.0,79.0,65.5,3.0,105.0,130.0,8.0,3000.0
10.63,4.0,19.0,22.0,799.0,79.0,65.5,3.0,105.0,130.0,9.0,3000.0
11.94,4.0,19.0,22.0,799.0,79.0,65.5,3.0,105.0,130.0,10.0,3000.0
13.31,4.0,19.0,22.0,799.0,79.0,65.5,3.0,105.0,130.0,11.0,3000.0
14.74,4.0,19.0,22.0,799.0,79.0,65.5,3.0,105.0,130.0,12.0,3000.0
16.23,4.0,19.0,22.0,799.0,79.0,65.5,3.0,105.0,130.0,13.0,3000.0
17.79,4.0,19.0,22.0,799.0,79.0,65.5,3.0,105.0,130.0,14.0,3000.0
19.41,4.0,19.0,22.0,799.0,79.0,65.5,3.0,105.0,130.0,15.0,3000.0
21.09,4.0,19.0,22.0,799.0,79.0,65.5,3.0,105.0,130.0,16.0,3000.0
22.83,4.0,19.0,22.0,799.0,79.0,65.5,3.0,105.0,130.0,17.0,3000.0
24.64,4.0,19.0,22.0,799.0,79.0,65.5,3.0,105.0,130.0,18.0,3000.0
3.78,4.0,19.0,22.0,799.0,79.0,65.5,3.0,105.0,130.0,1.0,3500.0
4.71,4.0,19.0,22.0,799.0,79.0,65.5,3.0,105.0,130.0,2.0,3500.0
6.76,4.0,19.0,22.0,799.0,79.0,65.5,3.0,105.0,130.0,4.0,3500.0
7.9,4.0,19.0,22.0,799.0,79.0,65.5,3.0,105.0,130.0,5.0,3500.0
9.1,4.0,19.0,22.0,799.0,79.0,65.5,3.0,105.0,130.0,6.0,3500.0
10.37,4.0,19.0,22.0,799.0,79.0,65.5,3.0,105.0,130.0,7.0,3500.0
11.71,4.0,19.0,22.0,799.0,79.0,65.5,3.0,105.0,130.0,8.0,3500.0
13.13,4.0,19.0,22.0,799.0,79.0,65.5,3.0,105.0,130.0,9.0,3500.0
14.61,4.0,19.0,22.0,799.0,79.0,65.5,3.0,105.0,130.0,10.0,3500.0
16.16,4.0,19.0,22.0,799.0,79.0,65.5,3.0,105.0,130.0,11.0,3500.0
17.78,4.0,19.0,22.0,799.0,79.0,65.5,3.0,105.0,130.0,12.0,3500.0
19.47,4.0,19.0,22.0,799.0,79.0,65.5,3.0,105.0,130.0,13.0,3500.0
21.23,4.0,19.0,22.0,799.0,79.0,65.5,3.0,105.0,130.0,14.0,3500.0
24.96,4.0,19.0,22.0,799.0,79.0,65.5,3.0,105.0,130.0,16.0,3500.0
26.93,4.0,19.0,22.0,799.0,79.0,65.5,3.0,105.0,130.0,17.0,3500.0
28.97,4.0,19.0,22.0,799.0,79.0,65.5,3.0,105.0,130.0,18.0,3500.0
4.5,4.0,19.0,22.0,799.0,79.0,65.5,3.0,105.0,130.0,0.0,4000.0
5.49,4.0,19.0,22.0,799.0,79.0,65.5,3.0,105.0,130.0,1.0,4000.0
6.55,4.0,19.0,22.0,799.0,79.0,65.5,3.0,105.0,130.0,2.0,4000.0
7.68,4.0,19.0,22.0,799.0,79.0,65.5,3.0,105.0,130.0,3.0,4000.0
8.89,4.0,19.0,22.0,799.0,79.0,65.5,3.0,105.0,130.0,4.0,4000.0
10.18,4.0,19.0,22.0,799.0,79.0,65.5,3.0,105.0,130.0,5.0,4000.0
11.55,4.0,19.0,22.0,799.0,79.0,65.5,3.0,105.0,130.0,6.0,4000.0
12.99,4.0,19.0,22.0,799.0,79.0,65.5,3.0,105.0,130.0,7.0,4000.0
14.5,4.0,19.0,22.0,799.0,79.0,65.5,3.0,105.0,130.0,8.0,4000.0
16.1,4.0,19.0,22.0,799.0,79.0,65.5,3.0,105.0,130.0,9.0,4000.0
17.77,4.0,19.0,22.0,799.0,79.0,65.5,3.0,105.0,130.0,10.0,4000.0
21.34,4.0,19.0,22.0,799.0,79.0,65.5,3.0,105.0,130.0,12.0,4000.0
23.24,4.0,19.0,22.0,799.0,79.0,65.5,3.0,105.0,130.0,13.0,4000.0
27.26,4.0,19.0,22.0,799.0,79.0,65.5,3.0,105.0,130.0,15.0,4000.0
29.39,4.0,19.0,22.0,799.0,79.0,65.5,3.0,105.0,130.0,16.0,4000.0
6.36,4.0,19.0,22.0,799.0,79.0,65.5,3.0,105.0,130.0,0.0,4500.0
7.5,4.0,19.0,22.0,799.0,79.0,65.5,3.0,105.0,130.0,1.0,4500.0
10.02,4.0,19.0,22.0,799.0,79.0,65.5,3.0,105.0,130.0,3.0,4500.0
11.4,4.0,19.0,22.0,799.0,79.0,65.5,3.0,105.0,130.0,4.0,4500.0
12.87,4.0,19.0,22.0,799.0,79.0,65.5,3.0,105.0,130.0,5.0,4500.0
16.04,4.0,19.0,22.0,799.0,79.0,65.5,3.0,105.0,130.0,7.0,4500.0
17.75,4.0,19.0,22.0,799.0,79.0,65.5,3.0,105.0,130.0,8.0,4500.0
19.54,4.0,19.0,22.0,799.0,79.0,65.5,3.0,105.0,130.0,9.0,4500.0
21.42,4.0,19.0,22.0,799.0,79.0,65.5,3.0,105.0,130.0,10.0,4500.0
23.37,4.0,19.0,22.0,799.0,79.0,65.5,3.0,105.0,130.0,11.0,4500.0
25.41,4.0,19.0,22.0,799.0,79.0,65.5,3.0,105.0,130.0,12.0,4500.0
27.53,4.0,19.0,22.0,799.0,79.0,65.5,3.0,105.0,130.0,13.0,4500.0
29.73,4.0,19.0,22.0,799.0,79.0,65.5,3.0,105.0,130.0,14.0,4500.0
32.01,4.0,19.0,22.0,799.0,79.0,65.5,3.0,105.0,130.0,15.0,4500.0
36.82,4.0,19.0,22.0,799.0,79.0,65.5,3.0,105.0,130.0,17.0,4500.0
8.51,4.0,19.0,22.0,799.0,79.0,65.5,3.0,105.0,130.0,0.0,5000.0
9.82,4.0,19.0,22.0,799.0,79.0,65.5,3.0,105.0,130.0,1.0,5000.0
11.23,4.0,19.0,22.0,799.0,79.0,65.5,3.0,105.0,130.0,2.0,5000.0
12.71,4.0,19.0,22.0,799.0,79.0,65.5,3.0,105.0,130.0,3.0,5000.0
14.29,4.0,19.0,22.0,799.0,79.0,65.5,3.0,105.0,130.0,4.0,5000.0
17.7,4.0,19.0,22.0,799.0,79.0,65.5,3.0,105.0,130.0,6.0,5000.0
19.53,4.0,19.0,22.0,799.0,79.0,65.5,3.0,105.0,130.0,7.0,5000.0
21.45,4.0,19.0,22.0,799.0,79.0,65.5,3.0,105.0,130.0,8.0,5000.0
23.46,4.0,19.0,22.0,799.0,79.0,65.5,3.0,105.0,130.0,9.0,5000.0
25.55,4.0,19.0,22.0,799.0,79.0,65.5,3.0,105.0,130.0,10.0,5000.0
27.73,4.0,19.0,22.0,799.0,79.0,65.5,3.0,105.0,130.0,11.0,5000.0
30.0,4.0,19.0,22.0,799.0,79.0,65.5,3.0,105.0,130.0,12.0,5000.0
32.35,4.0,19.0,22.0,799.0,79.0,65.5,3.0,105.0,130.0,13.0,5000.0
34.78,4.0,19.0,22.0,799.0,79.0,65.5,3.0,105.0,130.0,14.0,5000.0
37.31,4.0,19.0,22.0,799.0,79.0,65.5,3.0,105.0,130.0,15.0,5000.0
39.92,4.0,19.0,22.0,799.0,79.0,65.5,3.0,105.0,130.0,16.0,5000.0
42.61,4.0,19.0,22.0,799.0,79.0,65.5,3.0,105.0,130.0,17.0,5000.0
45.4,4.0,19.0,22.0,799.0,79.0,65.5,3.0,105.0,130.0,18.0,5000.0
-0.06,4.0,20.0,22.0,1267.0,84.0,80.0,3.0,105.0,130.0,0.0,100.0
0.76,4.0,20.0,22.0,1267.0,84.0,80.0,3.0,105.0,130.0,1.0,100.0
1.17,4.0,20.0,22.0,1267.0,84.0,80.0,3.0,105.0,130.0,1.5,100.0
1.58,4.0,20.0,22.0,1267.0,84.0,80.0,3.0,105.0,130.0,2.0,100.0
2.4,4.0,20.0,22.0,1267.0,84.0,80.0,3.0,105.0,130.0,3.0,100.0
2.81,4.0,20.0,22.0,1267.0,84.0,80.0,3.0,105.0,130.0,3.5,100.0
3.22,4.0,20.0,22.0,1267.0,84.0,80.0,3.0,105.0,130.0,4.0,100.0
3.63,4.0,20.0,22.0,1267.0,84.0,80.0,3.0,105.0,130.0,4.5,100.0
4.04,4.0,20.0,22.0,1267.0,84.0,80.0,3.0,105.0,130.0,5.0,100.0
4.45,4.0,20.0,22.0,1267.0,84.0,80.0,3.0,105.0,130.0,5.5,100.0
4.87,4.0,20.0,22.0,1267.0,84.0,80.0,3.0,105.0,130.0,6.0,100.0
5.28,4.0,20.0,22.0,1267.0,84.0,80.0,3.0,105.0,130.0,6.5,100.0
6.1,4.0,20.0,22.0,1267.0,84.0,80.0,3.0,105.0,130.0,7.5,100.0
6.51,4.0,20.0,22.0,1267.0,84.0,80.0,3.0,105.0,130.0,8.0,100.0
6.92,4.0,20.0,22.0,1267.0,84.0,80.0,3.0,105.0,130.0,8.5,100.0
7.34,4.0,20.0,22.0,1267.0,84.0,80.0,3.0,105.0,130.0,9.0,100.0
7.75,4.0,20.0,22.0,1267.0,84.0,80.0,3.0,105.0,130.0,9.5,100.0
8.16,4.0,20.0,22.0,1267.0,84.0,80.0,3.0,105.0,130.0,10.0,100.0
8.57,4.0,20.0,22.0,1267.0,84.0,80.0,3.0,105.0,130.0,10.5,100.0
8.98,4.0,20.0,22.0,1267.0,84.0,80.0,3.0,105.0,130.0,11.0,100.0
9.39,4.0,20.0,22.0,1267.0,84.0,80.0,3.0,105.0,130.0,11.5,100.0
9.8,4.0,20.0,22.0,1267.0,84.0,80.0,3.0,105.0,130.0,12.0,100.0
10.21,4.0,20.0,22.0,1267.0,84.0,80.0,3.0,105.0,130.0,12.5,100.0
10.62,4.0,20.0,22.0,1267.0,84.0,80.0,3.0,105.0,130.0,13.0,100.0
11.04,4.0,20.0,22.0,1267.0,84.0,80.0,3.0,105.0,130.0,13.5,100.0
11.45,4.0,20.0,22.0,1267.0,84.0,80.0,3.0,105.0,130.0,14.0,100.0
11.86,4.0,20.0,22.0,1267.0,84.0,80.0,3.0,105.0,130.0,14.5,100.0
12.28,4.0,20.0,22.0,1267.0,84.0,80.0,3.0,105.0,130.0,15.0,100.0
12.69,4.0,20.0,22.0,1267.0,84.0,80.0,3.0,105.0,130.0,15.5,100.0
13.1,4.0,20.0,22.0,1267.0,84.0,80.0,3.0,105.0,130.0,16.0,100.0
13.51,4.0,20.0,22.0,1267.0,84.0,80.0,3.0,105.0,130.0,16.5,100.0
13.93,4.0,20.0,22.0,1267.0,84.0,80.0,3.0,105.0,130.0,17.0,100.0
14.34,4.0,20.0,22.0,1267.0,84.0,80.0,3.0,105.0,130.0,17.5,100.0
14.75,4.0,20.0,22.0,1267.0,84.0,80.0,3.0,105.0,130.0,18.0,100.0
0.21,4.0,20.0,22.0,1267.0,84.0,80.0,3.0,105.0,130.0,0.0,1000.0
0.63,4.0,20.0,22.0,1267.0,84.0,80.0,3.0,105.0,130.0,0.5,1000.0
1.05,4.0,20.0,22.0,1267.0,84.0,80.0,3.0,105.0,130.0,1.0,1000.0
1.48,4.0,20.0,22.0,1267.0,84.0,80.0,3.0,105.0,130.0,1.5,1000.0
1.91,4.0,20.0,22.0,1267.0,84.0,80.0,3.0,105.0,130.0,2.0,1000.0
2.34,4.0,20.0,22.0,1267.0,84.0,80.0,3.0,105.0,130.0,2.5,1000.0
2.78,4.0,20.0,22.0,1267.0,84.0,80.0,3.0,105.0,130.0,3.0,1000.0
3.21,4.0,20.0,22.0,1267.0,84.0,80.0,3.0,105.0,130.0,3.5,1000.0
3.65,4.0,20.0,22.0,1267.0,84.0,80.0,3.0,105.0,130.0,4.0,1000.0
4.09,4.0,20.0,22.0,1267.0,84.0,80.0,3.0,105.0,130.0,4.5,1000.0
4.53,4.0,20.0,22.0,1267.0,84.0,80.0,3.0,105.0,130.0,5.0,1000.0
4.98,4.0,20.0,22.0,1267.0,84.0,80.0,3.0,105.0,130.0,5.5,1000.0
5.42,4.0,20.0,22.0,1267.0,84.0,80.0,3.0,105.0,130.0,6.0,1000.0
5.87,4.0,20.0,22.0,1267.0,84.0,80.0,3.0,105.0,130.0,6.5,1000.0
6.32,4.0,20.0,22.0,1267.0,84.0,80.0,3.0,105.0,130.0,7.0,1000.0
6.77,4.0,20.0,22.0,1267.0,84.0,80.0,3.0,105.0,130.0,7.5,1000.0
7.22,4.0,20.0,22.0,1267.0,84.0,80.0,3.0,105.0,130.0,8.0,1000.0
7.68,4.0,20.0,22.0,1267.0,84.0,80.0,3.0,105.0,130.0,8.5,1000.0
8.13,4.0,20.0,22.0,1267.0,84.0,80.0,3.0,105.0,130.0,9.0,1000.0
8.59,4.0,20.0,22.0,1267.0,84.0,80.0,3.0,105.0,130.0,9.5,1000.0
9.05,4.0,20.0,22.0,1267.0,84.0,80.0,3.0,105.0,130.0,10.0,1000.0
9.97,4.0,20.0,22.0,1267.0,84.0,80.0,3.0,105.0,130.0,11.0,1000.0
10.44,4.0,20.0,22.0,1267.0,84.0,80.0,3.0,105.0,130.0,11.5,1000.0
10.91,4.0,20.0,22.0,1267.0,84.0,80.0,3.0,105.0,130.0,12.0,1000.0
11.38,4.0,20.0,22.0,1267.0,84.0,80.0,3.0,105.0,130.0,12.5,1000.0
11.84,4.0,20.0,22.0,1267.0,84.0,80.0,3.0,105.0,130.0,13.0,1000.0
12.32,4.0,20.0,22.0,1267.0,84.0,80.0,3.0,105.0,130.0,13.5,1000.0
12.79,4.0,20.0,22.0,1267.0,84.0,80.0,3.0,105.0,130.0,14.0,1000.0
13.26,4.0,20.0,22.0,1267.0,84.0,80.0,3.0,105.0,130.0,14.5,1000.0
13.74,4.0,20.0,22.0,1267.0,84.0,80.0,3.0,105.0,130.0,15.0,1000.0
14.22,4.0,20.0,22.0,1267.0,84.0,80.0,3.0,105.0,130.0,15.5,1000.0
14.7,4.0,20.0,22.0,1267.0,84.0,80.0,3.0,105.0,130.0,16.0,1000.0
15.18,4.0,20.0,22.0,1267.0,84.0,80.0,3.0,105.0,130.0,16.5,1000.0
15.66,4.0,20.0,22.0,1267.0,84.0,80.0,3.0,105.0,130.0,17.0,1000.0
16.15,4.0,20.0,22.0,1267.0,84.0,80.0,3.0,105.0,130.0,17.5,1000.0
16.63,4.0,20.0,22.0,1267.0,84.0,80.0,3.0,105.0,130.0,18.0,1000.0
0.7,4.0,20.0,22.0,1267.0,84.0,80.0,3.0,105.0,130.0,0.0,1500.0
1.13,4.0,20.0,22.0,1267.0,84.0,80.0,3.0,105.0,130.0,0.5,1500.0
1.57,4.0,20.0,22.0,1267.0,84.0,80.0,3.0,105.0,130.0,1.0,1500.0
2.02,4.0,20.0,22.0,1267.0,84.0,80.0,3.0,105.0,130.0,1.5,1500.0
2.47,4.0,20.0,22.0,1267.0,84.0,80.0,3.0,105.0,130.0,2.0,1500.0
2.93,4.0,20.0,22.0,1267.0,84.0,80.0,3.0,105.0,130.0,2.5,1500.0
3.39,4.0,20.0,22.0,1267.0,84.0,80.0,3.0,105.0,130.0,3.0,1500.0
3.85,4.0,20.0,22.0,1267.0,84.0,80.0,3.0,105.0,130.0,3.5,1500.0
4.31,4.0,20.0,22.0,1267.0,84.0,80.0,3.0,105.0,130.0,4.0,1500.0
4.79,4.0,20.0,22.0,1267.0,84.0,80.0,3.0,105.0,130.0,4.5,1500.0
5.27,4.0,20.0,22.0,1267.0,84.0,80.0,3.0,105.0,130.0,5.0,1500.0
5.75,4.0,20.0,22.0,1267.0,84.0,80.0,3.0,105.0,130.0,5.5,1500.0
6.23,4.0,20.0,22.0,1267.0,84.0,80.0,3.0,105.0,130.0,6.0,1500.0
6.71,4.0,20.0,22.0,1267.0,84.0,80.0,3.0,105.0,130.0,6.5,1500.0
7.2,4.0,20.0,22.0,1267.0,84.0,80.0,3.0,105.0,130.0,7.0,1500.0
7.7,4.0,20.0,22.0,1267.0,84.0,80.0,3.0,105.0,130.0,7.5,1500.0
8.2,4.0,20.0,22.0,1267.0,84.0,80.0,3.0,105.0,130.0,8.0,1500.0
8.7,4.0,20.0,22.0,1267.0,84.0,80.0,3.0,105.0,130.0,8.5,1500.0
9.21,4.0,20.0,22.0,1267.0,84.0,80.0,3.0,105.0,130.0,9.0,1500.0
9.72,4.0,20.0,22.0,1267.0,84.0,80.0,3.0,105.0,130.0,9.5,1500.0
10.23,4.0,20.0,22.0,1267.0,84.0,80.0,3.0,105.0,130.0,10.0,1500.0
10.75,4.0,20.0,22.0,1267.0,84.0,80.0,3.0,105.0,130.0,10.5,1500.0
11.79,4.0,20.0,22.0,1267.0,84.0,80.0,3.0,105.0,130.0,11.5,1500.0
12.32,4.0,20.0,22.0,1267.0,84.0,80.0,3.0,105.0,130.0,12.0,1500.0
12.85,4.0,20.0,22.0,1267.0,84.0,80.0,3.0,105.0,130.0,12.5,1500.0
13.38,4.0,20.0,22.0,1267.0,84.0,80.0,3.0,105.0,130.0,13.0,1500.0
13.93,4.0,20.0,22.0,1267.0,84.0,80.0,3.0,105.0,130.0,13.5,1500.0
14.47,4.0,20.0,22.0,1267.0,84.0,80.0,3.0,105.0,130.0,14.0,1500.0
15.01,4.0,20.0,22.0,1267.0,84.0,80.0,3.0,105.0,130.0,14.5,1500.0
15.56,4.0,20.0,22.0,1267.0,84.0,80.0,3.0,105.0,130.0,15.0,1500.0
16.11,4.0,20.0,22.0,1267.0,84.0,80.0,3.0,105.0,130.0,15.5,1500.0
16.66,4.0,20.0,22.0,1267.0,84.0,80.0,3.0,105.0,130.0,16.0,1500.0
17.22,4.0,20.0,22.0,1267.0,84.0,80.0,3.0,105.0,130.0,16.5,1500.0
17.78,4.0,20.0,22.0,1267.0,84.0,80.0,3.0,105.0,130.0,17.0,1500.0
18.35,4.0,20.0,22.0,1267.0,84.0,80.0,3.0,105.0,130.0,17.5,1500.0
18.91,4.0,20.0,22.0,1267.0,84.0,80.0,3.0,105.0,130.0,18.0,1500.0
1.52,4.0,20.0,22.0,1267.0,84.0,80.0,3.0,105.0,130.0,0.0,2000.0
2.44,4.0,20.0,22.0,1267.0,84.0,80.0,3.0,105.0,130.0,1.0,2000.0
2.91,4.0,20.0,22.0,1267.0,84.0,80.0,3.0,105.0,130.0,1.5,2000.0
3.39,4.0,20.0,22.0,1267.0,84.0,80.0,3.0,105.0,130.0,2.0,2000.0
4.37,4.0,20.0,22.0,1267.0,84.0,80.0,3.0,105.0,130.0,3.0,2000.0
4.87,4.0,20.0,22.0,1267.0,84.0,80.0,3.0,105.0,130.0,3.5,2000.0
5.38,4.0,20.0,22.0,1267.0,84.0,80.0,3.0,105.0,130.0,4.0,2000.0
5.89,4.0,20.0,22.0,1267.0,84.0,80.0,3.0,105.0,130.0,4.5,2000.0
6.41,4.0,20.0,22.0,1267.0,84.0,80.0,3.0,105.0,130.0,5.0,2000.0
8.01,4.0,20.0,22.0,1267.0,84.0,80.0,3.0,105.0,130.0,6.5,2000.0
8.56,4.0,20.0,22.0,1267.0,84.0,80.0,3.0,105.0,130.0,7.0,2000.0
9.11,4.0,20.0,22.0,1267.0,84.0,80.0,3.0,105.0,130.0,7.5,2000.0
9.67,4.0,20.0,22.0,1267.0,84.0,80.0,3.0,105.0,130.0,8.0,2000.0
10.23,4.0,20.0,22.0,1267.0,84.0,80.0,3.0,105.0,130.0,8.5,2000.0
10.81,4.0,20.0,22.0,1267.0,84.0,80.0,3.0,105.0,130.0,9.0,2000.0
11.38,4.0,20.0,22.0,1267.0,84.0,80.0,3.0,105.0,130.0,9.5,2000.0
11.96,4.0,20.0,22.0,1267.0,84.0,80.0,3.0,105.0,130.0,10.0,2000.0
12.56,4.0,20.0,22.0,1267.0,84.0,80.0,3.0,105.0,130.0,10.5,2000.0
13.15,4.0,20.0,22.0,1267.0,84.0,80.0,3.0,105.0,130.0,11.0,2000.0
13.75,4.0,20.0,22.0,1267.0,84.0,80.0,3.0,105.0,130.0,11.5,2000.0
14.97,4.0,20.0,22.0,1267.0,84.0,80.0,3.0,105.0,130.0,12.5,2000.0
18.13,4.0,20.0,22.0,1267.0,84.0,80.0,3.0,105.0,130.0,15.0,2000.0
18.78,4.0,20.0,22.0,1267.0,84.0,80.0,3.0,105.0,130.0,15.5,2000.0
19.43,4.0,20.0,22.0,1267.0,84.0,80.0,3.0,105.0,130.0,16.0,2000.0
20.09,4.0,20.0,22.0,1267.0,84.0,80.0,3.0,105.0,130.0,16.5,2000.0
20.75,4.0,20.0,22.0,1267.0,84.0,80.0,3.0,105.0,130.0,17.0,2000.0
21.42,4.0,20.0,22.0,1267.0,84.0,80.0,3.0,105.0,130.0,17.5,2000.0
22.09,4.0,20.0,22.0,1267.0,84.0,80.0,3.0,105.0,130.0,18.0,2000.0
2.75,4.0,20.0,22.0,1267.0,84.0,80.0,3.0,105.0,130.0,0.0,2500.0
3.22,4.0,20.0,22.0,1267.0,84.0,80.0,3.0,105.0,130.0,0.5,2500.0
3.71,4.0,20.0,22.0,1267.0,84.0,80.0,3.0,105.0,130.0,1.0,2500.0
4.21,4.0,20.0,22.0,1267.0,84.0,80.0,3.0,105.0,130.0,1.5,2500.0
5.25,4.0,20.0,22.0,1267.0,84.0,80.0,3.0,105.0,130.0,2.5,2500.0
5.78,4.0,20.0,22.0,1267.0,84.0,80.0,3.0,105.0,130.0,3.0,2500.0
6.33,4.0,20.0,22.0,1267.0,84.0,80.0,3.0,105.0,130.0,3.5,2500.0
6.88,4.0,20.0,22.0,1267.0,84.0,80.0,3.0,105.0,130.0,4.0,2500.0
7.44,4.0,20.0,22.0,1267.0,84.0,80.0,3.0,105.0,130.0,4.5,2500.0
8.02,4.0,20.0,22.0,1267.0,84.0,80.0,3.0,105.0,130.0,5.0,2500.0
9.2,4.0,20.0,22.0,1267.0,84.0,80.0,3.0,105.0,130.0,6.0,2500.0
9.81,4.0,20.0,22.0,1267.0,84.0,80.0,3.0,105.0,130.0,6.5,2500.0
10.42,4.0,20.0,22.0,1267.0,84.0,80.0,3.0,105.0,130.0,7.0,2500.0
11.05,4.0,20.0,22.0,1267.0,84.0,80.0,3.0,105.0,130.0,7.5,2500.0
11.68,4.0,20.0,22.0,1267.0,84.0,80.0,3.0,105.0,130.0,8.0,2500.0
12.32,4.0,20.0,22.0,1267.0,84.0,80.0,3.0,105.0,130.0,8.5,2500.0
12.97,4.0,20.0,22.0,1267.0,84.0,80.0,3.0,105.0,130.0,9.0,2500.0
14.31,4.0,20.0,22.0,1267.0,84.0,80.0,3.0,105.0,130.0,10.0,2500.0
14.99,4.0,20.0,22.0,1267.0,84.0,80.0,3.0,105.0,130.0,10.5,2500.0
15.67,4.0,20.0,22.0,1267.0,84.0,80.0,3.0,105.0,130.0,11.0,2500.0
16.37,4.0,20.0,22.0,1267.0,84.0,80.0,3.0,105.0,130.0,11.5,2500.0
17.07,4.0,20.0,22.0,1267.0,84.0,80.0,3.0,105.0,130.0,12.0,2500.0
17.79,4.0,20.0,22.0,1267.0,84.0,80.0,3.0,105.0,130.0,12.5,2500.0
18.51,4.0,20.0,22.0,1267.0,84.0,80.0,3.0,105.0,130.0,13.0,2500.0
19.98,4.0,20.0,22.0,1267.0,84.0,80.0,3.0,105.0,130.0,14.0,2500.0
20.73,4.0,20.0,22.0,1267.0,84.0,80.0,3.0,105.0,130.0,14.5,2500.0
21.49,4.0,20.0,22.0,1267.0,84.0,80.0,3.0,105.0,130.0,15.0,2500.0
22.26,4.0,20.0,22.0,1267.0,84.0,80.0,3.0,105.0,130.0,15.5,2500.0
23.03,4.0,20.0,22.0,1267.0,84.0,80.0,3.0,105.0,130.0,16.0,2500.0
23.81,4.0,20.0,22.0,1267.0,84.0,80.0,3.0,105.0,130.0,16.5,2500.0
24.61,4.0,20.0,22.0,1267.0,84.0,80.0,3.0,105.0,130.0,17.0,2500.0
25.4,4.0,20.0,22.0,1267.0,84.0,80.0,3.0,105.0,130.0,17.5,2500.0
26.21,4.0,20.0,22.0,1267.0,84.0,80.0,3.0,105.0,130.0,18.0,2500.0
4.42,4.0,20.0,22.0,1267.0,84.0,80.0,3.0,105.0,130.0,0.0,3000.0
4.92,4.0,20.0,22.0,1267.0,84.0,80.0,3.0,105.0,130.0,0.5,3000.0
5.44,4.0,20.0,22.0,1267.0,84.0,80.0,3.0,105.0,130.0,1.0,3000.0
5.98,4.0,20.0,22.0,1267.0,84.0,80.0,3.0,105.0,130.0,1.5,3000.0
6.53,4.0,20.0,22.0,1267.0,84.0,80.0,3.0,105.0,130.0,2.0,3000.0
7.1,4.0,20.0,22.0,1267.0,84.0,80.0,3.0,105.0,130.0,2.5,3000.0
7.68,4.0,20.0,22.0,1267.0,84.0,80.0,3.0,105.0,130.0,3.0,3000.0
8.28,4.0,20.0,22.0,1267.0,84.0,80.0,3.0,105.0,130.0,3.5,3000.0
9.51,4.0,20.0,22.0,1267.0,84.0,80.0,3.0,105.0,130.0,4.5,3000.0
10.16,4.0,20.0,22.0,1267.0,84.0,80.0,3.0,105.0,130.0,5.0,3000.0
10.81,4.0,20.0,22.0,1267.0,84.0,80.0,3.0,105.0,130.0,5.5,3000.0
11.48,4.0,20.0,22.0,1267.0,84.0,80.0,3.0,105.0,130.0,6.0,3000.0
12.16,4.0,20.0,22.0,1267.0,84.0,80.0,3.0,105.0,130.0,6.5,3000.0
12.85,4.0,20.0,22.0,1267.0,84.0,80.0,3.0,105.0,130.0,7.0,3000.0
13.56,4.0,20.0,22.0,1267.0,84.0,80.0,3.0,105.0,130.0,7.5,3000.0
14.28,4.0,20.0,22.0,1267.0,84.0,80.0,3.0,105.0,130.0,8.0,3000.0
15.01,4.0,20.0,22.0,1267.0,84.0,80.0,3.0,105.0,130.0,8.5,3000.0
15.76,4.0,20.0,22.0,1267.0,84.0,80.0,3.0,105.0,130.0,9.0,3000.0
17.29,4.0,20.0,22.0,1267.0,84.0,80.0,3.0,105.0,130.0,10.0,3000.0
19.68,4.0,20.0,22.0,1267.0,84.0,80.0,3.0,105.0,130.0,11.5,3000.0
20.51,4.0,20.0,22.0,1267.0,84.0,80.0,3.0,105.0,130.0,12.0,3000.0
21.34,4.0,20.0,22.0,1267.0,84.0,80.0,3.0,105.0,130.0,12.5,3000.0
22.18,4.0,20.0,22.0,1267.0,84.0,80.0,3.0,105.0,130.0,13.0,3000.0
23.05,4.0,20.0,22.0,1267.0,84.0,80.0,3.0,105.0,130.0,13.5,3000.0
23.91,4.0,20.0,22.0,1267.0,84.0,80.0,3.0,105.0,130.0,14.0,3000.0
24.79,4.0,20.0,22.0,1267.0,84.0,80.0,3.0,105.0,130.0,14.5,3000.0
25.69,4.0,20.0,22.0,1267.0,84.0,80.0,3.0,105.0,130.0,15.0,3000.0
26.6,4.0,20.0,22.0,1267.0,84.0,80.0,3.0,105.0,130.0,15.5,3000.0
27.51,4.0,20.0,22.0,1267.0,84.0,80.0,3.0,105.0,130.0,16.0,3000.0
28.44,4.0,20.0,22.0,1267.0,84.0,80.0,3.0,105.0,130.0,16.5,3000.0
29.38,4.0,20.0,22.0,1267.0,84.0,80.0,3.0,105.0,130.0,17.0,3000.0
30.34,4.0,20.0,22.0,1267.0,84.0,80.0,3.0,105.0,130.0,17.5,3000.0
31.3,4.0,20.0,22.0,1267.0,84.0,80.0,3.0,105.0,130.0,18.0,3000.0
6.59,4.0,20.0,22.0,1267.0,84.0,80.0,3.0,105.0,130.0,0.0,3500.0
7.13,4.0,20.0,22.0,1267.0,84.0,80.0,3.0,105.0,130.0,0.5,3500.0
7.68,4.0,20.0,22.0,1267.0,84.0,80.0,3.0,105.0,130.0,1.0,3500.0
8.26,4.0,20.0,22.0,1267.0,84.0,80.0,3.0,105.0,130.0,1.5,3500.0
8.86,4.0,20.0,22.0,1267.0,84.0,80.0,3.0,105.0,130.0,2.0,3500.0
9.48,4.0,20.0,22.0,1267.0,84.0,80.0,3.0,105.0,130.0,2.5,3500.0
10.12,4.0,20.0,22.0,1267.0,84.0,80.0,3.0,105.0,130.0,3.0,3500.0
10.77,4.0,20.0,22.0,1267.0,84.0,80.0,3.0,105.0,130.0,3.5,3500.0
11.45,4.0,20.0,22.0,1267.0,84.0,80.0,3.0,105.0,130.0,4.0,3500.0
12.15,4.0,20.0,22.0,1267.0,84.0,80.0,3.0,105.0,130.0,4.5,3500.0
12.86,4.0,20.0,22.0,1267.0,84.0,80.0,3.0,105.0,130.0,5.0,3500.0
13.59,4.0,20.0,22.0,1267.0,84.0,80.0,3.0,105.0,130.0,5.5,3500.0
14.34,4.0,20.0,22.0,1267.0,84.0,80.0,3.0,105.0,130.0,6.0,3500.0
15.11,4.0,20.0,22.0,1267.0,84.0,80.0,3.0,105.0,130.0,6.5,3500.0
18.36,4.0,20.0,22.0,1267.0,84.0,80.0,3.0,105.0,130.0,8.5,3500.0
19.21,4.0,20.0,22.0,1267.0,84.0,80.0,3.0,105.0,130.0,9.0,3500.0
20.09,4.0,20.0,22.0,1267.0,84.0,80.0,3.0,105.0,130.0,9.5,3500.0
20.98,4.0,20.0,22.0,1267.0,84.0,80.0,3.0,105.0,130.0,10.0,3500.0
21.88,4.0,20.0,22.0,1267.0,84.0,80.0,3.0,105.0,130.0,10.5,3500.0
22.81,4.0,20.0,22.0,1267.0,84.0,80.0,3.0,105.0,130.0,11.0,3500.0
23.75,4.0,20.0,22.0,1267.0,84.0,80.0,3.0,105.0,130.0,11.5,3500.0
24.7,4.0,20.0,22.0,1267.0,84.0,80.0,3.0,105.0,130.0,12.0,3500.0
25.67,4.0,20.0,22.0,1267.0,84.0,80.0,3.0,105.0,130.0,12.5,3500.0
26.65,4.0,20.0,22.0,1267.0,84.0,80.0,3.0,105.0,130.0,13.0,3500.0
28.68,4.0,20.0,22.0,1267.0,84.0,80.0,3.0,105.0,130.0,14.0,3500.0
29.71,4.0,20.0,22.0,1267.0,84.0,80.0,3.0,105.0,130.0,14.5,3500.0
30.76,4.0,20.0,22.0,1267.0,84.0,80.0,3.0,105.0,130.0,15.0,3500.0
31.83,4.0,20.0,22.0,1267.0,84.0,80.0,3.0,105.0,130.0,15.5,3500.0
34.01,4.0,20.0,22.0,1267.0,84.0,80.0,3.0,105.0,130.0,16.5,3500.0
35.12,4.0,20.0,22.0,1267.0,84.0,80.0,3.0,105.0,130.0,17.0,3500.0
9.32,4.0,20.0,22.0,1267.0,84.0,80.0,3.0,105.0,130.0,0.0,4000.0
9.89,4.0,20.0,22.0,1267.0,84.0,80.0,3.0,105.0,130.0,0.5,4000.0
10.48,4.0,20.0,22.0,1267.0,84.0,80.0,3.0,105.0,130.0,1.0,4000.0
11.1,4.0,20.0,22.0,1267.0,84.0,80.0,3.0,105.0,130.0,1.5,4000.0
11.75,4.0,20.0,22.0,1267.0,84.0,80.0,3.0,105.0,130.0,2.0,4000.0
12.43,4.0,20.0,22.0,1267.0,84.0,80.0,3.0,105.0,130.0,2.5,4000.0
13.13,4.0,20.0,22.0,1267.0,84.0,80.0,3.0,105.0,130.0,3.0,4000.0
13.86,4.0,20.0,22.0,1267.0,84.0,80.0,3.0,105.0,130.0,3.5,4000.0
14.61,4.0,20.0,22.0,1267.0,84.0,80.0,3.0,105.0,130.0,4.0,4000.0
15.38,4.0,20.0,22.0,1267.0,84.0,80.0,3.0,105.0,130.0,4.5,4000.0
16.18,4.0,20.0,22.0,1267.0,84.0,80.0,3.0,105.0,130.0,5.0,4000.0
17.0,4.0,20.0,22.0,1267.0,84.0,80.0,3.0,105.0,130.0,5.5,4000.0
17.85,4.0,20.0,22.0,1267.0,84.0,80.0,3.0,105.0,130.0,6.0,4000.0
18.71,4.0,20.0,22.0,1267.0,84.0,80.0,3.0,105.0,130.0,6.5,4000.0
20.51,4.0,20.0,22.0,1267.0,84.0,80.0,3.0,105.0,130.0,7.5,4000.0
21.45,4.0,20.0,22.0,1267.0,84.0,80.0,3.0,105.0,130.0,8.0,4000.0
23.38,4.0,20.0,22.0,1267.0,84.0,80.0,3.0,105.0,130.0,9.0,4000.0
24.38,4.0,20.0,22.0,1267.0,84.0,80.0,3.0,105.0,130.0,9.5,4000.0
25.4,4.0,20.0,22.0,1267.0,84.0,80.0,3.0,105.0,130.0,10.0,4000.0
26.44,4.0,20.0,22.0,1267.0,84.0,80.0,3.0,105.0,130.0,10.5,4000.0
27.5,4.0,20.0,22.0,1267.0,84.0,80.0,3.0,105.0,130.0,11.0,4000.0
28.59,4.0,20.0,22.0,1267.0,84.0,80.0,3.0,105.0,130.0,11.5,4000.0
30.81,4.0,20.0,22.0,1267.0,84.0,80.0,3.0,105.0,130.0,12.5,4000.0
31.96,4.0,20.0,22.0,1267.0,84.0,80.0,3.0,105.0,130.0,13.0,4000.0
33.12,4.0,20.0,22.0,1267.0,84.0,80.0,3.0,105.0,130.0,13.5,4000.0
34.31,4.0,20.0,22.0,1267.0,84.0,80.0,3.0,105.0,130.0,14.0,4000.0
35.52,4.0,20.0,22.0,1267.0,84.0,80.0,3.0,105.0,130.0,14.5,4000.0
36.74,4.0,20.0,22.0,1267.0,84.0,80.0,3.0,105.0,130.0,15.0,4000.0
37.98,4.0,20.0,22.0,1267.0,84.0,80.0,3.0,105.0,130.0,15.5,4000.0
39.25,4.0,20.0,22.0,1267.0,84.0,80.0,3.0,105.0,130.0,16.0,4000.0
40.54,4.0,20.0,22.0,1267.0,84.0,80.0,3.0,105.0,130.0,16.5,4000.0
41.84,4.0,20.0,22.0,1267.0,84.0,80.0,3.0,105.0,130.0,17.0,4000.0
43.17,4.0,20.0,22.0,1267.0,84.0,80.0,3.0,105.0,130.0,17.5,4000.0
44.51,4.0,20.0,22.0,1267.0,84.0,80.0,3.0,105.0,130.0,18.0,4000.0
12.64,4.0,20.0,22.0,1267.0,84.0,80.0,3.0,105.0,130.0,0.0,4500.0
13.89,4.0,20.0,22.0,1267.0,84.0,80.0,3.0,105.0,130.0,1.0,4500.0
14.56,4.0,20.0,22.0,1267.0,84.0,80.0,3.0,105.0,130.0,1.5,4500.0
15.26,4.0,20.0,22.0,1267.0,84.0,80.0,3.0,105.0,130.0,2.0,4500.0
16.01,4.0,20.0,22.0,1267.0,84.0,80.0,3.0,105.0,130.0,2.5,4500.0
16.78,4.0,20.0,22.0,1267.0,84.0,80.0,3.0,105.0,130.0,3.0,4500.0
18.41,4.0,20.0,22.0,1267.0,84.0,80.0,3.0,105.0,130.0,4.0,4500.0
19.27,4.0,20.0,22.0,1267.0,84.0,80.0,3.0,105.0,130.0,4.5,4500.0
20.16,4.0,20.0,22.0,1267.0,84.0,80.0,3.0,105.0,130.0,5.0,4500.0
21.08,4.0,20.0,22.0,1267.0,84.0,80.0,3.0,105.0,130.0,5.5,4500.0
22.02,4.0,20.0,22.0,1267.0,84.0,80.0,3.0,105.0,130.0,6.0,4500.0
23.0,4.0,20.0,22.0,1267.0,84.0,80.0,3.0,105.0,130.0,6.5,4500.0
24.0,4.0,20.0,22.0,1267.0,84.0,80.0,3.0,105.0,130.0,7.0,4500.0
25.03,4.0,20.0,22.0,1267.0,84.0,80.0,3.0,105.0,130.0,7.5,4500.0
26.09,4.0,20.0,22.0,1267.0,84.0,80.0,3.0,105.0,130.0,8.0,4500.0
27.18,4.0,20.0,22.0,1267.0,84.0,80.0,3.0,105.0,130.0,8.5,4500.0
28.29,4.0,20.0,22.0,1267.0,84.0,80.0,3.0,105.0,130.0,9.0,4500.0
29.43,4.0,20.0,22.0,1267.0,84.0,80.0,3.0,105.0,130.0,9.5,4500.0
30.6,4.0,20.0,22.0,1267.0,84.0,80.0,3.0,105.0,130.0,10.0,4500.0
31.79,4.0,20.0,22.0,1267.0,84.0,80.0,3.0,105.0,130.0,10.5,4500.0
33.01,4.0,20.0,22.0,1267.0,84.0,80.0,3.0,105.0,130.0,11.0,4500.0
34.25,4.0,20.0,22.0,1267.0,84.0,80.0,3.0,105.0,130.0,11.5,4500.0
35.52,4.0,20.0,22.0,1267.0,84.0,80.0,3.0,105.0,130.0,12.0,4500.0
36.82,4.0,20.0,22.0,1267.0,84.0,80.0,3.0,105.0,130.0,12.5,4500.0
38.14,4.0,20.0,22.0,1267.0,84.0,80.0,3.0,105.0,130.0,13.0,4500.0
39.48,4.0,20.0,22.0,1267.0,84.0,80.0,3.0,105.0,130.0,13.5,4500.0
40.85,4.0,20.0,22.0,1267.0,84.0,80.0,3.0,105.0,130.0,14.0,4500.0
42.25,4.0,20.0,22.0,1267.0,84.0,80.0,3.0,105.0,130.0,14.5,4500.0
43.67,4.0,20.0,22.0,1267.0,84.0,80.0,3.0,105.0,130.0,15.0,4500.0
45.12,4.0,20.0,22.0,1267.0,84.0,80.0,3.0,105.0,130.0,15.5,4500.0
46.58,4.0,20.0,22.0,1267.0,84.0,80.0,3.0,105.0,130.0,16.0,4500.0
48.07,4.0,20.0,22.0,1267.0,84.0,80.0,3.0,105.0,130.0,16.5,4500.0
49.6,4.0,20.0,22.0,1267.0,84.0,80.0,3.0,105.0,130.0,17.0,4500.0
51.13,4.0,20.0,22.0,1267.0,84.0,80.0,3.0,105.0,130.0,17.5,4500.0
52.7,4.0,20.0,22.0,1267.0,84.0,80.0,3.0,105.0,130.0,18.0,4500.0
16.6,4.0,20.0,22.0,1267.0,84.0,80.0,3.0,105.0,130.0,0.0,5000.0
17.24,4.0,20.0,22.0,1267.0,84.0,80.0,3.0,105.0,130.0,0.5,5000.0
17.93,4.0,20.0,22.0,1267.0,84.0,80.0,3.0,105.0,130.0,1.0,5000.0
18.66,4.0,20.0,22.0,1267.0,84.0,80.0,3.0,105.0,130.0,1.5,5000.0
19.43,4.0,20.0,22.0,1267.0,84.0,80.0,3.0,105.0,130.0,2.0,5000.0
20.24,4.0,20.0,22.0,1267.0,84.0,80.0,3.0,105.0,130.0,2.5,5000.0
21.08,4.0,20.0,22.0,1267.0,84.0,80.0,3.0,105.0,130.0,3.0,5000.0
21.97,4.0,20.0,22.0,1267.0,84.0,80.0,3.0,105.0,130.0,3.5,5000.0
22.89,4.0,20.0,22.0,1267.0,84.0,80.0,3.0,105.0,130.0,4.0,5000.0
23.84,4.0,20.0,22.0,1267.0,84.0,80.0,3.0,105.0,130.0,4.5,5000.0
25.86,4.0,20.0,22.0,1267.0,84.0,80.0,3.0,105.0,130.0,5.5,5000.0
26.92,4.0,20.0,22.0,1267.0,84.0,80.0,3.0,105.0,130.0,6.0,5000.0
30.31,4.0,20.0,22.0,1267.0,84.0,80.0,3.0,105.0,130.0,7.5,5000.0
31.5,4.0,20.0,22.0,1267.0,84.0,80.0,3.0,105.0,130.0,8.0,5000.0
32.74,4.0,20.0,22.0,1267.0,84.0,80.0,3.0,105.0,130.0,8.5,5000.0
33.99,4.0,20.0,22.0,1267.0,84.0,80.0,3.0,105.0,130.0,9.0,5000.0
36.61,4.0,20.0,22.0,1267.0,84.0,80.0,3.0,105.0,130.0,10.0,5000.0
37.97,4.0,20.0,22.0,1267.0,84.0,80.0,3.0,105.0,130.0,10.5,5000.0
40.78,4.0,20.0,22.0,1267.0,84.0,80.0,3.0,105.0,130.0,11.5,5000.0
42.23,4.0,20.0,22.0,1267.0,84.0,80.0,3.0,105.0,130.0,12.0,5000.0
45.22,4.0,20.0,22.0,1267.0,84.0,80.0,3.0,105.0,130.0,13.0,5000.0
46.77,4.0,20.0,22.0,1267.0,84.0,80.0,3.0,105.0,130.0,13.5,5000.0
49.94,4.0,20.0,22.0,1267.0,84.0,80.0,3.0,105.0,130.0,14.5,5000.0
53.24,4.0,20.0,22.0,1267.0,84.0,80.0,3.0,105.0,130.0,15.5,5000.0
54.93,4.0,20.0,22.0,1267.0,84.0,80.0,3.0,105.0,130.0,16.0,5000.0
56.65,4.0,20.0,22.0,1267.0,84.0,80.0,3.0,105.0,130.0,16.5,5000.0
60.19,4.0,20.0,22.0,1267.0,84.0,80.0,3.0,105.0,130.0,17.5,5000.0
62.0,4.0,20.0,22.0,1267.0,84.0,80.0,3.0,105.0,130.0,18.0,5000.0
0.62,4.0,20.0,23.0,1689.0,84.0,80.0,4.0,105.0,140.0,0.0,100.0
1.94,4.0,20.0,23.0,1689.0,84.0,80.0,4.0,105.0,140.0,1.0,100.0
3.27,4.0,20.0,23.0,1689.0,84.0,80.0,4.0,105.0,140.0,2.0,100.0
4.6,4.0,20.0,23.0,1689.0,84.0,80.0,4.0,105.0,140.0,3.0,100.0
5.95,4.0,20.0,23.0,1689.0,84.0,80.0,4.0,105.0,140.0,4.0,100.0
8.66,4.0,20.0,23.0,1689.0,84.0,80.0,4.0,105.0,140.0,6.0,100.0
10.03,4.0,20.0,23.0,1689.0,84.0,80.0,4.0,105.0,140.0,7.0,100.0
11.4,4.0,20.0,23.0,1689.0,84.0,80.0,4.0,105.0,140.0,8.0,100.0
12.79,4.0,20.0,23.0,1689.0,84.0,80.0,4.0,105.0,140.0,9.0,100.0
14.18,4.0,20.0,23.0,1689.0,84.0,80.0,4.0,105.0,140.0,10.0,100.0
15.58,4.0,20.0,23.0,1689.0,84.0,80.0,4.0,105.0,140.0,11.0,100.0
16.99,4.0,20.0,23.0,1689.0,84.0,80.0,4.0,105.0,140.0,12.0,100.0
18.4,4.0,20.0,23.0,1689.0,84.0,80.0,4.0,105.0,140.0,13.0,100.0
0.56,4.0,20.0,23.0,1689.0,84.0,80.0,4.0,105.0,140.0,0.0,1000.0
1.79,4.0,20.0,23.0,1689.0,84.0,80.0,4.0,105.0,140.0,1.0,1000.0
3.06,4.0,20.0,23.0,1689.0,84.0,80.0,4.0,105.0,140.0,2.0,1000.0
4.38,4.0,20.0,23.0,1689.0,84.0,80.0,4.0,105.0,140.0,3.0,1000.0
5.73,4.0,20.0,23.0,1689.0,84.0,80.0,4.0,105.0,140.0,4.0,1000.0
7.13,4.0,20.0,23.0,1689.0,84.0,80.0,4.0,105.0,140.0,5.0,1000.0
8.56,4.0,20.0,23.0,1689.0,84.0,80.0,4.0,105.0,140.0,6.0,1000.0
10.04,4.0,20.0,23.0,1689.0,84.0,80.0,4.0,105.0,140.0,7.0,1000.0
11.56,4.0,20.0,23.0,1689.0,84.0,80.0,4.0,105.0,140.0,8.0,1000.0
13.12,4.0,20.0,23.0,1689.0,84.0,80.0,4.0,105.0,140.0,9.0,1000.0
14.72,4.0,20.0,23.0,1689.0,84.0,80.0,4.0,105.0,140.0,10.0,1000.0
16.37,4.0,20.0,23.0,1689.0,84.0,80.0,4.0,105.0,140.0,11.0,1000.0
18.05,4.0,20.0,23.0,1689.0,84.0,80.0,4.0,105.0,140.0,12.0,1000.0
19.78,4.0,20.0,23.0,1689.0,84.0,80.0,4.0,105.0,140.0,13.0,1000.0
2.93,4.0,20.0,23.0,1689.0,84.0,80.0,4.0,105.0,140.0,0.0,2000.0
5.54,4.0,20.0,23.0,1689.0,84.0,80.0,4.0,105.0,140.0,2.0,2000.0
6.97,4.0,20.0,23.0,1689.0,84.0,80.0,4.0,105.0,140.0,3.0,2000.0
8.49,4.0,20.0,23.0,1689.0,84.0,80.0,4.0,105.0,140.0,4.0,2000.0
10.1,4.0,20.0,23.0,1689.0,84.0,80.0,4.0,105.0,140.0,5.0,2000.0
11.79,4.0,20.0,23.0,1689.0,84.0,80.0,4.0,105.0,140.0,6.0,2000.0
13.57,4.0,20.0,23.0,1689.0,84.0,80.0,4.0,105.0,140.0,7.0,2000.0
15.43,4.0,20.0,23.0,1689.0,84.0,80.0,4.0,105.0,140.0,8.0,2000.0
17.39,4.0,20.0,23.0,1689.0,84.0,80.0,4.0,105.0,140.0,9.0,2000.0
19.42,4.0,20.0,23.0,1689.0,84.0,80.0,4.0,105.0,140.0,10.0,2000.0
21.55,4.0,20.0,23.0,1689.0,84.0,80.0,4.0,105.0,140.0,11.0,2000.0
23.76,4.0,20.0,23.0,1689.0,84.0,80.0,4.0,105.0,140.0,12.0,2000.0
26.05,4.0,20.0,23.0,1689.0,84.0,80.0,4.0,105.0,140.0,13.0,2000.0
28.44,4.0,20.0,23.0,1689.0,84.0,80.0,4.0,105.0,140.0,14.0,2000.0
5.07,4.0,20.0,23.0,1689.0,84.0,80.0,4.0,105.0,140.0,0.0,2500.0
6.4,4.0,20.0,23.0,1689.0,84.0,80.0,4.0,105.0,140.0,1.0,2500.0
7.84,4.0,20.0,23.0,1689.0,84.0,80.0,4.0,105.0,140.0,2.0,2500.0
9.39,4.0,20.0,23.0,1689.0,84.0,80.0,4.0,105.0,140.0,3.0,2500.0
12.83,4.0,20.0,23.0,1689.0,84.0,80.0,4.0,105.0,140.0,5.0,2500.0
14.72,4.0,20.0,23.0,1689.0,84.0,80.0,4.0,105.0,140.0,6.0,2500.0
16.72,4.0,20.0,23.0,1689.0,84.0,80.0,4.0,105.0,140.0,7.0,2500.0
18.83,4.0,20.0,23.0,1689.0,84.0,80.0,4.0,105.0,140.0,8.0,2500.0
21.05,4.0,20.0,23.0,1689.0,84.0,80.0,4.0,105.0,140.0,9.0,2500.0
23.39,4.0,20.0,23.0,1689.0,84.0,80.0,4.0,105.0,140.0,10.0,2500.0
25.83,4.0,20.0,23.0,1689.0,84.0,80.0,4.0,105.0,140.0,11.0,2500.0
28.39,4.0,20.0,23.0,1689.0,84.0,80.0,4.0,105.0,140.0,12.0,2500.0
31.07,4.0,20.0,23.0,1689.0,84.0,80.0,4.0,105.0,140.0,13.0,2500.0
33.85,4.0,20.0,23.0,1689.0,84.0,80.0,4.0,105.0,140.0,14.0,2500.0
7.86,4.0,20.0,23.0,1689.0,84.0,80.0,4.0,105.0,140.0,0.0,3000.0
10.85,4.0,20.0,23.0,1689.0,84.0,80.0,4.0,105.0,140.0,2.0,3000.0
12.56,4.0,20.0,23.0,1689.0,84.0,80.0,4.0,105.0,140.0,3.0,3000.0
14.41,4.0,20.0,23.0,1689.0,84.0,80.0,4.0,105.0,140.0,4.0,3000.0
16.39,4.0,20.0,23.0,1689.0,84.0,80.0,4.0,105.0,140.0,5.0,3000.0
18.52,4.0,20.0,23.0,1689.0,84.0,80.0,4.0,105.0,140.0,6.0,3000.0
20.79,4.0,20.0,23.0,1689.0,84.0,80.0,4.0,105.0,140.0,7.0,3000.0
23.2,4.0,20.0,23.0,1689.0,84.0,80.0,4.0,105.0,140.0,8.0,3000.0
25.74,4.0,20.0,23.0,1689.0,84.0,80.0,4.0,105.0,140.0,9.0,3000.0
31.25,4.0,20.0,23.0,1689.0,84.0,80.0,4.0,105.0,140.0,11.0,3000.0
34.22,4.0,20.0,23.0,1689.0,84.0,80.0,4.0,105.0,140.0,12.0,3000.0
37.33,4.0,20.0,23.0,1689.0,84.0,80.0,4.0,105.0,140.0,13.0,3000.0
40.57,4.0,20.0,23.0,1689.0,84.0,80.0,4.0,105.0,140.0,14.0,3000.0
11.28,4.0,20.0,23.0,1689.0,84.0,80.0,4.0,105.0,140.0,0.0,3500.0
12.85,4.0,20.0,23.0,1689.0,84.0,80.0,4.0,105.0,140.0,1.0,3500.0
14.58,4.0,20.0,23.0,1689.0,84.0,80.0,4.0,105.0,140.0,2.0,3500.0
16.48,4.0,20.0,23.0,1689.0,84.0,80.0,4.0,105.0,140.0,3.0,3500.0
20.79,4.0,20.0,23.0,1689.0,84.0,80.0,4.0,105.0,140.0,5.0,3500.0
23.2,4.0,20.0,23.0,1689.0,84.0,80.0,4.0,105.0,140.0,6.0,3500.0
25.78,4.0,20.0,23.0,1689.0,84.0,80.0,4.0,105.0,140.0,7.0,3500.0
28.53,4.0,20.0,23.0,1689.0,84.0,80.0,4.0,105.0,140.0,8.0,3500.0
31.46,4.0,20.0,23.0,1689.0,84.0,80.0,4.0,105.0,140.0,9.0,3500.0
34.55,4.0,20.0,23.0,1689.0,84.0,80.0,4.0,105.0,140.0,10.0,3500.0
41.24,4.0,20.0,23.0,1689.0,84.0,80.0,4.0,105.0,140.0,12.0,3500.0
44.84,4.0,20.0,23.0,1689.0,84.0,80.0,4.0,105.0,140.0,13.0,3500.0
48.61,4.0,20.0,23.0,1689.0,84.0,80.0,4.0,105.0,140.0,14.0,3500.0
15.35,4.0,20.0,23.0,1689.0,84.0,80.0,4.0,105.0,140.0,0.0,4000.0
17.08,4.0,20.0,23.0,1689.0,84.0,80.0,4.0,105.0,140.0,1.0,4000.0
19.01,4.0,20.0,23.0,1689.0,84.0,80.0,4.0,105.0,140.0,2.0,4000.0
21.15,4.0,20.0,23.0,1689.0,84.0,80.0,4.0,105.0,140.0,3.0,4000.0
23.48,4.0,20.0,23.0,1689.0,84.0,80.0,4.0,105.0,140.0,4.0,4000.0
26.02,4.0,20.0,23.0,1689.0,84.0,80.0,4.0,105.0,140.0,5.0,4000.0
28.76,4.0,20.0,23.0,1689.0,84.0,80.0,4.0,105.0,140.0,6.0,4000.0
31.7,4.0,20.0,23.0,1689.0,84.0,80.0,4.0,105.0,140.0,7.0,4000.0
38.19,4.0,20.0,23.0,1689.0,84.0,80.0,4.0,105.0,140.0,9.0,4000.0
41.74,4.0,20.0,23.0,1689.0,84.0,80.0,4.0,105.0,140.0,10.0,4000.0
45.49,4.0,20.0,23.0,1689.0,84.0,80.0,4.0,105.0,140.0,11.0,4000.0
49.45,4.0,20.0,23.0,1689.0,84.0,80.0,4.0,105.0,140.0,12.0,4000.0
57.96,4.0,20.0,23.0,1689.0,84.0,80.0,4.0,105.0,140.0,14.0,4000.0
20.06,4.0,20.0,23.0,1689.0,84.0,80.0,4.0,105.0,140.0,0.0,4500.0
21.99,4.0,20.0,23.0,1689.0,84.0,80.0,4.0,105.0,140.0,1.0,4500.0
24.16,4.0,20.0,23.0,1689.0,84.0,80.0,4.0,105.0,140.0,2.0,4500.0
29.2,4.0,20.0,23.0,1689.0,84.0,80.0,4.0,105.0,140.0,4.0,4500.0
32.08,4.0,20.0,23.0,1689.0,84.0,80.0,4.0,105.0,140.0,5.0,4500.0
38.54,4.0,20.0,23.0,1689.0,84.0,80.0,4.0,105.0,140.0,7.0,4500.0
42.13,4.0,20.0,23.0,1689.0,84.0,80.0,4.0,105.0,140.0,8.0,4500.0
45.95,4.0,20.0,23.0,1689.0,84.0,80.0,4.0,105.0,140.0,9.0,4500.0
50.01,4.0,20.0,23.0,1689.0,84.0,80.0,4.0,105.0,140.0,10.0,4500.0
54.31,4.0,20.0,23.0,1689.0,84.0,80.0,4.0,105.0,140.0,11.0,4500.0
58.84,4.0,20.0,23.0,1689.0,84.0,80.0,4.0,105.0,140.0,12.0,4500.0
63.61,4.0,20.0,23.0,1689.0,84.0,80.0,4.0,105.0,140.0,13.0,4500.0
68.62,4.0,20.0,23.0,1689.0,84.0,80.0,4.0,105.0,140.0,14.0,4500.0
25.41,4.0,20.0,23.0,1689.0,84.0,80.0,4.0,105.0,140.0,0.0,5000.0
27.58,4.0,20.0,23.0,1689.0,84.0,80.0,4.0,105.0,140.0,1.0,5000.0
30.01,4.0,20.0,23.0,1689.0,84.0,80.0,4.0,105.0,140.0,2.0,5000.0
32.73,4.0,20.0,23.0,1689.0,84.0,80.0,4.0,105.0,140.0,3.0,5000.0
35.71,4.0,20.0,23.0,1689.0,84.0,80.0,4.0,105.0,140.0,4.0,5000.0
38.97,4.0,20.0,23.0,1689.0,84.0,80.0,4.0,105.0,140.0,5.0,5000.0
42.5,4.0,20.0,23.0,1689.0,84.0,80.0,4.0,105.0,140.0,6.0,5000.0
46.31,4.0,20.0,23.0,1689.0,84.0,80.0,4.0,105.0,140.0,7.0,5000.0
50.39,4.0,20.0,23.0,1689.0,84.0,80.0,4.0,105.0,140.0,8.0,5000.0
54.74,4.0,20.0,23.0,1689.0,84.0,80.0,4.0,105.0,140.0,9.0,5000.0
59.36,4.0,20.0,23.0,1689.0,84.0,80.0,4.0,105.0,140.0,10.0,5000.0
64.26,4.0,20.0,23.0,1689.0,84.0,80.0,4.0,105.0,140.0,11.0,5000.0
69.43,4.0,20.0,23.0,1689.0,84.0,80.0,4.0,105.0,140.0,12.0,5000.0
74.87,4.0,20.0,23.0,1689.0,84.0,80.0,4.0,105.0,140.0,13.0,5000.0
80.59,4.0,20.0,23.0,1689.0,84.0,80.0,4.0,105.0,140.0,14.0,5000.0
0.56,4.0,20.0,22.0,1689.0,84.0,80.0,4.0,105.0,140.0,0.0,100.0
1.94,4.0,20.0,22.0,1689.0,84.0,80.0,4.0,105.0,140.0,1.0,100.0
3.3,4.0,20.0,22.0,1689.0,84.0,80.0,4.0,105.0,140.0,2.0,100.0
4.65,4.0,20.0,22.0,1689.0,84.0,80.0,4.0,105.0,140.0,3.0,100.0
5.98,4.0,20.0,22.0,1689.0,84.0,80.0,4.0,105.0,140.0,4.0,100.0
7.29,4.0,20.0,22.0,1689.0,84.0,80.0,4.0,105.0,140.0,5.0,100.0
8.59,4.0,20.0,22.0,1689.0,84.0,80.0,4.0,105.0,140.0,6.0,100.0
9.88,4.0,20.0,22.0,1689.0,84.0,80.0,4.0,105.0,140.0,7.0,100.0
11.14,4.0,20.0,22.0,1689.0,84.0,80.0,4.0,105.0,140.0,8.0,100.0
12.4,4.0,20.0,22.0,1689.0,84.0,80.0,4.0,105.0,140.0,9.0,100.0
13.64,4.0,20.0,22.0,1689.0,84.0,80.0,4.0,105.0,140.0,10.0,100.0
14.86,4.0,20.0,22.0,1689.0,84.0,80.0,4.0,105.0,140.0,11.0,100.0
16.07,4.0,20.0,22.0,1689.0,84.0,80.0,4.0,105.0,140.0,12.0,100.0
17.26,4.0,20.0,22.0,1689.0,84.0,80.0,4.0,105.0,140.0,13.0,100.0
18.44,4.0,20.0,22.0,1689.0,84.0,80.0,4.0,105.0,140.0,14.0,100.0
0.44,4.0,20.0,22.0,1689.0,84.0,80.0,4.0,105.0,140.0,0.0,1000.0
1.79,4.0,20.0,22.0,1689.0,84.0,80.0,4.0,105.0,140.0,1.0,1000.0
3.13,4.0,20.0,22.0,1689.0,84.0,80.0,4.0,105.0,140.0,2.0,1000.0
4.49,4.0,20.0,22.0,1689.0,84.0,80.0,4.0,105.0,140.0,3.0,1000.0
5.85,4.0,20.0,22.0,1689.0,84.0,80.0,4.0,105.0,140.0,4.0,1000.0
7.22,4.0,20.0,22.0,1689.0,84.0,80.0,4.0,105.0,140.0,5.0,1000.0
9.97,4.0,20.0,22.0,1689.0,84.0,80.0,4.0,105.0,140.0,7.0,1000.0
11.36,4.0,20.0,22.0,1689.0,84.0,80.0,4.0,105.0,140.0,8.0,1000.0
12.75,4.0,20.0,22.0,1689.0,84.0,80.0,4.0,105.0,140.0,9.0,1000.0
14.15,4.0,20.0,22.0,1689.0,84.0,80.0,4.0,105.0,140.0,10.0,1000.0
16.98,4.0,20.0,22.0,1689.0,84.0,80.0,4.0,105.0,140.0,12.0,1000.0
18.4,4.0,20.0,22.0,1689.0,84.0,80.0,4.0,105.0,140.0,13.0,1000.0
19.82,4.0,20.0,22.0,1689.0,84.0,80.0,4.0,105.0,140.0,14.0,1000.0
2.78,4.0,20.0,22.0,1689.0,84.0,80.0,4.0,105.0,140.0,0.0,2000.0
4.18,4.0,20.0,22.0,1689.0,84.0,80.0,4.0,105.0,140.0,1.0,2000.0
5.63,4.0,20.0,22.0,1689.0,84.0,80.0,4.0,105.0,140.0,2.0,2000.0
7.11,4.0,20.0,22.0,1689.0,84.0,80.0,4.0,105.0,140.0,3.0,2000.0
8.64,4.0,20.0,22.0,1689.0,84.0,80.0,4.0,105.0,140.0,4.0,2000.0
11.82,4.0,20.0,22.0,1689.0,84.0,80.0,4.0,105.0,140.0,6.0,2000.0
13.47,4.0,20.0,22.0,1689.0,84.0,80.0,4.0,105.0,140.0,7.0,2000.0
15.16,4.0,20.0,22.0,1689.0,84.0,80.0,4.0,105.0,140.0,8.0,2000.0
16.89,4.0,20.0,22.0,1689.0,84.0,80.0,4.0,105.0,140.0,9.0,2000.0
18.66,4.0,20.0,22.0,1689.0,84.0,80.0,4.0,105.0,140.0,10.0,2000.0
22.33,4.0,20.0,22.0,1689.0,84.0,80.0,4.0,105.0,140.0,12.0,2000.0
24.23,4.0,20.0,22.0,1689.0,84.0,80.0,4.0,105.0,140.0,13.0,2000.0
26.17,4.0,20.0,22.0,1689.0,84.0,80.0,4.0,105.0,140.0,14.0,2000.0
6.4,4.0,20.0,22.0,1689.0,84.0,80.0,4.0,105.0,140.0,1.0,2500.0
9.53,4.0,20.0,22.0,1689.0,84.0,80.0,4.0,105.0,140.0,3.0,2500.0
11.19,4.0,20.0,22.0,1689.0,84.0,80.0,4.0,105.0,140.0,4.0,2500.0
12.92,4.0,20.0,22.0,1689.0,84.0,80.0,4.0,105.0,140.0,5.0,2500.0
14.7,4.0,20.0,22.0,1689.0,84.0,80.0,4.0,105.0,140.0,6.0,2500.0
16.55,4.0,20.0,22.0,1689.0,84.0,80.0,4.0,105.0,140.0,7.0,2500.0
18.46,4.0,20.0,22.0,1689.0,84.0,80.0,4.0,105.0,140.0,8.0,2500.0
20.43,4.0,20.0,22.0,1689.0,84.0,80.0,4.0,105.0,140.0,9.0,2500.0
22.47,4.0,20.0,22.0,1689.0,84.0,80.0,4.0,105.0,140.0,10.0,2500.0
24.57,4.0,20.0,22.0,1689.0,84.0,80.0,4.0,105.0,140.0,11.0,2500.0
26.73,4.0,20.0,22.0,1689.0,84.0,80.0,4.0,105.0,140.0,12.0,2500.0
28.95,4.0,20.0,22.0,1689.0,84.0,80.0,4.0,105.0,140.0,13.0,2500.0
31.23,4.0,20.0,22.0,1689.0,84.0,80.0,4.0,105.0,140.0,14.0,2500.0
7.71,4.0,20.0,22.0,1689.0,84.0,80.0,4.0,105.0,140.0,0.0,3000.0
9.29,4.0,20.0,22.0,1689.0,84.0,80.0,4.0,105.0,140.0,1.0,3000.0
10.94,4.0,20.0,22.0,1689.0,84.0,80.0,4.0,105.0,140.0,2.0,3000.0
12.69,4.0,20.0,22.0,1689.0,84.0,80.0,4.0,105.0,140.0,3.0,3000.0
14.52,4.0,20.0,22.0,1689.0,84.0,80.0,4.0,105.0,140.0,4.0,3000.0
16.43,4.0,20.0,22.0,1689.0,84.0,80.0,4.0,105.0,140.0,5.0,3000.0
18.44,4.0,20.0,22.0,1689.0,84.0,80.0,4.0,105.0,140.0,6.0,3000.0
20.53,4.0,20.0,22.0,1689.0,84.0,80.0,4.0,105.0,140.0,7.0,3000.0
24.96,4.0,20.0,22.0,1689.0,84.0,80.0,4.0,105.0,140.0,9.0,3000.0
29.75,4.0,20.0,22.0,1689.0,84.0,80.0,4.0,105.0,140.0,11.0,3000.0
32.27,4.0,20.0,22.0,1689.0,84.0,80.0,4.0,105.0,140.0,12.0,3000.0
34.87,4.0,20.0,22.0,1689.0,84.0,80.0,4.0,105.0,140.0,13.0,3000.0
37.57,4.0,20.0,22.0,1689.0,84.0,80.0,4.0,105.0,140.0,14.0,3000.0
12.85,4.0,20.0,22.0,1689.0,84.0,80.0,4.0,105.0,140.0,1.0,3500.0
14.66,4.0,20.0,22.0,1689.0,84.0,80.0,4.0,105.0,140.0,2.0,3500.0
16.58,4.0,20.0,22.0,1689.0,84.0,80.0,4.0,105.0,140.0,3.0,3500.0
18.61,4.0,20.0,22.0,1689.0,84.0,80.0,4.0,105.0,140.0,4.0,3500.0
20.76,4.0,20.0,22.0,1689.0,84.0,80.0,4.0,105.0,140.0,5.0,3500.0
23.02,4.0,20.0,22.0,1689.0,84.0,80.0,4.0,105.0,140.0,6.0,3500.0
25.39,4.0,20.0,22.0,1689.0,84.0,80.0,4.0,105.0,140.0,7.0,3500.0
27.88,4.0,20.0,22.0,1689.0,84.0,80.0,4.0,105.0,140.0,8.0,3500.0
30.48,4.0,20.0,22.0,1689.0,84.0,80.0,4.0,105.0,140.0,9.0,3500.0
33.19,4.0,20.0,22.0,1689.0,84.0,80.0,4.0,105.0,140.0,10.0,3500.0
36.01,4.0,20.0,22.0,1689.0,84.0,80.0,4.0,105.0,140.0,11.0,3500.0
38.95,4.0,20.0,22.0,1689.0,84.0,80.0,4.0,105.0,140.0,12.0,3500.0
42.0,4.0,20.0,22.0,1689.0,84.0,80.0,4.0,105.0,140.0,13.0,3500.0
45.16,4.0,20.0,22.0,1689.0,84.0,80.0,4.0,105.0,140.0,14.0,3500.0
15.24,4.0,20.0,22.0,1689.0,84.0,80.0,4.0,105.0,140.0,0.0,4000.0
17.09,4.0,20.0,22.0,1689.0,84.0,80.0,4.0,105.0,140.0,1.0,4000.0
21.21,4.0,20.0,22.0,1689.0,84.0,80.0,4.0,105.0,140.0,3.0,4000.0
23.48,4.0,20.0,22.0,1689.0,84.0,80.0,4.0,105.0,140.0,4.0,4000.0
25.9,4.0,20.0,22.0,1689.0,84.0,80.0,4.0,105.0,140.0,5.0,4000.0
28.45,4.0,20.0,22.0,1689.0,84.0,80.0,4.0,105.0,140.0,6.0,4000.0
31.15,4.0,20.0,22.0,1689.0,84.0,80.0,4.0,105.0,140.0,7.0,4000.0
36.98,4.0,20.0,22.0,1689.0,84.0,80.0,4.0,105.0,140.0,9.0,4000.0
40.1,4.0,20.0,22.0,1689.0,84.0,80.0,4.0,105.0,140.0,10.0,4000.0
43.37,4.0,20.0,22.0,1689.0,84.0,80.0,4.0,105.0,140.0,11.0,4000.0
46.78,4.0,20.0,22.0,1689.0,84.0,80.0,4.0,105.0,140.0,12.0,4000.0
50.33,4.0,20.0,22.0,1689.0,84.0,80.0,4.0,105.0,140.0,13.0,4000.0
54.02,4.0,20.0,22.0,1689.0,84.0,80.0,4.0,105.0,140.0,14.0,4000.0
19.98,4.0,20.0,22.0,1689.0,84.0,80.0,4.0,105.0,140.0,0.0,4500.0
22.01,4.0,20.0,22.0,1689.0,84.0,80.0,4.0,105.0,140.0,1.0,4500.0
24.2,4.0,20.0,22.0,1689.0,84.0,80.0,4.0,105.0,140.0,2.0,4500.0
26.58,4.0,20.0,22.0,1689.0,84.0,80.0,4.0,105.0,140.0,3.0,4500.0
29.12,4.0,20.0,22.0,1689.0,84.0,80.0,4.0,105.0,140.0,4.0,4500.0
31.84,4.0,20.0,22.0,1689.0,84.0,80.0,4.0,105.0,140.0,5.0,4500.0
34.74,4.0,20.0,22.0,1689.0,84.0,80.0,4.0,105.0,140.0,6.0,4500.0
37.8,4.0,20.0,22.0,1689.0,84.0,80.0,4.0,105.0,140.0,7.0,4500.0
41.04,4.0,20.0,22.0,1689.0,84.0,80.0,4.0,105.0,140.0,8.0,4500.0
44.46,4.0,20.0,22.0,1689.0,84.0,80.0,4.0,105.0,140.0,9.0,4500.0
48.05,4.0,20.0,22.0,1689.0,84.0,80.0,4.0,105.0,140.0,10.0,4500.0
55.75,4.0,20.0,22.0,1689.0,84.0,80.0,4.0,105.0,140.0,12.0,4500.0
59.86,4.0,20.0,22.0,1689.0,84.0,80.0,4.0,105.0,140.0,13.0,4500.0
64.14,4.0,20.0,22.0,1689.0,84.0,80.0,4.0,105.0,140.0,14.0,4500.0
25.37,4.0,20.0,22.0,1689.0,84.0,80.0,4.0,105.0,140.0,0.0,5000.0
27.6,4.0,20.0,22.0,1689.0,84.0,80.0,4.0,105.0,140.0,1.0,5000.0
30.04,4.0,20.0,22.0,1689.0,84.0,80.0,4.0,105.0,140.0,2.0,5000.0
32.68,4.0,20.0,22.0,1689.0,84.0,80.0,4.0,105.0,140.0,3.0,5000.0
35.53,4.0,20.0,22.0,1689.0,84.0,80.0,4.0,105.0,140.0,4.0,5000.0
38.6,4.0,20.0,22.0,1689.0,84.0,80.0,4.0,105.0,140.0,5.0,5000.0
41.87,4.0,20.0,22.0,1689.0,84.0,80.0,4.0,105.0,140.0,6.0,5000.0
45.34,4.0,20.0,22.0,1689.0,84.0,80.0,4.0,105.0,140.0,7.0,5000.0
49.03,4.0,20.0,22.0,1689.0,84.0,80.0,4.0,105.0,140.0,8.0,5000.0
52.93,4.0,20.0,22.0,1689.0,84.0,80.0,4.0,105.0,140.0,9.0,5000.0
57.03,4.0,20.0,22.0,1689.0,84.0,80.0,4.0,105.0,140.0,10.0,5000.0
61.34,4.0,20.0,22.0,1689.0,84.0,80.0,4.0,105.0,140.0,11.0,5000.0
65.87,4.0,20.0,22.0,1689.0,84.0,80.0,4.0,105.0,140.0,12.0,5000.0
70.59,4.0,20.0,22.0,1689.0,84.0,80.0,4.0,105.0,140.0,13.0,5000.0
75.53,4.0,20.0,22.0,1689.0,84.0,80.0,4.0,105.0,140.0,14.0,5000.0
0.56,4.0,20.0,24.0,1689.0,84.0,80.0,4.0,105.0,140.0,0.0,100.0
1.94,4.0,20.0,24.0,1689.0,84.0,80.0,4.0,105.0,140.0,1.0,100.0
3.3,4.0,20.0,24.0,1689.0,84.0,80.0,4.0,105.0,140.0,2.0,100.0
4.65,4.0,20.0,24.0,1689.0,84.0,80.0,4.0,105.0,140.0,3.0,100.0
5.98,4.0,20.0,24.0,1689.0,84.0,80.0,4.0,105.0,140.0,4.0,100.0
7.29,4.0,20.0,24.0,1689.0,84.0,80.0,4.0,105.0,140.0,5.0,100.0
8.59,4.0,20.0,24.0,1689.0,84.0,80.0,4.0,105.0,140.0,6.0,100.0
9.88,4.0,20.0,24.0,1689.0,84.0,80.0,4.0,105.0,140.0,7.0,100.0
11.14,4.0,20.0,24.0,1689.0,84.0,80.0,4.0,105.0,140.0,8.0,100.0
12.4,4.0,20.0,24.0,1689.0,84.0,80.0,4.0,105.0,140.0,9.0,100.0
13.64,4.0,20.0,24.0,1689.0,84.0,80.0,4.0,105.0,140.0,10.0,100.0
14.86,4.0,20.0,24.0,1689.0,84.0,80.0,4.0,105.0,140.0,11.0,100.0
16.07,4.0,20.0,24.0,1689.0,84.0,80.0,4.0,105.0,140.0,12.0,100.0
17.26,4.0,20.0,24.0,1689.0,84.0,80.0,4.0,105.0,140.0,13.0,100.0
18.44,4.0,20.0,24.0,1689.0,84.0,80.0,4.0,105.0,140.0,14.0,100.0
19.62,4.0,20.0,24.0,1689.0,84.0,80.0,4.0,105.0,140.0,15.0,100.0
20.8,4.0,20.0,24.0,1689.0,84.0,80.0,4.0,105.0,140.0,16.0,100.0
21.98,4.0,20.0,24.0,1689.0,84.0,80.0,4.0,105.0,140.0,17.0,100.0
23.16,4.0,20.0,24.0,1689.0,84.0,80.0,4.0,105.0,140.0,18.0,100.0
24.34,4.0,20.0,24.0,1689.0,84.0,80.0,4.0,105.0,140.0,19.0,100.0
0.44,4.0,20.0,24.0,1689.0,84.0,80.0,4.0,105.0,140.0,0.0,1000.0
1.79,4.0,20.0,24.0,1689.0,84.0,80.0,4.0,105.0,140.0,1.0,1000.0
3.13,4.0,20.0,24.0,1689.0,84.0,80.0,4.0,105.0,140.0,2.0,1000.0
4.49,4.0,20.0,24.0,1689.0,84.0,80.0,4.0,105.0,140.0,3.0,1000.0
5.85,4.0,20.0,24.0,1689.0,84.0,80.0,4.0,105.0,140.0,4.0,1000.0
7.35,4.0,20.0,24.0,1689.0,84.0,80.0,4.0,105.0,140.0,5.0,1000.0
8.72,4.0,20.0,24.0,1689.0,84.0,80.0,4.0,105.0,140.0,6.0,1000.0
10.09,4.0,20.0,24.0,1689.0,84.0,80.0,4.0,105.0,140.0,7.0,1000.0
11.48,4.0,20.0,24.0,1689.0,84.0,80.0,4.0,105.0,140.0,8.0,1000.0
12.86,4.0,20.0,24.0,1689.0,84.0,80.0,4.0,105.0,140.0,9.0,1000.0
14.26,4.0,20.0,24.0,1689.0,84.0,80.0,4.0,105.0,140.0,10.0,1000.0
15.67,4.0,20.0,24.0,1689.0,84.0,80.0,4.0,105.0,140.0,11.0,1000.0
17.08,4.0,20.0,24.0,1689.0,84.0,80.0,4.0,105.0,140.0,12.0,1000.0
18.5,4.0,20.0,24.0,1689.0,84.0,80.0,4.0,105.0,140.0,13.0,1000.0
19.91,4.0,20.0,24.0,1689.0,84.0,80.0,4.0,105.0,140.0,14.0,1000.0
21.32,4.0,20.0,24.0,1689.0,84.0,80.0,4.0,105.0,140.0,15.0,1000.0
22.52,4.0,20.0,24.0,1689.0,84.0,80.0,4.0,105.0,140.0,16.0,1000.0
24.14,4.0,20.0,24.0,1689.0,84.0,80.0,4.0,105.0,140.0,17.0,1000.0
25.55,4.0,20.0,24.0,1689.0,84.0,80.0,4.0,105.0,140.0,18.0,1000.0
26.96,4.0,20.0,24.0,1689.0,84.0,80.0,4.0,105.0,140.0,19.0,1000.0
2.78,4.0,20.0,24.0,1689.0,84.0,80.0,4.0,105.0,140.0,0.0,2000.0
4.18,4.0,20.0,24.0,1689.0,84.0,80.0,4.0,105.0,140.0,1.0,2000.0
5.63,4.0,20.0,24.0,1689.0,84.0,80.0,4.0,105.0,140.0,2.0,2000.0
7.11,4.0,20.0,24.0,1689.0,84.0,80.0,4.0,105.0,140.0,3.0,2000.0
8.64,4.0,20.0,24.0,1689.0,84.0,80.0,4.0,105.0,140.0,4.0,2000.0
11.55,4.0,20.0,24.0,1689.0,84.0,80.0,4.0,105.0,140.0,6.0,2000.0
13.16,4.0,20.0,24.0,1689.0,84.0,80.0,4.0,105.0,140.0,7.0,2000.0
14.8,4.0,20.0,24.0,1689.0,84.0,80.0,4.0,105.0,140.0,8.0,2000.0
16.47,4.0,20.0,24.0,1689.0,84.0,80.0,4.0,105.0,140.0,9.0,2000.0
18.18,4.0,20.0,24.0,1689.0,84.0,80.0,4.0,105.0,140.0,10.0,2000.0
21.71,4.0,20.0,24.0,1689.0,84.0,80.0,4.0,105.0,140.0,12.0,2000.0
23.52,4.0,20.0,24.0,1689.0,84.0,80.0,4.0,105.0,140.0,13.0,2000.0
25.38,4.0,20.0,24.0,1689.0,84.0,80.0,4.0,105.0,140.0,14.0,2000.0
27.24,4.0,20.0,24.0,1689.0,84.0,80.0,4.0,105.0,140.0,15.0,2000.0
29.1,4.0,20.0,24.0,1689.0,84.0,80.0,4.0,105.0,140.0,16.0,2000.0
30.96,4.0,20.0,24.0,1689.0,84.0,80.0,4.0,105.0,140.0,17.0,2000.0
32.82,4.0,20.0,24.0,1689.0,84.0,80.0,4.0,105.0,140.0,18.0,2000.0
4.92,4.0,20.0,24.0,1689.0,84.0,80.0,4.0,105.0,140.0,0.0,2500.0
6.4,4.0,20.0,24.0,1689.0,84.0,80.0,4.0,105.0,140.0,1.0,2500.0
7.93,4.0,20.0,24.0,1689.0,84.0,80.0,4.0,105.0,140.0,2.0,2500.0
9.53,4.0,20.0,24.0,1689.0,84.0,80.0,4.0,105.0,140.0,3.0,2500.0
11.19,4.0,20.0,24.0,1689.0,84.0,80.0,4.0,105.0,140.0,4.0,2500.0
12.75,4.0,20.0,24.0,1689.0,84.0,80.0,4.0,105.0,140.0,5.0,2500.0
14.47,4.0,20.0,24.0,1689.0,84.0,80.0,4.0,105.0,140.0,6.0,2500.0
16.24,4.0,20.0,24.0,1689.0,84.0,80.0,4.0,105.0,140.0,7.0,2500.0
18.05,4.0,20.0,24.0,1689.0,84.0,80.0,4.0,105.0,140.0,8.0,2500.0
21.84,4.0,20.0,24.0,1689.0,84.0,80.0,4.0,105.0,140.0,10.0,2500.0
23.83,4.0,20.0,24.0,1689.0,84.0,80.0,4.0,105.0,140.0,11.0,2500.0
25.85,4.0,20.0,24.0,1689.0,84.0,80.0,4.0,105.0,140.0,12.0,2500.0
27.92,4.0,20.0,24.0,1689.0,84.0,80.0,4.0,105.0,140.0,13.0,2500.0
30.05,4.0,20.0,24.0,1689.0,84.0,80.0,4.0,105.0,140.0,14.0,2500.0
32.18,4.0,20.0,24.0,1689.0,84.0,80.0,4.0,105.0,140.0,15.0,2500.0
36.44,4.0,20.0,24.0,1689.0,84.0,80.0,4.0,105.0,140.0,17.0,2500.0
38.57,4.0,20.0,24.0,1689.0,84.0,80.0,4.0,105.0,140.0,18.0,2500.0
40.7,4.0,20.0,24.0,1689.0,84.0,80.0,4.0,105.0,140.0,19.0,2500.0
7.71,4.0,20.0,24.0,1689.0,84.0,80.0,4.0,105.0,140.0,0.0,3000.0
9.29,4.0,20.0,24.0,1689.0,84.0,80.0,4.0,105.0,140.0,1.0,3000.0
10.94,4.0,20.0,24.0,1689.0,84.0,80.0,4.0,105.0,140.0,2.0,3000.0
12.69,4.0,20.0,24.0,1689.0,84.0,80.0,4.0,105.0,140.0,3.0,3000.0
14.52,4.0,20.0,24.0,1689.0,84.0,80.0,4.0,105.0,140.0,4.0,3000.0
16.38,4.0,20.0,24.0,1689.0,84.0,80.0,4.0,105.0,140.0,5.0,3000.0
18.29,4.0,20.0,24.0,1689.0,84.0,80.0,4.0,105.0,140.0,6.0,3000.0
20.26,4.0,20.0,24.0,1689.0,84.0,80.0,4.0,105.0,140.0,7.0,3000.0
22.28,4.0,20.0,24.0,1689.0,84.0,80.0,4.0,105.0,140.0,8.0,3000.0
26.56,4.0,20.0,24.0,1689.0,84.0,80.0,4.0,105.0,140.0,10.0,3000.0
28.82,4.0,20.0,24.0,1689.0,84.0,80.0,4.0,105.0,140.0,11.0,3000.0
31.12,4.0,20.0,24.0,1689.0,84.0,80.0,4.0,105.0,140.0,12.0,3000.0
33.51,4.0,20.0,24.0,1689.0,84.0,80.0,4.0,105.0,140.0,13.0,3000.0
35.98,4.0,20.0,24.0,1689.0,84.0,80.0,4.0,105.0,140.0,14.0,3000.0
38.45,4.0,20.0,24.0,1689.0,84.0,80.0,4.0,105.0,140.0,15.0,3000.0
43.39,4.0,20.0,24.0,1689.0,84.0,80.0,4.0,105.0,140.0,17.0,3000.0
45.86,4.0,20.0,24.0,1689.0,84.0,80.0,4.0,105.0,140.0,18.0,3000.0
48.33,4.0,20.0,24.0,1689.0,84.0,80.0,4.0,105.0,140.0,19.0,3000.0
11.16,4.0,20.0,24.0,1689.0,84.0,80.0,4.0,105.0,140.0,0.0,3500.0
12.85,4.0,20.0,24.0,1689.0,84.0,80.0,4.0,105.0,140.0,1.0,3500.0
14.66,4.0,20.0,24.0,1689.0,84.0,80.0,4.0,105.0,140.0,2.0,3500.0
16.58,4.0,20.0,24.0,1689.0,84.0,80.0,4.0,105.0,140.0,3.0,3500.0
18.61,4.0,20.0,24.0,1689.0,84.0,80.0,4.0,105.0,140.0,4.0,3500.0
20.83,4.0,20.0,24.0,1689.0,84.0,80.0,4.0,105.0,140.0,5.0,3500.0
22.95,4.0,20.0,24.0,1689.0,84.0,80.0,4.0,105.0,140.0,6.0,3500.0
25.14,4.0,20.0,24.0,1689.0,84.0,80.0,4.0,105.0,140.0,7.0,3500.0
27.43,4.0,20.0,24.0,1689.0,84.0,80.0,4.0,105.0,140.0,8.0,3500.0
29.8,4.0,20.0,24.0,1689.0,84.0,80.0,4.0,105.0,140.0,9.0,3500.0
32.27,4.0,20.0,24.0,1689.0,84.0,80.0,4.0,105.0,140.0,10.0,3500.0
34.82,4.0,20.0,24.0,1689.0,84.0,80.0,4.0,105.0,140.0,11.0,3500.0
37.48,4.0,20.0,24.0,1689.0,84.0,80.0,4.0,105.0,140.0,12.0,3500.0
40.24,4.0,20.0,24.0,1689.0,84.0,80.0,4.0,105.0,140.0,13.0,3500.0
43.08,4.0,20.0,24.0,1689.0,84.0,80.0,4.0,105.0,140.0,14.0,3500.0
45.92,4.0,20.0,24.0,1689.0,84.0,80.0,4.0,105.0,140.0,15.0,3500.0
48.76,4.0,20.0,24.0,1689.0,84.0,80.0,4.0,105.0,140.0,16.0,3500.0
51.6,4.0,20.0,24.0,1689.0,84.0,80.0,4.0,105.0,140.0,17.0,3500.0
54.44,4.0,20.0,24.0,1689.0,84.0,80.0,4.0,105.0,140.0,18.0,3500.0
57.28,4.0,20.0,24.0,1689.0,84.0,80.0,4.0,105.0,140.0,19.0,3500.0
15.24,4.0,20.0,24.0,1689.0,84.0,80.0,4.0,105.0,140.0,0.0,4000.0
17.09,4.0,20.0,24.0,1689.0,84.0,80.0,4.0,105.0,140.0,1.0,4000.0
19.08,4.0,20.0,24.0,1689.0,84.0,80.0,4.0,105.0,140.0,2.0,4000.0
21.21,4.0,20.0,24.0,1689.0,84.0,80.0,4.0,105.0,140.0,3.0,4000.0
23.48,4.0,20.0,24.0,1689.0,84.0,80.0,4.0,105.0,140.0,4.0,4000.0
28.33,4.0,20.0,24.0,1689.0,84.0,80.0,4.0,105.0,140.0,6.0,4000.0
30.81,4.0,20.0,24.0,1689.0,84.0,80.0,4.0,105.0,140.0,7.0,4000.0
33.38,4.0,20.0,24.0,1689.0,84.0,80.0,4.0,105.0,140.0,8.0,4000.0
36.09,4.0,20.0,24.0,1689.0,84.0,80.0,4.0,105.0,140.0,9.0,4000.0
38.89,4.0,20.0,24.0,1689.0,84.0,80.0,4.0,105.0,140.0,10.0,4000.0
41.82,4.0,20.0,24.0,1689.0,84.0,80.0,4.0,105.0,140.0,11.0,4000.0
44.87,4.0,20.0,24.0,1689.0,84.0,80.0,4.0,105.0,140.0,12.0,4000.0
48.03,4.0,20.0,24.0,1689.0,84.0,80.0,4.0,105.0,140.0,13.0,4000.0
51.32,4.0,20.0,24.0,1689.0,84.0,80.0,4.0,105.0,140.0,14.0,4000.0
54.61,4.0,20.0,24.0,1689.0,84.0,80.0,4.0,105.0,140.0,15.0,4000.0
61.19,4.0,20.0,24.0,1689.0,84.0,80.0,4.0,105.0,140.0,17.0,4000.0
67.77,4.0,20.0,24.0,1689.0,84.0,80.0,4.0,105.0,140.0,19.0,4000.0
19.98,4.0,20.0,24.0,1689.0,84.0,80.0,4.0,105.0,140.0,0.0,4500.0
22.01,4.0,20.0,24.0,1689.0,84.0,80.0,4.0,105.0,140.0,1.0,4500.0
24.2,4.0,20.0,24.0,1689.0,84.0,80.0,4.0,105.0,140.0,2.0,4500.0
26.58,4.0,20.0,24.0,1689.0,84.0,80.0,4.0,105.0,140.0,3.0,4500.0
29.12,4.0,20.0,24.0,1689.0,84.0,80.0,4.0,105.0,140.0,4.0,4500.0
31.78,4.0,20.0,24.0,1689.0,84.0,80.0,4.0,105.0,140.0,5.0,4500.0
34.43,4.0,20.0,24.0,1689.0,84.0,80.0,4.0,105.0,140.0,6.0,4500.0
37.21,4.0,20.0,24.0,1689.0,84.0,80.0,4.0,105.0,140.0,7.0,4500.0
40.12,4.0,20.0,24.0,1689.0,84.0,80.0,4.0,105.0,140.0,8.0,4500.0
43.18,4.0,20.0,24.0,1689.0,84.0,80.0,4.0,105.0,140.0,9.0,4500.0
46.38,4.0,20.0,24.0,1689.0,84.0,80.0,4.0,105.0,140.0,10.0,4500.0
49.72,4.0,20.0,24.0,1689.0,84.0,80.0,4.0,105.0,140.0,11.0,4500.0
56.85,4.0,20.0,24.0,1689.0,84.0,80.0,4.0,105.0,140.0,13.0,4500.0
64.41,4.0,20.0,24.0,1689.0,84.0,80.0,4.0,105.0,140.0,15.0,4500.0
68.19,4.0,20.0,24.0,1689.0,84.0,80.0,4.0,105.0,140.0,16.0,4500.0
71.97,4.0,20.0,24.0,1689.0,84.0,80.0,4.0,105.0,140.0,17.0,4500.0
75.75,4.0,20.0,24.0,1689.0,84.0,80.0,4.0,105.0,140.0,18.0,4500.0
79.53,4.0,20.0,24.0,1689.0,84.0,80.0,4.0,105.0,140.0,19.0,4500.0
25.37,4.0,20.0,24.0,1689.0,84.0,80.0,4.0,105.0,140.0,0.0,5000.0
30.04,4.0,20.0,24.0,1689.0,84.0,80.0,4.0,105.0,140.0,2.0,5000.0
35.53,4.0,20.0,24.0,1689.0,84.0,80.0,4.0,105.0,140.0,4.0,5000.0
41.14,4.0,20.0,24.0,1689.0,84.0,80.0,4.0,105.0,140.0,6.0,5000.0
44.27,4.0,20.0,24.0,1689.0,84.0,80.0,4.0,105.0,140.0,7.0,5000.0
47.57,4.0,20.0,24.0,1689.0,84.0,80.0,4.0,105.0,140.0,8.0,5000.0
51.04,4.0,20.0,24.0,1689.0,84.0,80.0,4.0,105.0,140.0,9.0,5000.0
54.67,4.0,20.0,24.0,1689.0,84.0,80.0,4.0,105.0,140.0,10.0,5000.0
58.48,4.0,20.0,24.0,1689.0,84.0,80.0,4.0,105.0,140.0,11.0,5000.0
62.46,4.0,20.0,24.0,1689.0,84.0,80.0,4.0,105.0,140.0,12.0,5000.0
66.63,4.0,20.0,24.0,1689.0,84.0,80.0,4.0,105.0,140.0,13.0,5000.0
70.97,4.0,20.0,24.0,1689.0,84.0,80.0,4.0,105.0,140.0,14.0,5000.0
75.31,4.0,20.0,24.0,1689.0,84.0,80.0,4.0,105.0,140.0,15.0,5000.0
79.65,4.0,20.0,24.0,1689.0,84.0,80.0,4.0,105.0,140.0,16.0,5000.0
83.99,4.0,20.0,24.0,1689.0,84.0,80.0,4.0,105.0,140.0,17.0,5000.0
88.33,4.0,20.0,24.0,1689.0,84.0,80.0,4.0,105.0,140.0,18.0,5000.0
92.67,4.0,20.0,24.0,1689.0,84.0,80.0,4.0,105.0,140.0,19.0,5000.0
0.59,4.0,20.0,24.0,1858.0,92.4,80.0,4.0,105.0,140.0,0.0,100.0
2.04,4.0,20.0,24.0,1858.0,92.4,80.0,4.0,105.0,140.0,1.0,100.0
3.47,4.0,20.0,24.0,1858.0,92.4,80.0,4.0,105.0,140.0,2.0,100.0
4.88,4.0,20.0,24.0,1858.0,92.4,80.0,4.0,105.0,140.0,3.0,100.0
6.28,4.0,20.0,24.0,1858.0,92.4,80.0,4.0,105.0,140.0,4.0,100.0
7.65,4.0,20.0,24.0,1858.0,92.4,80.0,4.0,105.0,140.0,5.0,100.0
9.02,4.0,20.0,24.0,1858.0,92.4,80.0,4.0,105.0,140.0,6.0,100.0
10.37,4.0,20.0,24.0,1858.0,92.4,80.0,4.0,105.0,140.0,7.0,100.0
11.7,4.0,20.0,24.0,1858.0,92.4,80.0,4.0,105.0,140.0,8.0,100.0
13.02,4.0,20.0,24.0,1858.0,92.4,80.0,4.0,105.0,140.0,9.0,100.0
14.32,4.0,20.0,24.0,1858.0,92.4,80.0,4.0,105.0,140.0,10.0,100.0
15.6,4.0,20.0,24.0,1858.0,92.4,80.0,4.0,105.0,140.0,11.0,100.0
16.87,4.0,20.0,24.0,1858.0,92.4,80.0,4.0,105.0,140.0,12.0,100.0
18.12,4.0,20.0,24.0,1858.0,92.4,80.0,4.0,105.0,140.0,13.0,100.0
19.36,4.0,20.0,24.0,1858.0,92.4,80.0,4.0,105.0,140.0,14.0,100.0
20.6,4.0,20.0,24.0,1858.0,92.4,80.0,4.0,105.0,140.0,15.0,100.0
21.84,4.0,20.0,24.0,1858.0,92.4,80.0,4.0,105.0,140.0,16.0,100.0
23.08,4.0,20.0,24.0,1858.0,92.4,80.0,4.0,105.0,140.0,17.0,100.0
24.32,4.0,20.0,24.0,1858.0,92.4,80.0,4.0,105.0,140.0,18.0,100.0
25.56,4.0,20.0,24.0,1858.0,92.4,80.0,4.0,105.0,140.0,19.0,100.0
0.46,4.0,20.0,24.0,1858.0,92.4,80.0,4.0,105.0,140.0,0.0,1000.0
3.29,4.0,20.0,24.0,1858.0,92.4,80.0,4.0,105.0,140.0,2.0,1000.0
4.71,4.0,20.0,24.0,1858.0,92.4,80.0,4.0,105.0,140.0,3.0,1000.0
6.14,4.0,20.0,24.0,1858.0,92.4,80.0,4.0,105.0,140.0,4.0,1000.0
7.72,4.0,20.0,24.0,1858.0,92.4,80.0,4.0,105.0,140.0,5.0,1000.0
9.16,4.0,20.0,24.0,1858.0,92.4,80.0,4.0,105.0,140.0,6.0,1000.0
10.59,4.0,20.0,24.0,1858.0,92.4,80.0,4.0,105.0,140.0,7.0,1000.0
12.05,4.0,20.0,24.0,1858.0,92.4,80.0,4.0,105.0,140.0,8.0,1000.0
13.5,4.0,20.0,24.0,1858.0,92.4,80.0,4.0,105.0,140.0,9.0,1000.0
14.97,4.0,20.0,24.0,1858.0,92.4,80.0,4.0,105.0,140.0,10.0,1000.0
16.45,4.0,20.0,24.0,1858.0,92.4,80.0,4.0,105.0,140.0,11.0,1000.0
17.93,4.0,20.0,24.0,1858.0,92.4,80.0,4.0,105.0,140.0,12.0,1000.0
19.43,4.0,20.0,24.0,1858.0,92.4,80.0,4.0,105.0,140.0,13.0,1000.0
20.91,4.0,20.0,24.0,1858.0,92.4,80.0,4.0,105.0,140.0,14.0,1000.0
22.39,4.0,20.0,24.0,1858.0,92.4,80.0,4.0,105.0,140.0,15.0,1000.0
23.65,4.0,20.0,24.0,1858.0,92.4,80.0,4.0,105.0,140.0,16.0,1000.0
25.35,4.0,20.0,24.0,1858.0,92.4,80.0,4.0,105.0,140.0,17.0,1000.0
26.83,4.0,20.0,24.0,1858.0,92.4,80.0,4.0,105.0,140.0,18.0,1000.0
28.31,4.0,20.0,24.0,1858.0,92.4,80.0,4.0,105.0,140.0,19.0,1000.0
2.92,4.0,20.0,24.0,1858.0,92.4,80.0,4.0,105.0,140.0,0.0,2000.0
4.39,4.0,20.0,24.0,1858.0,92.4,80.0,4.0,105.0,140.0,1.0,2000.0
5.91,4.0,20.0,24.0,1858.0,92.4,80.0,4.0,105.0,140.0,2.0,2000.0
7.47,4.0,20.0,24.0,1858.0,92.4,80.0,4.0,105.0,140.0,3.0,2000.0
9.07,4.0,20.0,24.0,1858.0,92.4,80.0,4.0,105.0,140.0,4.0,2000.0
10.47,4.0,20.0,24.0,1858.0,92.4,80.0,4.0,105.0,140.0,5.0,2000.0
12.13,4.0,20.0,24.0,1858.0,92.4,80.0,4.0,105.0,140.0,6.0,2000.0
13.82,4.0,20.0,24.0,1858.0,92.4,80.0,4.0,105.0,140.0,7.0,2000.0
15.54,4.0,20.0,24.0,1858.0,92.4,80.0,4.0,105.0,140.0,8.0,2000.0
17.29,4.0,20.0,24.0,1858.0,92.4,80.0,4.0,105.0,140.0,9.0,2000.0
19.09,4.0,20.0,24.0,1858.0,92.4,80.0,4.0,105.0,140.0,10.0,2000.0
20.93,4.0,20.0,24.0,1858.0,92.4,80.0,4.0,105.0,140.0,11.0,2000.0
22.8,4.0,20.0,24.0,1858.0,92.4,80.0,4.0,105.0,140.0,12.0,2000.0
24.7,4.0,20.0,24.0,1858.0,92.4,80.0,4.0,105.0,140.0,13.0,2000.0
26.65,4.0,20.0,24.0,1858.0,92.4,80.0,4.0,105.0,140.0,14.0,2000.0
28.6,4.0,20.0,24.0,1858.0,92.4,80.0,4.0,105.0,140.0,15.0,2000.0
30.56,4.0,20.0,24.0,1858.0,92.4,80.0,4.0,105.0,140.0,16.0,2000.0
32.51,4.0,20.0,24.0,1858.0,92.4,80.0,4.0,105.0,140.0,17.0,2000.0
34.46,4.0,20.0,24.0,1858.0,92.4,80.0,4.0,105.0,140.0,18.0,2000.0
36.41,4.0,20.0,24.0,1858.0,92.4,80.0,4.0,105.0,140.0,19.0,2000.0
5.17,4.0,20.0,24.0,1858.0,92.4,80.0,4.0,105.0,140.0,0.0,2500.0
6.72,4.0,20.0,24.0,1858.0,92.4,80.0,4.0,105.0,140.0,1.0,2500.0
8.33,4.0,20.0,24.0,1858.0,92.4,80.0,4.0,105.0,140.0,2.0,2500.0
10.01,4.0,20.0,24.0,1858.0,92.4,80.0,4.0,105.0,140.0,3.0,2500.0
11.75,4.0,20.0,24.0,1858.0,92.4,80.0,4.0,105.0,140.0,4.0,2500.0
13.39,4.0,20.0,24.0,1858.0,92.4,80.0,4.0,105.0,140.0,5.0,2500.0
15.19,4.0,20.0,24.0,1858.0,92.4,80.0,4.0,105.0,140.0,6.0,2500.0
17.05,4.0,20.0,24.0,1858.0,92.4,80.0,4.0,105.0,140.0,7.0,2500.0
18.95,4.0,20.0,24.0,1858.0,92.4,80.0,4.0,105.0,140.0,8.0,2500.0
20.92,4.0,20.0,24.0,1858.0,92.4,80.0,4.0,105.0,140.0,9.0,2500.0
22.93,4.0,20.0,24.0,1858.0,92.4,80.0,4.0,105.0,140.0,10.0,2500.0
25.02,4.0,20.0,24.0,1858.0,92.4,80.0,4.0,105.0,140.0,11.0,2500.0
27.14,4.0,20.0,24.0,1858.0,92.4,80.0,4.0,105.0,140.0,12.0,2500.0
29.32,4.0,20.0,24.0,1858.0,92.4,80.0,4.0,105.0,140.0,13.0,2500.0
31.55,4.0,20.0,24.0,1858.0,92.4,80.0,4.0,105.0,140.0,14.0,2500.0
33.79,4.0,20.0,24.0,1858.0,92.4,80.0,4.0,105.0,140.0,15.0,2500.0
36.03,4.0,20.0,24.0,1858.0,92.4,80.0,4.0,105.0,140.0,16.0,2500.0
38.26,4.0,20.0,24.0,1858.0,92.4,80.0,4.0,105.0,140.0,17.0,2500.0
40.5,4.0,20.0,24.0,1858.0,92.4,80.0,4.0,105.0,140.0,18.0,2500.0
42.74,4.0,20.0,24.0,1858.0,92.4,80.0,4.0,105.0,140.0,19.0,2500.0
8.1,4.0,20.0,24.0,1858.0,92.4,80.0,4.0,105.0,140.0,0.0,3000.0
9.75,4.0,20.0,24.0,1858.0,92.4,80.0,4.0,105.0,140.0,1.0,3000.0
11.49,4.0,20.0,24.0,1858.0,92.4,80.0,4.0,105.0,140.0,2.0,3000.0
13.32,4.0,20.0,24.0,1858.0,92.4,80.0,4.0,105.0,140.0,3.0,3000.0
15.25,4.0,20.0,24.0,1858.0,92.4,80.0,4.0,105.0,140.0,4.0,3000.0
17.2,4.0,20.0,24.0,1858.0,92.4,80.0,4.0,105.0,140.0,5.0,3000.0
19.2,4.0,20.0,24.0,1858.0,92.4,80.0,4.0,105.0,140.0,6.0,3000.0
21.27,4.0,20.0,24.0,1858.0,92.4,80.0,4.0,105.0,140.0,7.0,3000.0
23.39,4.0,20.0,24.0,1858.0,92.4,80.0,4.0,105.0,140.0,8.0,3000.0
25.61,4.0,20.0,24.0,1858.0,92.4,80.0,4.0,105.0,140.0,9.0,3000.0
27.89,4.0,20.0,24.0,1858.0,92.4,80.0,4.0,105.0,140.0,10.0,3000.0
32.68,4.0,20.0,24.0,1858.0,92.4,80.0,4.0,105.0,140.0,12.0,3000.0
35.19,4.0,20.0,24.0,1858.0,92.4,80.0,4.0,105.0,140.0,13.0,3000.0
37.78,4.0,20.0,24.0,1858.0,92.4,80.0,4.0,105.0,140.0,14.0,3000.0
40.37,4.0,20.0,24.0,1858.0,92.4,80.0,4.0,105.0,140.0,15.0,3000.0
45.56,4.0,20.0,24.0,1858.0,92.4,80.0,4.0,105.0,140.0,17.0,3000.0
48.15,4.0,20.0,24.0,1858.0,92.4,80.0,4.0,105.0,140.0,18.0,3000.0
50.75,4.0,20.0,24.0,1858.0,92.4,80.0,4.0,105.0,140.0,19.0,3000.0
11.72,4.0,20.0,24.0,1858.0,92.4,80.0,4.0,105.0,140.0,0.0,3500.0
13.49,4.0,20.0,24.0,1858.0,92.4,80.0,4.0,105.0,140.0,1.0,3500.0
15.39,4.0,20.0,24.0,1858.0,92.4,80.0,4.0,105.0,140.0,2.0,3500.0
17.41,4.0,20.0,24.0,1858.0,92.4,80.0,4.0,105.0,140.0,3.0,3500.0
24.1,4.0,20.0,24.0,1858.0,92.4,80.0,4.0,105.0,140.0,6.0,3500.0
26.4,4.0,20.0,24.0,1858.0,92.4,80.0,4.0,105.0,140.0,7.0,3500.0
28.8,4.0,20.0,24.0,1858.0,92.4,80.0,4.0,105.0,140.0,8.0,3500.0
31.29,4.0,20.0,24.0,1858.0,92.4,80.0,4.0,105.0,140.0,9.0,3500.0
33.88,4.0,20.0,24.0,1858.0,92.4,80.0,4.0,105.0,140.0,10.0,3500.0
36.56,4.0,20.0,24.0,1858.0,92.4,80.0,4.0,105.0,140.0,11.0,3500.0
42.25,4.0,20.0,24.0,1858.0,92.4,80.0,4.0,105.0,140.0,13.0,3500.0
45.23,4.0,20.0,24.0,1858.0,92.4,80.0,4.0,105.0,140.0,14.0,3500.0
48.22,4.0,20.0,24.0,1858.0,92.4,80.0,4.0,105.0,140.0,15.0,3500.0
51.2,4.0,20.0,24.0,1858.0,92.4,80.0,4.0,105.0,140.0,16.0,3500.0
54.18,4.0,20.0,24.0,1858.0,92.4,80.0,4.0,105.0,140.0,17.0,3500.0
60.14,4.0,20.0,24.0,1858.0,92.4,80.0,4.0,105.0,140.0,19.0,3500.0
16.0,4.0,20.0,24.0,1858.0,92.4,80.0,4.0,105.0,140.0,0.0,4000.0
17.94,4.0,20.0,24.0,1858.0,92.4,80.0,4.0,105.0,140.0,1.0,4000.0
20.03,4.0,20.0,24.0,1858.0,92.4,80.0,4.0,105.0,140.0,2.0,4000.0
22.27,4.0,20.0,24.0,1858.0,92.4,80.0,4.0,105.0,140.0,3.0,4000.0
24.65,4.0,20.0,24.0,1858.0,92.4,80.0,4.0,105.0,140.0,4.0,4000.0
27.27,4.0,20.0,24.0,1858.0,92.4,80.0,4.0,105.0,140.0,5.0,4000.0
29.75,4.0,20.0,24.0,1858.0,92.4,80.0,4.0,105.0,140.0,6.0,4000.0
32.35,4.0,20.0,24.0,1858.0,92.4,80.0,4.0,105.0,140.0,7.0,4000.0
35.05,4.0,20.0,24.0,1858.0,92.4,80.0,4.0,105.0,140.0,8.0,4000.0
37.89,4.0,20.0,24.0,1858.0,92.4,80.0,4.0,105.0,140.0,9.0,4000.0
40.83,4.0,20.0,24.0,1858.0,92.4,80.0,4.0,105.0,140.0,10.0,4000.0
43.91,4.0,20.0,24.0,1858.0,92.4,80.0,4.0,105.0,140.0,11.0,4000.0
47.11,4.0,20.0,24.0,1858.0,92.4,80.0,4.0,105.0,140.0,12.0,4000.0
50.43,4.0,20.0,24.0,1858.0,92.4,80.0,4.0,105.0,140.0,13.0,4000.0
53.89,4.0,20.0,24.0,1858.0,92.4,80.0,4.0,105.0,140.0,14.0,4000.0
57.34,4.0,20.0,24.0,1858.0,92.4,80.0,4.0,105.0,140.0,15.0,4000.0
60.79,4.0,20.0,24.0,1858.0,92.4,80.0,4.0,105.0,140.0,16.0,4000.0
64.25,4.0,20.0,24.0,1858.0,92.4,80.0,4.0,105.0,140.0,17.0,4000.0
67.7,4.0,20.0,24.0,1858.0,92.4,80.0,4.0,105.0,140.0,18.0,4000.0
71.16,4.0,20.0,24.0,1858.0,92.4,80.0,4.0,105.0,140.0,19.0,4000.0
20.98,4.0,20.0,24.0,1858.0,92.4,80.0,4.0,105.0,140.0,0.0,4500.0
25.41,4.0,20.0,24.0,1858.0,92.4,80.0,4.0,105.0,140.0,2.0,4500.0
27.91,4.0,20.0,24.0,1858.0,92.4,80.0,4.0,105.0,140.0,3.0,4500.0
30.58,4.0,20.0,24.0,1858.0,92.4,80.0,4.0,105.0,140.0,4.0,4500.0
33.37,4.0,20.0,24.0,1858.0,92.4,80.0,4.0,105.0,140.0,5.0,4500.0
36.15,4.0,20.0,24.0,1858.0,92.4,80.0,4.0,105.0,140.0,6.0,4500.0
42.13,4.0,20.0,24.0,1858.0,92.4,80.0,4.0,105.0,140.0,8.0,4500.0
45.34,4.0,20.0,24.0,1858.0,92.4,80.0,4.0,105.0,140.0,9.0,4500.0
48.7,4.0,20.0,24.0,1858.0,92.4,80.0,4.0,105.0,140.0,10.0,4500.0
52.21,4.0,20.0,24.0,1858.0,92.4,80.0,4.0,105.0,140.0,11.0,4500.0
55.87,4.0,20.0,24.0,1858.0,92.4,80.0,4.0,105.0,140.0,12.0,4500.0
59.69,4.0,20.0,24.0,1858.0,92.4,80.0,4.0,105.0,140.0,13.0,4500.0
67.63,4.0,20.0,24.0,1858.0,92.4,80.0,4.0,105.0,140.0,15.0,4500.0
71.6,4.0,20.0,24.0,1858.0,92.4,80.0,4.0,105.0,140.0,16.0,4500.0
75.57,4.0,20.0,24.0,1858.0,92.4,80.0,4.0,105.0,140.0,17.0,4500.0
79.54,4.0,20.0,24.0,1858.0,92.4,80.0,4.0,105.0,140.0,18.0,4500.0
83.51,4.0,20.0,24.0,1858.0,92.4,80.0,4.0,105.0,140.0,19.0,4500.0
26.64,4.0,20.0,24.0,1858.0,92.4,80.0,4.0,105.0,140.0,0.0,5000.0
28.98,4.0,20.0,24.0,1858.0,92.4,80.0,4.0,105.0,140.0,1.0,5000.0
31.54,4.0,20.0,24.0,1858.0,92.4,80.0,4.0,105.0,140.0,2.0,5000.0
34.31,4.0,20.0,24.0,1858.0,92.4,80.0,4.0,105.0,140.0,3.0,5000.0
37.31,4.0,20.0,24.0,1858.0,92.4,80.0,4.0,105.0,140.0,4.0,5000.0
40.08,4.0,20.0,24.0,1858.0,92.4,80.0,4.0,105.0,140.0,5.0,5000.0
43.2,4.0,20.0,24.0,1858.0,92.4,80.0,4.0,105.0,140.0,6.0,5000.0
46.48,4.0,20.0,24.0,1858.0,92.4,80.0,4.0,105.0,140.0,7.0,5000.0
49.95,4.0,20.0,24.0,1858.0,92.4,80.0,4.0,105.0,140.0,8.0,5000.0
53.59,4.0,20.0,24.0,1858.0,92.4,80.0,4.0,105.0,140.0,9.0,5000.0
61.4,4.0,20.0,24.0,1858.0,92.4,80.0,4.0,105.0,140.0,11.0,5000.0
65.58,4.0,20.0,24.0,1858.0,92.4,80.0,4.0,105.0,140.0,12.0,5000.0
69.96,4.0,20.0,24.0,1858.0,92.4,80.0,4.0,105.0,140.0,13.0,5000.0
74.52,4.0,20.0,24.0,1858.0,92.4,80.0,4.0,105.0,140.0,14.0,5000.0
83.63,4.0,20.0,24.0,1858.0,92.4,80.0,4.0,105.0,140.0,16.0,5000.0
88.19,4.0,20.0,24.0,1858.0,92.4,80.0,4.0,105.0,140.0,17.0,5000.0
92.75,4.0,20.0,24.0,1858.0,92.4,80.0,4.0,105.0,140.0,18.0,5000.0
97.3,4.0,20.0,24.0,1858.0,92.4,80.0,4.0,105.0,140.0,19.0,5000.0
