0,1,2,3,4,5,6,7,8
15.0,0.0,455.0,365.0,95.0,514.0,0.2245,101.0,0.15
7.0,0.0,0.35,265.0,0.09,0.2255,0.0995,0.0485,0.07
9.0,1.0,0.53,0.42,135.0,677.0,0.2565,0.1415,0.21
10.0,0.0,0.44,365.0,125.0,516.0,0.2155,114.0,155.0
7.0,2.0,0.33,255.0,0.08,205.0,0.0895,0.0395,55.0
8.0,2.0,425.0,0.3,95.0,0.3515,141.0,0.0775,0.12
20.0,1.0,0.53,415.0,0.15,0.7775,237.0,0.1415,0.33
16.0,1.0,545.0,425.0,125.0,768.0,294.0,0.1495,0.26
9.0,0.0,475.0,0.37,125.0,0.5095,0.2165,0.1125,165.0
19.0,1.0,0.55,0.44,0.15,0.8945,0.3145,151.0,0.32
14.0,1.0,525.0,0.38,0.14,0.6065,194.0,0.1475,0.21
10.0,0.0,0.43,0.35,0.11,406.0,0.1675,81.0,135.0
11.0,0.0,0.49,0.38,135.0,0.5415,0.2175,95.0,0.19
10.0,1.0,535.0,405.0,145.0,0.6845,0.2725,171.0,205.0
10.0,1.0,0.47,355.0,0.1,0.4755,0.1675,0.0805,185.0
12.0,0.0,0.5,0.4,0.13,0.6645,258.0,133.0,0.24
7.0,2.0,355.0,0.28,85.0,0.2905,95.0,0.0395,115.0
10.0,1.0,0.44,0.34,0.1,451.0,188.0,87.0,0.13
9.0,0.0,0.45,0.32,0.1,381.0,0.1705,75.0,115.0
11.0,0.0,355.0,0.28,95.0,0.2455,0.0955,62.0,75.0
12.0,1.0,565.0,0.44,155.0,0.9395,0.4275,214.0,0.27
9.0,1.0,0.55,415.0,135.0,0.7635,318.0,0.21,0.2
11.0,1.0,0.56,0.44,0.14,0.9285,0.3825,188.0,0.3
11.0,1.0,0.58,0.45,185.0,0.9955,0.3945,272.0,285.0
12.0,0.0,0.59,445.0,0.14,931.0,356.0,234.0,0.28
15.0,0.0,605.0,475.0,0.18,0.9365,394.0,219.0,295.0
11.0,0.0,575.0,425.0,0.14,0.8635,393.0,227.0,0.2
10.0,0.0,0.58,0.47,165.0,0.9975,0.3935,242.0,0.33
15.0,1.0,0.68,0.56,165.0,1639.0,0.6055,0.2805,0.46
18.0,0.0,665.0,525.0,165.0,1338.0,0.5515,0.3575,0.35
19.0,1.0,0.68,0.55,175.0,1798.0,815.0,0.3925,455.0
13.0,1.0,705.0,0.55,0.2,1.7095,633.0,0.4115,0.49
8.0,0.0,465.0,355.0,105.0,0.4795,227.0,124.0,125.0
16.0,1.0,0.54,475.0,155.0,1217.0,0.5305,0.3075,0.34
8.0,1.0,0.45,355.0,105.0,0.5225,237.0,0.1165,145.0
11.0,1.0,575.0,445.0,135.0,883.0,381.0,0.2035,0.26
9.0,0.0,355.0,0.29,0.09,0.3275,134.0,86.0,0.09
9.0,1.0,0.45,335.0,105.0,425.0,0.1865,91.0,115.0
14.0,1.0,0.55,425.0,135.0,0.8515,362.0,196.0,0.27
5.0,2.0,205.0,0.15,55.0,42.0,0.0255,15.0,12.0
4.0,2.0,0.21,0.15,0.05,42.0,0.0175,0.0125,15.0
7.0,2.0,0.39,295.0,95.0,203.0,0.0875,45.0,75.0
9.0,0.0,0.47,0.37,0.12,0.5795,293.0,227.0,0.14
7.0,1.0,0.46,375.0,0.12,0.4605,0.1775,0.11,0.15
6.0,2.0,325.0,245.0,0.07,161.0,0.0755,0.0255,45.0
8.0,2.0,0.52,0.41,0.12,595.0,0.2385,111.0,0.19
7.0,0.0,0.4,0.32,95.0,303.0,0.1335,0.06,0.1
10.0,0.0,485.0,0.36,0.13,0.5415,0.2595,96.0,0.16
10.0,1.0,0.47,0.36,0.12,0.4775,0.2105,0.1055,0.15
7.0,0.0,405.0,0.31,0.1,385.0,173.0,0.0915,0.11
8.0,1.0,0.5,0.4,0.14,0.6615,0.2565,0.1755,0.22
8.0,0.0,445.0,0.35,0.12,0.4425,192.0,0.0955,135.0
8.0,0.0,0.47,385.0,135.0,0.5895,0.2765,0.12,0.17
4.0,2.0,245.0,0.19,0.06,86.0,42.0,14.0,25.0
7.0,1.0,505.0,0.4,125.0,583.0,246.0,0.13,175.0
9.0,0.0,505.0,405.0,0.11,625.0,305.0,0.16,175.0
10.0,1.0,0.53,0.41,0.13,0.6965,302.0,0.1935,0.2
7.0,0.0,425.0,325.0,95.0,0.3785,0.1705,0.08,0.1
8.0,0.0,0.52,0.4,0.12,0.58,234.0,0.1315,185.0
8.0,0.0,475.0,355.0,0.12,0.48,234.0,0.1015,135.0
12.0,1.0,565.0,0.44,0.16,915.0,354.0,0.1935,0.32
13.0,1.0,595.0,495.0,185.0,1285.0,416.0,224.0,485.0
6.0,2.0,0.31,235.0,0.07,151.0,63.0,0.0405,45.0
13.0,0.0,555.0,425.0,0.13,0.7665,264.0,168.0,275.0
8.0,1.0,0.4,0.32,0.11,353.0,0.1405,0.0985,0.1
11.0,0.0,0.57,0.48,175.0,1185.0,474.0,261.0,0.38
13.0,1.0,605.0,0.45,195.0,1098.0,481.0,0.2895,315.0
15.0,1.0,0.6,475.0,0.15,1.0075,0.4425,221.0,0.28
9.0,0.0,595.0,475.0,0.14,944.0,0.3625,189.0,315.0
11.0,1.0,555.0,425.0,0.14,788.0,282.0,0.1595,285.0
14.0,1.0,615.0,475.0,0.17,1.1025,0.4695,0.2355,345.0
9.0,1.0,575.0,445.0,0.14,941.0,0.3845,252.0,285.0
12.0,0.0,0.62,0.51,175.0,1615.0,0.5105,192.0,675.0
21.0,0.0,595.0,475.0,0.16,1.3175,408.0,234.0,0.58
14.0,0.0,0.58,0.45,0.14,1013.0,0.38,216.0,0.36
12.0,1.0,0.57,465.0,0.18,1295.0,339.0,0.2225,0.44
13.0,0.0,625.0,465.0,0.14,1195.0,0.4825,205.0,0.4
10.0,0.0,0.56,0.44,0.16,0.8645,0.3305,0.2075,0.26
9.0,1.0,0.46,355.0,0.13,517.0,0.2205,114.0,165.0
12.0,1.0,575.0,0.45,0.16,0.9775,0.3135,231.0,0.33
15.0,0.0,565.0,425.0,135.0,0.8115,341.0,0.1675,255.0
12.0,0.0,555.0,0.44,0.15,755.0,307.0,0.1525,0.26
13.0,0.0,595.0,465.0,175.0,1115.0,0.4015,254.0,0.39
10.0,1.0,625.0,495.0,165.0,1262.0,507.0,318.0,0.39
15.0,0.0,695.0,0.56,0.19,1494.0,588.0,0.3425,485.0
14.0,0.0,665.0,535.0,195.0,1606.0,0.5755,388.0,0.48
9.0,0.0,535.0,435.0,0.15,725.0,269.0,0.1385,0.25
8.0,0.0,0.47,375.0,0.13,523.0,214.0,132.0,145.0
7.0,0.0,0.47,0.37,0.13,0.5225,201.0,133.0,165.0
7.0,2.0,0.36,265.0,95.0,0.2315,105.0,46.0,75.0
15.0,0.0,0.55,435.0,145.0,843.0,328.0,0.1915,255.0
15.0,0.0,0.53,435.0,0.16,883.0,316.0,164.0,335.0
10.0,0.0,0.53,415.0,0.14,724.0,0.3105,0.1675,205.0
12.0,0.0,605.0,0.47,0.16,1.1735,0.4975,0.2405,345.0
12.0,1.0,0.52,0.41,155.0,727.0,291.0,0.1835,235.0
11.0,1.0,545.0,0.43,165.0,802.0,0.2935,183.0,0.28
10.0,1.0,0.5,0.4,125.0,0.6675,261.0,0.1315,0.22
9.0,1.0,0.51,0.39,135.0,0.6335,231.0,179.0,0.2
9.0,1.0,435.0,395.0,105.0,0.3635,136.0,98.0,0.13
9.0,0.0,495.0,395.0,125.0,0.5415,0.2375,0.1345,155.0
9.0,0.0,465.0,0.36,105.0,431.0,172.0,107.0,175.0
9.0,0.0,425.0,0.35,105.0,393.0,0.13,63.0,165.0
11.0,1.0,545.0,0.41,125.0,0.6935,0.2975,146.0,0.21
11.0,1.0,0.53,415.0,115.0,0.5915,233.0,0.1585,0.18
11.0,1.0,0.49,375.0,135.0,0.6125,0.2555,102.0,0.22
10.0,0.0,0.44,0.34,105.0,402.0,0.1305,0.0955,165.0
9.0,1.0,0.56,0.43,0.15,0.8825,0.3465,172.0,0.31
8.0,0.0,405.0,305.0,85.0,0.2605,0.1145,0.0595,85.0
9.0,1.0,0.47,365.0,105.0,0.4205,163.0,0.1035,0.14
7.0,2.0,385.0,295.0,85.0,0.2535,103.0,0.0575,85.0
14.0,1.0,515.0,425.0,0.14,766.0,304.0,0.1725,255.0
6.0,0.0,0.37,265.0,75.0,214.0,0.09,51.0,0.07
6.0,2.0,0.36,0.28,0.08,0.1755,81.0,0.0505,0.07
5.0,2.0,0.27,195.0,0.06,73.0,0.0285,0.0235,0.03
6.0,2.0,375.0,275.0,0.09,238.0,0.1075,0.0545,0.07
19.0,0.0,0.7,535.0,0.16,1.7255,0.63,0.2635,0.54
18.0,0.0,0.71,0.54,165.0,1959.0,0.7665,261.0,0.78
17.0,0.0,595.0,0.48,165.0,1262.0,0.4835,283.0,0.41
9.0,1.0,0.44,0.35,125.0,0.4035,175.0,63.0,129.0
7.0,1.0,325.0,0.26,0.09,0.1915,85.0,36.0,62.0
7.0,2.0,0.35,0.26,95.0,211.0,86.0,56.0,68.0
7.0,2.0,265.0,0.2,65.0,0.0975,0.04,0.0205,28.0
8.0,1.0,425.0,0.33,115.0,406.0,0.1635,81.0,0.1355
7.0,1.0,305.0,0.23,0.08,156.0,0.0675,0.0345,48.0
9.0,0.0,345.0,255.0,0.09,0.2005,94.0,0.0295,63.0
9.0,1.0,405.0,325.0,0.11,0.3555,151.0,63.0,117.0
10.0,1.0,565.0,445.0,155.0,826.0,341.0,0.2055,0.2475
10.0,1.0,0.55,0.45,145.0,741.0,295.0,0.1435,0.2665
16.0,0.0,0.65,0.52,0.19,1.3445,519.0,306.0,0.4465
11.0,0.0,0.56,455.0,155.0,797.0,0.34,0.19,0.2425
10.0,0.0,475.0,375.0,0.13,0.5175,0.2075,0.1165,0.17
10.0,1.0,0.49,0.38,125.0,549.0,245.0,0.1075,174.0
10.0,0.0,0.46,0.35,0.12,515.0,224.0,108.0,0.1565
9.0,2.0,0.28,205.0,0.08,127.0,52.0,39.0,42.0
5.0,2.0,175.0,0.13,55.0,0.0315,0.0105,0.0065,0.0125
4.0,2.0,0.17,0.13,95.0,0.03,13.0,8.0,0.01
9.0,1.0,605.0,0.5,185.0,1.1185,469.0,0.2585,335.0
12.0,1.0,565.0,0.45,135.0,0.9885,387.0,0.1495,0.31
10.0,0.0,515.0,405.0,0.13,722.0,0.32,131.0,0.21
13.0,1.0,575.0,0.46,0.19,994.0,392.0,0.2425,0.34
16.0,0.0,645.0,485.0,215.0,1514.0,546.0,0.2615,635.0
13.0,1.0,0.58,455.0,0.17,0.9075,374.0,0.2135,285.0
13.0,1.0,575.0,0.46,165.0,1124.0,0.2985,0.1785,0.44
13.0,0.0,605.0,465.0,165.0,1056.0,0.4215,0.2475,0.34
13.0,1.0,605.0,485.0,0.16,1222.0,0.53,0.2575,0.28
12.0,0.0,0.61,485.0,175.0,1.2445,544.0,297.0,345.0
18.0,1.0,725.0,0.56,0.21,2141.0,0.65,398.0,1005.0
16.0,1.0,0.65,545.0,0.23,1752.0,0.5605,0.2895,815.0
14.0,0.0,725.0,0.57,0.19,2.55,1.0705,483.0,725.0
20.0,1.0,0.68,0.57,205.0,1842.0,625.0,408.0,0.65
14.0,0.0,705.0,0.56,0.22,1981.0,0.8175,0.3085,0.76
12.0,1.0,0.68,515.0,175.0,1.6185,0.5125,409.0,0.62
14.0,0.0,695.0,0.55,215.0,1.9565,0.7125,541.0,0.59
7.0,1.0,0.53,395.0,145.0,775.0,308.0,169.0,255.0
8.0,0.0,525.0,435.0,155.0,1065.0,486.0,233.0,285.0
8.0,1.0,0.52,405.0,115.0,776.0,0.32,0.1845,0.22
5.0,2.0,315.0,0.21,0.06,125.0,0.06,0.0375,35.0
8.0,2.0,315.0,245.0,85.0,0.1435,53.0,0.0475,0.05
4.0,2.0,225.0,0.16,45.0,0.0465,25.0,15.0,15.0
11.0,0.0,0.58,475.0,0.15,0.97,385.0,0.2165,0.35
14.0,0.0,0.57,0.48,0.18,0.9395,399.0,0.2,295.0
21.0,0.0,0.64,0.51,175.0,1368.0,515.0,266.0,0.57
10.0,1.0,0.56,0.45,0.16,1.0235,429.0,268.0,0.3
10.0,1.0,0.62,475.0,175.0,1.0165,0.4355,214.0,325.0
12.0,1.0,645.0,0.51,0.2,1.5675,621.0,367.0,0.46
13.0,0.0,0.62,0.49,0.19,1218.0,0.5455,0.2965,355.0
12.0,1.0,0.63,0.48,0.15,1.0525,392.0,336.0,285.0
10.0,1.0,0.63,0.5,185.0,1383.0,0.54,0.3315,0.38
11.0,1.0,0.63,0.48,0.16,1199.0,0.5265,335.0,315.0
9.0,1.0,585.0,0.46,0.17,0.9325,365.0,271.0,0.29
13.0,0.0,615.0,0.48,0.18,1.1595,0.4845,0.2165,325.0
12.0,0.0,0.61,485.0,0.17,1.0225,419.0,0.2405,0.36
14.0,0.0,0.58,0.45,0.15,927.0,276.0,0.1815,0.36
8.0,2.0,355.0,275.0,85.0,0.22,92.0,0.06,0.15
10.0,1.0,0.51,0.4,0.14,0.8145,459.0,0.1965,195.0
12.0,0.0,0.5,405.0,155.0,772.0,346.0,0.1535,245.0
11.0,1.0,505.0,0.41,0.15,644.0,285.0,145.0,0.21
16.0,0.0,0.64,0.5,185.0,1.3035,0.4445,0.2635,465.0
15.0,0.0,0.56,0.45,0.16,922.0,432.0,178.0,0.26
10.0,0.0,585.0,0.46,185.0,922.0,0.3635,213.0,285.0
9.0,1.0,0.45,345.0,0.12,0.4165,0.1655,95.0,135.0
12.0,1.0,0.5,0.4,145.0,0.63,234.0,0.1465,0.23
13.0,1.0,0.53,435.0,0.17,0.8155,0.2985,155.0,275.0
8.0,0.0,0.42,335.0,115.0,369.0,171.0,71.0,0.12
9.0,2.0,0.4,0.3,0.11,315.0,109.0,67.0,0.12
13.0,1.0,525.0,415.0,0.17,0.8325,0.2755,0.1685,0.31
7.0,2.0,0.37,0.28,95.0,0.2655,122.0,52.0,0.08
10.0,1.0,0.49,365.0,145.0,0.6345,0.1995,0.1625,0.22
7.0,0.0,335.0,0.25,0.09,181.0,0.0755,0.0415,0.06
12.0,1.0,415.0,325.0,105.0,0.38,0.1595,0.0785,0.12
9.0,0.0,0.5,405.0,0.14,0.6155,241.0,0.1355,205.0
10.0,0.0,0.55,405.0,0.14,0.8025,244.0,0.1635,255.0
8.0,0.0,0.45,0.35,0.13,0.46,174.0,111.0,135.0
7.0,2.0,405.0,0.3,0.12,324.0,0.1265,0.07,0.11
8.0,1.0,415.0,305.0,0.13,0.32,0.1305,0.0755,105.0
9.0,1.0,445.0,325.0,125.0,455.0,0.1785,0.1125,0.14
11.0,1.0,0.47,0.35,145.0,0.5175,187.0,0.1235,0.18
9.0,1.0,0.49,375.0,0.15,0.5755,0.22,144.0,0.19
11.0,1.0,445.0,355.0,0.15,485.0,181.0,125.0,155.0
10.0,2.0,425.0,0.38,105.0,0.3265,0.1285,0.0785,0.1
9.0,1.0,0.5,0.37,135.0,0.45,0.1715,0.1055,155.0
7.0,1.0,0.39,0.29,125.0,0.3055,121.0,82.0,0.09
7.0,2.0,365.0,0.27,85.0,205.0,78.0,0.0485,0.07
11.0,1.0,0.58,465.0,165.0,1.1015,404.0,0.2095,0.35
15.0,1.0,0.53,415.0,0.16,783.0,0.2935,158.0,245.0
13.0,0.0,555.0,445.0,135.0,836.0,336.0,0.1625,275.0
14.0,0.0,565.0,0.44,175.0,0.9025,0.31,193.0,325.0
22.0,0.0,625.0,505.0,215.0,1.4455,496.0,287.0,435.0
7.0,2.0,275.0,215.0,75.0,0.1155,0.0485,29.0,35.0
12.0,2.0,0.44,0.35,135.0,435.0,0.1815,83.0,125.0
9.0,2.0,295.0,225.0,0.08,124.0,0.0485,32.0,0.04
1.0,2.0,75.0,55.0,0.01,2.0,1.0,0.0005,0.0015
3.0,2.0,0.13,0.1,0.03,13.0,0.0045,3.0,4.0
3.0,2.0,0.11,0.09,0.03,8.0,0.0025,2.0,3.0
5.0,2.0,0.16,0.12,35.0,21.0,0.0075,0.0045,5.0
17.0,0.0,565.0,425.0,0.16,0.9425,0.3495,0.2185,275.0
5.0,2.0,0.27,0.2,0.07,0.1,34.0,0.0245,35.0
5.0,2.0,0.23,175.0,65.0,0.0645,26.0,0.0105,0.02
8.0,2.0,0.3,0.23,0.08,0.1275,0.0435,0.0265,0.04
8.0,2.0,0.33,255.0,85.0,0.1655,63.0,39.0,0.06
10.0,2.0,0.35,0.26,85.0,174.0,0.0705,0.0345,0.06
13.0,2.0,0.32,245.0,0.08,0.1585,0.0635,0.0325,0.05
9.0,2.0,0.36,275.0,85.0,0.1975,0.0745,0.0415,0.07
7.0,2.0,305.0,245.0,75.0,156.0,0.0675,38.0,45.0
7.0,2.0,345.0,0.27,0.11,0.2135,82.0,0.0545,0.07
7.0,2.0,0.33,0.25,105.0,0.1715,0.0655,35.0,0.06
13.0,0.0,0.59,0.47,0.18,1.1235,0.4205,0.2805,0.36
12.0,1.0,595.0,455.0,155.0,1.0605,0.5135,0.2165,0.3
15.0,1.0,575.0,0.46,185.0,1094.0,0.4485,217.0,345.0
15.0,0.0,0.6,495.0,165.0,1.2415,485.0,0.2775,0.34
15.0,0.0,0.56,0.45,175.0,1011.0,0.3835,0.2065,0.37
19.0,0.0,0.56,0.45,185.0,1.07,0.3805,175.0,0.41
10.0,0.0,545.0,0.46,0.16,0.8975,341.0,0.1655,345.0
15.0,1.0,635.0,505.0,0.17,1415.0,605.0,297.0,365.0
13.0,1.0,0.59,475.0,0.16,1.1015,0.4775,0.2555,295.0
11.0,1.0,0.54,475.0,155.0,928.0,394.0,194.0,0.26
12.0,1.0,0.57,0.44,125.0,865.0,0.3675,0.1725,0.27
11.0,0.0,0.53,0.42,165.0,0.8945,319.0,239.0,245.0
4.0,2.0,245.0,195.0,0.06,95.0,0.0445,0.0245,26.0
6.0,0.0,0.27,0.2,0.08,0.1205,0.0465,28.0,0.04
11.0,1.0,0.46,0.38,0.13,639.0,0.3,0.1525,0.16
14.0,0.0,0.52,0.45,0.15,895.0,0.3615,186.0,235.0
8.0,0.0,0.35,275.0,0.11,0.2925,0.1225,0.0635,0.0905
9.0,0.0,0.47,0.39,0.15,0.6355,0.2185,0.0885,255.0
13.0,1.0,0.45,0.36,125.0,0.4995,0.2035,0.1,0.17
22.0,1.0,0.64,525.0,215.0,1779.0,0.4535,0.2855,0.55
14.0,0.0,0.62,485.0,205.0,1219.0,0.3875,0.2505,385.0
15.0,0.0,0.63,505.0,225.0,1525.0,0.56,0.3335,0.45
22.0,0.0,655.0,0.54,215.0,1844.0,0.7425,327.0,585.0
12.0,1.0,0.66,0.53,185.0,1.3485,493.0,245.0,0.49
18.0,0.0,0.61,0.5,0.24,1642.0,532.0,0.3345,0.69
20.0,0.0,635.0,525.0,205.0,1484.0,0.55,0.3115,0.43
11.0,1.0,515.0,425.0,135.0,712.0,0.2665,0.1605,0.25
15.0,1.0,535.0,415.0,185.0,0.8415,314.0,0.1585,0.3
7.0,2.0,0.36,285.0,105.0,0.2415,0.0915,57.0,75.0
9.0,1.0,455.0,355.0,0.12,0.4495,177.0,104.0,0.15
14.0,0.0,515.0,0.38,175.0,0.9565,325.0,158.0,0.31
10.0,1.0,535.0,415.0,0.17,879.0,295.0,0.1965,285.0
10.0,0.0,0.53,435.0,155.0,699.0,288.0,0.1595,205.0
17.0,1.0,495.0,0.4,155.0,0.6445,242.0,0.1325,205.0
9.0,0.0,0.44,355.0,125.0,0.4775,132.0,0.0815,0.19
10.0,1.0,535.0,435.0,0.16,0.8105,0.3155,0.1795,0.24
17.0,0.0,0.54,435.0,0.18,996.0,0.3835,226.0,325.0
12.0,1.0,565.0,505.0,0.21,1.2765,501.0,279.0,355.0
15.0,0.0,0.61,475.0,165.0,1116.0,428.0,0.2205,315.0
19.0,1.0,565.0,455.0,175.0,1013.0,342.0,207.0,0.35
6.0,2.0,295.0,215.0,85.0,128.0,49.0,34.0,0.04
6.0,2.0,275.0,205.0,75.0,0.1105,45.0,0.0285,35.0
4.0,2.0,0.28,0.21,85.0,0.1065,39.0,0.0295,0.03
11.0,0.0,0.49,395.0,0.14,549.0,0.2215,0.1275,0.15
9.0,0.0,0.37,0.28,105.0,234.0,0.0905,0.0585,75.0
13.0,1.0,0.54,435.0,175.0,892.0,322.0,174.0,335.0
8.0,0.0,0.37,0.28,0.1,252.0,0.1065,0.0595,74.0
6.0,0.0,0.36,0.27,0.1,217.0,0.0885,0.0495,0.0715
10.0,1.0,0.47,0.36,0.13,472.0,182.0,114.0,0.15
3.0,2.0,165.0,0.12,0.03,0.0215,7.0,5.0,5.0
13.0,0.0,645.0,515.0,0.24,1.5415,471.0,369.0,535.0
14.0,0.0,0.55,0.41,125.0,0.7605,0.2505,0.1635,195.0
21.0,1.0,0.63,485.0,0.19,1.2435,0.4635,0.3055,0.39
14.0,0.0,0.56,0.44,0.14,971.0,443.0,0.2045,265.0
23.0,1.0,0.62,0.47,0.2,1.2255,381.0,0.27,435.0
23.0,0.0,0.63,485.0,175.0,1.3,0.4335,0.2945,0.46
8.0,2.0,0.45,355.0,0.11,0.4585,194.0,67.0,0.14
14.0,1.0,635.0,535.0,0.19,1242.0,576.0,0.2475,0.39
10.0,0.0,0.45,0.35,0.1,0.3675,0.1465,0.1015,0.12
18.0,1.0,0.58,455.0,155.0,0.8365,315.0,0.1385,0.32
6.0,2.0,0.33,255.0,95.0,172.0,66.0,0.0255,0.06
5.0,2.0,265.0,0.21,0.06,0.0965,0.0425,22.0,0.03
4.0,2.0,0.19,145.0,0.04,38.0,0.0165,0.0065,15.0
11.0,0.0,385.0,0.31,0.1,0.2845,0.1065,75.0,0.1
5.0,2.0,265.0,205.0,0.07,0.1055,39.0,41.0,35.0
7.0,0.0,335.0,265.0,105.0,222.0,0.0935,56.0,75.0
7.0,2.0,355.0,275.0,0.09,251.0,97.0,53.0,0.08
7.0,2.0,0.32,255.0,0.1,0.1755,73.0,0.0415,65.0
12.0,0.0,0.51,0.4,0.13,0.6435,0.27,0.1665,205.0
8.0,0.0,0.36,295.0,105.0,241.0,0.0865,53.0,95.0
8.0,2.0,0.36,0.28,0.09,0.2255,0.0885,0.04,0.09
8.0,1.0,0.4,325.0,0.12,0.3185,134.0,0.0565,95.0
5.0,2.0,0.3,0.22,0.08,121.0,0.0475,42.0,35.0
5.0,2.0,235.0,175.0,0.04,0.0705,0.0335,15.0,0.02
16.0,1.0,0.74,0.6,195.0,1974.0,598.0,0.4085,0.71
11.0,0.0,0.62,465.0,0.19,1.3415,0.5705,0.3175,355.0
14.0,0.0,0.6,475.0,0.19,1.0875,403.0,0.2655,325.0
13.0,0.0,0.62,475.0,185.0,1325.0,0.6045,325.0,0.33
15.0,1.0,565.0,0.45,195.0,1.0035,406.0,0.2505,285.0
14.0,0.0,575.0,455.0,145.0,1165.0,581.0,0.2275,0.3
12.0,0.0,0.62,465.0,185.0,1274.0,579.0,0.3065,0.32
12.0,1.0,505.0,375.0,0.18,568.0,0.2325,0.1495,0.17
8.0,1.0,0.46,425.0,155.0,746.0,0.3005,152.0,0.24
13.0,0.0,0.49,0.39,0.14,707.0,0.2795,0.2185,0.18
9.0,1.0,525.0,0.42,0.16,756.0,0.2745,173.0,275.0
6.0,2.0,0.34,0.26,0.08,0.2,0.08,0.0555,55.0
8.0,2.0,375.0,305.0,115.0,0.2715,92.0,74.0,0.09
14.0,0.0,0.61,0.48,0.15,1.2,0.56,0.2455,0.28
8.0,1.0,0.61,495.0,185.0,1153.0,536.0,0.2905,245.0
22.0,1.0,585.0,0.45,0.17,0.8685,0.3325,0.1635,0.27
12.0,0.0,0.57,0.46,0.14,0.9535,0.4465,0.2065,245.0
9.0,0.0,0.58,455.0,0.17,0.93,408.0,259.0,0.22
16.0,0.0,635.0,515.0,0.17,1275.0,509.0,286.0,0.34
20.0,0.0,0.7,0.58,205.0,2.13,0.7415,0.49,0.58
13.0,0.0,675.0,525.0,185.0,1587.0,0.6935,336.0,395.0
18.0,1.0,645.0,525.0,0.19,1.8085,0.7035,0.3885,395.0
17.0,0.0,745.0,585.0,215.0,2499.0,0.9265,472.0,0.7
16.0,1.0,685.0,545.0,0.18,1768.0,0.7495,392.0,485.0
12.0,1.0,0.59,465.0,0.15,997.0,392.0,246.0,0.34
20.0,1.0,0.65,525.0,175.0,1.4225,0.61,0.2995,445.0
16.0,1.0,0.6,0.48,0.15,1029.0,0.4085,0.2705,295.0
12.0,1.0,0.62,0.5,175.0,1186.0,0.4985,0.3015,0.35
19.0,0.0,0.63,515.0,0.16,1016.0,0.4215,244.0,355.0
10.0,1.0,0.58,455.0,0.12,1.0735,479.0,0.2735,265.0
16.0,1.0,0.65,545.0,165.0,1566.0,0.6645,0.3455,415.0
16.0,1.0,0.66,565.0,195.0,1.7605,692.0,0.3265,0.5
19.0,1.0,0.68,0.58,0.2,1787.0,585.0,453.0,0.6
14.0,1.0,0.7,575.0,0.17,1.31,0.5095,314.0,0.42
20.0,1.0,675.0,545.0,195.0,1.7345,0.6845,0.3695,605.0
11.0,0.0,0.63,0.49,0.19,1.1775,0.4935,0.3365,285.0
10.0,1.0,585.0,0.45,0.16,1077.0,0.4995,0.2875,0.25
15.0,0.0,565.0,465.0,175.0,995.0,0.3895,183.0,0.37
12.0,1.0,0.61,495.0,185.0,1.1085,0.3705,0.3135,0.33
15.0,0.0,605.0,0.47,0.18,1.1405,0.3755,0.2805,385.0
10.0,0.0,535.0,0.42,145.0,791.0,0.33,189.0,0.25
10.0,0.0,485.0,0.4,135.0,663.0,313.0,137.0,0.2
10.0,0.0,545.0,425.0,135.0,0.8445,373.0,0.21,235.0
9.0,1.0,455.0,0.37,105.0,0.4925,216.0,0.1245,135.0
12.0,0.0,0.54,0.42,155.0,0.7385,0.3515,152.0,215.0
10.0,0.0,0.46,0.38,135.0,482.0,207.0,0.1225,145.0
14.0,0.0,0.49,0.42,125.0,609.0,239.0,0.1435,0.22
10.0,2.0,415.0,325.0,0.1,0.3215,0.1535,0.0595,105.0
10.0,0.0,475.0,375.0,125.0,593.0,277.0,115.0,0.18
10.0,1.0,0.47,375.0,125.0,0.5615,252.0,137.0,0.18
9.0,2.0,365.0,295.0,95.0,0.25,0.1075,0.0545,0.08
6.0,2.0,345.0,275.0,95.0,0.1995,0.0755,0.0535,0.07
11.0,2.0,0.39,0.31,0.1,302.0,116.0,64.0,115.0
10.0,1.0,0.5,395.0,0.14,0.7155,0.3165,176.0,0.24
8.0,0.0,0.47,0.38,145.0,0.5865,0.2385,144.0,185.0
12.0,0.0,535.0,0.44,0.15,0.6765,256.0,139.0,0.26
11.0,0.0,585.0,455.0,0.15,987.0,0.4355,0.2075,0.31
9.0,1.0,485.0,365.0,0.12,0.5885,0.27,131.0,175.0
9.0,0.0,515.0,455.0,135.0,0.7225,295.0,0.1625,235.0
10.0,1.0,515.0,415.0,0.14,0.6935,0.3115,152.0,0.2
7.0,2.0,0.44,345.0,0.12,365.0,0.1655,83.0,0.11
12.0,1.0,525.0,0.44,0.15,0.8425,0.3685,0.1985,0.24
16.0,0.0,0.59,485.0,0.12,911.0,0.39,182.0,0.29
11.0,0.0,555.0,0.45,145.0,915.0,0.4,246.0,285.0
8.0,0.0,0.57,0.44,95.0,827.0,0.3395,0.2215,235.0
15.0,0.0,0.59,0.5,165.0,1.1045,0.4565,0.2425,0.34
14.0,0.0,585.0,475.0,0.12,945.0,0.41,0.2115,0.28
12.0,0.0,545.0,0.44,0.12,0.8565,0.3475,0.1715,0.24
14.0,1.0,605.0,495.0,0.17,1.2385,528.0,0.2465,0.39
15.0,1.0,0.62,0.47,0.14,1.0325,0.3605,224.0,0.36
20.0,1.0,0.63,0.5,0.17,1.3135,0.5595,267.0,0.4
20.0,0.0,0.63,515.0,165.0,1352.0,488.0,349.0,0.45
16.0,1.0,0.63,0.5,155.0,1005.0,367.0,199.0,0.36
13.0,0.0,545.0,0.41,0.14,625.0,223.0,0.16,235.0
14.0,1.0,0.67,0.54,165.0,1.5015,518.0,358.0,505.0
11.0,2.0,0.49,0.38,0.12,529.0,0.2165,139.0,155.0
13.0,1.0,0.49,0.39,135.0,0.5785,0.2465,123.0,0.2
8.0,2.0,0.29,225.0,0.07,101.0,36.0,0.0235,35.0
13.0,0.0,0.58,0.45,175.0,1068.0,425.0,203.0,0.32
18.0,1.0,0.61,485.0,165.0,1.0915,0.3935,0.2435,0.33
19.0,0.0,0.6,0.5,0.16,1015.0,0.3995,0.1735,0.33
21.0,1.0,0.56,455.0,125.0,943.0,344.0,129.0,375.0
18.0,1.0,575.0,0.45,0.17,1.0475,0.3775,0.1705,385.0
18.0,1.0,0.57,0.45,175.0,0.9555,0.38,0.1665,295.0
20.0,0.0,0.6,0.47,155.0,1036.0,0.4375,196.0,325.0
18.0,0.0,565.0,455.0,0.17,0.9065,342.0,156.0,0.32
22.0,0.0,545.0,0.42,0.14,0.7505,0.2475,0.13,255.0
13.0,2.0,0.44,345.0,0.1,366.0,122.0,0.0905,0.12
11.0,0.0,0.5,0.41,0.15,662.0,0.2815,137.0,0.22
7.0,2.0,0.36,275.0,95.0,217.0,84.0,0.0435,0.09
14.0,2.0,385.0,305.0,95.0,252.0,0.0915,55.0,0.09
9.0,0.0,0.39,0.3,0.09,0.3055,143.0,0.0645,85.0
13.0,0.0,0.5,415.0,165.0,0.6885,249.0,138.0,0.25
10.0,2.0,0.36,275.0,0.11,0.2335,95.0,0.0525,85.0
8.0,2.0,335.0,0.26,0.1,192.0,0.0785,0.0585,0.07
19.0,1.0,505.0,425.0,0.14,0.85,275.0,0.1625,285.0
10.0,2.0,395.0,295.0,0.1,0.2715,134.0,0.0325,85.0
10.0,1.0,0.41,325.0,105.0,0.3635,159.0,77.0,0.12
9.0,1.0,0.56,455.0,0.19,714.0,283.0,129.0,275.0
13.0,0.0,565.0,435.0,185.0,0.9815,329.0,136.0,0.39
16.0,0.0,565.0,455.0,185.0,0.9265,354.0,0.1575,375.0
12.0,0.0,605.0,0.5,175.0,1098.0,0.4765,232.0,375.0
18.0,1.0,565.0,455.0,0.15,0.8205,365.0,159.0,0.26
17.0,1.0,665.0,555.0,195.0,1.4385,581.0,354.0,0.36
11.0,1.0,565.0,0.49,155.0,0.9245,405.0,0.2195,255.0
14.0,1.0,645.0,0.55,175.0,1.2915,0.57,0.3045,0.33
11.0,0.0,575.0,0.47,0.14,0.8375,0.3485,0.1735,0.24
15.0,1.0,0.64,0.54,175.0,1221.0,0.51,259.0,0.39
9.0,2.0,0.36,0.28,105.0,199.0,0.0695,45.0,0.08
10.0,2.0,415.0,0.31,0.11,0.2965,123.0,57.0,0.0995
11.0,1.0,525.0,0.41,135.0,0.7085,293.0,0.1525,235.0
11.0,0.0,0.38,285.0,0.1,0.2665,115.0,61.0,75.0
12.0,1.0,585.0,465.0,0.17,0.9915,0.3865,224.0,265.0
6.0,2.0,0.24,185.0,0.07,0.0715,26.0,18.0,25.0
6.0,2.0,255.0,195.0,0.07,0.0735,0.0255,0.02,25.0
5.0,2.0,175.0,125.0,0.05,0.0235,8.0,0.0035,8.0
12.0,1.0,0.67,0.55,0.19,1.3905,0.5425,0.3035,0.4
13.0,0.0,655.0,0.53,195.0,1388.0,567.0,0.2735,0.41
17.0,1.0,0.68,0.55,0.21,1.7445,0.5975,305.0,625.0
21.0,0.0,675.0,555.0,0.2,1.4385,545.0,0.2665,465.0
9.0,1.0,0.53,0.44,135.0,0.7835,313.0,0.1715,0.2185
10.0,1.0,515.0,405.0,0.12,646.0,0.2895,0.1405,177.0
9.0,2.0,0.43,0.34,0.12,0.3575,151.0,0.0645,0.1045
11.0,1.0,0.52,405.0,0.12,627.0,0.2645,0.1415,181.0
10.0,1.0,545.0,415.0,0.16,0.7715,272.0,0.1455,0.2765
17.0,0.0,0.53,415.0,175.0,0.7395,261.0,0.1395,0.2645
9.0,1.0,465.0,0.35,115.0,421.0,0.1565,91.0,0.1345
17.0,0.0,665.0,0.54,175.0,1347.0,0.4955,254.0,415.0
21.0,0.0,735.0,0.59,225.0,1756.0,637.0,0.3405,0.58
16.0,0.0,0.66,545.0,185.0,1.32,0.5305,0.2635,455.0
17.0,0.0,575.0,0.4,155.0,0.9325,0.3605,0.2445,0.3
15.0,0.0,0.57,465.0,125.0,849.0,0.3785,0.1765,0.24
19.0,1.0,0.58,0.46,0.15,0.9955,429.0,212.0,0.26
12.0,0.0,0.63,0.48,145.0,1.0115,0.4235,237.0,305.0
13.0,1.0,585.0,465.0,0.14,908.0,381.0,0.1615,315.0
11.0,0.0,0.55,0.45,0.13,0.92,378.0,0.2385,0.29
15.0,1.0,625.0,515.0,0.15,1.2415,0.5235,0.3065,0.36
11.0,0.0,0.54,0.42,135.0,0.8075,0.3485,0.1795,235.0
14.0,0.0,0.59,455.0,145.0,1073.0,475.0,0.19,285.0
13.0,0.0,0.58,0.46,0.13,921.0,357.0,181.0,0.29
11.0,1.0,655.0,0.51,155.0,1.2895,0.5345,0.2855,0.41
17.0,0.0,625.0,0.5,195.0,1369.0,0.5875,0.2185,0.37
15.0,1.0,625.0,0.5,0.15,953.0,0.3445,0.2235,305.0
12.0,1.0,0.64,0.52,175.0,1248.0,0.4245,0.2595,0.48
19.0,1.0,605.0,485.0,165.0,1.0105,435.0,209.0,0.3
11.0,1.0,615.0,525.0,155.0,1.0385,427.0,0.2315,345.0
12.0,1.0,0.58,0.44,0.18,854.0,0.3665,0.1635,245.0
23.0,1.0,0.62,0.52,225.0,1.1835,378.0,0.27,395.0
15.0,1.0,0.62,0.47,225.0,1115.0,378.0,0.2145,0.36
13.0,1.0,0.6,505.0,0.19,1129.0,0.4385,256.0,0.36
17.0,1.0,625.0,485.0,0.19,1.1745,0.4385,0.2305,0.42
15.0,0.0,0.6,0.47,175.0,1105.0,0.4865,247.0,315.0
12.0,0.0,0.56,0.46,235.0,0.8395,0.3325,157.0,305.0
15.0,0.0,585.0,455.0,225.0,1055.0,0.3815,221.0,365.0
16.0,2.0,0.56,445.0,155.0,0.8735,0.3005,209.0,275.0
10.0,2.0,0.68,0.53,185.0,1.1095,439.0,245.0,0.34
10.0,1.0,455.0,0.35,0.14,0.5185,221.0,0.1265,135.0
10.0,1.0,0.49,0.38,145.0,0.6725,249.0,181.0,0.21
6.0,0.0,0.31,0.22,85.0,146.0,61.0,0.0365,45.0
5.0,1.0,275.0,195.0,0.07,0.08,31.0,0.0215,25.0
6.0,0.0,0.27,195.0,0.08,0.1,0.0385,0.0195,0.03
4.0,0.0,325.0,0.23,0.09,147.0,0.06,34.0,45.0
6.0,1.0,345.0,0.25,0.09,203.0,78.0,59.0,55.0
5.0,1.0,0.36,0.27,0.09,0.1885,0.0845,0.0385,55.0
9.0,2.0,365.0,0.26,115.0,218.0,0.0935,0.0445,0.07
5.0,0.0,0.2,0.14,55.0,35.0,0.0145,8.0,0.01
4.0,0.0,175.0,125.0,0.04,24.0,0.0095,6.0,5.0
3.0,0.0,155.0,0.11,0.04,0.0155,0.0065,3.0,5.0
14.0,1.0,0.57,445.0,155.0,733.0,282.0,159.0,235.0
12.0,1.0,0.57,0.45,0.16,0.9715,0.3965,255.0,0.26
9.0,0.0,385.0,0.3,95.0,0.24,0.0885,59.0,85.0
20.0,2.0,0.53,0.42,185.0,752.0,299.0,156.0,205.0
13.0,1.0,0.46,355.0,0.13,458.0,192.0,0.1055,0.13
12.0,2.0,0.47,0.37,0.12,0.4705,0.1845,0.1055,155.0
9.0,1.0,435.0,335.0,0.11,0.38,0.1695,86.0,0.11
10.0,2.0,0.47,0.37,0.14,0.4985,0.2095,0.1225,145.0
11.0,2.0,465.0,0.38,0.13,454.0,0.1895,0.08,155.0
11.0,2.0,0.52,405.0,0.14,0.5775,0.2,145.0,179.0
7.0,0.0,0.29,0.23,75.0,0.1165,43.0,0.0255,0.04
5.0,0.0,275.0,205.0,0.07,94.0,0.0335,0.02,0.0325
10.0,1.0,375.0,0.29,115.0,0.2705,93.0,66.0,0.0885
15.0,1.0,0.5,375.0,0.14,604.0,242.0,0.1415,179.0
11.0,1.0,0.44,355.0,115.0,415.0,0.1585,0.0925,131.0
15.0,0.0,0.42,325.0,115.0,0.2885,0.1,57.0,0.1135
8.0,0.0,445.0,0.35,115.0,0.3615,0.1565,0.0695,117.0
10.0,1.0,0.38,0.29,105.0,257.0,99.0,51.0,85.0
11.0,0.0,0.32,245.0,75.0,0.1555,0.0585,38.0,49.0
8.0,0.0,255.0,195.0,65.0,0.08,0.0315,18.0,27.0
7.0,0.0,205.0,155.0,45.0,0.0425,17.0,0.0055,0.0155
12.0,1.0,565.0,0.45,0.16,795.0,0.3605,0.1555,0.23
11.0,2.0,555.0,425.0,0.18,875.0,0.3695,0.2005,255.0
17.0,2.0,0.65,515.0,0.16,1.1625,495.0,203.0,0.33
13.0,2.0,615.0,0.49,155.0,0.9885,0.4145,195.0,345.0
12.0,2.0,0.56,0.44,165.0,0.8,335.0,0.1735,0.25
13.0,2.0,0.48,0.37,0.12,514.0,0.2075,131.0,155.0
9.0,2.0,485.0,0.39,125.0,591.0,287.0,141.0,0.12
10.0,2.0,0.5,385.0,0.15,0.6265,0.2605,0.1665,0.16
14.0,2.0,525.0,405.0,0.15,795.0,0.3075,205.0,255.0
12.0,1.0,0.66,0.5,165.0,1.1905,0.4585,298.0,0.37
13.0,1.0,0.66,0.53,0.17,1326.0,519.0,0.2625,0.44
13.0,2.0,515.0,0.4,0.12,659.0,0.2705,179.0,0.17
11.0,1.0,475.0,0.35,115.0,452.0,0.1715,92.0,155.0
11.0,1.0,545.0,415.0,0.15,0.7335,0.2795,163.0,0.2185
14.0,1.0,0.47,355.0,0.13,0.5465,0.2005,126.0,185.0
10.0,0.0,0.35,255.0,65.0,179.0,0.0705,0.0385,0.06
12.0,2.0,485.0,355.0,0.13,581.0,245.0,132.0,168.0
12.0,2.0,435.0,0.33,125.0,406.0,0.1685,0.1055,96.0
11.0,1.0,0.41,0.32,115.0,387.0,165.0,0.1005,0.0985
16.0,2.0,0.45,0.35,0.14,474.0,0.21,109.0,0.1275
14.0,2.0,0.45,345.0,135.0,443.0,0.1975,0.0875,0.1175
20.0,1.0,0.59,455.0,155.0,1066.0,382.0,0.2275,415.0
17.0,1.0,0.57,0.44,0.14,0.9535,0.3785,201.0,305.0
10.0,2.0,0.61,475.0,0.15,0.9665,0.4145,0.2,345.0
11.0,1.0,0.61,475.0,0.14,1133.0,0.5275,0.2355,0.35
10.0,2.0,0.56,425.0,0.14,0.9175,0.4005,0.1975,0.26
10.0,1.0,585.0,435.0,175.0,982.0,0.4055,0.2495,0.27
11.0,2.0,0.58,445.0,0.15,0.8865,383.0,209.0,255.0
17.0,1.0,0.63,0.48,175.0,1.3675,0.5015,0.3035,515.0
11.0,1.0,625.0,0.49,175.0,1233.0,0.5565,247.0,365.0
14.0,2.0,0.55,425.0,0.15,806.0,376.0,171.0,245.0
19.0,1.0,645.0,525.0,0.19,1.4635,0.6615,0.3435,435.0
13.0,2.0,0.46,355.0,0.14,0.4935,216.0,133.0,115.0
11.0,1.0,0.41,305.0,0.1,363.0,0.1735,65.0,0.11
11.0,2.0,495.0,0.39,125.0,0.6655,284.0,162.0,0.2
10.0,2.0,0.52,425.0,0.17,0.6805,0.28,174.0,195.0
13.0,1.0,0.55,0.41,145.0,0.8285,0.3095,0.1905,0.25
14.0,0.0,0.45,335.0,0.14,0.4625,164.0,76.0,0.15
13.0,1.0,405.0,0.31,0.12,0.3095,138.0,58.0,95.0
13.0,2.0,0.51,0.4,0.15,745.0,0.2865,0.1675,235.0
9.0,1.0,0.37,0.29,115.0,0.25,111.0,57.0,75.0
18.0,2.0,525.0,0.41,175.0,874.0,0.3585,207.0,205.0
19.0,1.0,0.66,0.52,0.18,1514.0,526.0,0.2975,0.42
9.0,1.0,0.55,0.43,0.14,0.7135,0.2565,186.0,225.0
13.0,2.0,605.0,0.47,0.14,939.0,0.3385,201.0,0.32
12.0,2.0,605.0,495.0,145.0,1054.0,369.0,0.2255,0.36
16.0,1.0,0.56,445.0,195.0,981.0,305.0,0.2245,335.0
17.0,2.0,535.0,0.42,145.0,926.0,398.0,0.1965,0.25
10.0,1.0,385.0,315.0,0.11,286.0,0.1225,0.0635,0.0835
11.0,2.0,0.47,345.0,115.0,0.4885,0.2005,108.0,166.0
12.0,2.0,515.0,0.39,0.14,0.5555,0.2,0.1135,0.2235
13.0,2.0,425.0,345.0,125.0,425.0,0.16,0.0795,154.0
9.0,0.0,345.0,0.27,0.09,195.0,78.0,0.0455,59.0
10.0,2.0,485.0,0.37,0.13,458.0,181.0,113.0,136.0
10.0,0.0,0.37,285.0,0.1,228.0,0.0675,0.0675,81.0
12.0,1.0,0.44,345.0,0.17,0.4085,0.15,0.0825,0.1515
4.0,0.0,195.0,145.0,0.05,32.0,0.01,8.0,12.0
9.0,0.0,325.0,0.24,75.0,155.0,0.0475,0.0355,0.06
18.0,2.0,495.0,0.37,125.0,0.4775,185.0,0.0705,169.0
15.0,2.0,0.45,0.35,145.0,525.0,0.2085,0.1,0.1655
13.0,0.0,415.0,345.0,135.0,0.3865,128.0,0.07,148.0
12.0,1.0,0.47,355.0,0.14,433.0,0.1525,95.0,152.0
9.0,0.0,0.31,225.0,75.0,0.1295,0.0455,0.0335,44.0
7.0,0.0,235.0,0.17,55.0,0.0515,18.0,0.0105,0.0195
10.0,0.0,345.0,255.0,0.08,169.0,0.06,0.0425,54.0
18.0,2.0,485.0,0.38,0.14,673.0,0.2175,0.13,195.0
12.0,1.0,0.5,385.0,115.0,0.6785,0.2945,138.0,195.0
17.0,1.0,0.5,385.0,105.0,498.0,0.1795,0.1095,0.17
15.0,2.0,465.0,0.36,105.0,498.0,214.0,116.0,0.14
12.0,1.0,525.0,405.0,0.16,658.0,0.2655,0.1125,225.0
10.0,1.0,425.0,335.0,95.0,322.0,0.1205,61.0,125.0
8.0,1.0,0.38,305.0,95.0,0.2815,0.1255,0.0525,0.09
21.0,2.0,0.53,415.0,145.0,944.0,0.3845,185.0,265.0
10.0,0.0,0.34,265.0,85.0,0.1835,77.0,46.0,65.0
9.0,2.0,475.0,365.0,115.0,0.49,223.0,0.1235,0.1335
7.0,1.0,0.43,0.34,0.12,391.0,0.1555,95.0,0.1405
10.0,0.0,0.46,365.0,125.0,467.0,0.1895,0.0945,158.0
9.0,2.0,0.47,0.36,0.13,0.5225,198.0,0.1065,165.0
9.0,0.0,0.36,295.0,0.1,0.2105,66.0,0.0525,75.0
8.0,0.0,355.0,265.0,0.09,168.0,0.05,41.0,63.0
7.0,0.0,0.38,235.0,0.1,258.0,0.1055,54.0,0.08
6.0,0.0,355.0,0.26,85.0,0.1905,81.0,0.0485,55.0
14.0,2.0,0.44,345.0,0.12,487.0,0.1965,108.0,0.16
13.0,1.0,0.51,0.4,0.13,0.5735,219.0,0.1365,195.0
7.0,0.0,325.0,0.24,85.0,173.0,0.0795,38.0,0.05
13.0,2.0,0.62,485.0,0.18,1.1785,0.4675,0.2655,0.39
19.0,1.0,0.59,0.45,0.16,0.9,358.0,156.0,315.0
9.0,0.0,0.45,0.34,0.13,0.3715,0.1605,0.0795,105.0
11.0,2.0,445.0,0.33,0.12,347.0,0.12,84.0,105.0
6.0,0.0,0.33,215.0,75.0,0.1145,45.0,0.0265,35.0
9.0,0.0,0.48,375.0,145.0,777.0,216.0,0.13,0.17
11.0,2.0,0.46,0.35,0.12,0.4885,193.0,105.0,155.0
9.0,1.0,475.0,0.36,125.0,447.0,0.1695,81.0,0.14
5.0,0.0,255.0,0.18,65.0,79.0,34.0,14.0,25.0
6.0,2.0,335.0,245.0,0.09,0.1665,0.0595,0.04,0.06
11.0,2.0,0.47,0.35,0.13,466.0,0.1845,99.0,145.0
7.0,0.0,0.31,225.0,0.08,0.1345,54.0,24.0,0.05
10.0,1.0,0.37,0.28,0.11,0.2305,0.0945,0.0465,75.0
7.0,0.0,295.0,215.0,75.0,129.0,0.05,0.0295,0.04
17.0,1.0,555.0,435.0,165.0,0.97,336.0,0.2315,295.0
16.0,1.0,615.0,515.0,0.17,1.14,0.4305,0.2245,0.42
11.0,1.0,585.0,475.0,185.0,0.9585,0.4145,0.1615,0.33
18.0,2.0,0.65,525.0,0.18,1626.0,597.0,0.3445,0.53
10.0,1.0,415.0,0.34,0.13,0.3675,146.0,0.0885,0.12
12.0,1.0,0.38,305.0,105.0,281.0,0.1045,0.0615,0.09
19.0,2.0,0.45,355.0,0.12,412.0,0.1145,0.0665,0.16
10.0,1.0,395.0,295.0,95.0,0.2245,78.0,54.0,0.08
11.0,0.0,455.0,0.35,0.12,0.4835,0.1815,144.0,0.16
15.0,1.0,485.0,0.38,0.15,605.0,0.2155,0.14,0.18
13.0,1.0,0.45,0.35,145.0,0.5425,0.1765,123.0,175.0
14.0,0.0,475.0,385.0,145.0,0.6175,235.0,108.0,215.0
17.0,1.0,0.5,0.38,155.0,655.0,0.2405,143.0,205.0
19.0,1.0,0.53,0.41,165.0,0.8115,0.24,169.0,0.24
23.0,1.0,0.49,385.0,0.15,0.7865,241.0,0.14,0.24
22.0,1.0,0.52,395.0,0.18,0.64,158.0,0.11,245.0
12.0,0.0,0.54,415.0,145.0,0.74,0.2635,168.0,245.0
11.0,1.0,0.5,375.0,115.0,0.5945,185.0,148.0,0.19
23.0,1.0,0.45,0.38,165.0,0.8165,0.25,0.1915,265.0
8.0,1.0,0.37,275.0,0.1,0.2225,93.0,26.0,0.08
10.0,0.0,485.0,0.37,0.14,0.5725,204.0,0.1415,175.0
7.0,1.0,435.0,325.0,115.0,0.3915,154.0,94.0,0.12
16.0,0.0,535.0,405.0,185.0,0.8345,0.3175,0.1725,0.29
10.0,0.0,0.51,0.4,0.14,0.6515,0.2455,0.1665,185.0
15.0,0.0,565.0,0.44,185.0,909.0,344.0,0.2325,255.0
13.0,1.0,535.0,0.4,0.15,0.8045,0.3345,0.2125,0.21
16.0,1.0,535.0,405.0,125.0,927.0,0.26,0.1425,345.0
11.0,0.0,525.0,0.4,0.17,0.7305,279.0,0.2055,195.0
5.0,2.0,255.0,0.19,75.0,0.0865,0.0345,0.0205,25.0
11.0,1.0,0.43,325.0,115.0,0.3865,0.1475,0.1065,0.11
9.0,0.0,0.38,0.29,0.12,283.0,0.1175,0.0655,85.0
4.0,2.0,165.0,0.11,0.02,19.0,0.0065,0.0025,5.0
7.0,2.0,315.0,0.23,0.09,0.1285,43.0,0.04,0.04
4.0,2.0,155.0,105.0,0.05,0.0175,5.0,0.0035,5.0
5.0,0.0,0.28,205.0,0.1,0.1165,0.0545,0.0285,0.03
13.0,1.0,0.43,335.0,0.12,444.0,155.0,0.1145,0.14
14.0,1.0,0.48,385.0,135.0,536.0,0.1895,142.0,173.0
9.0,1.0,445.0,0.33,105.0,0.4525,0.18,103.0,123.0
12.0,0.0,395.0,295.0,115.0,316.0,0.1205,0.0595,0.1105
9.0,0.0,0.4,0.3,125.0,417.0,191.0,0.09,0.1175
10.0,0.0,415.0,325.0,0.14,417.0,0.1535,0.1015,144.0
11.0,0.0,315.0,0.25,0.09,203.0,0.0615,37.0,0.0795
10.0,1.0,345.0,0.26,0.09,207.0,0.0775,0.0435,0.0765
10.0,0.0,0.36,295.0,0.13,0.2765,0.0895,57.0,0.1005
7.0,2.0,295.0,225.0,0.09,0.1105,0.0405,0.0245,32.0
7.0,2.0,325.0,0.25,0.08,176.0,0.0595,0.0355,63.0
11.0,0.0,375.0,0.3,0.1,0.2465,104.0,0.0475,83.0
7.0,2.0,0.28,205.0,55.0,0.1135,45.0,0.0275,0.0335
8.0,0.0,355.0,265.0,85.0,201.0,69.0,53.0,0.0695
9.0,0.0,0.35,255.0,0.08,0.1915,0.08,0.0385,63.0
7.0,2.0,275.0,0.2,65.0,0.1035,0.0475,0.0205,0.03
8.0,2.0,0.29,205.0,0.07,0.0975,36.0,19.0,35.0
6.0,2.0,0.25,0.19,0.06,0.0765,36.0,0.0115,0.0245
4.0,2.0,0.18,125.0,35.0,0.0265,0.0095,0.0055,0.0085
2.0,2.0,0.15,0.1,25.0,15.0,0.0045,4.0,5.0
3.0,2.0,0.16,0.11,25.0,18.0,0.0065,0.0055,5.0
13.0,0.0,555.0,455.0,0.16,1.0575,0.3925,228.0,293.0
15.0,0.0,555.0,0.44,0.15,1092.0,416.0,212.0,0.4405
15.0,0.0,525.0,0.41,0.13,0.99,0.3865,243.0,295.0
11.0,0.0,465.0,0.36,0.08,488.0,191.0,125.0,155.0
10.0,0.0,0.4,305.0,85.0,297.0,108.0,0.0705,0.1
12.0,1.0,0.48,375.0,105.0,525.0,0.2185,0.1195,155.0
13.0,0.0,505.0,0.4,125.0,0.77,0.2735,159.0,255.0
15.0,1.0,0.52,0.4,0.12,0.6515,261.0,0.2015,165.0
11.0,0.0,525.0,0.4,0.13,0.8295,0.2405,0.1825,275.0
13.0,0.0,545.0,0.42,0.13,879.0,374.0,0.1695,0.23
15.0,0.0,0.52,0.4,0.12,823.0,298.0,0.1805,265.0
13.0,0.0,505.0,0.38,0.13,656.0,227.0,0.1785,0.22
18.0,0.0,525.0,425.0,0.12,0.8665,0.2825,176.0,0.29
10.0,0.0,0.51,0.39,125.0,0.6565,262.0,0.1835,175.0
12.0,0.0,0.52,385.0,115.0,669.0,0.2385,172.0,205.0
12.0,1.0,0.52,405.0,125.0,0.6435,0.2415,0.1735,0.21
14.0,0.0,535.0,0.41,135.0,862.0,0.2855,0.1525,0.32
10.0,0.0,445.0,345.0,0.09,0.3795,143.0,74.0,125.0
14.0,0.0,0.53,0.44,205.0,835.0,0.32,0.2175,245.0
8.0,1.0,0.36,265.0,0.09,0.2065,78.0,57.0,0.06
14.0,1.0,535.0,0.42,0.15,0.7365,0.2785,186.0,215.0
17.0,1.0,0.52,405.0,0.14,0.8175,0.2795,183.0,0.26
17.0,1.0,0.53,0.42,0.13,1001.0,0.34,226.0,265.0
17.0,1.0,0.66,0.52,0.2,1676.0,673.0,0.4805,0.45
9.0,0.0,0.52,385.0,0.14,0.6595,0.2485,0.2035,0.16
14.0,0.0,535.0,0.42,0.13,0.8055,301.0,181.0,0.28
15.0,0.0,695.0,515.0,175.0,1.5165,578.0,0.4105,0.39
13.0,1.0,0.51,0.39,105.0,612.0,187.0,0.15,195.0
10.0,0.0,485.0,355.0,0.12,547.0,215.0,0.1615,0.14
13.0,1.0,605.0,0.46,0.17,1122.0,347.0,0.3045,315.0
13.0,1.0,0.58,455.0,165.0,1.1365,369.0,0.3005,275.0
20.0,0.0,0.65,515.0,175.0,1.4805,0.5295,272.0,525.0
13.0,0.0,0.62,505.0,185.0,1.5275,0.69,368.0,0.35
20.0,0.0,615.0,525.0,155.0,1.1375,367.0,236.0,0.37
15.0,1.0,605.0,495.0,0.19,1437.0,469.0,0.2655,0.41
15.0,0.0,585.0,405.0,0.15,1.2565,435.0,202.0,325.0
16.0,1.0,0.55,0.44,155.0,946.0,313.0,0.1825,335.0
17.0,1.0,0.54,0.44,135.0,959.0,0.2385,221.0,0.3
14.0,0.0,0.64,0.51,0.19,1613.0,0.6215,361.0,0.47
14.0,1.0,0.61,0.47,145.0,1153.0,403.0,296.0,0.32
11.0,0.0,545.0,0.45,0.15,978.0,0.3365,0.1905,0.3
13.0,1.0,0.59,445.0,0.13,1.1325,0.3825,234.0,0.32
9.0,0.0,345.0,0.27,95.0,197.0,0.0665,0.05,0.07
11.0,1.0,0.55,0.43,155.0,785.0,289.0,227.0,233.0
17.0,1.0,0.53,425.0,0.17,949.0,0.3485,0.2395,278.0
11.0,1.0,0.53,455.0,165.0,0.9805,0.3155,0.2815,0.2965
8.0,2.0,485.0,375.0,0.14,521.0,0.2,123.0,0.17
8.0,0.0,385.0,275.0,115.0,0.2685,0.0975,0.0825,85.0
9.0,0.0,455.0,0.34,135.0,462.0,0.1675,158.0,0.12
10.0,0.0,0.49,0.38,0.14,0.7605,245.0,167.0,185.0
11.0,0.0,0.53,0.41,165.0,732.0,189.0,0.17,0.31
15.0,0.0,505.0,385.0,145.0,0.6775,236.0,179.0,0.2
15.0,0.0,465.0,0.35,0.14,0.5755,0.2015,0.1505,0.19
15.0,1.0,0.47,0.36,145.0,537.0,0.1725,0.1375,195.0
13.0,0.0,0.56,0.41,165.0,0.93,0.3505,237.0,0.3
12.0,0.0,505.0,385.0,0.15,0.6415,246.0,152.0,215.0
10.0,0.0,515.0,435.0,145.0,0.8815,292.0,206.0,255.0
6.0,2.0,385.0,0.28,125.0,244.0,102.0,38.0,85.0
5.0,2.0,215.0,155.0,0.06,0.0525,21.0,0.0165,15.0
15.0,0.0,0.55,415.0,175.0,1042.0,0.3295,0.2325,0.2905
9.0,1.0,515.0,0.39,0.13,0.5755,0.1975,0.13,0.1845
12.0,0.0,495.0,385.0,135.0,709.0,211.0,0.1375,262.0
9.0,1.0,505.0,0.39,0.16,644.0,0.2475,0.2025,0.1635
12.0,1.0,0.6,465.0,165.0,0.8875,309.0,246.0,262.0
10.0,1.0,0.57,465.0,0.16,0.8935,0.3145,0.2575,263.0
10.0,1.0,485.0,375.0,135.0,556.0,0.1925,0.1315,0.1685
9.0,0.0,0.47,0.37,0.18,0.51,0.1915,0.1285,0.1625
12.0,0.0,575.0,0.45,165.0,0.9215,0.3275,225.0,256.0
12.0,0.0,0.58,465.0,0.16,1.0345,315.0,0.26,0.3635
15.0,0.0,515.0,405.0,145.0,695.0,215.0,0.1635,234.0
11.0,0.0,0.53,0.41,155.0,0.7155,0.2805,0.1685,214.0
9.0,0.0,0.44,335.0,0.11,394.0,157.0,96.0,122.0
11.0,0.0,0.52,0.42,0.16,745.0,255.0,157.0,0.2885
11.0,1.0,425.0,345.0,0.11,0.3665,125.0,81.0,117.0
10.0,0.0,0.46,0.34,135.0,495.0,0.1655,117.0,185.0
9.0,0.0,425.0,0.33,0.13,0.4405,152.0,0.0935,155.0
7.0,2.0,0.37,275.0,0.1,0.22,94.0,45.0,65.0
10.0,0.0,515.0,0.38,135.0,0.6615,0.2875,0.2095,155.0
7.0,0.0,405.0,305.0,0.12,0.3185,0.1235,0.0905,95.0
6.0,2.0,0.28,205.0,0.07,0.1015,41.0,0.03,0.03
15.0,1.0,0.48,0.4,125.0,759.0,0.2125,179.0,0.24
10.0,1.0,0.44,0.34,0.13,0.4195,153.0,0.1155,0.13
12.0,1.0,0.52,0.41,115.0,807.0,0.2855,179.0,235.0
12.0,0.0,505.0,405.0,0.14,875.0,0.2665,174.0,285.0
21.0,1.0,0.49,365.0,0.13,0.6835,165.0,0.1315,205.0
6.0,2.0,235.0,175.0,55.0,67.0,27.0,0.0125,18.0
5.0,2.0,255.0,185.0,0.06,88.0,0.0365,21.0,23.0
7.0,2.0,315.0,0.24,85.0,0.1715,71.0,0.0345,0.0535
7.0,2.0,325.0,0.25,0.08,0.1735,0.0765,0.0345,49.0
6.0,2.0,0.35,0.27,0.09,0.2055,75.0,0.0575,62.0
6.0,2.0,0.35,0.25,0.07,0.18,0.0655,48.0,54.0
7.0,2.0,0.36,0.3,85.0,0.27,0.1185,64.0,0.0745
6.0,2.0,0.37,275.0,0.14,0.2215,97.0,0.0455,0.0615
7.0,2.0,0.38,275.0,95.0,0.1375,86.0,0.0585,0.0605
6.0,2.0,385.0,0.29,95.0,312.0,143.0,0.0635,86.0
7.0,2.0,385.0,0.3,0.1,0.2895,0.1215,63.0,0.09
7.0,2.0,395.0,0.29,95.0,319.0,138.0,0.08,82.0
6.0,2.0,395.0,0.29,95.0,304.0,127.0,84.0,77.0
6.0,2.0,0.4,0.31,0.1,306.0,0.13,0.06,94.0
6.0,2.0,0.41,325.0,0.1,394.0,208.0,0.0655,106.0
7.0,2.0,415.0,0.32,0.11,0.3735,175.0,0.0755,109.0
6.0,0.0,415.0,305.0,0.1,325.0,156.0,0.0505,91.0
6.0,2.0,425.0,325.0,0.1,398.0,0.1185,0.0645,0.0945
9.0,2.0,0.44,365.0,115.0,501.0,0.2435,84.0,0.1465
7.0,2.0,445.0,335.0,0.1,0.4895,0.2745,86.0,0.1105
7.0,2.0,445.0,325.0,0.1,378.0,0.1795,0.1,89.0
8.0,2.0,0.45,0.35,0.13,547.0,245.0,0.1405,0.1405
8.0,0.0,0.47,375.0,0.12,0.5805,266.0,0.0935,169.0
9.0,2.0,475.0,365.0,125.0,0.5465,229.0,0.1185,172.0
8.0,1.0,0.48,365.0,135.0,0.6395,0.2945,113.0,175.0
8.0,0.0,0.49,385.0,125.0,609.0,0.3065,96.0,0.1775
9.0,0.0,0.5,0.4,125.0,0.5975,0.27,0.1275,166.0
8.0,0.0,505.0,0.44,0.14,0.8275,0.3415,0.1855,239.0
8.0,0.0,525.0,395.0,0.13,0.7635,0.3375,0.1425,225.0
9.0,0.0,0.54,405.0,125.0,891.0,0.4815,0.1915,202.0
11.0,1.0,0.54,0.42,0.14,805.0,369.0,0.1725,0.21
10.0,1.0,545.0,0.44,135.0,0.9185,429.0,0.2015,0.2375
8.0,1.0,0.55,0.43,125.0,923.0,0.4035,175.0,283.0
10.0,0.0,0.55,0.45,0.15,1.0145,407.0,0.2015,0.2875
9.0,0.0,555.0,435.0,145.0,0.9685,0.4985,168.0,0.2385
10.0,0.0,565.0,0.45,155.0,1.0595,0.4735,0.24,265.0
9.0,0.0,0.57,455.0,0.15,952.0,0.3895,0.2155,0.2745
10.0,0.0,0.57,435.0,0.13,0.7535,349.0,0.1755,194.0
9.0,1.0,575.0,465.0,0.14,958.0,442.0,0.1815,0.2705
9.0,0.0,0.59,475.0,165.0,1077.0,0.4545,244.0,0.3095
12.0,0.0,0.59,0.46,0.13,1102.0,455.0,0.2055,0.33
10.0,1.0,595.0,0.48,0.15,1.11,498.0,228.0,0.33
6.0,1.0,595.0,475.0,0.16,1.1405,547.0,231.0,271.0
12.0,1.0,595.0,465.0,0.14,1113.0,0.5175,244.0,305.0
11.0,0.0,0.6,475.0,175.0,1.3445,549.0,0.2875,0.36
10.0,1.0,0.6,475.0,155.0,1.21,653.0,0.1695,0.3205
11.0,0.0,0.6,495.0,175.0,1.29,606.0,276.0,0.3445
10.0,1.0,605.0,475.0,175.0,1382.0,609.0,0.2325,0.3985
9.0,0.0,605.0,455.0,0.16,1.1035,421.0,0.3015,325.0
12.0,1.0,615.0,0.5,175.0,1377.0,0.5585,0.33,292.0
10.0,1.0,615.0,0.52,0.15,1.3435,629.0,0.2605,345.0
12.0,0.0,615.0,505.0,165.0,1.34,0.5315,0.2815,0.41
11.0,1.0,0.62,505.0,0.16,1.3725,0.6285,275.0,0.3685
9.0,0.0,0.62,0.5,165.0,1307.0,0.6355,0.2545,315.0
11.0,1.0,625.0,0.49,155.0,1.2085,465.0,162.0,411.0
11.0,1.0,625.0,0.49,0.2,1.3825,0.5895,285.0,381.0
14.0,0.0,0.63,505.0,165.0,1.26,0.4525,0.2755,406.0
9.0,0.0,635.0,0.51,0.17,1.3555,619.0,305.0,0.39
10.0,1.0,635.0,0.5,0.15,1376.0,0.6495,361.0,0.31
9.0,1.0,635.0,485.0,165.0,1.2945,668.0,0.2605,0.2715
8.0,1.0,0.64,0.51,165.0,1486.0,0.7595,332.0,321.0
11.0,0.0,0.65,525.0,175.0,1.4715,675.0,315.0,399.0
9.0,0.0,655.0,0.52,165.0,1.4095,586.0,291.0,405.0
15.0,0.0,0.66,0.53,0.17,1.3905,0.5905,212.0,453.0
10.0,0.0,0.66,0.52,0.19,1558.0,755.0,298.0,0.4
10.0,1.0,0.67,585.0,0.16,1309.0,0.5445,0.2945,413.0
12.0,1.0,675.0,525.0,0.17,1.8095,784.0,391.0,455.0
11.0,1.0,0.68,0.56,195.0,1.7775,861.0,322.0,415.0
11.0,1.0,685.0,0.54,0.16,1.6675,833.0,0.3775,475.0
17.0,0.0,0.73,595.0,0.23,2.8255,1.1465,419.0,897.0
6.0,2.0,205.0,0.14,0.05,46.0,0.0165,12.0,0.0135
5.0,2.0,0.24,175.0,55.0,0.0705,25.0,14.0,21.0
3.0,2.0,0.24,175.0,65.0,0.0665,31.0,0.0135,17.0
6.0,2.0,255.0,0.19,0.05,83.0,0.0295,0.0215,27.0
4.0,2.0,255.0,0.18,55.0,83.0,31.0,0.0215,0.02
6.0,2.0,265.0,195.0,0.06,92.0,0.0345,25.0,0.0245
4.0,2.0,0.28,0.12,75.0,117.0,0.0455,29.0,0.0345
5.0,2.0,295.0,0.23,0.08,0.1625,65.0,0.05,0.0385
4.0,2.0,0.3,235.0,0.08,131.0,0.05,0.0265,43.0
5.0,2.0,305.0,0.22,0.07,141.0,62.0,31.0,37.0
6.0,2.0,315.0,235.0,75.0,0.1485,0.0585,0.0375,0.0425
8.0,2.0,315.0,0.23,0.07,144.0,53.0,0.0305,0.04
5.0,2.0,0.32,0.24,0.09,0.1575,0.07,0.0265,0.0425
6.0,2.0,325.0,0.24,75.0,187.0,0.0825,0.0445,0.05
6.0,2.0,0.33,265.0,85.0,196.0,0.0775,0.0305,0.0445
7.0,2.0,335.0,0.25,75.0,0.1825,0.0705,44.0,55.0
7.0,2.0,335.0,0.25,75.0,186.0,0.0945,38.0,0.0445
5.0,2.0,0.34,0.25,75.0,0.1785,0.0665,0.0455,45.0
7.0,2.0,0.34,0.25,0.07,0.2225,104.0,0.0425,55.0
7.0,2.0,345.0,265.0,0.1,0.2455,111.0,0.0535,65.0
6.0,2.0,0.37,0.29,95.0,249.0,0.1045,58.0,67.0
7.0,2.0,0.37,0.28,95.0,0.2865,0.1505,69.0,0.0795
6.0,2.0,375.0,0.28,0.09,215.0,84.0,0.06,55.0
6.0,2.0,385.0,265.0,0.08,251.0,124.0,37.0,0.07
7.0,2.0,0.41,0.31,0.09,339.0,155.0,0.0695,0.09
7.0,2.0,0.41,305.0,0.09,0.3535,157.0,0.0745,0.1
6.0,2.0,0.41,0.31,0.09,0.3335,0.1635,61.0,91.0
6.0,2.0,415.0,0.33,0.09,0.3595,0.17,81.0,0.09
5.0,2.0,0.42,0.32,115.0,376.0,169.0,92.0,0.1
6.0,2.0,0.42,315.0,0.1,0.3435,157.0,0.0795,0.09
6.0,2.0,425.0,0.34,0.1,382.0,164.0,96.0,0.1
6.0,2.0,425.0,315.0,0.1,377.0,0.1645,72.0,105.0
7.0,2.0,0.43,325.0,0.1,0.3645,0.1575,0.0825,105.0
7.0,2.0,0.43,325.0,0.09,425.0,217.0,87.0,95.0
8.0,2.0,435.0,325.0,0.12,0.3995,0.1815,61.0,0.1125
6.0,2.0,435.0,0.34,115.0,0.3925,0.1825,78.0,0.1145
6.0,2.0,0.44,345.0,0.13,0.4495,209.0,0.0835,134.0
7.0,2.0,0.44,325.0,0.09,0.35,148.0,67.0,105.0
6.0,1.0,445.0,335.0,0.11,0.4355,0.2025,0.1095,0.1195
7.0,2.0,445.0,0.35,0.13,0.4195,0.1695,0.0945,0.1195
7.0,2.0,0.45,0.36,0.13,478.0,191.0,127.0,137.0
8.0,2.0,0.45,355.0,105.0,0.4445,197.0,93.0,0.1335
7.0,2.0,0.45,345.0,0.11,0.47,0.2355,0.0855,0.1135
7.0,2.0,0.45,335.0,105.0,447.0,0.2335,153.0,119.0
7.0,2.0,455.0,355.0,125.0,0.5325,225.0,126.0,0.1465
6.0,2.0,455.0,375.0,0.12,497.0,0.2355,0.1055,0.1295
7.0,2.0,0.46,0.36,0.1,0.4635,0.2325,93.0,115.0
7.0,2.0,0.46,345.0,105.0,449.0,196.0,0.0945,0.1265
7.0,2.0,465.0,365.0,115.0,467.0,0.2315,0.0925,113.0
7.0,2.0,465.0,0.37,115.0,534.0,261.0,98.0,143.0
6.0,1.0,465.0,0.35,125.0,482.0,0.23,106.0,0.1095
8.0,1.0,0.47,365.0,0.12,582.0,0.29,92.0,146.0
9.0,0.0,475.0,0.37,125.0,537.0,222.0,0.1215,0.15
6.0,1.0,475.0,0.36,0.12,0.5915,0.3245,0.11,127.0
6.0,0.0,0.48,385.0,145.0,0.64,0.2925,0.1405,0.1575
8.0,0.0,0.48,0.36,0.1,439.0,194.0,99.0,115.0
7.0,0.0,0.48,365.0,0.12,0.6015,312.0,117.0,0.14
7.0,1.0,485.0,0.37,115.0,0.4785,0.1995,0.0955,129.0
8.0,0.0,0.49,385.0,125.0,649.0,0.32,124.0,0.1695
8.0,0.0,495.0,395.0,135.0,0.6335,0.3035,0.1295,0.1495
7.0,0.0,495.0,0.4,135.0,0.61,272.0,0.1435,144.0
6.0,0.0,0.5,0.39,135.0,0.6595,0.3145,0.1535,0.1565
8.0,2.0,0.5,385.0,0.12,0.56,0.2835,103.0,135.0
7.0,0.0,0.5,385.0,135.0,0.6425,0.3195,129.0,0.1535
7.0,0.0,0.5,0.4,125.0,0.6725,336.0,0.12,0.1825
9.0,1.0,505.0,0.39,0.13,674.0,0.3165,141.0,0.1785
8.0,2.0,505.0,0.39,0.15,685.0,362.0,131.0,156.0
9.0,0.0,505.0,0.41,125.0,642.0,289.0,133.0,155.0
8.0,2.0,505.0,355.0,125.0,601.0,0.25,0.1205,185.0
8.0,0.0,0.51,0.39,135.0,769.0,0.3935,0.1455,0.19
7.0,2.0,0.51,375.0,0.1,0.5785,238.0,0.1225,175.0
7.0,2.0,0.51,405.0,135.0,769.0,0.3655,0.1585,0.18
8.0,0.0,0.51,405.0,0.15,0.7035,347.0,134.0,0.1885
8.0,0.0,0.51,0.41,145.0,796.0,0.3865,0.1815,0.1955
8.0,1.0,515.0,0.43,0.14,834.0,367.0,0.2,0.23
7.0,0.0,515.0,0.39,155.0,0.7125,0.3695,137.0,155.0
8.0,1.0,525.0,415.0,0.14,724.0,0.3475,173.0,175.0
11.0,0.0,525.0,0.4,0.14,0.7325,334.0,0.1575,0.17
8.0,1.0,0.53,425.0,0.13,0.7585,325.0,197.0,205.0
8.0,1.0,0.53,425.0,0.15,0.8495,328.0,232.0,202.0
8.0,1.0,535.0,0.4,135.0,0.8215,0.3935,196.0,205.0
8.0,0.0,535.0,0.43,0.14,0.7165,0.2855,0.1595,0.2155
8.0,0.0,535.0,435.0,0.14,874.0,0.3735,229.0,0.2195
9.0,1.0,0.55,445.0,155.0,0.9905,544.0,178.0,218.0
9.0,1.0,0.55,0.43,0.14,0.8105,368.0,161.0,275.0
9.0,1.0,0.56,455.0,0.16,967.0,0.4525,207.0,274.0
8.0,1.0,565.0,0.4,0.13,0.6975,0.3075,0.1665,0.18
10.0,0.0,0.57,0.45,155.0,1195.0,0.5625,0.2565,295.0
10.0,0.0,0.57,0.45,155.0,1.1935,513.0,0.21,343.0
8.0,1.0,0.57,455.0,0.15,1107.0,0.54,255.0,0.27
8.0,0.0,0.57,445.0,0.14,1.0635,0.5265,0.2195,0.24
7.0,0.0,0.57,0.46,0.17,0.9035,0.4075,0.1935,214.0
9.0,0.0,575.0,475.0,0.16,1114.0,0.4955,0.2745,0.29
9.0,1.0,575.0,0.46,0.16,1103.0,538.0,221.0,249.0
7.0,1.0,0.58,0.46,0.15,1.1155,0.5575,0.2255,0.29
10.0,0.0,0.58,455.0,0.15,1012.0,0.4985,0.2115,0.2835
8.0,1.0,0.58,0.45,145.0,1137.0,0.5585,0.22,0.29
9.0,0.0,0.58,0.49,0.13,1.1335,586.0,0.2565,237.0
11.0,0.0,0.59,465.0,155.0,1136.0,0.5245,0.2615,275.0
8.0,0.0,0.59,0.47,0.16,1206.0,479.0,0.2425,309.0
8.0,1.0,0.59,455.0,145.0,1063.0,0.5155,0.2445,0.25
11.0,1.0,595.0,0.45,0.15,1114.0,0.5865,0.2205,0.25
9.0,0.0,595.0,475.0,165.0,1213.0,621.0,0.2435,274.0
9.0,1.0,595.0,0.46,0.14,1.0045,0.4655,0.2095,0.2515
9.0,0.0,595.0,455.0,0.15,1044.0,518.0,0.2205,0.27
9.0,1.0,605.0,0.49,0.15,1.1345,0.5265,0.2645,295.0
9.0,0.0,605.0,475.0,155.0,1161.0,572.0,0.2455,275.0
11.0,0.0,0.61,0.47,0.15,1.1625,565.0,258.0,0.3085
10.0,0.0,0.61,475.0,155.0,1168.0,554.0,239.0,0.3295
8.0,1.0,615.0,0.48,0.16,1.2525,585.0,0.2595,0.33
11.0,1.0,0.62,0.51,0.18,1.3315,594.0,276.0,388.0
10.0,1.0,625.0,0.48,0.17,1.3525,0.6235,278.0,365.0
10.0,0.0,625.0,0.49,175.0,1.3325,0.5705,271.0,405.0
10.0,1.0,625.0,475.0,175.0,1.1435,0.4755,0.2475,349.0
9.0,1.0,625.0,485.0,0.2,1.38,0.5845,302.0,401.0
8.0,0.0,0.63,485.0,155.0,1278.0,637.0,275.0,0.31
11.0,1.0,0.63,495.0,165.0,1.3075,599.0,284.0,315.0
8.0,0.0,0.63,0.48,0.15,1.1785,0.5185,248.0,0.3235
11.0,0.0,635.0,0.49,175.0,1375.0,623.0,0.2705,395.0
10.0,0.0,635.0,525.0,185.0,1.4065,684.0,0.3,0.3745
10.0,0.0,0.64,505.0,155.0,1.4025,705.0,0.2655,335.0
11.0,1.0,0.64,0.5,0.17,1.5175,693.0,326.0,409.0
10.0,1.0,645.0,0.5,155.0,1.2205,0.6145,236.0,0.3185
11.0,0.0,645.0,0.52,175.0,1636.0,779.0,342.0,432.0
8.0,0.0,645.0,0.52,175.0,1561.0,709.0,0.3555,0.4
8.0,1.0,645.0,505.0,165.0,1.4325,684.0,308.0,336.0
11.0,0.0,645.0,0.5,175.0,1.3385,633.0,299.0,349.0
10.0,1.0,645.0,0.5,0.16,1.2465,0.5475,327.0,0.3
9.0,0.0,0.65,495.0,0.16,1304.0,0.57,312.0,0.3725
11.0,0.0,0.65,0.52,0.21,1.6785,0.6665,308.0,0.46
10.0,0.0,0.65,525.0,185.0,1622.0,0.6645,0.3225,477.0
9.0,1.0,655.0,0.46,0.16,1494.0,0.6895,331.0,0.1825
11.0,1.0,0.66,505.0,185.0,1528.0,0.69,0.3025,441.0
9.0,0.0,0.66,535.0,0.19,1.5905,0.6425,297.0,0.5175
10.0,0.0,0.66,495.0,195.0,1.6275,594.0,0.3595,485.0
6.0,1.0,0.66,475.0,0.18,1.3695,641.0,294.0,335.0
11.0,0.0,0.67,525.0,165.0,1.6085,682.0,0.3145,0.4005
10.0,1.0,675.0,0.57,225.0,1587.0,739.0,0.2995,435.0
12.0,1.0,675.0,565.0,195.0,1.8375,0.7645,0.3615,553.0
12.0,0.0,0.68,535.0,185.0,1607.0,0.7245,0.3215,498.0
8.0,0.0,0.69,525.0,175.0,1.7005,0.8255,362.0,405.0
10.0,0.0,0.69,505.0,0.2,1872.0,893.0,0.4015,0.48
10.0,1.0,695.0,535.0,175.0,1.8385,0.8035,396.0,503.0
12.0,1.0,705.0,535.0,0.18,1685.0,693.0,0.42,0.4045
11.0,0.0,0.71,565.0,205.0,2198.0,1012.0,0.5225,0.5475
10.0,0.0,715.0,565.0,175.0,1.9525,0.7645,0.4185,0.4135
11.0,1.0,715.0,525.0,185.0,1.56,0.6655,383.0,405.0
11.0,1.0,735.0,0.6,0.22,2555.0,1.1335,0.44,0.6
12.0,0.0,765.0,0.6,0.22,2302.0,1007.0,509.0,0.6205
4.0,2.0,185.0,0.13,45.0,29.0,12.0,0.0075,0.0095
3.0,2.0,195.0,0.15,45.0,0.0375,18.0,6.0,11.0
4.0,2.0,195.0,135.0,0.04,0.0325,0.0135,5.0,0.0095
4.0,2.0,0.2,155.0,0.04,0.0435,0.0155,9.0,7.0
4.0,2.0,225.0,165.0,55.0,59.0,27.0,0.0125,15.0
4.0,2.0,245.0,0.18,65.0,71.0,0.03,13.0,0.0215
5.0,2.0,0.25,0.18,65.0,0.0685,0.0245,0.0155,0.0225
7.0,2.0,265.0,195.0,55.0,84.0,0.0365,0.0175,25.0
6.0,2.0,275.0,195.0,65.0,106.0,54.0,0.02,28.0
5.0,2.0,0.28,0.21,85.0,0.1075,0.0415,24.0,34.0
5.0,2.0,285.0,0.22,65.0,96.0,0.0405,0.0205,0.03
6.0,2.0,315.0,235.0,55.0,151.0,65.0,27.0,39.0
6.0,2.0,0.32,225.0,85.0,0.1415,0.0675,0.0295,0.0405
5.0,2.0,0.34,265.0,0.08,0.2015,0.09,0.0475,55.0
6.0,2.0,0.37,0.28,0.1,221.0,0.1165,0.0265,0.0635
6.0,2.0,375.0,0.28,0.08,0.2345,0.1125,0.0455,67.0
7.0,2.0,385.0,0.29,0.08,0.2485,122.0,0.0495,65.0
6.0,2.0,0.4,0.32,95.0,348.0,194.0,53.0,87.0
7.0,2.0,405.0,0.3,0.11,0.32,172.0,44.0,93.0
7.0,2.0,0.41,0.3,0.1,282.0,0.1255,57.0,0.0875
6.0,2.0,0.41,325.0,0.1,0.3245,132.0,72.0,106.0
7.0,2.0,0.42,0.3,105.0,316.0,0.1255,0.07,0.1035
7.0,2.0,0.42,0.32,0.11,0.3625,174.0,0.0635,105.0
6.0,2.0,0.42,0.31,95.0,279.0,0.1255,51.0,88.0
7.0,2.0,425.0,325.0,115.0,0.3685,162.0,0.0865,0.1045
7.0,0.0,0.43,335.0,0.12,397.0,0.1985,0.0865,0.1035
6.0,2.0,435.0,0.33,0.11,413.0,0.2055,96.0,96.0
7.0,2.0,0.44,0.33,0.11,0.3705,0.1545,84.0,0.12
7.0,2.0,445.0,345.0,105.0,409.0,0.1675,0.1015,117.0
7.0,2.0,445.0,0.34,145.0,434.0,0.1945,0.0905,0.13
8.0,2.0,445.0,335.0,0.11,411.0,0.1985,0.0935,109.0
8.0,2.0,0.45,365.0,125.0,462.0,0.2135,0.0985,0.1315
7.0,2.0,0.45,0.33,105.0,0.3715,0.1865,0.0785,0.0975
6.0,2.0,0.45,0.33,0.1,411.0,0.1945,0.1,98.0
7.0,2.0,0.46,0.35,115.0,0.4155,0.18,98.0,0.1175
7.0,0.0,0.47,0.36,105.0,544.0,0.27,0.1395,129.0
6.0,2.0,0.47,0.38,125.0,0.4845,211.0,0.1075,142.0
6.0,2.0,475.0,0.35,0.11,0.4565,206.0,99.0,0.13
7.0,2.0,475.0,0.35,0.1,0.4545,0.2165,111.0,115.0
8.0,2.0,0.48,0.38,125.0,0.6245,0.3395,0.1085,0.1665
7.0,0.0,0.49,465.0,125.0,0.5225,235.0,0.13,141.0
9.0,2.0,0.5,375.0,0.12,542.0,215.0,116.0,0.17
8.0,2.0,0.5,0.38,125.0,519.0,0.2485,0.1135,134.0
6.0,0.0,0.5,0.39,125.0,0.5215,0.2485,117.0,131.0
7.0,1.0,505.0,0.39,125.0,0.5445,246.0,0.15,0.1405
6.0,1.0,0.51,0.4,125.0,545.0,261.0,115.0,0.1385
9.0,2.0,0.51,0.4,125.0,0.5575,0.2615,0.1195,0.1525
8.0,2.0,515.0,385.0,125.0,0.6115,0.3175,0.1265,0.15
9.0,0.0,0.52,0.4,145.0,0.7765,0.3525,0.1845,185.0
8.0,2.0,0.52,0.38,135.0,0.5395,0.2295,133.0,157.0
8.0,2.0,0.52,0.38,125.0,0.5545,288.0,0.1295,167.0
7.0,1.0,0.52,0.46,0.15,1019.0,523.0,0.1985,254.0
8.0,2.0,525.0,0.4,0.13,0.6455,325.0,0.1245,0.17
9.0,2.0,525.0,0.4,0.14,601.0,0.2625,0.1285,0.1835
9.0,0.0,525.0,405.0,0.12,0.7555,0.3755,0.1555,201.0
8.0,2.0,525.0,395.0,0.12,608.0,297.0,0.1395,0.1405
8.0,2.0,0.53,0.4,125.0,617.0,279.0,127.0,0.19
9.0,2.0,535.0,0.39,125.0,599.0,0.2595,149.0,169.0
10.0,2.0,0.54,0.42,0.14,0.6665,0.3125,138.0,0.1895
7.0,0.0,545.0,0.39,135.0,0.7835,0.4225,0.1815,156.0
9.0,0.0,545.0,0.41,0.12,793.0,434.0,0.1405,0.19
9.0,0.0,545.0,415.0,0.14,0.82,0.4615,127.0,218.0
8.0,1.0,0.55,415.0,135.0,0.8145,427.0,0.1855,175.0
8.0,1.0,0.55,0.43,0.15,0.84,395.0,195.0,223.0
10.0,0.0,0.55,425.0,0.15,0.8315,411.0,0.1765,0.2165
9.0,0.0,0.56,0.43,145.0,0.8995,464.0,0.1775,234.0
8.0,0.0,0.56,445.0,0.16,0.8965,0.42,0.2175,0.2215
8.0,1.0,0.56,0.44,155.0,0.6405,336.0,0.1765,245.0
8.0,0.0,0.56,415.0,145.0,852.0,0.43,0.1885,205.0
9.0,0.0,565.0,455.0,0.15,0.9595,0.4565,0.2395,0.23
8.0,0.0,565.0,435.0,0.15,0.99,0.5795,0.1825,206.0
9.0,1.0,565.0,0.45,175.0,1.0095,447.0,0.2375,0.2645
9.0,0.0,0.57,0.46,0.15,1.0375,0.5415,0.2035,0.25
7.0,1.0,575.0,0.46,145.0,0.9945,466.0,229.0,265.0
10.0,1.0,575.0,0.45,0.16,1068.0,556.0,214.0,0.2575
9.0,0.0,575.0,435.0,0.14,0.8455,401.0,191.0,222.0
9.0,1.0,575.0,0.47,165.0,869.0,435.0,197.0,238.0
9.0,0.0,575.0,455.0,135.0,907.0,0.4245,197.0,0.26
10.0,2.0,575.0,435.0,0.13,805.0,0.3155,0.2155,245.0
9.0,0.0,575.0,445.0,0.17,1.0225,549.0,0.2175,228.0
9.0,0.0,575.0,445.0,145.0,847.0,415.0,0.1945,0.22
8.0,0.0,0.58,455.0,0.15,1114.0,0.4765,0.2155,265.0
9.0,0.0,0.58,455.0,195.0,1859.0,945.0,426.0,441.0
9.0,0.0,0.58,445.0,135.0,814.0,0.3775,0.1915,0.22
9.0,0.0,0.58,0.45,0.14,0.9615,486.0,0.1815,253.0
8.0,0.0,0.58,0.45,145.0,1.0025,547.0,0.1975,0.2295
9.0,1.0,0.58,0.45,155.0,0.93,385.0,246.0,265.0
9.0,0.0,585.0,0.46,145.0,0.9335,478.0,0.1825,235.0
8.0,0.0,0.59,0.47,0.15,0.9955,481.0,232.0,0.24
9.0,1.0,0.6,475.0,0.16,1.0265,485.0,0.2495,0.2565
8.0,0.0,0.6,455.0,0.17,1.1915,696.0,0.2395,0.24
8.0,1.0,0.6,465.0,0.15,1.1025,0.5455,262.0,0.25
10.0,0.0,0.6,465.0,155.0,1.0165,512.0,0.2465,225.0
9.0,0.0,605.0,475.0,0.14,1.1175,555.0,257.0,274.0
10.0,0.0,605.0,0.48,0.17,1.1835,582.0,0.2365,317.0
9.0,1.0,605.0,475.0,165.0,1056.0,433.0,0.2195,357.0
8.0,0.0,0.61,485.0,0.16,1.0145,0.5315,212.0,0.2415
9.0,0.0,0.61,485.0,145.0,1.3305,783.0,0.2255,0.2865
9.0,0.0,0.61,0.47,165.0,1052.0,498.0,242.0,267.0
9.0,1.0,615.0,465.0,0.15,923.0,0.4615,0.1825,0.2415
9.0,1.0,615.0,475.0,155.0,1027.0,447.0,0.25,285.0
8.0,0.0,0.62,0.47,135.0,1.0195,0.5315,0.2005,0.2475
8.0,0.0,0.62,0.45,0.2,858.0,0.4285,0.1525,0.2405
8.0,1.0,0.62,0.48,0.16,1.1125,0.5635,0.2445,281.0
9.0,1.0,625.0,485.0,175.0,1.3745,0.7335,0.2715,332.0
8.0,0.0,625.0,0.48,185.0,1.2065,587.0,0.29,286.0
8.0,0.0,0.63,0.47,155.0,1.1325,589.0,211.0,287.0
10.0,0.0,0.63,0.5,175.0,1.2645,0.5635,0.3065,0.3425
9.0,1.0,635.0,495.0,15.0,1.1565,0.5115,308.0,0.2885
10.0,0.0,0.64,515.0,165.0,1369.0,632.0,0.3415,358.0
10.0,0.0,645.0,0.53,195.0,1.39,0.6465,0.2945,0.3735
9.0,1.0,0.65,0.5,0.19,1464.0,0.6415,339.0,0.4245
11.0,0.0,0.65,0.5,155.0,1202.0,565.0,0.3135,294.0
11.0,0.0,655.0,515.0,0.16,1.31,553.0,369.0,345.0
10.0,1.0,655.0,0.51,175.0,1415.0,0.5885,0.3725,364.0
11.0,1.0,0.66,0.53,185.0,1346.0,546.0,0.2705,476.0
8.0,0.0,665.0,525.0,0.16,1363.0,629.0,279.0,0.34
9.0,1.0,0.67,505.0,205.0,1.3645,0.6075,0.3025,353.0
14.0,1.0,685.0,0.54,215.0,1.7025,664.0,0.3655,0.4735
9.0,1.0,0.69,0.54,155.0,1454.0,624.0,0.3105,0.39
9.0,1.0,0.69,0.53,0.17,1.5535,0.7945,0.3485,0.3695
9.0,0.0,0.7,565.0,0.18,1751.0,895.0,0.3355,446.0
12.0,0.0,0.7,575.0,0.19,2273.0,1095.0,418.0,638.0
9.0,1.0,0.7,525.0,0.19,1.6465,0.8545,307.0,0.3995
9.0,1.0,705.0,0.55,0.17,1219.0,0.6395,236.0,301.0
11.0,1.0,0.71,0.56,0.18,1652.0,735.0,381.0,0.4525
12.0,0.0,715.0,0.55,0.19,2.0045,1.0465,407.0,0.5075
10.0,0.0,715.0,535.0,0.19,1.6755,889.0,313.0,0.42
10.0,1.0,0.72,0.58,195.0,2103.0,1.0265,0.48,0.5375
10.0,1.0,0.72,0.55,0.2,1.9965,0.9035,469.0,0.5215
8.0,0.0,0.72,565.0,145.0,1187.0,691.0,0.1945,0.2685
12.0,0.0,725.0,505.0,185.0,1978.0,1026.0,0.4255,0.4505
12.0,1.0,0.73,575.0,185.0,1.8795,931.0,0.38,0.4825
11.0,0.0,735.0,585.0,185.0,2124.0,952.0,0.55,0.5
11.0,0.0,745.0,565.0,215.0,1931.0,896.0,0.4585,0.5
11.0,1.0,0.75,0.57,0.21,2236.0,1109.0,0.5195,545.0
11.0,1.0,755.0,625.0,0.21,2505.0,1.1965,513.0,0.6785
10.0,0.0,755.0,0.58,205.0,2.0065,0.8295,0.4015,595.0
11.0,1.0,0.78,0.63,215.0,2657.0,1488.0,0.4985,586.0
6.0,2.0,185.0,375.0,0.12,0.4645,196.0,0.1045,0.15
4.0,2.0,245.0,205.0,0.06,0.0765,34.0,14.0,0.0215
5.0,2.0,0.25,185.0,65.0,0.0685,0.0295,14.0,0.0225
5.0,2.0,0.25,0.19,65.0,0.0835,39.0,15.0,25.0
6.0,2.0,275.0,195.0,0.09,0.1125,0.0545,0.0295,0.0355
5.0,2.0,305.0,215.0,65.0,0.1075,44.0,0.0205,38.0
5.0,2.0,0.31,225.0,0.07,0.1055,435.0,15.0,0.04
5.0,2.0,315.0,0.23,0.08,0.1375,0.0545,31.0,0.0445
5.0,2.0,315.0,0.23,0.07,0.1145,46.0,0.0235,0.0385
6.0,2.0,325.0,225.0,75.0,139.0,0.0565,32.0,0.09
7.0,2.0,0.33,0.25,95.0,0.2085,102.0,0.0395,52.0
5.0,2.0,0.33,205.0,95.0,0.1595,77.0,32.0,0.0435
7.0,2.0,335.0,245.0,0.09,0.2015,96.0,0.0405,48.0
6.0,2.0,0.34,0.25,0.09,179.0,0.0775,33.0,55.0
6.0,2.0,345.0,255.0,95.0,0.1945,0.0925,37.0,55.0
5.0,2.0,345.0,255.0,85.0,0.2005,105.0,37.0,0.05
6.0,2.0,0.35,0.27,75.0,215.0,0.1,36.0,65.0
8.0,2.0,0.35,255.0,0.09,0.1785,0.0855,0.0305,0.0525
4.0,2.0,0.36,0.27,85.0,196.0,0.0875,35.0,64.0
6.0,2.0,365.0,0.27,85.0,0.1875,81.0,42.0,58.0
7.0,2.0,365.0,0.27,85.0,196.0,0.0825,0.0375,0.06
7.0,2.0,365.0,265.0,85.0,213.0,0.0945,49.0,0.06
7.0,2.0,0.37,0.29,0.09,0.2445,89.0,0.0655,75.0
5.0,2.0,375.0,0.29,95.0,213.0,96.0,41.0,61.0
7.0,2.0,375.0,0.29,85.0,0.2385,118.0,45.0,0.0695
6.0,2.0,375.0,275.0,0.09,218.0,93.0,0.0405,0.0755
6.0,2.0,375.0,275.0,95.0,0.2465,0.11,0.0415,0.0775
8.0,2.0,375.0,0.28,0.08,0.2025,0.0825,48.0,65.0
7.0,2.0,375.0,0.27,85.0,218.0,0.0945,39.0,0.07
6.0,2.0,0.38,275.0,0.11,256.0,0.11,0.0535,0.0755
8.0,2.0,0.38,0.27,0.08,0.2105,0.0865,42.0,0.07
9.0,2.0,385.0,0.29,0.09,0.2615,111.0,0.0595,0.0745
8.0,2.0,385.0,0.28,85.0,0.2175,97.0,38.0,67.0
7.0,2.0,385.0,0.3,95.0,302.0,152.0,0.0615,0.0735
5.0,2.0,385.0,0.28,0.09,228.0,0.1025,42.0,0.0655
7.0,2.0,0.39,0.3,95.0,0.3265,0.1665,0.0575,89.0
8.0,2.0,395.0,305.0,105.0,284.0,0.1135,0.0595,0.0945
8.0,2.0,395.0,295.0,95.0,0.2725,115.0,0.0625,85.0
5.0,2.0,395.0,0.27,0.1,0.2985,0.1445,61.0,82.0
5.0,2.0,0.4,0.29,0.1,0.2675,0.1205,0.0605,0.0765
6.0,2.0,405.0,285.0,0.09,0.2645,0.1265,0.0505,75.0
7.0,2.0,0.41,335.0,0.11,0.33,157.0,0.0705,0.17
6.0,2.0,0.42,305.0,0.09,328.0,168.0,0.0615,82.0
7.0,2.0,425.0,325.0,0.11,0.3335,173.0,45.0,0.1
7.0,2.0,425.0,0.32,0.1,0.3055,126.0,0.06,106.0
7.0,2.0,425.0,0.31,0.09,301.0,0.1385,65.0,0.08
8.0,2.0,0.43,0.34,0.0,428.0,0.2065,86.0,115.0
8.0,2.0,0.43,315.0,95.0,378.0,175.0,0.08,0.1045
7.0,2.0,435.0,315.0,0.11,0.3685,0.1615,0.0715,0.12
9.0,2.0,0.44,0.34,0.12,438.0,0.2115,83.0,0.12
9.0,2.0,0.45,0.33,105.0,448.0,208.0,89.0,0.12
8.0,2.0,455.0,345.0,105.0,0.4005,164.0,0.0755,126.0
8.0,1.0,455.0,365.0,115.0,0.4305,184.0,108.0,0.1245
8.0,2.0,455.0,0.33,0.1,372.0,358.0,0.0775,0.11
7.0,2.0,0.46,0.36,105.0,466.0,0.2225,99.0,0.11
9.0,2.0,0.46,0.35,105.0,0.3705,0.1575,77.0,114.0
8.0,1.0,0.46,365.0,125.0,0.4785,206.0,0.1045,141.0
11.0,2.0,465.0,0.34,0.11,346.0,0.1425,73.0,113.0
8.0,2.0,0.47,365.0,0.1,411.0,175.0,0.0855,135.0
8.0,2.0,0.47,355.0,0.18,0.48,0.2055,105.0,0.1505
8.0,2.0,475.0,355.0,0.1,0.5035,0.2535,91.0,0.14
8.0,2.0,475.0,0.38,0.12,441.0,0.1785,0.0885,0.1505
8.0,2.0,475.0,0.36,0.11,492.0,211.0,0.11,0.15
9.0,2.0,0.48,0.37,125.0,0.5435,244.0,101.0,165.0
8.0,2.0,0.48,355.0,115.0,0.4725,0.2065,112.0,132.0
8.0,2.0,0.48,365.0,0.1,461.0,0.2205,0.0835,135.0
8.0,2.0,495.0,355.0,0.12,0.4965,214.0,0.1045,0.1495
7.0,2.0,495.0,0.38,0.13,0.5125,0.2185,116.0,0.16
8.0,0.0,495.0,395.0,0.12,553.0,224.0,0.1375,167.0
9.0,2.0,0.5,0.38,135.0,594.0,0.2945,104.0,0.1565
9.0,0.0,0.5,0.42,135.0,0.6765,302.0,0.1415,0.2065
9.0,2.0,0.5,375.0,145.0,0.5795,239.0,0.1375,185.0
9.0,2.0,0.5,0.41,0.14,0.6615,0.2585,0.1625,196.0
7.0,2.0,0.5,375.0,125.0,0.5695,259.0,124.0,157.0
9.0,2.0,0.5,395.0,0.14,0.6215,0.2925,0.1205,195.0
8.0,2.0,505.0,405.0,0.13,0.6015,0.3015,0.11,0.18
7.0,2.0,505.0,0.38,0.12,594.0,0.2595,0.1435,0.18
8.0,2.0,505.0,395.0,105.0,551.0,248.0,103.0,171.0
7.0,2.0,515.0,0.38,0.12,625.0,0.3265,0.1295,0.16
13.0,2.0,515.0,0.42,135.0,711.0,337.0,144.0,205.0
9.0,2.0,515.0,0.4,135.0,0.6965,0.32,0.1255,175.0
9.0,2.0,0.52,395.0,125.0,663.0,0.3005,131.0,0.1905
9.0,2.0,525.0,0.4,125.0,0.6965,369.0,0.1385,164.0
9.0,0.0,525.0,0.42,155.0,842.0,428.0,0.1415,0.2045
9.0,2.0,0.53,415.0,0.13,694.0,0.3905,111.0,167.0
10.0,2.0,0.53,0.42,155.0,0.81,0.4725,111.0,192.0
9.0,2.0,0.53,415.0,0.11,0.5745,0.2525,0.1235,189.0
9.0,2.0,0.53,425.0,0.13,0.7675,419.0,0.1205,0.21
9.0,2.0,535.0,0.4,135.0,0.6025,0.2895,121.0,154.0
8.0,2.0,535.0,415.0,0.15,0.5765,0.3595,135.0,225.0
9.0,1.0,535.0,0.41,0.13,0.7145,335.0,144.0,0.2075
9.0,0.0,535.0,435.0,0.15,717.0,0.3475,0.1445,194.0
10.0,1.0,0.54,0.42,145.0,0.8655,0.4315,163.0,0.2175
8.0,2.0,545.0,435.0,135.0,0.7715,372.0,148.0,227.0
9.0,1.0,545.0,445.0,0.15,0.8,0.3535,163.0,207.0
10.0,2.0,545.0,0.43,0.15,0.7285,302.0,0.1315,0.2545
8.0,2.0,545.0,405.0,135.0,0.5945,0.27,0.1185,185.0
11.0,2.0,0.55,0.43,145.0,0.7895,0.3745,171.0,223.0
9.0,1.0,0.55,405.0,125.0,651.0,0.2965,137.0,0.2
9.0,0.0,0.55,0.43,0.15,0.8745,413.0,0.1905,248.0
10.0,2.0,0.55,435.0,0.14,0.7535,0.3285,0.1555,0.2325
9.0,2.0,0.55,425.0,135.0,0.7305,0.3325,0.1545,215.0
9.0,0.0,555.0,0.44,0.14,0.8705,407.0,156.0,255.0
10.0,2.0,555.0,0.43,155.0,0.7395,0.3135,0.1435,0.28
9.0,2.0,555.0,0.43,0.14,0.7665,341.0,165.0,0.23
9.0,2.0,555.0,425.0,145.0,0.7905,0.3485,0.1765,225.0
9.0,2.0,0.56,425.0,135.0,0.8205,0.3715,185.0,236.0
9.0,2.0,0.56,425.0,145.0,688.0,0.3095,0.1305,0.2165
10.0,1.0,0.56,445.0,155.0,1224.0,0.5565,0.3225,0.2695
9.0,2.0,0.56,455.0,145.0,974.0,547.0,0.1615,235.0
11.0,2.0,565.0,0.44,175.0,0.8735,414.0,0.21,0.21
8.0,1.0,565.0,0.45,145.0,0.8495,0.4215,0.1685,225.0
8.0,0.0,565.0,445.0,0.15,796.0,0.3635,184.0,219.0
10.0,2.0,0.57,0.45,145.0,751.0,0.2825,0.2195,0.2215
8.0,2.0,0.57,0.45,135.0,794.0,0.3815,0.1415,245.0
9.0,1.0,0.57,0.46,135.0,0.9795,397.0,0.2525,0.2655
10.0,2.0,0.57,0.44,0.13,0.7665,347.0,0.1785,202.0
9.0,0.0,0.57,435.0,125.0,0.8965,383.0,0.1835,275.0
10.0,1.0,575.0,0.42,135.0,857.0,461.0,147.0,0.2125
9.0,1.0,575.0,0.48,165.0,1078.0,511.0,0.2095,306.0
10.0,0.0,575.0,0.46,155.0,892.0,0.4415,176.0,0.22
10.0,0.0,0.58,455.0,135.0,0.7955,405.0,167.0,204.0
8.0,1.0,0.58,445.0,0.15,858.0,0.4,156.0,253.0
9.0,0.0,585.0,465.0,155.0,0.9145,0.4555,0.1965,235.0
10.0,2.0,585.0,475.0,0.16,1.0505,0.48,234.0,285.0
10.0,0.0,585.0,0.46,165.0,1.1135,0.5825,0.2345,274.0
10.0,0.0,585.0,0.47,165.0,1409.0,0.8,229.0,295.0
10.0,0.0,585.0,475.0,0.15,1065.0,0.5315,199.0,0.2885
8.0,0.0,585.0,0.45,0.18,0.7995,336.0,0.1855,237.0
9.0,2.0,0.59,445.0,135.0,0.7715,328.0,0.1745,0.23
10.0,0.0,0.59,455.0,155.0,0.8855,388.0,188.0,275.0
10.0,1.0,595.0,465.0,0.15,0.98,0.4115,196.0,0.2255
12.0,1.0,595.0,465.0,155.0,1026.0,0.4645,112.0,305.0
10.0,0.0,0.6,475.0,0.17,1.1315,508.0,272.0,309.0
11.0,0.0,0.6,0.48,155.0,1014.0,451.0,0.1885,325.0
10.0,2.0,0.6,475.0,0.15,1.12,565.0,0.2465,0.27
11.0,1.0,0.6,465.0,155.0,1.04,0.4755,0.25,0.28
10.0,1.0,0.6,455.0,145.0,0.8895,419.0,0.1715,269.0
11.0,0.0,0.6,0.46,155.0,0.9595,0.4455,189.0,295.0
11.0,2.0,605.0,485.0,0.15,1238.0,0.6315,226.0,0.33
10.0,0.0,605.0,0.49,0.14,0.9755,419.0,206.0,315.0
11.0,2.0,605.0,435.0,0.13,0.9025,432.0,174.0,0.26
12.0,1.0,605.0,0.47,0.16,1.0835,0.5405,0.2215,275.0
10.0,0.0,0.61,475.0,0.17,1.0265,435.0,0.2335,0.3035
9.0,2.0,0.61,465.0,0.15,0.9605,0.4495,0.1725,286.0
10.0,0.0,0.61,0.48,0.17,1137.0,0.4565,0.29,347.0
10.0,0.0,0.61,0.46,0.16,1.0,494.0,197.0,275.0
10.0,1.0,615.0,475.0,155.0,1004.0,0.4475,193.0,0.2895
10.0,0.0,615.0,0.47,165.0,1128.0,0.4465,0.2195,0.34
10.0,0.0,615.0,0.5,0.17,1054.0,0.4845,228.0,295.0
12.0,1.0,615.0,475.0,165.0,1023.0,0.4905,0.1955,0.3035
10.0,0.0,615.0,475.0,0.17,1129.0,0.4795,302.0,0.3
9.0,0.0,615.0,0.48,175.0,1118.0,446.0,0.3195,0.3
10.0,1.0,615.0,475.0,155.0,1115.0,484.0,0.2115,355.0
10.0,0.0,0.62,0.51,175.0,1.2815,0.5715,0.2385,0.39
12.0,0.0,0.62,495.0,0.18,1.2555,0.5765,254.0,355.0
10.0,1.0,0.62,0.5,0.15,1293.0,596.0,0.3135,354.0
10.0,1.0,0.62,475.0,0.16,1.1295,463.0,0.2685,0.33
11.0,1.0,625.0,505.0,175.0,1.15,0.5475,256.0,0.3045
9.0,1.0,625.0,515.0,0.16,1264.0,0.5715,326.0,321.0
12.0,1.0,625.0,0.48,155.0,1.2035,0.5865,239.0,0.3185
9.0,1.0,0.63,485.0,0.17,1.3205,0.5945,345.0,345.0
11.0,2.0,0.63,505.0,0.18,1272.0,0.6025,295.0,315.0
12.0,0.0,0.63,485.0,145.0,1062.0,0.5065,0.1785,0.3365
10.0,2.0,0.63,475.0,145.0,1.0605,0.5165,0.2195,0.28
12.0,0.0,0.63,495.0,0.16,1093.0,497.0,221.0,315.0
9.0,1.0,635.0,0.5,165.0,1.4595,705.0,0.2645,0.39
9.0,1.0,635.0,495.0,175.0,1211.0,707.0,0.2725,323.0
10.0,0.0,635.0,0.51,155.0,986.0,405.0,0.2255,0.31
15.0,0.0,0.64,565.0,0.23,1521.0,644.0,372.0,406.0
10.0,0.0,0.64,525.0,0.18,1.3135,0.4865,0.2995,0.4075
11.0,0.0,645.0,0.51,0.16,1.1835,556.0,0.2385,345.0
10.0,0.0,645.0,0.5,195.0,1401.0,0.6165,0.3515,0.3725
11.0,0.0,645.0,525.0,0.16,1.5075,0.7455,245.0,0.4325
11.0,1.0,0.65,505.0,165.0,1.16,0.4785,274.0,349.0
11.0,1.0,0.65,0.59,0.22,1662.0,0.77,378.0,435.0
11.0,0.0,0.65,525.0,175.0,1.5365,0.6865,0.3585,405.0
9.0,0.0,0.65,0.51,0.19,1542.0,0.7155,0.3735,375.0
10.0,1.0,0.65,0.51,0.17,1567.0,0.7245,349.0,391.0
10.0,1.0,655.0,525.0,0.19,1.3595,564.0,0.3215,0.3985
13.0,0.0,655.0,535.0,205.0,1.6445,0.7305,0.3595,0.46
10.0,1.0,655.0,0.52,0.19,1.4545,0.6,0.3865,383.0
10.0,0.0,655.0,0.49,175.0,1.3585,0.6395,294.0,365.0
10.0,1.0,0.66,495.0,0.21,1548.0,724.0,0.3525,0.3925
10.0,1.0,0.66,515.0,0.17,1337.0,615.0,0.3125,0.3575
10.0,1.0,665.0,0.53,0.18,1491.0,0.6345,342.0,435.0
11.0,1.0,0.67,0.53,225.0,1.5615,0.63,487.0,0.3725
10.0,1.0,0.67,505.0,175.0,1.0145,0.4375,271.0,0.3745
13.0,0.0,675.0,545.0,185.0,1.7375,876.0,0.3135,469.0
9.0,0.0,685.0,545.0,205.0,1.7925,0.8145,416.0,461.0
12.0,1.0,0.7,545.0,0.13,1556.0,0.6725,374.0,195.0
10.0,0.0,705.0,565.0,515.0,2.21,1.1075,0.4865,512.0
11.0,0.0,705.0,555.0,215.0,2141.0,1.0465,383.0,528.0
12.0,1.0,705.0,0.57,0.18,1.5345,0.96,0.4195,0.43
11.0,1.0,0.71,0.55,0.17,1614.0,743.0,345.0,0.45
13.0,1.0,0.72,575.0,0.17,1.9335,913.0,389.0,0.51
12.0,0.0,0.72,575.0,215.0,2173.0,0.9515,564.0,0.5365
11.0,1.0,725.0,0.6,0.2,1737.0,697.0,0.3585,595.0
12.0,1.0,735.0,565.0,205.0,2.1275,949.0,0.46,565.0
9.0,1.0,745.0,0.57,215.0,2.25,1.1565,446.0,558.0
14.0,1.0,0.75,0.61,235.0,2.5085,1232.0,519.0,612.0
14.0,1.0,815.0,0.65,0.25,2255.0,0.8905,0.42,0.7975
3.0,2.0,0.14,105.0,35.0,14.0,0.0055,0.0025,4.0
4.0,2.0,0.23,165.0,0.06,0.0515,19.0,0.0145,36.0
7.0,2.0,365.0,265.0,135.0,0.2215,105.0,47.0,0.0605
6.0,2.0,0.37,0.27,95.0,232.0,0.1325,41.0,0.0615
7.0,2.0,375.0,0.28,85.0,0.3155,187.0,46.0,67.0
5.0,2.0,395.0,295.0,0.09,0.3025,143.0,0.0665,0.0765
7.0,2.0,0.4,0.3,0.09,0.2815,0.1185,61.0,0.08
8.0,2.0,405.0,0.31,95.0,0.3425,0.1785,64.0,0.0855
7.0,2.0,405.0,0.29,0.09,0.2825,112.0,75.0,0.0815
6.0,2.0,405.0,0.3,105.0,304.0,0.1455,61.0,0.0805
5.0,2.0,0.41,0.32,95.0,0.2905,141.0,63.0,73.0
9.0,0.0,415.0,315.0,115.0,0.3895,0.2015,65.0,103.0
6.0,2.0,425.0,0.34,105.0,389.0,0.2015,0.0905,88.0
6.0,2.0,0.43,0.34,105.0,0.4405,0.2385,0.0745,0.1075
5.0,2.0,0.44,0.34,105.0,369.0,164.0,0.08,0.1015
8.0,0.0,0.44,0.32,0.12,0.4565,0.2435,92.0,0.1025
9.0,2.0,0.44,365.0,0.11,0.4465,213.0,89.0,0.1135
6.0,0.0,0.45,335.0,125.0,0.4475,0.2165,126.0,0.11
7.0,2.0,455.0,335.0,135.0,501.0,274.0,0.0995,0.1065
8.0,2.0,0.46,355.0,0.11,436.0,0.1975,96.0,125.0
9.0,2.0,0.47,345.0,0.14,0.4615,229.0,0.1105,116.0
6.0,2.0,0.47,0.35,125.0,0.4315,0.19,0.1165,0.1175
6.0,2.0,0.47,355.0,0.12,0.3685,126.0,0.0835,0.1365
8.0,0.0,475.0,0.37,125.0,649.0,347.0,136.0,142.0
7.0,2.0,475.0,365.0,115.0,459.0,0.2175,93.0,0.1165
7.0,1.0,475.0,365.0,115.0,566.0,281.0,117.0,0.1335
7.0,2.0,0.48,0.36,125.0,542.0,0.2795,0.1025,147.0
8.0,0.0,485.0,0.39,85.0,0.6435,0.2945,103.0,198.0
6.0,0.0,485.0,0.37,0.13,526.0,0.2485,105.0,0.1555
7.0,1.0,495.0,0.38,0.12,573.0,0.2655,0.1285,144.0
9.0,0.0,505.0,385.0,105.0,0.5525,239.0,0.1245,0.1555
9.0,1.0,505.0,0.38,135.0,0.6855,361.0,0.1565,161.0
8.0,2.0,515.0,395.0,125.0,556.0,0.2695,96.0,0.17
7.0,2.0,515.0,0.4,125.0,0.5625,0.25,0.1245,0.17
8.0,0.0,0.52,0.4,125.0,559.0,254.0,139.0,149.0
8.0,0.0,525.0,0.4,0.14,0.7205,0.3685,145.0,0.1735
9.0,2.0,0.53,0.43,0.13,0.7045,346.0,0.1415,189.0
8.0,0.0,0.53,0.4,125.0,0.7575,398.0,151.0,175.0
9.0,0.0,0.55,425.0,0.16,793.0,343.0,0.2035,215.0
8.0,1.0,0.56,0.43,0.15,0.8745,453.0,161.0,0.22
8.0,0.0,0.57,445.0,0.15,0.9875,504.0,207.0,249.0
9.0,0.0,575.0,465.0,0.15,1.08,595.0,0.2065,238.0
8.0,0.0,575.0,0.46,165.0,0.9155,0.4005,0.2465,0.2385
9.0,1.0,0.58,0.46,175.0,1165.0,0.65,0.2205,0.3055
8.0,0.0,585.0,455.0,0.15,906.0,0.4095,0.23,0.2335
8.0,0.0,0.59,0.44,0.15,0.8725,387.0,215.0,245.0
9.0,1.0,0.59,465.0,0.15,1151.0,613.0,239.0,0.2515
8.0,1.0,0.59,0.46,145.0,0.9905,453.0,0.2205,275.0
9.0,1.0,595.0,455.0,0.16,1.04,452.0,0.2655,288.0
8.0,0.0,0.6,455.0,155.0,945.0,0.4365,0.2085,0.25
9.0,0.0,0.6,465.0,0.2,1259.0,0.6405,0.1985,357.0
11.0,1.0,605.0,485.0,165.0,0.9515,0.4535,193.0,0.2765
9.0,1.0,605.0,485.0,0.16,1201.0,417.0,0.2875,0.38
11.0,1.0,0.61,485.0,0.17,1.1005,0.5125,229.0,305.0
8.0,2.0,615.0,475.0,0.13,0.8425,353.0,0.1915,251.0
10.0,0.0,0.62,485.0,155.0,1049.0,462.0,231.0,0.25
8.0,1.0,0.62,435.0,155.0,1012.0,477.0,236.0,275.0
9.0,0.0,0.62,0.48,165.0,1.0725,0.4815,235.0,312.0
11.0,0.0,625.0,0.47,0.18,1136.0,451.0,0.3245,305.0
9.0,0.0,0.63,0.47,145.0,1.1005,0.52,0.26,276.0
10.0,1.0,0.63,0.5,175.0,1.1105,467.0,268.0,329.0
9.0,0.0,0.63,455.0,0.15,1.1315,481.0,0.2745,305.0
11.0,0.0,0.63,0.48,0.15,1271.0,0.6605,0.2425,0.31
10.0,1.0,635.0,505.0,145.0,1.1345,505.0,0.2655,315.0
8.0,0.0,635.0,0.51,185.0,1308.0,544.0,318.0,377.0
10.0,1.0,645.0,515.0,175.0,1546.0,0.7035,365.0,415.0
11.0,0.0,645.0,0.51,155.0,1539.0,0.6405,0.3585,0.43
11.0,1.0,645.0,505.0,165.0,1318.0,0.55,0.3015,335.0
10.0,1.0,0.65,545.0,175.0,1.5245,0.59,326.0,495.0
10.0,0.0,0.65,515.0,175.0,1466.0,677.0,0.3045,0.4
9.0,1.0,0.65,0.5,0.16,1.3825,702.0,304.0,0.3195
8.0,0.0,0.65,485.0,0.14,1175.0,475.0,0.2435,215.0
11.0,1.0,655.0,0.54,215.0,1.5555,695.0,296.0,444.0
11.0,0.0,655.0,0.51,215.0,1.7835,0.8885,0.4095,0.4195
10.0,1.0,665.0,515.0,0.18,1389.0,0.5945,324.0,395.0
10.0,0.0,0.67,0.51,175.0,1.5265,651.0,0.4475,345.0
10.0,0.0,0.67,0.5,0.19,1519.0,616.0,388.0,415.0
12.0,1.0,0.68,0.5,185.0,1741.0,0.7665,0.3255,0.4685
11.0,0.0,0.68,515.0,0.17,1.6115,0.8415,306.0,395.0
12.0,0.0,0.69,525.0,0.2,1.7825,0.9165,0.3325,461.0
11.0,1.0,0.7,0.55,0.17,1684.0,0.7535,0.3265,0.32
11.0,0.0,0.7,555.0,0.2,1858.0,0.73,0.3665,595.0
12.0,0.0,0.72,565.0,0.2,2.1055,1017.0,363.0,494.0
13.0,0.0,725.0,575.0,0.24,2.21,1351.0,413.0,0.5015
10.0,0.0,0.74,0.57,0.18,1.8725,0.9115,427.0,446.0
11.0,0.0,0.75,0.55,0.18,1893.0,942.0,397.0,445.0
5.0,2.0,0.21,0.17,45.0,0.0475,19.0,11.0,13.0
5.0,2.0,285.0,0.21,55.0,101.0,0.0415,17.0,0.0335
6.0,2.0,295.0,215.0,0.07,121.0,47.0,0.0155,0.0405
6.0,2.0,0.3,0.23,85.0,117.0,0.05,0.0175,0.0415
6.0,2.0,305.0,225.0,0.09,0.1465,63.0,34.0,0.0415
5.0,2.0,335.0,255.0,0.08,168.0,79.0,0.0355,0.05
7.0,2.0,355.0,0.26,0.09,0.1985,0.0715,0.0495,58.0
8.0,2.0,0.36,0.27,95.0,0.2,73.0,56.0,61.0
7.0,2.0,0.36,275.0,75.0,0.2205,0.0985,44.0,66.0
7.0,2.0,0.36,265.0,75.0,0.1845,83.0,0.0365,55.0
7.0,2.0,365.0,0.27,85.0,0.2225,0.0935,0.0525,66.0
6.0,2.0,0.37,0.27,95.0,0.2175,97.0,46.0,65.0
7.0,2.0,375.0,0.28,0.08,0.2165,0.0935,0.0925,0.07
7.0,2.0,0.38,285.0,95.0,243.0,0.0895,0.0665,75.0
6.0,2.0,0.38,0.29,0.1,237.0,108.0,0.0395,82.0
8.0,2.0,385.0,0.29,0.09,0.2365,0.1,0.0505,76.0
8.0,2.0,385.0,0.3,0.09,308.0,0.1525,56.0,0.0835
7.0,2.0,0.39,285.0,0.1,281.0,0.1275,62.0,77.0
7.0,2.0,0.39,0.29,0.1,0.2225,95.0,0.0465,73.0
8.0,2.0,0.41,0.3,0.09,304.0,129.0,71.0,0.0955
8.0,2.0,0.41,0.3,0.09,0.28,141.0,0.0575,75.0
7.0,2.0,415.0,325.0,0.1,313.0,139.0,0.0625,0.0965
8.0,2.0,425.0,325.0,0.11,317.0,135.0,48.0,0.09
7.0,2.0,425.0,315.0,0.08,303.0,131.0,0.0585,95.0
7.0,2.0,435.0,335.0,0.1,0.3295,129.0,0.07,0.11
6.0,2.0,435.0,325.0,0.11,367.0,0.1595,0.08,105.0
8.0,2.0,0.45,0.34,95.0,0.3245,0.1385,64.0,105.0
7.0,2.0,0.45,335.0,0.11,0.4195,181.0,85.0,0.1345
10.0,2.0,455.0,0.36,115.0,457.0,0.2085,0.0855,147.0
7.0,2.0,0.46,0.35,0.11,0.4,176.0,83.0,0.1205
7.0,2.0,0.46,355.0,0.11,0.4255,0.2015,81.0,0.13
9.0,2.0,465.0,0.37,0.12,0.4365,188.0,0.0815,147.0
8.0,2.0,0.47,355.0,125.0,499.0,0.21,0.0985,155.0
8.0,2.0,475.0,0.36,145.0,0.6325,0.2825,137.0,0.19
7.0,0.0,475.0,0.36,0.1,0.4285,0.1965,99.0,112.0
8.0,2.0,475.0,0.36,125.0,0.4905,205.0,0.1305,125.0
9.0,2.0,0.48,0.37,125.0,474.0,179.0,0.1035,175.0
8.0,0.0,0.48,355.0,0.16,464.0,221.0,106.0,239.0
7.0,2.0,485.0,375.0,0.13,0.6025,0.2935,0.1285,0.16
8.0,2.0,0.49,375.0,115.0,0.4615,204.0,0.0945,143.0
8.0,2.0,0.49,0.4,135.0,624.0,0.3035,0.1285,169.0
8.0,2.0,495.0,0.37,125.0,0.4715,0.2075,91.0,0.15
8.0,2.0,495.0,0.4,105.0,602.0,0.2505,0.1265,0.19
8.0,2.0,0.5,0.4,0.12,616.0,261.0,143.0,0.1935
8.0,2.0,0.5,0.39,0.12,0.5955,0.2455,147.0,173.0
9.0,2.0,0.5,375.0,0.14,559.0,0.2375,135.0,169.0
7.0,2.0,0.51,395.0,0.13,0.6025,281.0,143.0,162.0
6.0,1.0,515.0,375.0,0.11,0.6065,0.3005,131.0,0.15
9.0,2.0,515.0,0.36,125.0,0.4725,0.1815,125.0,138.0
10.0,2.0,515.0,0.35,105.0,0.4745,213.0,123.0,0.1275
8.0,2.0,515.0,395.0,125.0,0.6635,0.32,0.14,0.17
8.0,2.0,515.0,0.39,125.0,0.5705,238.0,0.1265,185.0
9.0,2.0,0.52,0.41,145.0,646.0,0.2965,0.1595,165.0
7.0,2.0,0.52,0.39,0.13,0.5545,0.2355,0.1095,0.1895
8.0,0.0,525.0,415.0,145.0,845.0,0.3525,0.1635,0.2875
9.0,2.0,525.0,0.39,0.12,664.0,0.3115,147.0,178.0
8.0,2.0,525.0,0.38,135.0,615.0,261.0,159.0,175.0
7.0,2.0,525.0,0.4,0.14,654.0,305.0,0.16,169.0
9.0,0.0,525.0,0.4,155.0,707.0,282.0,0.1605,225.0
7.0,2.0,0.53,0.42,0.12,0.5965,0.2555,141.0,177.0
11.0,2.0,0.53,0.42,0.13,0.8365,0.3745,167.0,249.0
7.0,2.0,535.0,0.4,0.13,657.0,0.2835,162.0,175.0
9.0,2.0,0.54,0.43,0.17,836.0,0.3725,0.1815,0.24
9.0,2.0,0.54,425.0,0.14,742.0,0.32,0.1395,0.25
9.0,2.0,0.54,0.43,0.14,0.8195,0.3935,0.1725,0.2295
10.0,0.0,0.54,455.0,0.14,972.0,419.0,255.0,269.0
9.0,2.0,0.54,0.42,0.14,0.6275,0.2505,0.1175,235.0
10.0,2.0,0.54,425.0,0.13,0.7205,0.2955,169.0,225.0
8.0,2.0,0.54,425.0,135.0,686.0,0.3475,0.1545,213.0
9.0,2.0,545.0,0.4,0.13,686.0,0.3285,0.1455,0.18
8.0,2.0,545.0,375.0,0.12,543.0,0.2375,0.1155,0.1725
8.0,2.0,545.0,0.42,125.0,717.0,358.0,112.0,0.22
10.0,0.0,0.55,435.0,0.14,0.7625,327.0,0.1685,259.0
9.0,2.0,0.55,425.0,0.15,639.0,269.0,0.1345,217.0
12.0,2.0,0.55,0.42,135.0,816.0,0.3995,0.1485,0.23
8.0,2.0,0.55,415.0,145.0,0.7815,373.0,0.16,0.2215
8.0,2.0,0.55,425.0,0.15,0.7665,339.0,176.0,0.21
9.0,2.0,555.0,395.0,0.13,0.5585,222.0,0.1245,0.17
8.0,2.0,555.0,435.0,0.14,765.0,0.3945,0.15,206.0
11.0,2.0,555.0,0.46,145.0,0.9005,0.3845,158.0,0.2765
10.0,2.0,0.56,445.0,0.15,0.8225,0.3685,187.0,236.0
8.0,2.0,0.56,0.44,0.13,0.7235,349.0,149.0,0.2
10.0,0.0,0.56,425.0,135.0,849.0,0.3265,221.0,0.2645
9.0,2.0,565.0,0.42,155.0,743.0,0.31,186.0,231.0
9.0,1.0,565.0,0.44,0.15,863.0,435.0,149.0,0.27
9.0,0.0,565.0,0.44,125.0,802.0,0.3595,0.1825,215.0
10.0,0.0,565.0,0.43,0.15,831.0,0.4245,0.1735,219.0
8.0,1.0,0.57,0.45,135.0,0.7805,0.3345,185.0,0.21
9.0,0.0,0.57,0.45,0.14,795.0,0.3385,148.0,245.0
9.0,2.0,0.57,435.0,0.17,848.0,0.4,166.0,0.25
9.0,2.0,0.57,445.0,155.0,867.0,0.3705,0.1705,0.28
12.0,2.0,0.57,445.0,145.0,0.7405,306.0,172.0,0.1825
8.0,0.0,575.0,455.0,165.0,867.0,0.3765,0.1805,268.0
10.0,2.0,575.0,425.0,135.0,0.7965,364.0,196.0,239.0
10.0,1.0,575.0,0.47,155.0,1116.0,509.0,238.0,0.34
9.0,2.0,575.0,0.45,125.0,0.78,0.3275,188.0,235.0
10.0,0.0,575.0,0.47,185.0,985.0,0.3745,0.2175,355.0
8.0,1.0,575.0,465.0,195.0,0.9965,417.0,247.0,0.47
9.0,2.0,575.0,445.0,0.17,0.8015,0.3475,0.1465,0.25
10.0,2.0,575.0,0.45,135.0,807.0,0.3615,176.0,254.0
8.0,1.0,575.0,435.0,0.15,1.0305,0.4605,218.0,0.36
9.0,0.0,575.0,445.0,0.16,839.0,0.4005,198.0,239.0
13.0,0.0,575.0,0.44,0.16,0.9615,483.0,166.0,275.0
8.0,1.0,0.58,435.0,0.15,834.0,428.0,0.1515,0.23
10.0,0.0,0.58,0.46,155.0,1.0335,469.0,0.2225,295.0
10.0,0.0,0.58,0.43,0.13,798.0,365.0,173.0,0.2285
9.0,2.0,0.58,445.0,125.0,0.7095,303.0,0.1405,235.0
10.0,1.0,585.0,445.0,0.14,913.0,0.4305,0.2205,253.0
10.0,0.0,0.59,0.49,165.0,1207.0,559.0,235.0,309.0
10.0,2.0,0.59,0.45,145.0,1022.0,428.0,268.0,265.0
11.0,2.0,0.59,0.46,145.0,0.9015,419.0,0.1785,0.26
8.0,1.0,595.0,435.0,0.15,0.9,0.4175,0.17,265.0
10.0,0.0,595.0,0.45,0.14,838.0,0.3965,194.0,217.0
10.0,0.0,595.0,0.45,145.0,959.0,463.0,0.2065,0.2535
8.0,2.0,595.0,0.46,0.15,0.8335,377.0,0.1925,235.0
8.0,1.0,0.6,0.46,155.0,0.9735,427.0,0.2045,0.3
9.0,1.0,0.6,475.0,0.15,1.13,575.0,196.0,305.0
9.0,0.0,0.6,0.48,165.0,0.9165,0.4135,0.1965,0.2725
8.0,2.0,0.6,0.48,0.17,0.9175,0.38,0.2225,0.29
9.0,0.0,0.6,0.47,165.0,1059.0,504.0,241.0,275.0
9.0,1.0,605.0,455.0,145.0,0.9775,468.0,0.1775,275.0
8.0,0.0,605.0,475.0,145.0,884.0,0.3835,0.1905,0.27
9.0,2.0,605.0,0.47,145.0,0.8025,379.0,0.2265,0.22
8.0,1.0,605.0,0.48,0.14,991.0,0.4735,0.2345,0.24
9.0,1.0,605.0,0.47,155.0,974.0,393.0,224.0,0.3345
11.0,1.0,605.0,505.0,0.18,1434.0,0.7285,264.0,431.0
10.0,0.0,0.61,475.0,155.0,983.0,0.4565,228.0,266.0
10.0,1.0,0.61,465.0,0.16,1.0725,0.4835,0.2515,0.28
12.0,1.0,0.61,485.0,0.15,1.2405,0.6025,0.2915,0.3085
9.0,0.0,0.61,0.47,0.16,1022.0,449.0,0.2345,0.2945
10.0,1.0,0.61,475.0,0.16,1.1155,0.3835,223.0,379.0
9.0,0.0,0.61,0.47,0.17,1.1185,0.5225,0.2405,0.31
7.0,1.0,0.61,485.0,0.18,1.2795,0.5735,0.2855,355.0
10.0,0.0,615.0,0.47,0.16,1.0175,473.0,0.2395,0.28
9.0,0.0,615.0,475.0,175.0,1224.0,0.6035,261.0,311.0
12.0,2.0,0.62,485.0,0.18,1154.0,0.4935,256.0,315.0
12.0,1.0,0.62,515.0,155.0,1.3255,0.6685,0.2605,335.0
13.0,0.0,0.62,515.0,175.0,1221.0,535.0,241.0,395.0
11.0,1.0,0.62,0.54,165.0,1139.0,0.4995,0.2435,357.0
11.0,2.0,0.62,0.49,0.16,1066.0,446.0,246.0,305.0
12.0,1.0,0.62,0.48,0.18,1.2215,582.0,0.2695,313.0
9.0,2.0,0.62,0.47,0.14,0.8565,0.3595,0.16,295.0
10.0,2.0,0.62,0.45,135.0,924.0,358.0,0.2265,0.2965
12.0,0.0,0.62,0.48,0.15,1266.0,0.6285,0.2575,309.0
9.0,1.0,0.62,0.48,175.0,1.0405,464.0,0.2225,0.3
11.0,0.0,625.0,0.49,165.0,1.1165,0.4895,0.2615,0.3325
10.0,0.0,625.0,475.0,0.16,1.0845,0.5005,0.2355,0.3105
9.0,0.0,625.0,0.5,0.17,1.0985,0.4645,0.22,354.0
12.0,2.0,625.0,0.47,155.0,1.1955,643.0,0.2055,0.3145
9.0,2.0,625.0,485.0,0.15,1044.0,438.0,0.2865,278.0
9.0,0.0,0.63,505.0,0.17,1.0915,0.4615,266.0,0.3
8.0,1.0,0.63,0.5,0.18,1.1965,514.0,0.2325,0.3995
11.0,0.0,0.63,0.49,0.17,1.1745,0.5255,273.0,339.0
10.0,0.0,0.63,485.0,165.0,1233.0,0.6565,0.2315,0.3035
11.0,0.0,0.63,495.0,175.0,1.2695,605.0,271.0,328.0
13.0,2.0,635.0,0.5,165.0,1489.0,715.0,0.3445,0.3615
12.0,0.0,635.0,0.5,0.17,1.4345,611.0,309.0,418.0
10.0,1.0,635.0,0.49,175.0,1.2435,0.5805,313.0,305.0
9.0,1.0,635.0,0.49,0.17,1.2615,0.5385,0.2665,0.38
10.0,1.0,0.64,505.0,165.0,1.2235,0.5215,0.2695,0.36
10.0,0.0,0.64,515.0,0.18,1247.0,0.5475,0.2925,0.3685
11.0,0.0,0.64,525.0,185.0,1707.0,763.0,0.4205,0.4435
10.0,0.0,645.0,505.0,0.15,1.1605,519.0,0.2615,335.0
12.0,0.0,645.0,0.5,175.0,1286.0,0.5645,288.0,386.0
14.0,0.0,645.0,0.5,0.19,1.5595,741.0,0.3715,0.3845
9.0,0.0,645.0,0.51,0.19,1.4745,605.0,345.0,0.48
10.0,0.0,645.0,0.51,195.0,1226.0,0.5885,0.2215,0.3745
9.0,0.0,645.0,0.51,0.16,1.33,0.6665,309.0,317.0
10.0,0.0,645.0,0.5,175.0,1.3375,554.0,308.0,415.0
10.0,1.0,645.0,0.51,0.19,1363.0,573.0,362.0,0.36
9.0,0.0,645.0,485.0,0.15,1.2215,0.5695,0.2735,0.33
12.0,1.0,645.0,0.48,0.19,1371.0,0.6925,0.2905,0.35
9.0,1.0,0.65,495.0,155.0,1337.0,615.0,0.3195,335.0
11.0,0.0,0.65,505.0,0.19,1274.0,0.59,0.23,391.0
11.0,0.0,0.65,525.0,185.0,1488.0,665.0,337.0,378.0
9.0,0.0,0.65,0.51,0.16,1.3835,0.6385,0.2905,0.3665
10.0,0.0,655.0,0.55,0.18,1274.0,586.0,281.0,365.0
9.0,1.0,655.0,0.51,0.15,1043.0,0.4795,223.0,305.0
12.0,1.0,655.0,505.0,0.19,1.3485,0.5935,0.2745,425.0
11.0,1.0,655.0,505.0,195.0,1.4405,688.0,0.3805,363.0
9.0,0.0,0.66,0.5,165.0,1.3195,667.0,269.0,341.0
12.0,1.0,0.66,535.0,175.0,1.5175,711.0,0.3125,415.0
10.0,0.0,0.66,0.53,195.0,1.5505,0.6505,0.3295,495.0
14.0,0.0,0.66,0.51,165.0,1.6375,0.7685,0.3545,0.3925
11.0,0.0,665.0,525.0,175.0,1443.0,0.6635,0.3845,353.0
11.0,0.0,665.0,505.0,0.16,1289.0,0.6145,253.0,0.3665
11.0,1.0,665.0,505.0,0.16,1.2915,631.0,0.2925,0.32
12.0,0.0,665.0,0.52,175.0,1.3725,606.0,0.32,395.0
9.0,0.0,665.0,0.5,175.0,1.2975,0.6075,314.0,315.0
12.0,0.0,0.67,505.0,0.16,1.2585,0.6255,311.0,308.0
11.0,0.0,0.67,0.52,165.0,1.39,711.0,0.2865,0.3
13.0,1.0,0.67,0.52,0.19,1.32,0.5235,0.3095,0.4275
10.0,1.0,0.67,0.55,155.0,1566.0,858.0,339.0,354.0
11.0,1.0,0.67,0.54,195.0,1619.0,0.74,0.3305,465.0
13.0,0.0,675.0,525.0,0.16,1.2835,572.0,0.2755,0.3545
10.0,1.0,675.0,0.51,195.0,1382.0,0.6045,0.3175,0.3965
10.0,0.0,0.68,0.52,195.0,1.4535,592.0,391.0,0.4125
11.0,0.0,685.0,0.52,0.15,1.3735,0.7185,293.0,0.32
11.0,1.0,685.0,565.0,175.0,1638.0,0.7775,375.0,438.0
12.0,1.0,0.69,0.55,0.2,1569.0,687.0,0.3675,0.46
10.0,0.0,0.7,565.0,175.0,1.8565,0.8445,0.3935,0.54
15.0,1.0,0.7,535.0,175.0,1773.0,0.6805,0.48,512.0
11.0,1.0,705.0,545.0,0.17,1.58,0.6435,0.4565,265.0
11.0,0.0,0.71,575.0,215.0,2009.0,0.9895,0.4475,502.0
12.0,1.0,0.71,0.57,195.0,1.9805,0.9925,0.4925,0.48
10.0,1.0,0.71,0.54,205.0,1.5805,802.0,287.0,435.0
10.0,0.0,0.72,0.57,0.2,1.8275,919.0,366.0,485.0
13.0,0.0,0.72,0.55,205.0,2125.0,1.1455,0.4425,511.0
7.0,1.0,0.72,525.0,0.18,1445.0,631.0,0.3215,435.0
14.0,1.0,725.0,565.0,0.21,2.1425,1.03,487.0,503.0
11.0,1.0,0.73,0.56,0.19,1.9425,799.0,0.5195,0.5655
11.0,0.0,735.0,0.59,215.0,1747.0,0.7275,403.0,557.0
12.0,1.0,0.74,565.0,205.0,2119.0,0.9655,0.5185,482.0
11.0,1.0,0.75,565.0,215.0,1938.0,0.7735,0.4825,575.0
12.0,0.0,0.75,595.0,205.0,2.2205,1083.0,421.0,0.63
12.0,0.0,0.77,0.62,195.0,2.5155,1.1155,0.6415,642.0
12.0,0.0,775.0,0.63,0.25,2.7795,1.3485,0.76,578.0
5.0,2.0,275.0,175.0,0.09,0.2315,96.0,57.0,0.0705
6.0,2.0,375.0,245.0,0.1,394.0,166.0,91.0,0.1125
7.0,1.0,375.0,0.27,135.0,597.0,272.0,131.0,0.1675
7.0,0.0,0.39,0.28,125.0,564.0,0.3035,0.0955,143.0
8.0,2.0,435.0,0.3,0.12,0.5965,259.0,139.0,0.1645
7.0,0.0,445.0,0.32,0.12,414.0,199.0,0.09,117.0
6.0,2.0,455.0,335.0,105.0,422.0,229.0,0.0865,0.1
8.0,2.0,455.0,325.0,135.0,0.82,0.4005,0.1715,211.0
8.0,2.0,455.0,345.0,0.11,434.0,207.0,0.0855,0.1215
10.0,2.0,465.0,325.0,0.14,0.7615,362.0,0.1535,209.0
7.0,0.0,465.0,0.36,115.0,0.5795,295.0,0.1395,0.12
8.0,2.0,485.0,365.0,105.0,0.5205,195.0,123.0,182.0
9.0,0.0,485.0,0.37,155.0,968.0,419.0,0.2455,0.2365
9.0,2.0,485.0,345.0,0.16,869.0,0.3085,185.0,319.0
8.0,1.0,0.49,355.0,0.16,0.8795,0.3485,215.0,0.2825
9.0,0.0,515.0,0.35,155.0,0.9225,0.4185,198.0,273.0
8.0,0.0,515.0,395.0,135.0,1007.0,472.0,0.2495,252.0
10.0,0.0,525.0,365.0,0.17,0.9605,438.0,0.2225,276.0
7.0,0.0,525.0,0.38,125.0,0.65,303.0,155.0,159.0
8.0,0.0,0.53,0.41,0.14,0.7545,0.3495,0.1715,0.2105
8.0,1.0,535.0,425.0,135.0,771.0,0.3765,0.1815,0.1795
8.0,2.0,535.0,385.0,0.18,1.0835,0.4955,0.2295,304.0
8.0,2.0,545.0,0.42,165.0,0.8935,0.4235,0.2195,228.0
10.0,1.0,545.0,415.0,0.2,1358.0,567.0,318.0,403.0
9.0,1.0,545.0,385.0,0.15,1.1185,0.5425,0.2445,0.2845
10.0,1.0,0.55,0.38,165.0,1205.0,543.0,294.0,0.3345
10.0,0.0,0.55,0.42,0.16,1.3405,0.6325,311.0,344.0
9.0,0.0,0.57,455.0,175.0,1.02,0.4805,0.2145,0.29
10.0,0.0,575.0,0.44,185.0,1025.0,0.5075,0.2245,0.2485
10.0,2.0,575.0,0.45,0.13,0.8145,403.0,0.1715,213.0
10.0,1.0,0.58,0.43,0.17,1.48,0.6535,324.0,0.4155
10.0,0.0,585.0,455.0,145.0,953.0,0.3945,0.2685,258.0
8.0,2.0,585.0,0.45,0.15,0.8915,0.3975,0.2035,253.0
11.0,0.0,0.6,495.0,175.0,1.3005,0.6195,284.0,0.3285
9.0,0.0,605.0,475.0,175.0,1.2525,0.5575,0.3055,343.0
10.0,0.0,605.0,475.0,0.15,1.15,575.0,232.0,297.0
11.0,1.0,0.61,475.0,0.15,1.1135,0.5195,0.2575,0.3005
10.0,1.0,615.0,455.0,145.0,1.1155,0.5045,238.0,315.0
10.0,0.0,0.62,0.47,145.0,1.0865,511.0,0.2715,0.2565
9.0,0.0,625.0,495.0,175.0,1254.0,0.5815,286.0,0.3185
11.0,0.0,625.0,0.49,185.0,1169.0,0.5275,0.2535,344.0
11.0,0.0,635.0,495.0,195.0,1172.0,445.0,0.3115,0.3475
10.0,1.0,635.0,475.0,0.15,1.1845,533.0,307.0,291.0
8.0,1.0,0.64,475.0,0.14,1.0725,0.4895,0.2295,0.31
9.0,0.0,645.0,0.5,0.16,1.3815,672.0,326.0,315.0
11.0,0.0,0.65,525.0,0.19,1.6125,777.0,0.3685,0.3965
10.0,0.0,0.65,485.0,0.16,1.7395,0.5715,0.2785,0.3075
10.0,0.0,655.0,545.0,0.19,1.4245,0.6325,333.0,378.0
10.0,1.0,675.0,0.53,175.0,1.4465,0.6775,0.33,389.0
9.0,1.0,685.0,535.0,175.0,1.5845,0.7175,0.3775,0.4215
11.0,0.0,695.0,0.53,0.19,1726.0,0.7625,436.0,455.0
13.0,1.0,705.0,545.0,0.18,1.5395,0.6075,0.3675,0.4645
9.0,1.0,0.72,0.55,195.0,2073.0,1.0715,0.4265,0.5015
11.0,0.0,0.73,575.0,0.21,2069.0,0.9285,409.0,643.0
4.0,2.0,0.24,0.18,55.0,0.0555,0.0235,13.0,18.0
6.0,2.0,0.34,0.26,85.0,0.1885,0.0815,0.0335,0.06
7.0,2.0,0.35,265.0,0.08,0.2,0.09,42.0,0.06
6.0,2.0,365.0,0.27,85.0,197.0,0.0815,0.0325,65.0
7.0,2.0,365.0,275.0,85.0,223.0,98.0,0.0375,75.0
6.0,2.0,365.0,0.27,75.0,0.2215,95.0,0.0445,0.07
8.0,2.0,0.39,0.31,105.0,0.2665,0.1185,0.0525,81.0
6.0,2.0,405.0,0.3,0.09,269.0,103.0,67.0,0.11
7.0,2.0,0.41,315.0,95.0,0.2805,114.0,0.0345,0.11
7.0,2.0,0.41,335.0,105.0,0.3305,0.1405,64.0,105.0
6.0,2.0,415.0,0.31,0.09,0.2815,0.1245,0.0615,85.0
6.0,2.0,415.0,0.31,0.1,0.2805,114.0,0.0565,0.0975
8.0,2.0,415.0,0.31,95.0,311.0,0.1125,0.0625,115.0
11.0,2.0,0.42,325.0,0.1,368.0,0.1675,0.0625,0.1135
8.0,2.0,0.43,0.34,0.1,0.3405,0.1395,0.0665,0.12
7.0,2.0,435.0,335.0,0.1,0.3245,135.0,0.0785,98.0
7.0,2.0,435.0,0.33,0.11,0.38,0.1515,0.0945,0.11
8.0,2.0,435.0,0.33,105.0,335.0,156.0,0.0555,105.0
7.0,2.0,435.0,345.0,0.12,0.3215,0.13,56.0,0.1185
7.0,2.0,465.0,0.37,0.11,445.0,0.1635,96.0,166.0
8.0,2.0,0.47,375.0,0.12,487.0,196.0,99.0,135.0
9.0,2.0,475.0,0.34,105.0,0.4535,203.0,0.08,0.1465
8.0,2.0,485.0,0.36,0.12,0.5155,0.2465,0.1025,147.0
9.0,2.0,485.0,0.37,115.0,457.0,0.1885,0.0965,0.15
8.0,2.0,495.0,0.38,135.0,0.5095,0.2065,0.1165,165.0
8.0,2.0,495.0,0.38,145.0,0.5,205.0,148.0,0.1505
8.0,2.0,495.0,375.0,0.14,494.0,181.0,0.0975,191.0
11.0,2.0,505.0,405.0,0.13,599.0,0.2245,0.1175,225.0
8.0,2.0,505.0,0.4,145.0,0.7045,334.0,0.1425,207.0
10.0,1.0,0.51,0.4,0.12,0.7005,347.0,0.1105,195.0
10.0,2.0,515.0,415.0,135.0,0.7125,285.0,152.0,245.0
10.0,2.0,515.0,0.42,0.15,0.6725,0.2555,0.1335,235.0
8.0,0.0,515.0,385.0,0.11,0.5785,253.0,0.16,0.14
8.0,2.0,0.52,0.41,0.11,0.5185,0.2165,0.0915,184.0
9.0,2.0,0.52,415.0,0.14,0.6375,308.0,0.1335,168.0
9.0,2.0,0.52,395.0,125.0,0.5805,0.2445,146.0,165.0
7.0,2.0,0.52,0.38,115.0,0.6645,0.3285,0.17,0.1425
10.0,2.0,0.52,385.0,115.0,581.0,0.2555,156.0,143.0
9.0,2.0,525.0,415.0,0.12,596.0,0.2805,0.12,0.1695
8.0,2.0,525.0,405.0,145.0,0.6965,0.3045,0.1535,0.21
9.0,2.0,525.0,0.4,145.0,0.6095,248.0,159.0,175.0
8.0,2.0,0.53,0.43,0.14,677.0,298.0,0.0965,0.23
9.0,2.0,0.53,0.43,0.16,0.7245,321.0,0.1275,0.24
9.0,2.0,0.53,395.0,0.13,575.0,247.0,115.0,183.0
9.0,2.0,0.53,405.0,0.12,632.0,0.2715,148.0,0.1875
9.0,2.0,535.0,455.0,0.14,1.0015,0.53,0.1765,244.0
9.0,1.0,0.54,425.0,0.16,0.9455,0.3675,0.2005,295.0
9.0,2.0,0.54,395.0,135.0,0.6555,0.2705,155.0,192.0
8.0,2.0,0.54,0.39,125.0,0.6255,0.2525,158.0,0.19
10.0,2.0,545.0,425.0,0.14,0.8145,305.0,231.0,244.0
9.0,2.0,545.0,0.43,0.14,687.0,0.2615,0.1405,0.25
10.0,2.0,0.55,435.0,0.14,0.7995,295.0,0.1905,238.0
6.0,2.0,0.55,0.45,0.13,804.0,0.3375,0.1405,0.23
8.0,0.0,555.0,435.0,0.14,0.7495,341.0,0.1645,214.0
8.0,0.0,555.0,0.41,125.0,599.0,0.2345,0.1465,194.0
7.0,0.0,555.0,0.4,0.13,0.7075,332.0,0.1585,0.18
9.0,2.0,555.0,0.45,175.0,738.0,304.0,0.1755,0.22
9.0,0.0,555.0,455.0,135.0,837.0,382.0,171.0,235.0
9.0,2.0,0.56,445.0,165.0,832.0,0.3455,179.0,279.0
11.0,1.0,565.0,445.0,125.0,0.8305,0.3135,0.1785,0.23
7.0,0.0,565.0,415.0,125.0,667.0,302.0,0.1545,185.0
11.0,0.0,565.0,455.0,155.0,0.9355,421.0,183.0,0.26
9.0,2.0,565.0,435.0,145.0,0.8445,0.3975,158.0,255.0
9.0,0.0,565.0,0.45,0.16,895.0,415.0,195.0,246.0
10.0,2.0,565.0,0.46,155.0,0.8715,0.3755,215.0,0.25
11.0,0.0,0.57,0.46,155.0,1.0005,454.0,205.0,265.0
11.0,0.0,0.57,455.0,155.0,832.0,0.3585,174.0,277.0
9.0,0.0,0.57,0.44,175.0,0.9415,0.3805,0.2285,283.0
13.0,0.0,0.57,415.0,0.13,0.88,0.4275,0.1955,238.0
9.0,1.0,0.57,0.44,0.12,803.0,382.0,0.1525,234.0
9.0,0.0,575.0,0.45,0.13,785.0,318.0,193.0,0.2265
9.0,0.0,575.0,0.45,155.0,0.9765,495.0,0.2145,235.0
10.0,0.0,575.0,435.0,135.0,992.0,432.0,0.2225,239.0
11.0,0.0,575.0,455.0,155.0,1013.0,0.4685,0.2085,295.0
9.0,1.0,575.0,465.0,175.0,1099.0,0.4735,202.0,0.35
10.0,2.0,575.0,0.45,135.0,0.8715,0.45,162.0,225.0
11.0,2.0,575.0,0.45,135.0,0.8245,0.3375,0.2115,239.0
9.0,0.0,575.0,475.0,145.0,857.0,0.3665,173.0,269.0
9.0,1.0,0.58,0.45,195.0,0.8265,0.4035,173.0,225.0
10.0,1.0,0.58,0.5,165.0,925.0,0.37,185.0,0.3005
10.0,2.0,0.58,0.44,145.0,0.7905,0.3525,0.1645,242.0
9.0,0.0,0.58,0.44,0.16,0.8295,0.3365,0.2005,0.2485
11.0,1.0,0.6,0.47,135.0,0.97,0.4655,0.1955,264.0
11.0,0.0,0.6,0.46,0.17,1.1805,456.0,337.0,329.0
10.0,0.0,0.6,475.0,0.15,0.99,386.0,0.2195,0.3105
11.0,1.0,0.6,465.0,0.16,1133.0,466.0,0.2885,298.0
10.0,2.0,605.0,0.49,165.0,1071.0,482.0,0.1935,352.0
10.0,0.0,605.0,0.47,0.18,1.1155,479.0,0.2565,321.0
8.0,0.0,0.61,0.48,0.14,1031.0,0.4375,0.2615,0.27
11.0,1.0,0.61,0.47,165.0,1.1785,566.0,0.2785,294.0
11.0,0.0,615.0,0.47,145.0,1.0285,0.4435,0.2825,285.0
9.0,0.0,615.0,0.47,0.15,1.0875,0.4975,283.0,0.2685
12.0,1.0,615.0,495.0,0.16,1255.0,0.5815,0.3195,0.3225
10.0,0.0,615.0,495.0,0.2,1219.0,564.0,227.0,0.3885
11.0,0.0,0.62,0.49,0.16,1035.0,0.44,0.2525,285.0
9.0,0.0,0.62,0.49,0.15,1195.0,0.4605,302.0,355.0
11.0,1.0,0.62,495.0,0.17,1062.0,372.0,213.0,0.34
15.0,0.0,0.62,495.0,195.0,1.5145,579.0,346.0,0.5195
9.0,0.0,0.62,0.47,0.15,1309.0,587.0,0.4405,325.0
12.0,0.0,0.62,485.0,155.0,1.0295,425.0,0.2315,335.0
11.0,0.0,625.0,495.0,155.0,1.0485,487.0,212.0,0.3215
10.0,0.0,625.0,505.0,185.0,1.1565,0.52,0.2405,0.3535
11.0,1.0,625.0,445.0,0.16,1.09,0.46,0.2965,304.0
11.0,1.0,625.0,0.52,0.18,1354.0,0.4845,351.0,375.0
11.0,1.0,625.0,0.47,145.0,984.0,475.0,0.2,265.0
9.0,0.0,0.63,0.49,155.0,1.2525,0.63,246.0,289.0
11.0,1.0,635.0,485.0,165.0,1.2695,0.5635,0.3065,0.3395
11.0,1.0,635.0,0.52,165.0,1.3405,0.5065,296.0,412.0
11.0,1.0,635.0,505.0,155.0,1.2895,594.0,314.0,345.0
12.0,0.0,635.0,525.0,0.16,1195.0,0.5435,246.0,335.0
10.0,0.0,635.0,515.0,165.0,1229.0,0.5055,0.2975,0.3535
11.0,0.0,0.64,0.53,165.0,1.1895,0.4765,0.3,0.35
10.0,1.0,0.64,0.48,145.0,1.1145,508.0,0.24,0.34
10.0,1.0,0.64,515.0,165.0,1.3115,0.4945,0.2555,0.41
10.0,2.0,0.64,0.49,135.0,1.1,488.0,0.2505,0.2925
9.0,0.0,0.64,0.49,155.0,1.1285,477.0,269.0,0.34
11.0,1.0,0.64,485.0,185.0,1.4195,0.6735,0.3465,0.3255
12.0,1.0,645.0,0.51,0.18,1.6195,0.7815,322.0,0.4675
11.0,0.0,645.0,0.49,175.0,1.32,0.6525,0.2375,0.3385
16.0,1.0,645.0,0.52,0.21,1.5535,616.0,0.3655,474.0
10.0,2.0,0.65,0.52,0.15,1238.0,0.5495,296.0,0.3305
13.0,1.0,0.65,0.51,155.0,1189.0,483.0,278.0,0.3645
10.0,1.0,0.65,0.51,185.0,1375.0,531.0,384.0,0.3985
11.0,1.0,655.0,515.0,0.18,1412.0,0.6195,0.2485,497.0
9.0,0.0,655.0,0.52,0.17,1.1445,0.53,223.0,348.0
10.0,1.0,0.66,535.0,205.0,1.4415,0.5925,0.2775,0.49
11.0,0.0,0.66,0.51,175.0,1218.0,0.5055,303.0,0.37
10.0,1.0,665.0,0.5,0.15,1.2475,0.4625,0.2955,0.3595
12.0,0.0,665.0,515.0,0.2,1.2695,0.5115,0.2675,436.0
12.0,1.0,0.67,0.53,205.0,1.4015,643.0,0.2465,416.0
11.0,0.0,675.0,515.0,0.15,1312.0,556.0,0.2845,0.4115
11.0,1.0,675.0,0.51,185.0,1473.0,0.6295,0.3025,0.4245
12.0,0.0,0.68,0.54,0.19,1623.0,0.7165,354.0,0.4715
10.0,0.0,0.68,0.54,155.0,1534.0,671.0,379.0,384.0
10.0,0.0,685.0,535.0,155.0,1.3845,0.6615,0.2145,0.4075
11.0,0.0,0.69,0.55,0.18,1.6915,0.6655,402.0,0.5
13.0,0.0,695.0,545.0,185.0,1.5715,0.6645,0.3835,0.4505
13.0,1.0,0.7,575.0,205.0,1773.0,605.0,447.0,538.0
12.0,0.0,0.7,0.55,175.0,1.4405,0.6565,0.2985,375.0
13.0,0.0,0.7,0.55,195.0,1.6245,675.0,347.0,535.0
10.0,1.0,705.0,535.0,0.22,1866.0,929.0,0.3835,0.4395
12.0,1.0,0.72,575.0,0.18,1.6705,732.0,0.3605,501.0
11.0,0.0,0.72,565.0,0.19,2081.0,1.0815,0.4305,503.0
11.0,1.0,725.0,0.57,205.0,1.6195,744.0,315.0,488.0
11.0,1.0,0.75,0.55,195.0,1.8325,0.83,366.0,0.44
13.0,0.0,0.76,605.0,215.0,2173.0,801.0,0.4915,646.0
4.0,2.0,135.0,0.13,0.04,29.0,0.0125,0.0065,8.0
6.0,2.0,0.28,0.21,75.0,0.1195,53.0,0.0265,0.03
7.0,2.0,0.28,0.2,65.0,0.0895,36.0,0.0185,0.03
5.0,2.0,0.29,0.21,0.07,0.1115,48.0,0.0205,0.03
6.0,2.0,0.29,0.21,65.0,97.0,0.0375,22.0,0.03
6.0,2.0,0.32,0.24,0.07,133.0,0.0585,0.0255,41.0
7.0,2.0,325.0,0.25,0.07,0.1745,0.0875,0.0355,0.04
6.0,2.0,335.0,0.25,0.08,0.1695,0.0695,44.0,0.0495
7.0,2.0,0.35,235.0,0.08,0.17,0.0725,0.0465,0.0495
6.0,2.0,0.35,0.25,0.07,0.1605,0.0715,0.0335,46.0
9.0,2.0,355.0,0.27,105.0,271.0,0.1425,0.0525,0.0735
6.0,2.0,0.36,0.27,85.0,0.2185,0.1065,38.0,62.0
7.0,2.0,0.36,0.27,85.0,196.0,0.0905,34.0,53.0
6.0,2.0,375.0,0.28,0.08,226.0,105.0,47.0,65.0
7.0,2.0,375.0,275.0,85.0,0.22,109.0,0.05,0.0605
7.0,2.0,395.0,0.29,95.0,0.3,158.0,68.0,78.0
7.0,2.0,405.0,0.25,0.09,0.2875,128.0,63.0,0.0805
8.0,2.0,415.0,325.0,0.11,316.0,0.1385,0.0795,0.0925
8.0,2.0,0.43,0.32,0.11,0.3675,0.1675,102.0,105.0
7.0,2.0,435.0,325.0,0.12,346.0,159.0,84.0,95.0
8.0,0.0,0.45,0.33,105.0,0.4955,0.2575,82.0,129.0
7.0,2.0,0.46,0.35,0.11,0.4675,0.2125,99.0,0.1375
10.0,0.0,0.47,365.0,135.0,522.0,0.2395,0.1525,145.0
10.0,2.0,0.47,375.0,105.0,441.0,167.0,0.0865,145.0
8.0,2.0,475.0,365.0,0.12,0.5185,268.0,0.1095,0.1365
9.0,0.0,505.0,0.39,0.12,653.0,0.3315,0.1385,167.0
12.0,0.0,505.0,395.0,135.0,0.5915,288.0,0.1315,185.0
10.0,0.0,505.0,385.0,115.0,0.4825,0.21,0.1035,0.1535
9.0,2.0,0.51,455.0,135.0,0.6855,0.2875,154.0,0.2035
9.0,0.0,515.0,0.4,0.14,0.6335,288.0,145.0,168.0
9.0,0.0,525.0,0.41,0.13,0.6875,0.3435,0.1495,0.1765
9.0,1.0,0.53,0.43,0.15,741.0,325.0,0.1855,196.0
9.0,1.0,0.53,405.0,0.13,0.6355,0.2635,0.1565,185.0
11.0,0.0,545.0,0.44,0.14,0.8395,356.0,0.1905,0.2385
10.0,1.0,0.55,0.47,0.15,0.9205,381.0,0.2435,0.2675
9.0,1.0,0.56,0.41,0.16,0.8215,342.0,184.0,253.0
9.0,0.0,565.0,445.0,145.0,0.9255,0.4345,212.0,0.2475
9.0,0.0,0.58,0.46,0.16,1063.0,513.0,0.2705,0.2625
10.0,0.0,0.59,465.0,165.0,1115.0,0.5165,273.0,275.0
10.0,1.0,0.6,0.45,0.14,837.0,0.37,177.0,0.2425
12.0,0.0,605.0,445.0,0.14,982.0,0.4295,0.2085,295.0
10.0,0.0,0.61,0.49,0.16,1112.0,465.0,228.0,341.0
14.0,1.0,625.0,515.0,0.18,1.3485,0.5255,252.0,0.3925
9.0,0.0,0.66,515.0,195.0,1.5655,0.7345,353.0,386.0
5.0,2.0,255.0,0.19,0.06,86.0,0.04,0.0185,25.0
5.0,2.0,0.27,195.0,65.0,0.1065,0.0475,0.0225,0.0285
5.0,2.0,0.28,215.0,0.08,132.0,72.0,22.0,33.0
6.0,2.0,285.0,215.0,0.07,0.1075,51.0,0.0225,27.0
8.0,2.0,325.0,0.24,0.07,152.0,0.0565,0.0305,54.0
8.0,2.0,385.0,0.28,0.1,0.2755,0.1305,61.0,0.0725
7.0,2.0,395.0,295.0,0.1,293.0,0.14,62.0,82.0
7.0,1.0,0.4,305.0,0.16,368.0,173.0,0.0705,105.0
8.0,2.0,405.0,0.31,0.09,312.0,138.0,0.06,87.0
7.0,2.0,415.0,305.0,0.12,336.0,165.0,76.0,0.0805
6.0,2.0,0.42,315.0,115.0,355.0,0.1895,65.0,87.0
9.0,2.0,0.44,305.0,115.0,379.0,162.0,91.0,0.11
8.0,2.0,445.0,0.32,0.12,378.0,152.0,0.0825,0.12
8.0,0.0,0.45,0.35,0.13,0.4655,0.2075,0.1045,135.0
8.0,1.0,455.0,355.0,1.13,594.0,332.0,116.0,0.1335
8.0,0.0,0.46,345.0,0.12,0.4935,0.2435,0.1175,132.0
7.0,0.0,0.46,345.0,0.11,0.4595,235.0,0.0885,116.0
7.0,0.0,465.0,0.36,0.11,0.4955,0.2665,85.0,121.0
9.0,2.0,465.0,355.0,0.09,0.4325,0.2005,74.0,0.1275
7.0,1.0,475.0,0.38,0.14,689.0,0.3165,0.1315,0.1955
8.0,2.0,0.48,0.35,135.0,0.5465,0.2735,0.0995,158.0
8.0,0.0,485.0,0.39,135.0,617.0,0.25,0.1345,0.1635
8.0,2.0,0.49,0.37,0.11,538.0,271.0,0.1035,139.0
9.0,0.0,0.5,0.39,135.0,0.7815,361.0,0.1575,0.2385
8.0,1.0,0.5,0.38,0.14,0.6355,277.0,143.0,0.1785
7.0,0.0,505.0,385.0,0.13,0.6435,0.3135,149.0,0.1515
8.0,0.0,525.0,385.0,0.1,0.5115,246.0,0.1005,0.1455
8.0,1.0,535.0,0.42,0.13,699.0,0.3125,0.1565,0.2035
10.0,1.0,0.54,385.0,0.14,0.7655,0.3265,116.0,0.2365
9.0,1.0,545.0,0.43,0.16,844.0,0.3945,0.1855,231.0
9.0,0.0,0.55,0.41,0.13,0.8705,0.4455,0.2115,213.0
11.0,2.0,0.55,0.42,115.0,668.0,0.2925,137.0,209.0
9.0,1.0,565.0,0.44,135.0,0.83,393.0,0.1735,238.0
8.0,0.0,0.58,0.45,0.12,0.8685,418.0,0.1475,0.2605
7.0,1.0,0.58,435.0,0.15,839.0,0.3485,207.0,192.0
11.0,1.0,585.0,485.0,0.15,1079.0,0.4145,0.2115,356.0
9.0,0.0,595.0,465.0,0.15,919.0,0.4335,0.1765,262.0
10.0,1.0,0.6,0.47,0.19,1.1345,492.0,0.2595,0.3375
8.0,1.0,0.61,0.43,0.14,909.0,438.0,0.2,0.22
8.0,0.0,0.61,0.48,165.0,1.2435,0.5575,0.2675,372.0
9.0,1.0,0.62,0.49,0.16,1056.0,493.0,244.0,0.2725
9.0,0.0,645.0,495.0,0.15,1.2095,603.0,0.2225,339.0
8.0,0.0,0.65,0.5,0.14,1238.0,0.6165,0.2355,0.32
10.0,1.0,665.0,525.0,0.21,1644.0,818.0,0.3395,0.4275
11.0,0.0,685.0,0.55,0.2,1.7725,813.0,387.0,0.49
12.0,1.0,0.69,0.54,195.0,1.2525,0.73,0.3975,462.0
10.0,1.0,705.0,0.57,185.0,1761.0,747.0,0.3725,488.0
11.0,0.0,0.72,585.0,0.22,1914.0,0.9155,448.0,479.0
12.0,1.0,0.72,575.0,215.0,2.1,0.8565,0.4825,602.0
10.0,1.0,0.73,555.0,0.18,1.6895,0.6555,0.1965,0.4935
17.0,0.0,775.0,0.57,0.22,2032.0,735.0,0.4755,0.6585
8.0,1.0,505.0,0.39,115.0,0.66,0.3045,0.1555,175.0
10.0,0.0,0.53,425.0,0.13,0.7455,0.2995,0.1355,245.0
7.0,2.0,405.0,305.0,0.09,0.2825,114.0,0.0575,95.0
7.0,0.0,415.0,0.3,0.1,0.3355,0.1545,0.0685,95.0
11.0,0.0,0.5,0.39,145.0,651.0,273.0,132.0,0.22
7.0,0.0,425.0,0.33,0.08,361.0,134.0,0.0825,125.0
8.0,0.0,0.47,0.35,0.1,0.4775,0.1885,0.0885,175.0
10.0,1.0,0.4,0.31,115.0,0.3465,0.1475,0.0695,115.0
10.0,2.0,0.37,0.29,0.1,0.25,0.1025,0.0505,85.0
9.0,2.0,0.41,0.31,0.11,315.0,124.0,82.0,95.0
9.0,0.0,375.0,0.29,0.1,276.0,0.1175,0.0565,85.0
11.0,1.0,0.49,385.0,125.0,0.5395,0.2175,128.0,165.0
10.0,0.0,585.0,0.48,185.0,1.04,434.0,265.0,285.0
14.0,0.0,595.0,455.0,155.0,1041.0,416.0,0.2105,365.0
15.0,1.0,675.0,0.55,0.18,1.6885,562.0,0.3705,0.6
27.0,0.0,665.0,535.0,225.0,2.1835,0.7535,391.0,885.0
13.0,0.0,0.62,0.49,0.17,1.2105,0.5185,0.2555,335.0
5.0,2.0,325.0,0.25,55.0,166.0,76.0,51.0,45.0
9.0,2.0,455.0,355.0,0.08,452.0,0.2165,0.0995,125.0
8.0,0.0,525.0,405.0,0.13,0.7185,0.3265,0.1975,175.0
7.0,2.0,385.0,0.29,0.09,232.0,0.0855,0.0495,0.08
4.0,2.0,0.13,95.0,35.0,0.0105,5.0,0.0065,0.0035
3.0,2.0,0.18,0.13,45.0,0.0275,0.0125,0.01,9.0
6.0,2.0,0.31,225.0,0.05,0.1445,0.0675,0.0385,45.0
7.0,1.0,375.0,0.29,0.08,282.0,0.1405,0.0725,0.08
8.0,1.0,0.48,0.38,0.12,608.0,0.2705,0.1405,185.0
9.0,2.0,455.0,0.37,125.0,433.0,201.0,0.1265,145.0
9.0,2.0,475.0,0.36,0.11,0.4555,177.0,0.0965,145.0
11.0,1.0,435.0,0.35,0.12,0.4585,192.0,0.1,0.13
6.0,1.0,0.29,0.21,75.0,275.0,113.0,0.0675,35.0
7.0,0.0,385.0,295.0,95.0,335.0,147.0,94.0,0.09
8.0,0.0,0.47,375.0,115.0,0.4265,0.1685,0.0755,0.15
10.0,1.0,0.5,0.4,125.0,0.5765,0.2395,126.0,185.0
7.0,2.0,0.4,0.31,0.1,127.0,106.0,71.0,85.0
12.0,0.0,0.62,0.51,175.0,1.1505,0.4375,0.2265,0.4
12.0,0.0,595.0,0.47,0.15,0.8915,359.0,0.2105,245.0
9.0,0.0,585.0,455.0,0.14,0.97,462.0,185.0,295.0
6.0,0.0,0.32,0.24,0.08,0.18,0.08,0.0385,55.0
10.0,1.0,0.52,0.41,125.0,0.6985,0.2945,0.1625,215.0
9.0,0.0,0.44,0.35,0.11,0.4585,0.2,0.0885,0.13
8.0,1.0,0.44,0.33,115.0,0.4005,143.0,113.0,0.12
12.0,0.0,565.0,425.0,0.1,0.7145,0.3055,166.0,0.18
9.0,1.0,0.56,425.0,125.0,932.0,361.0,213.0,335.0
10.0,1.0,0.59,455.0,175.0,966.0,391.0,0.2455,0.31
16.0,1.0,0.57,465.0,0.18,0.9995,405.0,277.0,295.0
14.0,0.0,0.68,0.53,205.0,1496.0,0.5825,337.0,465.0
10.0,1.0,0.45,0.36,125.0,0.5065,222.0,105.0,0.16
7.0,2.0,0.32,0.24,75.0,0.1735,76.0,0.0355,0.05
9.0,2.0,0.46,0.35,0.11,0.3945,0.1685,0.0865,125.0
10.0,0.0,0.47,0.37,105.0,0.4665,0.2025,0.1015,155.0
9.0,0.0,455.0,0.35,105.0,401.0,0.1575,83.0,135.0
11.0,0.0,465.0,0.35,0.12,0.5205,0.2015,0.1625,185.0
12.0,0.0,0.46,375.0,135.0,0.4935,186.0,0.0845,0.17
8.0,0.0,415.0,0.31,0.09,0.3245,0.1305,0.0735,115.0
7.0,0.0,0.27,195.0,0.07,106.0,0.0465,18.0,36.0
10.0,0.0,445.0,355.0,0.11,0.4415,0.1805,0.1035,0.1505
18.0,1.0,745.0,585.0,0.19,1966.0,0.8435,437.0,0.5855
8.0,1.0,0.4,0.3,115.0,0.3025,0.1335,0.0465,0.0935
5.0,2.0,0.28,0.2,75.0,0.1225,0.0545,0.0115,35.0
10.0,0.0,0.55,0.44,135.0,879.0,368.0,0.2095,265.0
16.0,0.0,0.58,0.46,165.0,1.2275,473.0,0.1965,435.0
17.0,0.0,0.62,495.0,175.0,1806.0,643.0,0.3285,725.0
14.0,0.0,0.56,0.42,195.0,0.8085,0.3025,0.1795,285.0
12.0,1.0,0.64,0.51,0.2,1.3905,0.61,0.3315,0.41
19.0,0.0,0.69,0.55,0.2,1.8465,732.0,472.0,0.57
17.0,1.0,715.0,565.0,0.24,2.1995,0.7245,465.0,885.0
11.0,1.0,0.71,565.0,195.0,1817.0,785.0,492.0,0.49
9.0,1.0,0.55,0.47,0.15,897.0,377.0,184.0,0.29
5.0,0.0,375.0,305.0,0.09,0.3245,0.1395,0.0565,95.0
6.0,2.0,0.38,0.28,85.0,0.2735,115.0,61.0,85.0
5.0,1.0,0.37,275.0,85.0,0.2405,104.0,0.0535,0.07
6.0,0.0,335.0,235.0,85.0,0.1545,66.0,0.0345,45.0
4.0,2.0,165.0,115.0,15.0,0.0145,0.0055,3.0,5.0
7.0,0.0,285.0,0.21,75.0,0.1185,55.0,0.0285,0.04
6.0,2.0,0.19,0.13,0.03,0.0295,0.0155,15.0,0.01
5.0,2.0,215.0,0.15,0.03,0.0385,0.0115,5.0,0.01
10.0,0.0,595.0,465.0,125.0,799.0,0.3245,0.2,0.23
13.0,1.0,645.0,0.5,0.17,1.1845,0.4805,274.0,355.0
12.0,0.0,575.0,0.45,185.0,925.0,342.0,197.0,0.35
20.0,1.0,0.57,0.45,0.17,1098.0,414.0,187.0,405.0
14.0,1.0,0.58,0.45,235.0,1071.0,0.3,206.0,395.0
15.0,1.0,595.0,0.48,0.2,975.0,358.0,0.2035,0.34
14.0,1.0,595.0,0.47,0.25,1283.0,462.0,0.2475,445.0
21.0,1.0,625.0,0.42,165.0,1.0595,358.0,165.0,445.0
16.0,0.0,535.0,0.42,165.0,0.9195,0.3355,0.1985,0.26
13.0,0.0,0.55,0.43,0.16,0.9295,317.0,0.1735,355.0
6.0,0.0,495.0,0.4,155.0,0.8085,0.2345,0.1155,0.35
6.0,2.0,0.32,235.0,0.08,0.1485,64.0,31.0,45.0
9.0,0.0,445.0,0.34,0.12,0.4475,193.0,0.1035,0.13
9.0,1.0,0.52,0.4,125.0,0.6865,295.0,0.1715,185.0
14.0,0.0,495.0,385.0,135.0,0.6335,0.2,0.1225,0.26
12.0,0.0,0.47,0.37,135.0,547.0,222.0,0.1325,0.17
10.0,1.0,0.49,0.37,0.14,585.0,243.0,115.0,195.0
11.0,0.0,0.58,0.47,165.0,927.0,0.3215,0.1985,315.0
15.0,0.0,645.0,495.0,185.0,1.4935,0.5265,0.2785,455.0
14.0,1.0,575.0,485.0,165.0,1.0405,419.0,264.0,0.3
6.0,2.0,215.0,0.17,55.0,0.0605,0.0205,14.0,0.02
13.0,2.0,0.43,325.0,0.11,0.3675,0.1355,0.0935,0.12
11.0,2.0,0.37,0.28,0.09,233.0,0.0905,0.0545,0.07
10.0,2.0,405.0,305.0,105.0,0.3625,0.1565,0.0705,125.0
6.0,2.0,0.27,0.19,0.08,81.0,0.0265,0.0195,0.03
21.0,1.0,0.68,0.55,0.2,1596.0,525.0,0.4075,585.0
13.0,1.0,0.65,515.0,195.0,1.4005,0.5195,0.36,0.44
25.0,1.0,645.0,0.49,215.0,1406.0,0.4265,0.2285,0.51
19.0,0.0,0.57,405.0,0.16,0.9245,0.3445,0.2185,295.0
18.0,0.0,615.0,0.48,0.19,1.36,0.5305,0.2375,0.47
7.0,0.0,0.42,345.0,105.0,0.43,175.0,96.0,0.13
6.0,2.0,275.0,0.22,0.08,0.1365,0.0565,0.0285,42.0
5.0,1.0,0.29,225.0,75.0,0.14,0.0515,0.0235,0.04
8.0,0.0,0.42,0.34,115.0,0.4215,175.0,93.0,135.0
16.0,1.0,625.0,525.0,215.0,1.5765,0.5115,0.2595,665.0
27.0,1.0,0.55,465.0,0.18,1.2125,0.3245,205.0,525.0
18.0,0.0,0.66,505.0,0.2,1.6305,0.4865,297.0,0.61
17.0,0.0,565.0,0.47,195.0,1142.0,387.0,258.0,0.35
13.0,1.0,595.0,495.0,235.0,1366.0,0.5065,219.0,0.52
8.0,1.0,0.43,325.0,0.12,445.0,165.0,0.0995,155.0
10.0,1.0,455.0,0.35,0.14,0.5725,0.1965,0.1325,175.0
7.0,2.0,0.33,0.26,0.08,0.19,0.0765,0.0385,65.0
14.0,0.0,495.0,0.39,0.15,853.0,0.3285,189.0,0.27
13.0,1.0,485.0,375.0,145.0,0.5885,0.2385,0.1155,0.19
8.0,1.0,535.0,0.46,145.0,0.7875,0.3395,0.2005,0.2
17.0,0.0,0.58,465.0,175.0,1035.0,401.0,0.1865,385.0
13.0,1.0,625.0,525.0,195.0,1352.0,0.4505,0.2445,0.53
14.0,1.0,555.0,455.0,0.18,958.0,296.0,195.0,0.39
9.0,1.0,0.55,425.0,145.0,797.0,297.0,0.15,265.0
13.0,0.0,0.59,475.0,155.0,857.0,356.0,174.0,0.28
7.0,2.0,355.0,0.28,0.11,0.2235,0.0815,0.0525,0.08
7.0,2.0,275.0,0.2,75.0,86.0,0.0305,19.0,0.03
12.0,1.0,505.0,0.39,175.0,692.0,267.0,0.15,215.0
7.0,0.0,0.37,0.28,95.0,0.2225,0.0805,51.0,75.0
9.0,1.0,505.0,0.4,165.0,729.0,0.2675,155.0,0.25
9.0,1.0,0.56,445.0,0.18,903.0,0.3575,0.2045,295.0
17.0,0.0,595.0,475.0,0.17,1.0965,419.0,229.0,0.35
14.0,1.0,0.57,0.45,165.0,903.0,0.3305,0.1845,295.0
13.0,0.0,0.6,0.48,175.0,1229.0,0.4125,0.2735,415.0
15.0,1.0,0.56,435.0,185.0,1106.0,422.0,0.2435,0.33
17.0,0.0,585.0,465.0,0.19,1171.0,0.3905,0.2355,0.4
8.0,2.0,0.46,335.0,0.11,444.0,225.0,0.0745,0.11
8.0,1.0,0.46,0.36,115.0,0.4755,0.2105,105.0,0.16
11.0,1.0,435.0,0.32,0.12,0.3785,152.0,0.0915,125.0
7.0,1.0,475.0,0.38,135.0,486.0,0.1735,0.07,185.0
10.0,0.0,465.0,0.36,0.13,0.5265,0.2105,0.1185,165.0
9.0,0.0,0.46,375.0,0.14,0.5105,192.0,0.1045,205.0
10.0,1.0,0.38,325.0,0.11,0.3105,0.12,74.0,105.0
9.0,1.0,0.47,365.0,0.12,543.0,0.2295,0.1495,0.15
6.0,0.0,0.36,0.27,0.09,0.2225,83.0,53.0,75.0
12.0,1.0,585.0,455.0,165.0,998.0,345.0,0.2495,315.0
13.0,0.0,0.6,485.0,175.0,1.2675,0.4995,0.2815,0.38
14.0,1.0,0.57,0.46,0.17,1.1,0.4125,0.2205,0.38
11.0,1.0,645.0,0.5,0.2,1.4285,639.0,305.0,0.36
14.0,0.0,0.65,495.0,0.18,1793.0,0.8005,339.0,0.53
12.0,0.0,0.51,395.0,145.0,0.6185,216.0,0.1385,0.24
8.0,0.0,0.52,0.38,135.0,0.5825,0.2505,0.1565,175.0
13.0,0.0,495.0,415.0,165.0,0.7485,264.0,134.0,285.0
8.0,0.0,0.43,335.0,115.0,406.0,166.0,0.0935,135.0
10.0,0.0,0.55,0.46,175.0,869.0,0.3155,0.1825,0.32
11.0,0.0,585.0,0.43,0.16,955.0,0.3625,176.0,0.27
13.0,1.0,0.62,0.51,0.15,1456.0,581.0,0.2875,0.32
14.0,2.0,0.59,0.45,0.16,893.0,0.2745,0.2185,345.0
14.0,1.0,635.0,0.51,175.0,1.2125,0.5735,261.0,0.36
15.0,1.0,0.61,0.48,175.0,1.0675,391.0,216.0,0.42
13.0,1.0,545.0,445.0,175.0,0.8525,0.3465,189.0,295.0
12.0,0.0,0.57,0.45,0.16,0.8615,0.3725,0.2175,255.0
18.0,1.0,0.6,475.0,0.18,1162.0,511.0,0.2675,0.32
14.0,1.0,0.52,0.41,0.17,0.8705,0.3735,219.0,0.25
15.0,0.0,635.0,0.51,0.21,1598.0,0.6535,0.2835,0.58
13.0,1.0,0.67,0.52,0.15,1406.0,519.0,348.0,0.37
15.0,0.0,695.0,0.57,0.2,2033.0,751.0,0.4255,685.0
20.0,0.0,655.0,525.0,185.0,1259.0,487.0,0.2215,445.0
14.0,1.0,0.62,0.48,0.23,1.0935,403.0,245.0,355.0
9.0,0.0,0.51,405.0,0.13,0.7175,0.3725,158.0,0.17
10.0,0.0,525.0,405.0,135.0,0.7575,0.3305,216.0,195.0
9.0,0.0,0.44,375.0,0.13,487.0,226.0,0.0965,155.0
8.0,2.0,485.0,415.0,0.14,0.5705,0.25,134.0,185.0
10.0,1.0,495.0,385.0,0.13,0.6905,0.3125,179.0,175.0
7.0,2.0,435.0,345.0,0.12,0.4475,221.0,112.0,125.0
9.0,2.0,405.0,315.0,105.0,347.0,0.1605,0.0785,0.1
9.0,2.0,0.42,0.33,0.1,352.0,0.1635,89.0,0.1
9.0,1.0,0.5,395.0,0.15,0.7145,0.3235,173.0,195.0
7.0,1.0,385.0,305.0,105.0,0.3315,0.1365,0.0745,0.1
6.0,2.0,0.33,265.0,0.09,0.18,68.0,36.0,0.06
10.0,1.0,0.58,475.0,155.0,974.0,0.4305,0.23,285.0
6.0,2.0,325.0,0.27,0.1,185.0,0.08,0.0435,65.0
10.0,0.0,475.0,375.0,0.12,563.0,0.2525,0.1205,185.0
6.0,2.0,0.34,0.26,0.09,179.0,76.0,0.0525,55.0
12.0,0.0,525.0,425.0,0.12,702.0,0.3335,0.1465,0.22
10.0,1.0,0.52,415.0,145.0,0.8045,0.3325,0.1725,285.0
13.0,1.0,535.0,0.45,135.0,0.8075,322.0,181.0,0.25
8.0,0.0,475.0,0.36,0.12,578.0,0.2825,0.12,0.17
7.0,2.0,415.0,325.0,0.1,385.0,167.0,0.08,125.0
8.0,2.0,495.0,385.0,125.0,585.0,0.2755,0.1235,165.0
10.0,1.0,0.48,405.0,0.13,0.6375,277.0,0.1445,0.21
10.0,1.0,0.52,425.0,0.15,813.0,385.0,0.2015,0.23
9.0,0.0,0.46,375.0,0.13,0.5735,0.2505,119.0,195.0
11.0,1.0,0.58,455.0,0.12,0.94,399.0,257.0,265.0
11.0,0.0,0.59,0.49,135.0,1008.0,422.0,0.2245,285.0
12.0,1.0,0.65,0.5,165.0,1.1445,485.0,218.0,365.0
16.0,1.0,465.0,375.0,135.0,0.6,0.2225,129.0,0.23
11.0,0.0,455.0,355.0,0.13,515.0,0.2,0.1275,175.0
13.0,1.0,435.0,0.35,0.11,384.0,143.0,0.1005,125.0
7.0,0.0,0.35,265.0,0.11,0.2965,0.1365,63.0,85.0
8.0,2.0,315.0,0.24,0.07,137.0,0.0545,0.0315,0.04
14.0,1.0,0.58,475.0,135.0,925.0,391.0,165.0,275.0
17.0,0.0,575.0,435.0,0.15,805.0,293.0,0.1625,0.27
13.0,0.0,535.0,435.0,155.0,0.8915,0.3415,177.0,0.25
13.0,0.0,515.0,0.42,0.14,769.0,0.2505,154.0,0.29
12.0,1.0,505.0,385.0,135.0,0.6185,251.0,0.1175,0.2
15.0,1.0,505.0,395.0,145.0,0.6515,0.2695,153.0,205.0
10.0,2.0,0.4,0.31,0.1,0.2875,0.1145,0.0635,95.0
14.0,0.0,0.49,395.0,135.0,0.5545,213.0,0.0925,215.0
12.0,0.0,0.53,435.0,135.0,0.7365,0.3275,0.1315,0.22
8.0,2.0,395.0,325.0,105.0,306.0,111.0,0.0735,95.0
17.0,1.0,665.0,535.0,0.19,1496.0,0.5775,0.2815,475.0
10.0,1.0,415.0,305.0,105.0,0.3605,0.12,82.0,0.1
11.0,0.0,0.43,345.0,115.0,0.3045,0.0925,55.0,0.12
13.0,0.0,475.0,395.0,135.0,592.0,0.2465,0.1645,0.2
15.0,1.0,525.0,425.0,145.0,0.7995,0.3345,209.0,0.24
15.0,2.0,0.48,0.39,145.0,0.5825,0.2315,121.0,255.0
15.0,0.0,0.59,0.46,155.0,906.0,327.0,0.1485,335.0
9.0,1.0,515.0,0.42,135.0,0.6295,0.2815,127.0,215.0
13.0,0.0,695.0,0.55,0.22,1.5515,566.0,0.3835,445.0
23.0,1.0,0.8,0.63,195.0,2526.0,933.0,0.59,0.62
23.0,0.0,0.61,0.49,0.15,1103.0,425.0,0.2025,0.36
11.0,0.0,0.56,455.0,165.0,0.86,0.4015,0.1695,245.0
17.0,0.0,655.0,485.0,195.0,1.62,0.6275,358.0,485.0
17.0,0.0,0.64,0.52,0.2,1407.0,566.0,304.0,455.0
11.0,1.0,0.59,0.47,0.17,0.9,355.0,0.1905,0.25
7.0,2.0,0.31,0.24,0.09,0.1455,0.0605,0.0315,45.0
6.0,2.0,255.0,185.0,0.07,75.0,28.0,18.0,25.0
21.0,0.0,0.67,0.55,0.17,1247.0,472.0,0.2455,0.4
17.0,1.0,0.71,565.0,195.0,1.7265,638.0,0.3365,565.0
11.0,0.0,505.0,0.4,0.13,764.0,0.3035,189.0,0.2175
16.0,0.0,525.0,0.43,165.0,0.8645,376.0,0.1945,0.2515
9.0,1.0,0.45,0.36,105.0,0.4715,0.2035,0.0935,149.0
12.0,1.0,515.0,435.0,0.17,631.0,0.2765,111.0,216.0
19.0,0.0,0.59,475.0,0.16,0.9455,0.3815,184.0,0.27
18.0,0.0,0.7,0.53,0.19,1.3185,548.0,233.0,0.42
17.0,1.0,0.72,0.56,175.0,1.7265,637.0,0.3415,525.0
11.0,0.0,635.0,495.0,0.15,1081.0,0.4825,242.0,0.31
13.0,0.0,555.0,0.44,135.0,0.9025,0.3805,0.2105,0.28
13.0,0.0,575.0,0.47,0.15,1.1415,0.4515,204.0,0.4
17.0,0.0,585.0,455.0,125.0,1027.0,391.0,212.0,0.25
20.0,1.0,0.61,485.0,0.21,1.3445,535.0,0.2205,515.0
13.0,1.0,645.0,525.0,0.2,1449.0,601.0,0.2565,505.0
11.0,1.0,545.0,0.44,175.0,0.7745,0.2985,0.1875,265.0
12.0,0.0,0.55,0.45,155.0,0.7895,343.0,159.0,0.25
18.0,1.0,0.66,525.0,205.0,1.3665,0.5005,291.0,0.41
18.0,0.0,0.57,475.0,195.0,1.0295,0.4635,0.1905,305.0
15.0,1.0,0.6,0.47,0.2,1031.0,392.0,0.2035,0.29
12.0,1.0,0.63,505.0,165.0,1065.0,0.4595,216.0,315.0
15.0,0.0,0.65,545.0,0.16,1.2425,487.0,296.0,0.48
16.0,1.0,0.72,595.0,225.0,1969.0,0.8045,423.0,0.66
8.0,2.0,0.42,325.0,115.0,354.0,0.1625,64.0,105.0
3.0,0.0,0.18,125.0,0.05,23.0,0.0085,0.0055,0.01
12.0,1.0,405.0,325.0,0.11,0.3575,145.0,0.0725,0.11
12.0,1.0,0.5,405.0,0.15,0.5965,253.0,126.0,185.0
12.0,2.0,435.0,335.0,0.11,383.0,0.1555,0.0675,135.0
10.0,0.0,0.34,275.0,0.09,0.2065,0.0725,43.0,0.07
8.0,1.0,0.43,0.34,0.11,382.0,154.0,0.0955,109.0
12.0,2.0,535.0,0.41,155.0,0.6315,0.2745,0.1415,0.1815
10.0,1.0,0.36,265.0,0.09,0.2165,96.0,37.0,0.0735
5.0,0.0,175.0,135.0,0.04,0.0305,11.0,0.0075,0.01
5.0,0.0,155.0,115.0,25.0,24.0,9.0,5.0,0.0075
11.0,2.0,525.0,0.43,0.15,0.7365,0.3225,161.0,215.0
16.0,1.0,525.0,0.39,135.0,0.6005,0.2265,131.0,0.21
11.0,1.0,0.44,345.0,105.0,0.4285,165.0,83.0,132.0
11.0,2.0,0.47,0.35,135.0,567.0,0.2315,0.1465,0.1525
10.0,2.0,515.0,375.0,0.14,0.6505,0.2495,141.0,0.2215
11.0,0.0,0.42,0.34,125.0,0.4495,165.0,0.1125,144.0
16.0,1.0,455.0,0.35,125.0,0.4485,0.1585,102.0,0.1335
10.0,0.0,0.37,0.29,0.09,241.0,0.11,45.0,69.0
10.0,0.0,0.33,0.25,0.09,197.0,85.0,41.0,0.0605
7.0,2.0,0.3,0.22,0.09,0.1425,57.0,0.0335,43.0
14.0,2.0,625.0,0.46,0.16,1.2395,0.55,273.0,0.38
14.0,2.0,0.61,475.0,0.17,1.0385,0.4435,241.0,0.32
14.0,2.0,625.0,465.0,155.0,972.0,404.0,0.1845,0.35
17.0,2.0,635.0,505.0,0.19,1.3315,0.5805,252.0,435.0
14.0,2.0,0.5,385.0,155.0,762.0,0.3795,161.0,0.19
17.0,1.0,0.53,0.43,0.17,775.0,0.35,152.0,235.0
13.0,2.0,445.0,0.33,0.1,437.0,163.0,0.0755,0.17
12.0,1.0,585.0,415.0,155.0,0.6985,0.3,146.0,195.0
16.0,2.0,0.44,355.0,165.0,435.0,159.0,105.0,0.14
10.0,0.0,0.29,225.0,0.08,0.1295,0.0535,26.0,45.0
15.0,2.0,555.0,455.0,0.17,0.8435,309.0,0.1905,0.3
15.0,2.0,655.0,515.0,145.0,1.25,0.5265,283.0,315.0
10.0,1.0,0.58,0.46,185.0,1017.0,0.3515,0.2,0.32
12.0,2.0,625.0,0.43,175.0,1411.0,572.0,297.0,395.0
15.0,2.0,0.62,485.0,0.17,1208.0,0.4805,0.3045,0.33
8.0,1.0,0.64,0.5,0.15,1.0705,371.0,0.2705,0.36
10.0,1.0,505.0,375.0,115.0,0.5895,0.2635,0.12,167.0
9.0,2.0,0.5,395.0,0.12,537.0,0.2165,0.1085,0.1785
7.0,0.0,0.31,245.0,95.0,0.15,0.0525,34.0,48.0
12.0,1.0,505.0,0.38,145.0,651.0,0.2935,0.19,0.17
10.0,0.0,0.4,315.0,105.0,287.0,0.1135,37.0,113.0
18.0,0.0,425.0,315.0,125.0,0.3525,0.1135,0.0565,0.13
11.0,0.0,0.31,235.0,0.06,0.12,0.0415,33.0,0.04
18.0,1.0,465.0,0.35,0.13,494.0,0.1945,103.0,155.0
10.0,1.0,465.0,0.36,0.12,0.4765,192.0,0.1125,0.16
13.0,0.0,0.35,255.0,85.0,0.2145,0.1,0.0465,0.06
15.0,2.0,0.52,415.0,0.16,595.0,0.2105,142.0,0.26
12.0,1.0,475.0,365.0,0.13,0.4805,0.1905,114.0,0.1475
10.0,1.0,0.41,315.0,0.11,321.0,0.1255,0.0655,95.0
13.0,2.0,575.0,0.45,0.17,0.9315,358.0,0.2145,0.26
6.0,0.0,0.26,0.19,75.0,0.0945,0.0445,0.02,0.03
10.0,1.0,0.53,385.0,125.0,0.6695,289.0,151.0,0.18
9.0,0.0,0.34,255.0,95.0,213.0,81.0,34.0,0.07
11.0,2.0,0.52,0.38,0.14,525.0,0.1775,115.0,185.0
18.0,1.0,635.0,0.5,0.18,1312.0,529.0,0.2485,485.0
11.0,1.0,0.61,485.0,165.0,1087.0,0.4255,232.0,0.38
16.0,1.0,0.66,515.0,0.18,1523.0,0.54,0.3365,555.0
14.0,1.0,465.0,0.38,135.0,579.0,208.0,0.1095,0.22
23.0,0.0,515.0,0.4,0.16,0.8175,0.2515,156.0,0.3
9.0,2.0,335.0,0.24,95.0,0.17,62.0,39.0,55.0
9.0,1.0,345.0,255.0,0.1,197.0,71.0,51.0,0.06
13.0,0.0,465.0,355.0,125.0,0.5255,0.2025,135.0,145.0
10.0,0.0,0.54,415.0,0.17,879.0,339.0,208.0,255.0
9.0,0.0,475.0,355.0,125.0,0.4625,186.0,107.0,145.0
11.0,1.0,445.0,335.0,0.14,0.4565,0.1785,114.0,0.14
9.0,0.0,0.5,355.0,0.14,528.0,0.2125,149.0,0.14
12.0,0.0,0.5,0.38,135.0,0.5835,0.2295,0.1265,0.18
14.0,1.0,0.55,435.0,0.17,884.0,0.2875,0.1645,0.28
6.0,2.0,275.0,205.0,0.08,96.0,36.0,0.0185,0.03
7.0,1.0,0.35,265.0,0.09,0.1855,0.0745,0.0415,0.06
9.0,1.0,0.37,285.0,105.0,0.27,0.1125,0.0585,0.0835
10.0,1.0,0.42,0.33,125.0,463.0,186.0,0.11,145.0
9.0,0.0,395.0,305.0,105.0,282.0,0.0975,65.0,96.0
8.0,2.0,325.0,0.2,0.08,0.0995,0.0395,0.0225,32.0
5.0,2.0,275.0,0.2,65.0,92.0,0.0385,0.0235,27.0
6.0,2.0,235.0,0.17,65.0,0.0625,23.0,14.0,22.0
5.0,2.0,0.25,0.18,0.06,73.0,28.0,17.0,0.0225
5.0,2.0,0.25,185.0,65.0,71.0,27.0,0.0185,0.0225
4.0,2.0,0.2,145.0,0.05,36.0,0.0125,8.0,11.0
20.0,1.0,585.0,0.47,0.17,1099.0,0.3975,0.2325,358.0
14.0,0.0,445.0,0.35,0.14,0.5905,0.2025,158.0,0.19
8.0,0.0,0.44,325.0,0.08,413.0,144.0,0.1015,0.13
17.0,0.0,515.0,405.0,0.14,0.8505,312.0,146.0,315.0
11.0,1.0,0.52,405.0,0.14,0.6915,276.0,137.0,215.0
11.0,0.0,0.5,0.39,0.13,709.0,275.0,168.0,0.18
9.0,0.0,425.0,325.0,0.12,0.3755,142.0,0.1065,105.0
16.0,0.0,0.51,415.0,0.14,0.8185,0.3025,0.2155,235.0
8.0,1.0,0.37,275.0,0.08,227.0,93.0,0.0625,0.07
13.0,0.0,0.54,415.0,0.13,0.8245,272.0,226.0,0.24
11.0,0.0,615.0,475.0,0.17,1.1825,474.0,0.2895,0.24
20.0,0.0,565.0,0.44,175.0,1122.0,393.0,0.2,375.0
14.0,0.0,645.0,515.0,175.0,1.6115,0.6745,384.0,385.0
14.0,1.0,615.0,0.47,175.0,1.2985,0.5135,343.0,0.32
14.0,0.0,605.0,0.49,145.0,1.3,517.0,0.3285,0.31
18.0,0.0,645.0,485.0,155.0,1489.0,0.5915,312.0,0.38
13.0,0.0,0.57,0.42,155.0,1008.0,377.0,193.0,0.34
8.0,1.0,0.47,355.0,0.18,441.0,0.1525,0.1165,135.0
14.0,1.0,0.5,0.44,155.0,742.0,0.2025,0.2005,0.2115
13.0,1.0,0.52,425.0,145.0,0.7,207.0,0.1905,0.24
8.0,0.0,0.39,285.0,95.0,271.0,0.11,0.06,0.08
12.0,0.0,0.52,0.4,165.0,0.8565,0.2745,201.0,0.21
14.0,1.0,0.54,415.0,175.0,0.8975,275.0,241.0,275.0
14.0,0.0,0.46,0.36,135.0,0.6105,0.1955,107.0,235.0
8.0,2.0,355.0,0.26,0.09,0.1925,77.0,38.0,65.0
13.0,1.0,0.49,0.4,145.0,0.6635,0.21,0.1295,0.2515
11.0,1.0,0.63,0.51,185.0,1235.0,0.5115,349.0,0.3065
14.0,0.0,0.5,385.0,145.0,0.7615,246.0,195.0,204.0
15.0,0.0,0.49,0.39,135.0,592.0,242.0,96.0,0.1835
7.0,0.0,0.44,325.0,115.0,0.39,163.0,87.0,113.0
10.0,1.0,515.0,395.0,165.0,0.7565,0.1905,0.17,0.3205
11.0,1.0,475.0,0.38,145.0,0.57,167.0,118.0,187.0
8.0,2.0,0.42,0.31,0.1,0.2865,115.0,0.0735,85.0
9.0,0.0,0.4,305.0,0.13,0.2935,96.0,0.0675,105.0
12.0,0.0,0.45,0.36,0.16,567.0,174.0,0.1245,225.0
15.0,1.0,0.52,0.4,0.13,0.6245,215.0,0.2065,0.17
12.0,0.0,505.0,0.4,155.0,0.8415,0.2715,0.1775,285.0
15.0,0.0,495.0,0.4,0.14,0.7775,0.2015,0.18,0.25
19.0,0.0,0.54,0.41,145.0,989.0,0.2815,213.0,355.0
12.0,1.0,0.48,0.39,125.0,0.6905,219.0,155.0,0.2
9.0,1.0,0.33,0.26,0.08,0.2,0.0625,0.05,0.07
5.0,2.0,285.0,0.21,0.07,109.0,44.0,0.0265,33.0
6.0,2.0,0.3,0.23,75.0,127.0,52.0,0.03,0.0345
6.0,2.0,0.31,0.24,105.0,0.2885,118.0,65.0,83.0
6.0,2.0,0.34,255.0,75.0,0.18,0.0745,0.04,0.0525
7.0,2.0,375.0,0.3,75.0,144.0,59.0,0.03,44.0
7.0,2.0,415.0,325.0,0.1,0.4665,0.2285,0.1065,114.0
6.0,2.0,415.0,315.0,105.0,0.33,0.1405,0.0705,95.0
6.0,2.0,415.0,315.0,0.09,0.3625,175.0,0.0835,93.0
8.0,2.0,0.42,0.32,0.1,0.34,0.1745,0.05,0.0945
6.0,2.0,425.0,0.31,105.0,365.0,159.0,0.0825,105.0
8.0,0.0,465.0,375.0,0.11,0.5,0.21,113.0,0.1505
8.0,1.0,465.0,0.35,135.0,0.6265,259.0,0.1445,175.0
8.0,2.0,0.47,0.37,0.11,0.5555,0.25,115.0,163.0
8.0,1.0,0.47,375.0,0.12,0.6015,0.2765,0.1455,135.0
10.0,2.0,475.0,365.0,0.12,0.53,0.2505,0.0975,0.1625
7.0,0.0,0.48,0.37,135.0,0.6315,0.3445,0.1015,161.0
8.0,0.0,0.5,0.4,0.13,0.7715,0.37,0.16,211.0
7.0,2.0,505.0,0.39,185.0,0.6125,267.0,142.0,172.0
9.0,0.0,525.0,425.0,0.19,872.0,0.4625,0.1725,199.0
9.0,0.0,0.54,0.42,0.12,0.8115,392.0,0.1455,0.2235
11.0,0.0,545.0,0.45,0.15,0.8795,387.0,0.15,0.2625
9.0,1.0,565.0,0.44,0.15,983.0,0.4475,0.2355,0.2485
9.0,0.0,0.59,455.0,0.16,1.09,0.5,0.2215,292.0
9.0,0.0,0.59,0.48,0.16,1262.0,0.5685,0.2725,335.0
10.0,0.0,595.0,0.49,185.0,1185.0,482.0,0.2015,361.0
9.0,1.0,0.6,475.0,135.0,1.4405,0.5885,191.0,0.3175
8.0,1.0,0.6,0.5,155.0,1332.0,0.6235,0.2835,0.35
9.0,1.0,0.6,485.0,165.0,1.1405,587.0,0.2175,288.0
10.0,0.0,605.0,475.0,175.0,1201.0,0.5395,275.0,309.0
10.0,1.0,625.0,0.49,155.0,1.33,0.6675,259.0,0.33
10.0,0.0,0.63,0.5,185.0,1362.0,0.5785,0.3125,384.0
12.0,0.0,0.64,585.0,195.0,1647.0,0.7225,331.0,471.0
11.0,2.0,0.66,525.0,215.0,1786.0,0.6725,0.3615,0.4065
15.0,0.0,0.66,535.0,0.2,1791.0,733.0,318.0,0.54
13.0,1.0,675.0,555.0,205.0,1925.0,713.0,358.0,0.4535
13.0,1.0,675.0,0.55,175.0,1689.0,694.0,371.0,474.0
9.0,1.0,0.69,0.55,0.18,1659.0,0.8715,0.2655,0.4395
14.0,1.0,695.0,0.53,0.2,2.0475,0.75,0.4195,0.6095
10.0,1.0,0.7,525.0,0.19,1.6015,707.0,365.0,0.43
10.0,1.0,0.73,0.57,165.0,2.0165,1.0685,418.0,435.0
4.0,2.0,205.0,0.15,65.0,0.04,0.02,11.0,13.0
4.0,2.0,225.0,0.17,0.07,0.0565,24.0,13.0,16.0
5.0,2.0,0.23,0.18,0.05,64.0,0.0215,0.0135,0.02
4.0,2.0,275.0,195.0,0.07,0.0875,0.0345,22.0,0.0255
5.0,2.0,0.28,0.21,55.0,106.0,0.0415,0.0265,31.0
5.0,2.0,0.28,0.22,0.08,0.1315,66.0,24.0,0.03
7.0,2.0,315.0,235.0,0.07,149.0,58.0,0.0325,47.0
7.0,2.0,0.34,265.0,0.07,185.0,0.0625,0.0395,0.07
7.0,2.0,0.39,295.0,0.1,279.0,0.1155,59.0,0.08
6.0,2.0,405.0,0.31,65.0,0.3205,0.1575,66.0,88.0
7.0,2.0,415.0,325.0,0.1,0.3335,0.1445,0.0715,95.0
7.0,2.0,0.44,335.0,0.11,0.3885,175.0,0.0835,111.0
6.0,2.0,0.44,345.0,115.0,545.0,269.0,111.0,0.1305
6.0,2.0,0.44,325.0,0.1,0.4165,185.0,0.0865,0.11
7.0,2.0,0.44,355.0,0.12,495.0,231.0,0.11,125.0
6.0,2.0,0.45,0.35,125.0,0.4775,0.2235,89.0,118.0
8.0,2.0,0.45,0.35,0.12,468.0,0.2005,0.1065,0.1325
6.0,1.0,0.46,0.35,115.0,0.46,0.2025,0.1115,0.1165
7.0,2.0,0.46,345.0,0.12,0.4155,198.0,0.0885,107.0
6.0,2.0,0.46,345.0,115.0,0.4215,0.1895,102.0,111.0
7.0,2.0,465.0,355.0,0.11,474.0,0.23,0.1005,0.12
9.0,0.0,465.0,0.34,105.0,486.0,231.0,0.1035,0.1225
7.0,2.0,475.0,385.0,0.11,0.5735,311.0,0.1025,136.0
8.0,2.0,475.0,355.0,105.0,468.0,201.0,0.1115,0.12
8.0,0.0,0.48,0.37,0.1,0.5135,243.0,0.1015,135.0
7.0,0.0,0.5,375.0,145.0,0.6215,274.0,166.0,0.1485
7.0,2.0,0.5,0.38,0.11,494.0,218.0,0.09,0.1325
7.0,2.0,505.0,385.0,0.12,0.6005,239.0,142.0,185.0
9.0,0.0,515.0,395.0,0.12,646.0,285.0,0.1365,172.0
7.0,0.0,525.0,415.0,135.0,0.7945,394.0,189.0,202.0
8.0,0.0,525.0,425.0,125.0,812.0,0.4035,0.1705,195.0
6.0,1.0,0.53,0.42,0.17,828.0,0.41,208.0,0.1505
6.0,0.0,0.53,0.41,0.14,681.0,0.3095,0.1415,0.1835
8.0,1.0,0.53,405.0,0.15,889.0,0.4055,0.2275,215.0
9.0,0.0,0.54,435.0,0.14,0.7345,0.33,0.1595,213.0
8.0,1.0,0.55,425.0,125.0,964.0,0.5475,159.0,215.0
7.0,1.0,555.0,425.0,0.14,963.0,0.44,224.0,0.24
9.0,1.0,0.57,445.0,0.15,995.0,504.0,185.0,0.2505
8.0,1.0,0.57,435.0,0.14,0.8585,0.3905,196.0,0.2295
7.0,0.0,575.0,0.45,155.0,948.0,429.0,206.0,259.0
8.0,1.0,0.58,445.0,145.0,888.0,0.41,0.1815,0.2425
8.0,1.0,585.0,0.45,0.16,0.9045,405.0,0.2215,0.2335
7.0,0.0,0.59,465.0,0.14,1046.0,0.4695,263.0,263.0
9.0,1.0,595.0,0.47,155.0,1.1775,542.0,269.0,0.31
9.0,1.0,595.0,465.0,0.15,1.0765,491.0,0.22,287.0
11.0,1.0,595.0,465.0,0.15,1.0255,412.0,0.2745,289.0
8.0,1.0,0.6,0.46,145.0,0.9325,0.3985,0.2245,248.0
8.0,1.0,0.6,0.46,0.15,1235.0,0.6025,274.0,0.29
9.0,0.0,0.6,0.46,0.15,1247.0,0.5335,0.2735,0.29
8.0,0.0,0.61,0.48,0.15,1.1495,564.0,274.0,264.0
10.0,1.0,615.0,0.5,165.0,1327.0,0.6,0.3015,355.0
8.0,0.0,615.0,0.47,155.0,1.2,0.5085,0.32,292.0
9.0,1.0,0.62,0.51,175.0,1.2705,0.5415,323.0,0.3225
10.0,1.0,0.62,485.0,175.0,1.2155,545.0,253.0,345.0
9.0,1.0,0.62,475.0,0.16,1.3245,0.6865,233.0,0.3275
9.0,1.0,625.0,0.49,165.0,1127.0,477.0,0.2365,0.3185
8.0,1.0,625.0,0.49,175.0,1.1075,0.4485,0.2165,0.3595
11.0,1.0,0.63,495.0,0.2,1.4255,659.0,336.0,0.38
8.0,0.0,0.63,0.48,165.0,1286.0,604.0,271.0,0.35
11.0,1.0,635.0,495.0,0.18,1596.0,617.0,317.0,0.37
11.0,1.0,635.0,495.0,195.0,1297.0,556.0,0.2985,0.37
9.0,0.0,645.0,0.49,0.16,1251.0,0.5355,0.3345,0.3165
12.0,0.0,645.0,0.5,175.0,1.5105,0.6735,0.3755,0.3775
9.0,0.0,0.67,0.52,0.19,1.6385,0.8115,369.0,391.0
13.0,1.0,0.69,545.0,205.0,1933.0,0.7855,429.0,498.0
8.0,0.0,0.69,0.54,185.0,1.71,0.7725,0.3855,0.4325
10.0,1.0,695.0,0.55,155.0,1.8495,767.0,442.0,0.4175
12.0,0.0,695.0,525.0,175.0,1742.0,696.0,389.0,505.0
13.0,1.0,0.7,575.0,205.0,1.7975,0.7295,0.3935,0.5165
10.0,1.0,705.0,0.56,205.0,2381.0,0.9915,0.5005,624.0
12.0,0.0,765.0,585.0,0.18,2398.0,1128.0,512.0,0.5335
10.0,0.0,0.77,0.6,215.0,2.1945,1.0515,482.0,584.0
4.0,2.0,0.22,0.16,0.05,49.0,0.0215,0.01,15.0
5.0,2.0,275.0,205.0,0.07,0.1055,495.0,19.0,0.0315
5.0,2.0,0.29,0.21,0.06,0.1045,0.0415,22.0,35.0
6.0,2.0,0.33,0.24,75.0,163.0,0.0745,33.0,48.0
6.0,2.0,355.0,285.0,95.0,0.2275,0.0955,0.0475,0.0715
6.0,2.0,375.0,0.29,0.1,219.0,0.0925,38.0,75.0
8.0,2.0,415.0,315.0,0.1,0.3645,0.1765,0.0795,95.0
7.0,2.0,425.0,0.34,0.1,0.3515,0.1625,82.0,94.0
7.0,2.0,0.43,0.32,0.1,0.3465,0.1635,0.08,0.09
7.0,2.0,0.44,335.0,115.0,0.4215,173.0,0.0765,113.0
7.0,2.0,0.46,345.0,0.11,0.3755,0.1525,58.0,125.0
6.0,2.0,0.46,0.37,0.12,0.5335,0.2645,108.0,0.1345
7.0,2.0,465.0,355.0,105.0,442.0,0.2085,0.0975,0.1185
7.0,2.0,475.0,365.0,0.1,0.1315,0.2025,0.0875,123.0
8.0,2.0,485.0,375.0,0.13,0.5535,266.0,112.0,157.0
8.0,2.0,0.49,375.0,125.0,0.5445,279.0,115.0,0.13
8.0,0.0,0.49,0.38,0.11,554.0,0.2935,0.1005,0.15
7.0,2.0,495.0,0.38,0.12,512.0,233.0,0.1205,136.0
8.0,2.0,0.5,0.39,125.0,583.0,294.0,132.0,0.1605
9.0,0.0,0.5,0.38,0.12,0.5765,273.0,135.0,145.0
7.0,0.0,505.0,0.4,135.0,723.0,377.0,149.0,178.0
8.0,2.0,0.51,395.0,155.0,0.5395,0.2465,0.1085,167.0
8.0,2.0,0.51,385.0,0.15,625.0,0.3095,119.0,0.1725
9.0,2.0,515.0,0.4,125.0,0.5925,265.0,0.1175,168.0
9.0,2.0,0.52,395.0,135.0,633.0,0.2985,0.1295,175.0
9.0,1.0,545.0,0.43,0.14,832.0,0.4355,0.17,201.0
7.0,0.0,545.0,0.42,145.0,778.0,0.3745,0.1545,205.0
7.0,0.0,545.0,0.42,0.12,0.7865,403.0,185.0,0.17
9.0,1.0,545.0,0.4,0.14,778.0,368.0,215.0,0.18
8.0,2.0,0.55,0.42,0.13,636.0,294.0,144.0,0.1755
8.0,1.0,0.55,0.44,135.0,0.8435,434.0,0.1995,185.0
8.0,2.0,555.0,425.0,0.13,648.0,0.2835,133.0,0.2105
9.0,0.0,565.0,0.43,0.13,784.0,0.3495,0.1885,213.0
9.0,1.0,0.57,0.45,0.18,908.0,0.4015,217.0,255.0
9.0,0.0,0.57,0.45,135.0,1.02,546.0,204.0,0.25
9.0,1.0,0.57,0.43,0.16,811.0,0.3875,159.0,0.2285
8.0,1.0,575.0,0.48,0.15,897.0,0.4235,0.1905,248.0
8.0,0.0,0.58,455.0,0.13,852.0,0.41,0.1725,225.0
7.0,1.0,585.0,0.45,0.15,938.0,467.0,203.0,225.0
8.0,1.0,585.0,435.0,0.14,0.6955,0.3085,129.0,0.2245
8.0,0.0,0.59,0.47,0.15,861.0,413.0,164.0,249.0
9.0,0.0,0.59,0.46,0.14,1004.0,496.0,0.2165,0.26
8.0,1.0,0.59,0.46,0.16,1.0115,445.0,0.2615,0.2565
8.0,1.0,595.0,465.0,0.15,1.1005,0.5415,166.0,265.0
9.0,0.0,595.0,0.47,165.0,1108.0,0.4915,0.2325,0.3345
9.0,0.0,595.0,0.46,0.14,852.0,0.4215,0.2255,227.0
10.0,0.0,0.6,0.49,0.21,1.9875,1005.0,419.0,491.0
10.0,1.0,605.0,0.48,0.15,1079.0,0.4505,0.2835,293.0
9.0,1.0,615.0,475.0,0.17,1055.0,543.0,246.0,0.2345
7.0,0.0,615.0,0.45,0.15,1198.0,707.0,0.2095,0.2505
9.0,1.0,615.0,0.47,155.0,1084.0,0.5885,209.0,246.0
10.0,0.0,615.0,475.0,175.0,1103.0,0.4635,0.3095,0.2725
9.0,0.0,0.62,0.49,155.0,1.1,505.0,0.2475,0.31
10.0,0.0,0.62,0.48,0.15,1.1015,0.4965,243.0,305.0
11.0,0.0,625.0,495.0,185.0,1.3835,0.7105,0.3005,345.0
9.0,1.0,625.0,0.49,155.0,1115.0,484.0,277.0,0.3095
10.0,0.0,625.0,0.48,145.0,1085.0,0.4645,0.2445,327.0
10.0,0.0,0.63,0.51,175.0,1.3415,0.6575,262.0,375.0
8.0,0.0,0.63,465.0,0.15,1027.0,537.0,188.0,176.0
9.0,0.0,645.0,515.0,0.16,1.1845,506.0,311.0,335.0
9.0,0.0,645.0,0.48,0.15,1192.0,0.6055,0.2595,285.0
9.0,1.0,645.0,0.52,0.18,1285.0,0.5775,352.0,317.0
9.0,0.0,0.65,515.0,125.0,1.1805,0.5235,283.0,0.3275
9.0,0.0,0.65,0.52,175.0,1.2655,615.0,0.2775,336.0
10.0,1.0,0.65,535.0,175.0,1.2895,0.6095,0.2765,344.0
9.0,0.0,0.65,0.51,155.0,1407.0,0.7215,298.0,335.0
9.0,1.0,0.65,0.49,155.0,1122.0,545.0,228.0,0.3055
10.0,0.0,0.66,515.0,165.0,1.4465,694.0,298.0,0.3755
9.0,1.0,665.0,505.0,165.0,1349.0,0.5985,0.3175,0.36
11.0,0.0,0.67,0.5,0.2,1269.0,576.0,0.2985,351.0
13.0,0.0,0.67,0.51,0.18,1.68,926.0,0.2975,0.3935
13.0,1.0,675.0,0.55,0.19,1551.0,0.7105,0.3685,412.0
11.0,0.0,0.68,0.52,165.0,1.4775,724.0,279.0,406.0
11.0,0.0,0.68,0.53,0.18,1529.0,0.7635,0.3115,0.4025
13.0,0.0,0.7,0.55,0.2,1523.0,693.0,306.0,0.4405
11.0,1.0,725.0,0.53,0.19,1.7315,0.83,398.0,405.0
9.0,0.0,725.0,0.55,0.2,1.51,0.8735,0.4265,0.5085
12.0,1.0,0.74,575.0,0.22,2012.0,0.8915,0.5265,471.0
11.0,0.0,0.75,555.0,215.0,2201.0,1.0615,0.5235,0.5285
3.0,2.0,0.19,0.14,0.03,0.0315,0.0125,5.0,0.0105
4.0,2.0,0.21,0.15,45.0,0.04,0.0135,8.0,0.0105
4.0,2.0,0.25,175.0,0.06,0.0635,0.0275,8.0,0.02
5.0,2.0,0.29,215.0,65.0,0.0985,0.0425,21.0,31.0
6.0,2.0,335.0,0.25,0.08,167.0,0.0675,0.0325,0.0575
6.0,2.0,0.34,245.0,85.0,0.2015,0.1005,38.0,53.0
6.0,2.0,345.0,255.0,95.0,183.0,75.0,0.0385,0.06
7.0,2.0,355.0,255.0,0.08,187.0,78.0,0.0505,58.0
5.0,2.0,0.36,0.26,0.08,0.1795,74.0,0.0315,0.06
7.0,2.0,0.37,275.0,0.09,0.2065,96.0,0.0395,58.0
8.0,2.0,375.0,0.29,0.14,0.3,0.14,0.0625,0.0825
7.0,2.0,375.0,275.0,95.0,0.2295,95.0,0.0545,66.0
7.0,2.0,385.0,0.3,125.0,343.0,0.1705,0.0735,81.0
8.0,2.0,385.0,285.0,85.0,244.0,0.1215,0.0445,68.0
8.0,2.0,395.0,0.32,0.1,0.3075,149.0,0.0535,0.09
7.0,2.0,0.4,305.0,0.1,0.3415,176.0,0.0625,0.0865
8.0,2.0,405.0,0.31,0.11,0.91,416.0,0.2075,0.0995
7.0,2.0,405.0,305.0,0.1,268.0,0.1145,53.0,85.0
6.0,2.0,405.0,0.3,0.09,0.2885,138.0,0.0635,0.0765
8.0,2.0,0.41,315.0,0.1,0.3,124.0,0.0575,0.1
8.0,2.0,0.41,325.0,0.11,326.0,0.1325,75.0,101.0
7.0,2.0,415.0,335.0,0.1,358.0,169.0,67.0,105.0
8.0,2.0,0.42,325.0,115.0,314.0,0.1295,0.0635,0.1
8.0,2.0,0.42,315.0,0.11,0.4025,0.1855,83.0,0.1015
7.0,2.0,0.43,0.34,0.11,0.3645,159.0,0.0855,105.0
9.0,2.0,445.0,0.36,0.11,0.4235,182.0,0.0765,0.14
8.0,0.0,0.45,325.0,115.0,0.4305,0.2235,0.0785,0.1155
7.0,2.0,0.45,335.0,95.0,0.3505,0.1615,0.0625,0.1185
8.0,2.0,455.0,0.34,115.0,486.0,261.0,0.0655,0.1315
8.0,2.0,0.46,0.35,0.1,471.0,252.0,77.0,123.0
8.0,2.0,0.46,345.0,105.0,415.0,187.0,87.0,0.11
7.0,2.0,475.0,355.0,115.0,0.5195,279.0,88.0,0.1325
11.0,0.0,0.48,375.0,0.12,0.5895,0.2535,128.0,172.0
8.0,2.0,485.0,0.38,125.0,0.5215,0.2215,118.0,0.16
8.0,2.0,485.0,365.0,0.14,0.4475,0.1895,0.0925,0.2305
10.0,2.0,0.49,365.0,125.0,0.5585,252.0,126.0,0.1615
9.0,2.0,505.0,385.0,125.0,596.0,245.0,97.0,0.21
8.0,2.0,0.51,385.0,145.0,0.7665,0.3985,0.14,0.1805
9.0,1.0,515.0,395.0,135.0,516.0,0.2015,132.0,162.0
7.0,0.0,515.0,0.41,0.14,0.7355,0.3065,137.0,0.2
8.0,2.0,515.0,0.39,0.11,531.0,0.2415,98.0,0.1615
8.0,2.0,525.0,385.0,0.13,607.0,0.2355,125.0,195.0
10.0,1.0,525.0,415.0,0.15,0.7055,329.0,147.0,199.0
8.0,2.0,525.0,0.4,0.13,0.6445,345.0,0.1285,0.2
9.0,2.0,525.0,375.0,0.12,0.6315,0.3045,114.0,0.19
10.0,0.0,535.0,0.43,155.0,0.7845,0.3285,169.0,245.0
8.0,1.0,545.0,0.44,0.15,0.9475,366.0,239.0,275.0
10.0,2.0,0.55,0.43,145.0,712.0,0.3025,152.0,225.0
9.0,2.0,0.55,0.42,155.0,912.0,495.0,0.1805,205.0
9.0,2.0,0.55,465.0,0.15,936.0,481.0,174.0,0.2435
11.0,2.0,555.0,435.0,145.0,0.6975,262.0,0.1575,0.24
8.0,1.0,555.0,445.0,175.0,1.1465,551.0,244.0,0.2785
10.0,2.0,0.56,0.44,0.14,825.0,402.0,139.0,245.0
11.0,2.0,565.0,0.43,0.15,0.8215,332.0,0.1685,0.29
10.0,1.0,0.57,445.0,155.0,1017.0,0.5265,0.2025,265.0
9.0,1.0,575.0,435.0,155.0,0.8975,0.4115,0.2325,0.23
10.0,0.0,0.58,0.44,175.0,1.2255,0.5405,0.2705,0.3265
9.0,1.0,0.58,425.0,0.15,844.0,0.3645,185.0,0.2705
10.0,0.0,585.0,465.0,165.0,885.0,0.4025,0.1625,274.0
9.0,2.0,585.0,0.42,145.0,0.6735,0.2895,0.1345,0.22
8.0,1.0,585.0,455.0,0.13,0.8755,411.0,0.2065,225.0
9.0,0.0,0.59,0.47,145.0,0.9235,0.4545,173.0,254.0
10.0,0.0,0.59,475.0,0.14,977.0,0.4625,0.2025,275.0
10.0,0.0,595.0,475.0,0.14,1.0305,0.4925,217.0,278.0
8.0,0.0,0.6,0.48,0.09,1.05,457.0,0.2685,0.28
11.0,0.0,0.6,495.0,185.0,1.1145,0.5055,0.2635,367.0
9.0,0.0,0.6,0.51,185.0,1285.0,0.6095,0.2745,315.0
10.0,0.0,0.61,0.48,185.0,1.3065,0.6895,0.2915,0.29
11.0,1.0,0.61,0.45,0.13,0.8725,389.0,0.1715,272.0
10.0,1.0,615.0,0.46,0.15,1.0265,0.4935,201.0,0.2745
9.0,1.0,0.62,465.0,0.14,1.1605,0.6005,0.2195,307.0
10.0,1.0,0.62,0.48,165.0,1.0125,0.5325,0.4365,324.0
10.0,0.0,625.0,0.5,0.14,1096.0,0.5445,0.2165,295.0
10.0,0.0,625.0,0.49,165.0,1205.0,0.5175,0.3105,0.3465
12.0,0.0,0.63,505.0,175.0,1221.0,555.0,252.0,0.34
10.0,1.0,0.63,475.0,155.0,1.0005,452.0,252.0,265.0
12.0,0.0,0.63,0.47,0.15,1.1355,539.0,0.2325,0.3115
10.0,0.0,0.63,525.0,195.0,1.3135,0.4935,0.2565,465.0
11.0,0.0,0.64,505.0,155.0,1.1955,0.5565,211.0,346.0
10.0,0.0,0.64,495.0,0.17,1139.0,0.5395,282.0,285.0
10.0,0.0,0.64,515.0,0.08,1042.0,515.0,0.1755,175.0
9.0,0.0,0.65,0.52,155.0,1368.0,0.6185,288.0,365.0
12.0,0.0,0.65,0.51,175.0,1446.0,0.6485,0.2705,0.45
11.0,1.0,0.66,525.0,0.2,1463.0,0.6525,0.2995,422.0
9.0,1.0,675.0,525.0,0.17,1711.0,0.8365,352.0,475.0
13.0,0.0,0.7,0.54,205.0,1.74,0.7885,373.0,0.4865
9.0,1.0,705.0,0.54,205.0,1757.0,0.8265,417.0,461.0
11.0,0.0,0.71,565.0,0.2,1601.0,706.0,321.0,0.45
10.0,0.0,0.72,0.55,205.0,2165.0,1.1055,525.0,404.0
9.0,0.0,725.0,0.57,0.19,2.3305,1253.0,541.0,0.52
5.0,2.0,0.24,0.17,0.05,0.0545,0.0205,16.0,0.0155
4.0,2.0,255.0,195.0,55.0,0.0725,0.0285,17.0,21.0
4.0,2.0,275.0,0.2,55.0,0.0925,38.0,21.0,26.0
7.0,2.0,0.32,235.0,0.09,183.0,98.0,0.0335,42.0
6.0,2.0,325.0,0.24,75.0,0.1525,72.0,0.0645,43.0
7.0,2.0,0.33,225.0,75.0,187.0,0.0945,0.0395,0.0425
8.0,2.0,0.36,0.27,0.09,232.0,0.12,0.0435,56.0
5.0,2.0,375.0,265.0,95.0,196.0,85.0,42.0,0.0585
6.0,2.0,375.0,285.0,0.09,0.2545,119.0,0.0595,0.0675
7.0,2.0,0.39,0.29,0.09,0.2625,117.0,54.0,77.0
7.0,2.0,0.45,335.0,105.0,362.0,0.1575,0.0795,0.1095
7.0,2.0,455.0,0.35,105.0,0.4445,213.0,107.0,0.1115
7.0,2.0,0.46,365.0,115.0,511.0,0.2365,118.0,123.0
8.0,2.0,495.0,375.0,0.12,589.0,0.3075,0.1215,0.1405
9.0,0.0,0.5,365.0,0.13,0.5945,309.0,0.1085,0.1535
8.0,2.0,0.5,375.0,0.12,529.0,0.2235,123.0,0.16
9.0,0.0,0.52,0.4,105.0,872.0,0.4515,0.1615,0.1985
7.0,2.0,0.52,395.0,145.0,0.77,424.0,142.0,0.1895
9.0,1.0,525.0,0.43,135.0,0.8435,0.4325,0.18,0.1815
7.0,0.0,535.0,405.0,0.14,818.0,402.0,0.1715,189.0
9.0,1.0,0.54,415.0,0.15,0.8115,0.3875,0.1875,0.2035
8.0,1.0,0.57,425.0,0.13,782.0,0.3695,0.1745,0.1965
8.0,0.0,0.57,0.42,0.14,0.8745,416.0,165.0,0.25
9.0,0.0,0.58,445.0,0.16,984.0,0.49,201.0,0.27
8.0,1.0,0.58,445.0,135.0,0.95,484.0,182.0,0.2325
9.0,0.0,0.59,0.47,155.0,1.1735,0.6245,233.0,0.2595
10.0,1.0,0.59,455.0,0.15,976.0,465.0,0.2055,0.2765
9.0,0.0,0.59,485.0,155.0,1.0785,0.4535,0.2435,0.31
9.0,0.0,595.0,435.0,0.16,1057.0,0.4255,224.0,0.31
9.0,0.0,0.6,475.0,175.0,1.11,0.5105,256.0,285.0
10.0,0.0,605.0,475.0,0.19,1.1255,0.59,247.0,0.26
10.0,1.0,0.62,0.48,0.17,1.1045,535.0,0.25,287.0
10.0,0.0,625.0,475.0,175.0,1.3405,656.0,283.0,337.0
8.0,0.0,625.0,0.5,0.13,1082.0,0.5785,0.2045,0.25
9.0,1.0,625.0,485.0,0.16,1254.0,591.0,259.0,0.3485
10.0,0.0,0.63,485.0,0.16,1243.0,623.0,275.0,0.3
12.0,1.0,635.0,0.51,185.0,1286.0,526.0,295.0,0.4105
9.0,1.0,645.0,0.49,0.16,1.1665,0.4935,0.3155,299.0
8.0,1.0,645.0,0.49,0.16,1144.0,0.5015,289.0,319.0
11.0,1.0,0.65,525.0,0.19,1385.0,0.8875,0.3095,405.0
11.0,1.0,655.0,515.0,155.0,1309.0,524.0,346.0,385.0
11.0,1.0,655.0,515.0,0.17,1527.0,0.8485,0.2635,331.0
11.0,0.0,665.0,515.0,0.19,1.6385,831.0,0.3575,371.0
11.0,0.0,695.0,0.54,195.0,1691.0,768.0,363.0,0.4755
11.0,1.0,0.72,565.0,0.18,1719.0,0.8465,407.0,0.3875
10.0,1.0,0.72,0.55,0.18,1.52,637.0,325.0,435.0
12.0,1.0,0.72,565.0,0.17,1613.0,723.0,0.3255,0.4945
10.0,0.0,735.0,0.57,0.21,2.2355,1.1705,463.0,0.5315
11.0,0.0,0.74,595.0,0.19,2.3235,1.1495,0.5115,505.0
6.0,2.0,0.31,0.23,0.07,0.1245,0.0505,0.0265,38.0
4.0,2.0,315.0,235.0,75.0,0.1285,51.0,28.0,0.0405
5.0,2.0,0.32,205.0,0.08,181.0,88.0,34.0,0.0495
6.0,2.0,325.0,0.25,75.0,0.1585,75.0,0.0305,0.0455
7.0,2.0,335.0,0.26,0.09,0.1965,0.0875,41.0,56.0
5.0,2.0,0.37,0.28,85.0,198.0,0.0805,0.0455,58.0
7.0,2.0,0.37,0.27,0.09,0.1855,0.07,0.0425,65.0
7.0,2.0,375.0,0.28,85.0,0.2145,0.0855,0.0485,72.0
8.0,2.0,0.4,315.0,0.09,0.3245,151.0,73.0,88.0
8.0,2.0,425.0,0.34,0.1,371.0,0.15,0.0865,115.0
7.0,2.0,435.0,335.0,95.0,298.0,109.0,58.0,115.0
7.0,2.0,445.0,0.31,0.09,336.0,0.1555,0.09,0.0855
9.0,2.0,0.46,0.36,0.14,447.0,161.0,87.0,0.16
8.0,2.0,0.47,385.0,0.13,587.0,264.0,117.0,174.0
8.0,2.0,495.0,375.0,0.12,614.0,0.2855,0.1365,161.0
9.0,2.0,0.5,0.39,0.13,0.5075,0.2115,104.0,0.1755
8.0,2.0,0.5,0.37,0.12,0.5445,249.0,0.1065,152.0
9.0,2.0,505.0,425.0,125.0,0.6115,245.0,0.1375,0.2
8.0,2.0,505.0,0.4,125.0,0.5605,0.2255,0.1435,0.17
8.0,0.0,505.0,365.0,115.0,521.0,0.25,96.0,0.15
9.0,2.0,0.51,0.4,145.0,0.5775,231.0,143.0,177.0
8.0,2.0,0.51,0.4,125.0,0.5935,239.0,0.13,204.0
8.0,2.0,0.52,0.4,0.11,597.0,0.2935,0.1155,0.16
8.0,0.0,0.52,465.0,0.15,0.9505,456.0,199.0,255.0
8.0,2.0,0.53,0.38,125.0,616.0,292.0,113.0,185.0
10.0,0.0,0.53,405.0,0.15,0.8315,352.0,187.0,0.2525
11.0,2.0,0.54,425.0,0.13,0.8155,0.3675,0.1365,246.0
10.0,2.0,0.54,415.0,0.11,619.0,0.2755,0.15,0.1765
8.0,2.0,545.0,0.43,0.13,0.7595,358.0,153.0,0.2055
10.0,2.0,545.0,0.43,0.15,742.0,0.3525,158.0,208.0
8.0,2.0,0.55,435.0,165.0,804.0,0.34,194.0,244.0
8.0,2.0,0.55,425.0,0.13,664.0,0.2695,163.0,0.21
9.0,1.0,0.55,435.0,0.14,745.0,347.0,174.0,0.2265
8.0,2.0,0.56,0.43,0.13,728.0,0.3355,0.1435,0.2175
9.0,2.0,0.56,435.0,0.13,777.0,354.0,173.0,222.0
8.0,1.0,575.0,425.0,0.15,0.8765,455.0,0.18,228.0
9.0,2.0,575.0,455.0,0.16,0.9895,495.0,195.0,246.0
8.0,0.0,575.0,0.45,165.0,0.9655,498.0,0.19,0.23
8.0,0.0,0.58,465.0,0.15,0.9065,371.0,0.1965,0.29
10.0,0.0,0.58,0.46,0.15,1049.0,0.5205,0.1935,305.0
9.0,1.0,0.58,0.45,0.17,0.9705,0.4615,232.0,248.0
9.0,1.0,0.58,0.45,0.15,0.92,393.0,212.0,0.2895
11.0,0.0,0.58,445.0,0.15,0.9525,0.4315,0.1945,287.0
9.0,2.0,585.0,0.45,135.0,855.0,0.3795,187.0,0.26
9.0,0.0,0.59,0.5,0.15,1142.0,485.0,265.0,345.0
9.0,2.0,0.59,0.46,125.0,755.0,334.0,0.15,238.0
10.0,0.0,595.0,0.46,0.17,1.1295,0.57,0.2555,265.0
9.0,2.0,0.6,445.0,135.0,0.9205,445.0,0.2035,253.0
10.0,1.0,0.6,0.48,0.17,1056.0,0.4575,0.2435,0.3135
10.0,0.0,0.6,0.45,195.0,1.34,617.0,0.3255,0.3605
9.0,1.0,0.6,0.45,0.15,0.9625,0.4375,0.2225,0.2775
11.0,0.0,0.6,465.0,165.0,1.0475,465.0,0.2345,315.0
13.0,1.0,605.0,495.0,0.17,1.0915,0.4365,0.2715,335.0
9.0,0.0,605.0,0.49,0.18,1167.0,457.0,0.29,0.3745
10.0,2.0,605.0,0.48,155.0,0.9995,425.0,0.1985,0.3
11.0,2.0,0.61,425.0,155.0,1.0485,507.0,0.1955,274.0
12.0,1.0,0.61,0.47,195.0,1.2735,469.0,0.3315,398.0
11.0,2.0,0.61,0.49,0.16,1.1545,0.5865,0.2385,0.2915
11.0,1.0,615.0,475.0,175.0,1194.0,559.0,259.0,0.3165
9.0,1.0,615.0,515.0,135.0,1.1215,545.0,0.2305,0.29
10.0,0.0,615.0,455.0,0.15,0.9335,382.0,247.0,0.2615
10.0,1.0,615.0,495.0,165.0,1198.0,0.5415,0.2865,0.3185
9.0,1.0,0.62,475.0,0.15,0.9545,455.0,0.1865,277.0
10.0,0.0,0.62,475.0,195.0,1.3585,0.5935,0.3365,0.3745
10.0,0.0,625.0,515.0,165.0,1217.0,667.0,0.2065,0.3115
10.0,1.0,625.0,0.49,145.0,0.92,437.0,0.1735,0.28
10.0,0.0,625.0,0.49,0.12,0.8765,456.0,0.18,233.0
10.0,1.0,0.63,0.48,165.0,1.2615,0.5505,277.0,0.3885
9.0,0.0,0.63,0.53,0.18,1.2795,618.0,256.0,315.0
10.0,1.0,0.63,485.0,185.0,1167.0,548.0,0.2485,0.34
7.0,0.0,0.63,0.51,0.17,1.1885,0.4915,0.3065,348.0
11.0,1.0,635.0,485.0,0.19,1.3765,634.0,0.2885,406.0
11.0,0.0,635.0,0.52,175.0,1292.0,0.6,269.0,367.0
10.0,0.0,635.0,485.0,0.18,1.1795,0.4785,0.2775,355.0
8.0,1.0,635.0,0.5,0.19,1.29,593.0,0.3045,352.0
11.0,0.0,0.64,505.0,0.18,1297.0,0.59,0.3125,363.0
11.0,0.0,0.64,575.0,175.0,1.4585,625.0,266.0,0.4395
12.0,1.0,645.0,485.0,0.15,1151.0,0.5935,0.2315,293.0
11.0,1.0,645.0,0.52,0.17,1197.0,526.0,0.2925,317.0
12.0,0.0,645.0,495.0,0.19,1539.0,0.6115,408.0,445.0
15.0,0.0,0.65,0.52,195.0,1676.0,693.0,0.44,0.47
12.0,1.0,0.65,565.0,0.2,1.6645,753.0,367.0,0.43
11.0,1.0,655.0,0.5,205.0,1528.0,0.6215,0.3725,0.4535
12.0,1.0,655.0,515.0,0.2,1494.0,0.7255,309.0,405.0
13.0,1.0,0.66,525.0,0.16,1277.0,0.4975,319.0,394.0
10.0,1.0,0.66,525.0,0.18,1.5965,0.7765,397.0,0.3605
10.0,1.0,665.0,0.51,175.0,1.3805,675.0,0.2985,325.0
12.0,1.0,0.67,525.0,0.19,1527.0,0.5755,353.0,0.44
10.0,0.0,0.67,0.54,175.0,1482.0,739.0,0.2925,365.0
11.0,0.0,0.68,515.0,0.16,1.2345,618.0,0.2625,325.0
12.0,1.0,0.68,505.0,0.17,1.3435,657.0,297.0,355.0
10.0,0.0,685.0,505.0,0.19,1533.0,667.0,0.4055,0.41
13.0,0.0,0.69,515.0,0.18,1.8445,0.9815,0.4655,341.0
11.0,0.0,715.0,0.55,175.0,1825.0,938.0,0.3805,0.44
12.0,0.0,735.0,0.59,205.0,2087.0,909.0,474.0,625.0
12.0,0.0,745.0,575.0,0.2,1884.0,954.0,336.0,495.0
8.0,2.0,0.43,345.0,115.0,0.4295,212.0,108.0,109.0
6.0,2.0,0.43,0.33,0.1,449.0,254.0,0.0825,97.0
8.0,0.0,485.0,365.0,155.0,1029.0,0.4235,0.2285,313.0
8.0,0.0,0.49,355.0,155.0,981.0,465.0,0.2015,0.2505
7.0,2.0,0.5,0.37,115.0,0.5745,306.0,112.0,141.0
8.0,1.0,505.0,0.38,0.13,693.0,391.0,0.1195,0.1515
9.0,1.0,0.51,0.37,0.21,1183.0,508.0,292.0,343.0
8.0,1.0,525.0,0.41,135.0,0.7905,0.4065,198.0,177.0
10.0,1.0,535.0,0.4,0.15,1224.0,618.0,275.0,0.2875
8.0,2.0,535.0,0.4,135.0,775.0,368.0,208.0,0.2055
13.0,0.0,535.0,405.0,175.0,1.2705,548.0,0.3265,337.0
10.0,0.0,555.0,405.0,0.19,1406.0,0.6115,342.0,389.0
9.0,0.0,555.0,425.0,0.15,873.0,0.4625,0.1845,0.1965
9.0,0.0,0.56,425.0,135.0,0.9415,509.0,0.2015,0.1975
9.0,1.0,0.59,0.44,0.14,1007.0,0.4775,0.2105,0.2925
8.0,0.0,595.0,485.0,0.15,1.0835,0.5305,231.0,276.0
8.0,2.0,595.0,0.43,165.0,0.9845,0.4525,207.0,0.2725
11.0,1.0,595.0,0.43,0.21,1.5245,653.0,396.0,0.41
9.0,0.0,0.61,485.0,0.17,1281.0,597.0,0.3035,0.33
10.0,1.0,0.62,0.5,0.17,1148.0,0.5475,0.22,0.3315
9.0,1.0,625.0,0.49,0.11,1136.0,0.5265,0.1915,0.2925
9.0,1.0,635.0,0.51,0.17,1.2235,532.0,271.0,354.0
11.0,1.0,635.0,525.0,0.18,1.3695,634.0,318.0,363.0
9.0,0.0,0.64,485.0,0.16,1006.0,456.0,0.2245,0.2835
11.0,0.0,0.64,495.0,165.0,1307.0,678.0,292.0,266.0
10.0,0.0,645.0,505.0,185.0,1463.0,592.0,0.3905,416.0
10.0,1.0,655.0,505.0,175.0,1.2905,0.6205,0.2965,326.0
11.0,1.0,0.67,515.0,0.17,1.4265,0.6605,0.3395,0.37
13.0,0.0,0.68,0.54,0.21,1.7885,0.8345,408.0,437.0
11.0,0.0,0.7,545.0,185.0,1.6135,0.75,0.4035,0.3685
14.0,0.0,0.73,585.0,225.0,2.2305,1.2395,422.0,563.0
12.0,1.0,0.75,615.0,205.0,2.2635,821.0,423.0,726.0
4.0,2.0,255.0,185.0,65.0,74.0,0.0305,0.0165,0.02
8.0,2.0,375.0,285.0,0.09,237.0,106.0,0.0395,0.08
7.0,2.0,0.39,0.3,0.1,0.2665,0.1105,59.0,84.0
8.0,2.0,0.39,0.28,0.09,215.0,0.0845,34.0,79.0
6.0,2.0,395.0,0.3,0.09,253.0,0.1155,0.05,75.0
6.0,2.0,0.42,0.32,0.11,309.0,115.0,0.0645,0.0945
7.0,2.0,435.0,335.0,105.0,0.3535,156.0,0.05,0.1135
8.0,2.0,435.0,325.0,105.0,335.0,136.0,65.0,115.0
9.0,2.0,0.44,0.32,105.0,0.3875,0.1755,74.0,0.12
8.0,2.0,0.45,0.33,115.0,365.0,0.14,0.0825,0.1245
8.0,2.0,0.45,0.34,125.0,0.4045,171.0,0.07,0.1345
9.0,2.0,455.0,355.0,105.0,372.0,138.0,0.0765,135.0
8.0,2.0,0.46,0.37,0.11,0.3965,0.1485,0.0855,0.1455
8.0,2.0,0.47,375.0,125.0,0.5225,0.2265,104.0,162.0
9.0,2.0,475.0,375.0,0.11,456.0,182.0,99.0,0.16
7.0,2.0,495.0,0.33,0.1,0.44,177.0,95.0,0.15
8.0,2.0,495.0,375.0,115.0,507.0,241.0,103.0,0.15
8.0,2.0,0.5,0.38,135.0,0.5285,226.0,123.0,209.0
7.0,2.0,515.0,385.0,125.0,572.0,237.0,0.1435,165.0
11.0,2.0,0.52,0.41,0.14,0.6625,0.2775,0.1555,196.0
11.0,2.0,0.52,395.0,115.0,0.6445,0.3155,0.1245,186.0
8.0,2.0,525.0,0.4,0.11,0.6275,0.3015,126.0,0.18
9.0,2.0,535.0,0.42,145.0,0.6885,273.0,0.1515,237.0
8.0,0.0,535.0,0.41,0.12,0.6835,0.3125,0.1655,159.0
10.0,0.0,0.54,0.42,0.19,0.6855,293.0,163.0,0.38
10.0,2.0,0.55,405.0,0.15,0.6755,0.3015,0.1465,0.21
11.0,2.0,0.55,445.0,145.0,783.0,0.3045,157.0,265.0
9.0,0.0,0.56,0.45,145.0,894.0,0.3885,0.2095,264.0
9.0,2.0,565.0,0.44,135.0,768.0,0.3305,0.1385,0.2475
10.0,0.0,0.57,0.45,145.0,0.95,0.4005,0.2235,0.2845
10.0,1.0,0.57,0.47,0.14,871.0,385.0,211.0,0.2315
9.0,0.0,575.0,0.47,0.15,0.9785,0.4505,196.0,276.0
8.0,2.0,575.0,0.43,0.13,0.7425,0.2895,0.2005,0.22
10.0,0.0,575.0,445.0,0.14,737.0,325.0,0.1405,237.0
9.0,2.0,575.0,445.0,0.16,0.9175,0.45,0.1935,0.24
10.0,1.0,0.58,435.0,155.0,0.8785,425.0,0.1685,0.2425
11.0,0.0,585.0,0.45,175.0,1.1275,0.4925,262.0,335.0
9.0,0.0,0.59,435.0,165.0,0.9765,0.4525,0.2395,235.0
8.0,2.0,0.59,0.47,145.0,974.0,453.0,236.0,289.0
9.0,0.0,0.59,405.0,0.15,853.0,326.0,0.2615,245.0
12.0,0.0,595.0,0.47,175.0,991.0,382.0,0.2395,0.5
9.0,0.0,595.0,0.48,0.14,0.9125,0.4095,0.1825,289.0
9.0,1.0,595.0,0.46,0.16,921.0,0.4005,0.2025,0.2875
11.0,1.0,0.6,0.45,0.14,869.0,0.3425,195.0,291.0
12.0,0.0,0.6,0.45,0.15,0.8665,0.3695,0.1955,255.0
11.0,1.0,0.61,495.0,0.16,1089.0,469.0,198.0,384.0
11.0,0.0,615.0,485.0,215.0,0.9615,422.0,176.0,0.29
13.0,0.0,615.0,0.49,0.17,1145.0,0.4915,208.0,343.0
11.0,2.0,0.62,475.0,0.16,907.0,371.0,167.0,0.3075
11.0,1.0,625.0,515.0,155.0,1.1635,0.4875,259.0,355.0
11.0,0.0,0.63,515.0,175.0,1.1955,492.0,247.0,0.37
10.0,0.0,0.63,495.0,0.18,1.31,495.0,295.0,0.4695
9.0,1.0,635.0,0.49,155.0,1145.0,0.4775,0.3035,0.3155
9.0,0.0,635.0,0.5,0.18,1154.0,0.4405,0.2315,387.0
11.0,1.0,0.64,485.0,145.0,1.1335,0.5525,0.2505,0.3015
11.0,0.0,0.65,505.0,0.17,1.5595,695.0,0.3515,395.0
12.0,0.0,0.65,0.51,175.0,1.3165,0.6345,0.2605,364.0
11.0,0.0,655.0,0.54,165.0,1403.0,0.6955,0.2385,0.42
9.0,1.0,655.0,0.49,0.16,1204.0,0.5455,0.2615,0.3225
11.0,1.0,655.0,455.0,0.17,1.2895,587.0,0.3165,0.3415
10.0,0.0,665.0,525.0,155.0,1.3575,0.5325,0.3045,0.4485
11.0,0.0,675.0,0.52,145.0,1.3645,557.0,0.3405,385.0
11.0,1.0,0.68,0.52,185.0,1494.0,615.0,0.3935,406.0
11.0,1.0,0.68,0.56,195.0,1664.0,0.58,0.3855,545.0
10.0,0.0,685.0,0.51,165.0,1545.0,686.0,0.3775,0.4055
11.0,1.0,695.0,535.0,0.2,1.5855,667.0,334.0,471.0
11.0,1.0,0.7,555.0,0.22,1666.0,647.0,0.4285,455.0
13.0,0.0,0.71,0.56,175.0,1724.0,566.0,0.4575,0.4625
14.0,1.0,0.73,0.55,205.0,1908.0,0.5415,0.3565,0.5965
11.0,1.0,755.0,575.0,0.2,2073.0,1.0135,0.4655,0.48
4.0,2.0,225.0,0.17,0.05,0.0515,19.0,12.0,17.0
5.0,2.0,0.23,0.17,0.05,57.0,26.0,13.0,16.0
6.0,2.0,255.0,185.0,0.06,0.0925,39.0,21.0,25.0
7.0,2.0,355.0,0.27,75.0,204.0,0.3045,46.0,0.0595
7.0,2.0,425.0,0.31,95.0,0.3075,139.0,0.0745,93.0
8.0,2.0,425.0,0.32,85.0,262.0,0.1235,67.0,0.0725
8.0,0.0,455.0,0.35,0.11,458.0,0.2,111.0,0.1305
10.0,0.0,0.46,355.0,0.14,491.0,207.0,115.0,174.0
10.0,0.0,495.0,0.38,0.12,474.0,197.0,0.1065,0.1545
11.0,0.0,0.51,395.0,125.0,0.5805,244.0,0.1335,188.0
9.0,0.0,525.0,0.4,0.13,622.0,0.2655,147.0,184.0
9.0,0.0,0.53,415.0,0.12,706.0,0.3355,0.1635,0.1345
9.0,1.0,0.53,395.0,115.0,0.5685,249.0,0.1375,161.0
11.0,0.0,545.0,435.0,145.0,0.9385,0.3685,0.1245,345.0
8.0,1.0,0.55,0.43,0.15,655.0,0.2635,122.0,221.0
9.0,0.0,575.0,0.48,0.15,0.9465,0.4355,0.2605,0.2505
11.0,0.0,595.0,455.0,145.0,942.0,0.43,182.0,277.0
8.0,0.0,0.6,465.0,0.18,1193.0,0.5145,315.0,0.3055
11.0,0.0,645.0,0.5,0.18,1461.0,0.5985,0.2425,439.0
5.0,2.0,0.29,215.0,0.06,0.1115,53.0,0.0185,32.0
5.0,2.0,0.3,0.22,65.0,0.1235,59.0,26.0,0.0315
5.0,2.0,0.37,275.0,0.1,0.2815,0.1505,0.0505,68.0
7.0,2.0,375.0,285.0,0.08,226.0,0.0975,0.04,0.0725
8.0,2.0,395.0,0.3,0.12,0.2995,0.1265,68.0,0.0895
8.0,2.0,0.41,325.0,105.0,361.0,0.1605,0.0665,103.0
7.0,2.0,415.0,0.32,115.0,0.3045,0.1215,0.0735,94.0
7.0,2.0,425.0,325.0,105.0,0.3975,0.1815,81.0,0.1175
7.0,2.0,0.44,0.34,0.1,379.0,0.1725,0.0815,101.0
6.0,2.0,0.44,0.34,0.12,0.4995,0.2965,0.0945,0.1185
10.0,0.0,465.0,405.0,135.0,0.7775,436.0,0.1715,0.1455
8.0,1.0,0.47,0.36,0.1,0.4705,0.1635,89.0,0.1385
8.0,0.0,0.51,415.0,145.0,751.0,0.3295,0.1835,203.0
10.0,1.0,525.0,0.4,135.0,714.0,318.0,138.0,208.0
9.0,1.0,525.0,0.4,0.13,0.6995,0.3115,131.0,223.0
7.0,1.0,0.55,425.0,0.14,952.0,0.4895,0.1945,0.2185
8.0,0.0,0.56,0.42,0.15,0.8755,0.44,0.1965,0.2315
9.0,0.0,575.0,0.45,135.0,0.9215,354.0,209.0,0.2365
10.0,1.0,575.0,0.45,135.0,0.8285,362.0,0.1655,236.0
10.0,0.0,585.0,0.46,0.15,1206.0,581.0,216.0,323.0
11.0,0.0,615.0,495.0,155.0,1.2865,435.0,293.0,0.3245
9.0,1.0,0.62,485.0,155.0,1.1945,0.5105,271.0,352.0
10.0,1.0,0.63,495.0,0.19,1.1655,536.0,0.2115,0.1625
10.0,1.0,0.63,0.49,0.17,1.2155,0.4625,0.2045,0.3105
11.0,0.0,675.0,505.0,0.16,1532.0,0.74,357.0,0.3815
10.0,1.0,685.0,0.53,0.17,1.5105,0.7385,0.3525,0.3725
9.0,1.0,485.0,0.39,0.1,0.5565,0.2215,0.1155,185.0
8.0,0.0,0.46,0.36,125.0,547.0,0.2165,0.1105,0.19
9.0,0.0,0.46,0.35,125.0,0.5165,0.1885,0.1145,185.0
11.0,0.0,535.0,0.42,125.0,764.0,312.0,0.1505,265.0
10.0,0.0,465.0,0.36,105.0,488.0,188.0,0.0845,0.19
10.0,0.0,0.51,0.4,0.14,0.6905,259.0,151.0,0.23
11.0,2.0,335.0,0.26,0.09,0.1835,78.0,24.0,65.0
5.0,2.0,0.18,135.0,0.08,33.0,0.0145,7.0,0.01
5.0,2.0,215.0,165.0,55.0,59.0,0.0265,0.0125,0.0185
4.0,2.0,0.2,0.15,0.04,46.0,21.0,7.0,0.0065
13.0,0.0,0.55,0.42,0.17,0.8465,336.0,0.2405,245.0
14.0,0.0,585.0,0.45,0.15,1047.0,0.4315,276.0,315.0
13.0,1.0,645.0,0.5,0.18,1.2785,0.5345,0.2995,345.0
12.0,1.0,0.71,0.53,195.0,1.8745,0.6755,0.4065,0.6855
24.0,1.0,0.7,0.54,215.0,1978.0,0.6675,0.3125,0.71
21.0,1.0,665.0,0.5,175.0,1742.0,595.0,0.3025,725.0
11.0,1.0,0.47,375.0,105.0,513.0,232.0,142.0,0.13
7.0,0.0,0.54,0.41,0.13,0.56,0.2375,0.1065,175.0
9.0,0.0,505.0,395.0,125.0,635.0,0.29,0.1555,175.0
9.0,1.0,0.43,0.35,0.09,397.0,0.1575,89.0,0.12
9.0,0.0,0.55,435.0,0.11,806.0,0.3415,203.0,215.0
6.0,1.0,0.34,255.0,85.0,204.0,97.0,21.0,0.05
6.0,1.0,335.0,0.22,0.07,0.17,76.0,0.0365,0.05
15.0,0.0,0.64,0.49,0.14,1194.0,0.4445,238.0,375.0
9.0,1.0,0.55,0.44,125.0,765.0,0.33,0.2125,245.0
13.0,1.0,0.64,475.0,0.19,1151.0,0.4365,281.0,0.3805
9.0,1.0,545.0,0.41,115.0,0.6765,0.29,158.0,0.22
15.0,0.0,605.0,0.49,155.0,1153.0,503.0,0.2505,295.0
10.0,0.0,0.56,0.45,155.0,0.9125,0.3595,271.0,0.35
14.0,1.0,0.57,465.0,155.0,872.0,0.3245,239.0,285.0
11.0,1.0,505.0,405.0,0.18,606.0,239.0,0.1235,0.18
6.0,0.0,0.35,265.0,0.09,0.2265,0.0995,0.0575,65.0
9.0,0.0,0.45,355.0,0.12,0.3955,147.0,0.0765,145.0
11.0,2.0,0.51,405.0,0.12,0.61,229.0,131.0,235.0
12.0,1.0,0.49,0.38,0.13,539.0,229.0,0.1355,165.0
15.0,1.0,505.0,0.41,135.0,657.0,291.0,133.0,195.0
8.0,0.0,0.38,0.3,0.1,0.2505,106.0,0.0535,0.0775
7.0,1.0,0.37,295.0,0.1,0.2685,0.1165,56.0,0.0835
11.0,0.0,0.5,385.0,135.0,551.0,0.2245,0.0715,206.0
10.0,0.0,645.0,505.0,165.0,1307.0,0.4335,262.0,0.52
11.0,0.0,565.0,0.44,115.0,0.9185,404.0,0.1785,0.29
13.0,1.0,0.67,545.0,175.0,1707.0,0.6995,387.0,575.0
11.0,1.0,0.59,415.0,0.15,0.8805,0.3645,234.0,235.0
6.0,1.0,0.47,0.36,0.11,0.4965,237.0,127.0,0.13
8.0,1.0,0.51,385.0,135.0,632.0,282.0,145.0,0.17
16.0,0.0,0.72,575.0,0.23,2.2695,0.8835,0.3985,665.0
7.0,0.0,0.55,405.0,0.15,0.9235,412.0,0.2135,0.24
5.0,2.0,0.2,145.0,25.0,0.0345,11.0,0.0075,0.01
13.0,0.0,0.65,515.0,0.18,1.3315,0.5665,347.0,405.0
14.0,1.0,525.0,405.0,115.0,0.72,0.3105,0.1915,0.2
20.0,0.0,565.0,435.0,185.0,1032.0,354.0,0.2045,0.31
12.0,1.0,0.61,0.47,0.16,1017.0,426.0,0.2255,0.32
5.0,2.0,325.0,245.0,75.0,0.1495,0.0605,33.0,45.0
9.0,1.0,0.49,0.38,155.0,578.0,0.2395,0.1255,0.18
10.0,1.0,505.0,405.0,0.16,0.6835,271.0,145.0,215.0
6.0,1.0,385.0,0.3,0.1,0.2725,0.1115,57.0,0.08
17.0,1.0,0.62,485.0,0.22,1511.0,0.5095,284.0,0.51
17.0,1.0,635.0,505.0,185.0,1.3035,501.0,295.0,0.41
15.0,1.0,665.0,0.53,185.0,1.3955,456.0,0.3205,0.49
9.0,0.0,335.0,265.0,95.0,0.1975,0.0795,0.0375,0.07
8.0,2.0,295.0,215.0,75.0,116.0,37.0,0.0295,0.04
15.0,2.0,0.48,0.38,125.0,523.0,0.2105,0.1045,175.0
14.0,2.0,0.43,0.34,125.0,384.0,0.1375,61.0,146.0
12.0,0.0,565.0,0.45,0.14,1.0055,0.3785,244.0,265.0
10.0,1.0,0.6,0.48,165.0,1.1345,0.4535,0.27,335.0
14.0,1.0,585.0,0.46,0.17,1.0835,0.3745,326.0,325.0
13.0,1.0,555.0,0.42,0.14,868.0,0.33,243.0,0.21
14.0,1.0,0.57,495.0,0.16,1.0915,452.0,275.0,315.0
11.0,1.0,0.62,485.0,175.0,1271.0,531.0,0.3075,0.37
16.0,0.0,0.63,0.51,0.19,1.4985,0.4125,0.3075,545.0
10.0,0.0,425.0,0.34,0.12,388.0,149.0,87.0,125.0
14.0,1.0,0.64,505.0,0.19,1.2355,0.4435,0.3105,365.0
16.0,0.0,675.0,525.0,175.0,1402.0,483.0,0.3205,465.0
11.0,0.0,0.5,0.4,145.0,0.6025,216.0,138.0,0.21
9.0,0.0,385.0,305.0,0.09,0.2775,109.0,0.0515,0.1
8.0,0.0,0.52,415.0,175.0,753.0,258.0,171.0,255.0
16.0,0.0,0.64,525.0,0.2,1.3765,0.44,0.3075,0.47
9.0,2.0,0.44,0.35,0.12,375.0,0.1425,0.0965,115.0
10.0,1.0,0.42,0.32,0.13,0.4135,0.1645,106.0,119.0
13.0,1.0,0.45,0.35,135.0,0.56,231.0,137.0,145.0
9.0,2.0,0.42,325.0,125.0,0.3915,0.1575,0.1025,115.0
12.0,1.0,0.64,505.0,0.19,1.2765,0.4835,328.0,0.4
11.0,0.0,0.57,455.0,0.15,0.96,387.0,0.2385,275.0
12.0,0.0,0.41,325.0,0.12,0.3745,158.0,81.0,125.0
13.0,0.0,485.0,0.41,0.15,696.0,0.2405,0.1625,265.0
12.0,1.0,0.61,0.48,0.19,1.2955,0.5215,0.3225,365.0
13.0,1.0,0.59,485.0,205.0,1.2315,0.4525,238.0,0.42
8.0,2.0,345.0,285.0,0.1,0.2225,0.0865,58.0,75.0
18.0,0.0,635.0,0.51,155.0,1156.0,428.0,289.0,315.0
14.0,0.0,695.0,0.53,0.15,1477.0,0.6375,0.3025,0.43
15.0,1.0,0.69,0.54,185.0,1.5715,0.6935,318.0,0.47
14.0,0.0,0.65,525.0,0.19,1.4995,0.6265,0.4005,395.0
15.0,0.0,635.0,0.48,0.19,1467.0,0.5825,303.0,0.42
14.0,1.0,655.0,0.51,0.16,1092.0,396.0,0.2825,0.37
19.0,1.0,0.69,555.0,205.0,1.8165,0.7785,0.4395,515.0
13.0,1.0,695.0,0.55,0.16,1.6365,694.0,0.3005,0.44
13.0,0.0,0.55,435.0,0.16,906.0,342.0,219.0,295.0
15.0,1.0,0.61,495.0,0.19,1213.0,464.0,306.0,365.0
11.0,0.0,595.0,0.5,165.0,1.06,402.0,0.28,275.0
6.0,0.0,0.3,0.24,0.09,161.0,0.0725,39.0,0.05
8.0,2.0,455.0,375.0,125.0,533.0,233.0,106.0,185.0
12.0,0.0,0.48,0.38,0.13,0.6175,0.3,142.0,175.0
6.0,2.0,0.43,0.35,105.0,366.0,0.1705,0.0855,0.11
7.0,1.0,435.0,0.35,105.0,0.4195,194.0,0.1005,0.13
5.0,2.0,0.3,0.23,75.0,0.15,0.0605,42.0,45.0
12.0,1.0,575.0,0.48,0.15,0.8745,375.0,193.0,0.29
9.0,0.0,505.0,385.0,0.11,655.0,0.3185,0.15,185.0
7.0,0.0,455.0,375.0,125.0,484.0,0.2155,102.0,165.0
18.0,0.0,0.64,505.0,165.0,1.4435,0.6145,0.3035,0.39
13.0,1.0,0.56,435.0,125.0,0.8775,0.3345,0.2145,0.29
12.0,1.0,645.0,0.52,0.19,1.3105,0.58,288.0,0.37
14.0,1.0,595.0,485.0,145.0,1.2515,0.5035,0.2925,0.33
17.0,0.0,565.0,0.45,115.0,0.9085,398.0,197.0,0.29
12.0,1.0,655.0,0.5,0.14,1.1705,0.5405,0.3175,285.0
14.0,0.0,0.48,0.38,135.0,528.0,0.2,0.1395,0.16
11.0,1.0,495.0,385.0,135.0,0.6625,0.3005,0.1635,185.0
10.0,1.0,0.4,335.0,115.0,0.4335,0.2105,0.1205,0.12
11.0,0.0,0.41,0.31,125.0,0.3595,0.1415,0.0885,115.0
12.0,1.0,595.0,465.0,145.0,1107.0,402.0,0.2415,0.31
13.0,1.0,625.0,475.0,0.13,0.8595,0.3195,0.1775,0.24
17.0,0.0,0.52,425.0,155.0,0.7735,297.0,123.0,255.0
11.0,0.0,465.0,0.36,125.0,0.4365,169.0,0.1075,145.0
18.0,1.0,0.5,405.0,0.14,0.6735,265.0,124.0,0.25
12.0,0.0,485.0,385.0,125.0,0.4775,0.2,0.0785,0.17
12.0,0.0,525.0,415.0,0.16,0.6445,0.26,0.1575,0.22
18.0,1.0,655.0,0.53,0.19,1428.0,493.0,318.0,565.0
24.0,0.0,0.69,0.54,185.0,1.6195,533.0,353.0,555.0
11.0,0.0,0.55,0.45,0.17,0.81,317.0,157.0,0.22
13.0,1.0,0.58,475.0,165.0,1.0385,414.0,0.26,305.0
11.0,1.0,0.59,475.0,155.0,0.9715,371.0,235.0,0.28
11.0,0.0,565.0,0.44,155.0,868.0,348.0,217.0,0.26
13.0,1.0,665.0,0.57,185.0,1522.0,0.6965,0.3025,405.0
14.0,1.0,0.62,0.51,175.0,1.1255,0.4985,227.0,315.0
12.0,0.0,0.55,0.46,0.13,0.7085,305.0,0.1455,205.0
15.0,1.0,605.0,475.0,145.0,1.0185,0.4695,225.0,0.27
15.0,0.0,535.0,0.42,0.16,0.72,275.0,164.0,225.0
12.0,1.0,0.51,395.0,0.12,0.6175,262.0,122.0,193.0
9.0,0.0,0.53,405.0,0.13,738.0,0.2845,0.17,193.0
11.0,1.0,495.0,375.0,0.15,597.0,0.2615,135.0,178.0
13.0,0.0,575.0,455.0,185.0,1156.0,0.5525,243.0,295.0
14.0,1.0,0.63,0.5,0.16,1.22,0.4905,0.3,345.0
14.0,0.0,0.59,0.45,0.12,0.7485,0.3345,0.1315,0.22
14.0,1.0,605.0,485.0,165.0,1.0735,437.0,205.0,0.33
17.0,0.0,645.0,0.5,0.19,1229.0,524.0,278.0,395.0
13.0,1.0,0.62,0.5,175.0,1146.0,477.0,0.23,0.39
16.0,0.0,605.0,485.0,175.0,1145.0,0.4325,0.27,405.0
16.0,1.0,615.0,0.5,205.0,1.1055,0.4445,227.0,0.39
11.0,1.0,0.66,525.0,0.19,1.67,0.6525,0.4875,0.49
15.0,1.0,0.71,575.0,175.0,1555.0,0.6465,0.3705,0.52
12.0,1.0,565.0,0.45,185.0,0.9285,302.0,0.1805,265.0
16.0,1.0,0.57,435.0,0.14,0.8085,0.3235,183.0,0.22
16.0,2.0,0.6,445.0,175.0,1057.0,383.0,216.0,355.0
10.0,2.0,0.41,0.3,115.0,0.2595,97.0,0.0515,0.08
9.0,1.0,0.45,325.0,135.0,438.0,0.1805,0.1165,0.11
9.0,2.0,485.0,355.0,0.12,0.5085,0.21,122.0,135.0
13.0,1.0,0.62,485.0,165.0,1166.0,483.0,238.0,355.0
17.0,1.0,505.0,0.41,0.15,0.6345,243.0,0.1335,215.0
11.0,0.0,0.4,0.31,0.11,314.0,138.0,57.0,0.1
11.0,2.0,0.45,355.0,115.0,0.4385,184.0,108.0,0.1125
9.0,0.0,0.35,0.26,0.09,195.0,0.0745,41.0,0.0655
16.0,0.0,0.44,0.35,0.14,451.0,171.0,0.0705,184.0
7.0,0.0,265.0,0.2,65.0,84.0,34.0,0.0105,0.03
4.0,0.0,165.0,125.0,0.04,0.0245,0.0095,0.0045,8.0
19.0,1.0,705.0,555.0,0.2,1.4685,0.4715,0.3235,0.52
16.0,1.0,535.0,425.0,155.0,0.7765,302.0,0.1565,0.25
11.0,2.0,0.49,385.0,0.14,0.5425,198.0,127.0,175.0
15.0,1.0,0.48,0.37,0.13,0.5885,0.2475,0.1505,0.1595
12.0,1.0,395.0,0.3,105.0,0.3375,0.1435,0.0755,98.0
12.0,2.0,375.0,0.28,0.1,0.2565,0.1165,0.0585,0.0725
10.0,0.0,345.0,265.0,0.09,163.0,0.0615,37.0,0.0485
12.0,2.0,0.55,415.0,135.0,0.8095,0.2985,0.2015,0.28
16.0,2.0,635.0,0.48,0.2,1.3655,0.6255,0.2595,425.0
13.0,2.0,575.0,475.0,0.17,967.0,0.3775,284.0,275.0
10.0,1.0,545.0,435.0,0.15,0.6855,0.2905,145.0,225.0
10.0,1.0,385.0,305.0,125.0,314.0,146.0,0.0555,0.08
11.0,1.0,0.51,0.34,0.18,0.7005,312.0,165.0,0.2
13.0,2.0,0.44,0.34,125.0,0.4895,0.1735,0.0875,0.2
12.0,2.0,0.45,0.36,125.0,0.45,191.0,0.0865,145.0
8.0,2.0,0.39,0.3,105.0,259.0,0.0955,38.0,85.0
12.0,1.0,425.0,325.0,135.0,382.0,0.1465,79.0,0.14
11.0,1.0,0.45,0.35,125.0,0.4435,185.0,0.09,145.0
15.0,2.0,0.66,525.0,0.18,1.6935,0.6025,0.4005,0.42
16.0,1.0,685.0,525.0,175.0,1.71,0.5415,309.0,0.58
12.0,1.0,585.0,475.0,185.0,0.8575,0.3465,0.1785,275.0
17.0,2.0,0.54,435.0,145.0,0.97,0.4285,0.22,264.0
12.0,1.0,0.49,0.39,135.0,0.59,215.0,125.0,0.1845
13.0,1.0,455.0,365.0,0.11,385.0,166.0,46.0,0.1345
13.0,2.0,495.0,0.38,145.0,515.0,175.0,98.0,212.0
12.0,1.0,0.48,0.38,145.0,0.59,232.0,141.0,0.23
14.0,2.0,0.47,0.4,0.16,0.51,0.1615,73.0,198.0
11.0,0.0,415.0,0.32,0.1,0.3005,0.1215,0.0575,104.0
13.0,2.0,0.49,385.0,115.0,683.0,0.3265,0.1615,165.0
10.0,2.0,0.47,375.0,105.0,468.0,0.1665,108.0,0.17
11.0,2.0,445.0,345.0,0.13,0.4075,0.1365,0.0645,0.18
13.0,1.0,0.51,0.38,0.13,584.0,224.0,0.1355,185.0
15.0,1.0,0.52,405.0,145.0,829.0,0.3535,0.1685,205.0
8.0,2.0,475.0,365.0,0.14,0.4545,171.0,118.0,158.0
10.0,2.0,435.0,0.34,0.11,407.0,0.1685,73.0,0.13
6.0,2.0,0.39,0.3,0.1,0.3085,0.1385,0.0735,85.0
8.0,2.0,375.0,285.0,0.1,239.0,105.0,0.0555,0.07
5.0,0.0,285.0,215.0,75.0,106.0,0.0415,23.0,35.0
20.0,2.0,0.58,445.0,0.17,1178.0,0.3935,0.2165,315.0
19.0,1.0,0.58,0.44,175.0,1073.0,0.4005,0.2345,335.0
9.0,0.0,0.41,315.0,95.0,306.0,121.0,0.0735,0.09
9.0,0.0,0.41,0.3,0.1,301.0,124.0,69.0,0.09
10.0,2.0,0.54,405.0,0.15,0.7585,307.0,0.2075,0.19
11.0,0.0,0.33,245.0,85.0,171.0,0.0655,0.0365,55.0
11.0,2.0,0.44,0.31,115.0,0.3625,134.0,82.0,0.12
17.0,2.0,0.59,465.0,195.0,1.0885,0.3685,187.0,375.0
13.0,2.0,0.61,0.48,165.0,1097.0,0.4215,264.0,335.0
17.0,2.0,0.61,0.46,0.17,1278.0,0.41,257.0,0.37
12.0,0.0,455.0,345.0,125.0,0.44,169.0,0.1065,135.0
10.0,0.0,0.33,235.0,0.09,163.0,0.0615,34.0,55.0
16.0,2.0,0.44,0.33,135.0,522.0,0.17,0.0905,195.0
19.0,0.0,0.54,405.0,155.0,0.9715,0.3225,194.0,0.29
10.0,1.0,475.0,375.0,125.0,588.0,237.0,0.1715,155.0
10.0,1.0,0.46,0.33,0.15,0.5325,0.2085,0.1805,125.0
6.0,2.0,0.31,235.0,0.09,127.0,48.0,31.0,0.04
5.0,2.0,255.0,0.19,0.07,0.0815,28.0,16.0,31.0
8.0,0.0,335.0,255.0,75.0,0.1635,0.0615,0.0345,57.0
8.0,2.0,295.0,0.21,0.08,0.1,38.0,26.0,31.0
19.0,0.0,545.0,435.0,165.0,0.9955,0.3245,0.2665,325.0
15.0,0.0,495.0,0.4,0.12,0.6605,0.2605,161.0,0.19
14.0,0.0,0.5,375.0,0.13,721.0,0.3055,0.1725,0.22
7.0,1.0,305.0,225.0,0.07,0.1485,0.0585,0.0335,45.0
13.0,1.0,475.0,0.35,115.0,487.0,194.0,0.1455,125.0
18.0,0.0,545.0,0.41,145.0,873.0,0.3035,196.0,0.31
16.0,0.0,565.0,465.0,0.15,1.1285,377.0,0.3525,0.33
10.0,0.0,0.56,0.44,0.16,1.1115,0.5035,0.2785,0.26
13.0,0.0,545.0,0.42,125.0,0.9745,353.0,174.0,305.0
19.0,0.0,645.0,515.0,185.0,1.4605,0.5835,0.3155,0.41
10.0,0.0,575.0,435.0,0.13,1.0105,368.0,222.0,0.32
13.0,0.0,0.62,0.48,0.16,1.0765,412.0,253.0,0.3
13.0,1.0,605.0,0.45,165.0,1.2225,357.0,202.0,385.0
18.0,0.0,605.0,475.0,0.16,1616.0,0.5495,332.0,0.34
9.0,0.0,365.0,285.0,85.0,0.2205,0.0855,0.0515,0.07
8.0,1.0,0.46,0.35,115.0,0.44,0.19,0.1025,0.13
10.0,0.0,0.53,0.43,135.0,879.0,0.28,0.2165,0.25
18.0,0.0,0.48,395.0,0.15,0.6815,0.2145,0.1405,0.2495
13.0,0.0,455.0,345.0,0.15,0.5795,0.1685,125.0,215.0
9.0,2.0,0.35,265.0,0.11,209.0,66.0,59.0,75.0
8.0,0.0,0.37,0.28,105.0,224.0,0.0815,0.0575,75.0
7.0,2.0,0.34,0.25,75.0,0.1765,0.0785,0.0405,0.05
8.0,2.0,0.35,0.28,75.0,196.0,82.0,0.04,64.0
7.0,2.0,395.0,0.31,95.0,313.0,131.0,72.0,93.0
6.0,2.0,415.0,0.31,105.0,0.3595,167.0,83.0,0.0915
7.0,2.0,0.43,0.32,0.1,0.3855,192.0,0.0745,0.1
8.0,2.0,0.48,355.0,115.0,0.5785,0.25,106.0,184.0
9.0,0.0,0.49,395.0,0.12,674.0,0.3325,0.1235,185.0
9.0,1.0,0.56,465.0,0.16,1.0315,432.0,0.2025,337.0
9.0,0.0,0.58,0.46,0.15,1.0165,491.0,221.0,265.0
8.0,1.0,0.58,0.48,0.18,1.2495,0.4945,0.27,371.0
8.0,0.0,0.59,0.47,135.0,1.1685,539.0,279.0,0.28
10.0,1.0,595.0,475.0,165.0,1148.0,444.0,214.0,0.37
11.0,0.0,0.6,475.0,0.15,1089.0,0.5195,223.0,292.0
9.0,0.0,0.61,0.47,155.0,1.0325,497.0,0.2175,0.2785
10.0,0.0,0.64,0.51,0.17,1.3715,567.0,307.0,409.0
10.0,1.0,0.65,545.0,185.0,1.5055,0.6565,341.0,0.43
13.0,0.0,0.71,0.55,0.2,1.9045,882.0,0.44,0.5
13.0,0.0,0.74,605.0,0.2,2.4925,1.1455,575.0,0.5235
4.0,2.0,0.25,0.18,65.0,0.0805,0.0345,0.0185,0.0215
6.0,2.0,0.28,0.21,65.0,111.0,0.0425,0.0285,0.03
6.0,2.0,325.0,0.24,75.0,152.0,65.0,0.0305,45.0
5.0,2.0,0.35,265.0,95.0,199.0,73.0,49.0,0.06
6.0,2.0,0.36,0.27,0.09,219.0,97.0,0.0405,65.0
6.0,2.0,365.0,0.27,105.0,0.2155,0.0915,0.0475,63.0
6.0,2.0,0.37,0.28,0.09,0.2565,0.1255,0.0645,0.0645
7.0,2.0,375.0,285.0,0.09,257.0,0.1045,62.0,75.0
6.0,2.0,0.38,275.0,95.0,0.2505,0.0945,0.0655,75.0
8.0,2.0,395.0,0.3,0.09,279.0,134.0,49.0,75.0
6.0,2.0,0.43,335.0,105.0,378.0,188.0,0.0785,0.09
8.0,2.0,0.44,0.35,125.0,456.0,0.21,0.0955,131.0
7.0,2.0,465.0,0.37,0.1,0.5055,234.0,0.11,0.14
7.0,1.0,465.0,355.0,115.0,0.4705,0.1955,118.0,126.0
8.0,0.0,0.48,0.37,0.13,643.0,349.0,0.1155,135.0
7.0,2.0,485.0,0.37,0.1,513.0,219.0,0.1075,0.13
9.0,1.0,0.49,0.4,115.0,569.0,256.0,0.1325,145.0
8.0,2.0,495.0,0.4,145.0,578.0,0.2545,0.1305,0.1645
8.0,2.0,0.5,385.0,0.11,596.0,0.3015,104.0,151.0
7.0,0.0,0.52,0.39,0.12,0.6435,0.2885,157.0,161.0
7.0,0.0,0.52,395.0,125.0,0.8115,0.4035,166.0,0.2
8.0,0.0,0.55,0.44,155.0,0.9155,0.3645,195.0,0.25
8.0,1.0,555.0,0.44,145.0,0.8815,0.43,0.1975,0.2155
8.0,1.0,555.0,0.42,0.11,931.0,0.4445,171.0,225.0
8.0,1.0,575.0,0.46,165.0,1065.0,0.4985,0.2145,0.2815
9.0,0.0,0.6,475.0,155.0,1.1385,502.0,0.2295,0.31
12.0,1.0,0.61,0.48,0.16,1234.0,598.0,238.0,315.0
10.0,1.0,0.61,495.0,175.0,1.2635,0.53,315.0,0.3455
8.0,1.0,0.61,0.47,0.16,1.0745,0.4925,236.0,0.29
8.0,0.0,615.0,505.0,0.19,1403.0,0.6715,0.2925,365.0
9.0,0.0,0.62,485.0,165.0,1.1325,0.5235,0.2505,0.2825
11.0,1.0,625.0,495.0,0.16,1.1115,0.4495,0.2825,345.0
10.0,1.0,625.0,0.47,0.17,1255.0,525.0,0.2415,405.0
11.0,0.0,625.0,485.0,0.17,1437.0,0.5855,293.0,475.0
10.0,0.0,635.0,495.0,155.0,1.3635,583.0,0.2985,295.0
9.0,1.0,0.64,0.48,195.0,1.1435,0.4915,0.2345,353.0
9.0,0.0,0.64,0.5,0.17,1.4545,642.0,0.3575,354.0
10.0,0.0,0.66,525.0,0.18,1478.0,0.5815,381.0,372.0
11.0,1.0,665.0,0.52,165.0,1.6885,0.7295,407.0,0.4265
10.0,1.0,715.0,585.0,0.23,2.0725,0.8655,0.4095,565.0
11.0,0.0,0.72,565.0,0.2,1787.0,718.0,385.0,529.0
9.0,1.0,725.0,0.58,185.0,1523.0,0.8045,0.3595,0.4375
3.0,2.0,165.0,0.12,0.05,21.0,0.0075,0.0045,14.0
4.0,2.0,0.21,0.15,55.0,0.0455,0.02,0.0065,13.0
6.0,2.0,0.4,315.0,85.0,0.2675,116.0,0.0585,0.0765
7.0,2.0,0.4,0.29,0.1,258.0,104.0,59.0,0.0815
6.0,2.0,0.4,0.3,0.11,0.2985,0.1375,71.0,75.0
7.0,2.0,435.0,335.0,0.11,411.0,0.2025,0.0945,0.1
7.0,2.0,0.44,0.33,0.11,0.38,197.0,79.0,0.09
8.0,2.0,0.45,0.34,105.0,0.4385,0.21,0.0925,0.12
6.0,2.0,465.0,345.0,105.0,0.4015,242.0,0.0345,109.0
7.0,2.0,0.47,355.0,145.0,0.4485,156.0,102.0,123.0
7.0,2.0,0.47,355.0,115.0,0.4155,167.0,84.0,139.0
8.0,2.0,475.0,0.42,0.16,0.7095,0.35,0.1505,0.1845
7.0,2.0,485.0,0.37,115.0,637.0,0.38,0.1335,128.0
8.0,1.0,505.0,475.0,0.16,1.1155,509.0,239.0,0.3065
8.0,2.0,0.51,405.0,0.13,599.0,0.3065,0.1155,0.1485
8.0,2.0,0.52,0.38,0.13,0.5345,0.2375,122.0,0.1535
8.0,0.0,555.0,0.44,145.0,0.85,0.4165,0.1685,0.23
8.0,0.0,555.0,0.44,0.15,838.0,0.4155,146.0,0.23
8.0,0.0,0.56,415.0,0.13,0.7615,0.3695,0.17,0.1955
8.0,0.0,575.0,0.44,145.0,0.87,0.3945,0.2195,225.0
9.0,1.0,585.0,0.45,145.0,0.9835,0.4845,242.0,0.22
10.0,0.0,0.59,0.46,145.0,929.0,0.38,0.24,255.0
9.0,1.0,595.0,0.47,165.0,1.0155,491.0,0.1905,289.0
8.0,0.0,0.6,0.41,145.0,939.0,0.4475,196.0,268.0
12.0,0.0,0.6,475.0,0.16,1164.0,0.5045,0.2635,335.0
10.0,0.0,0.61,0.47,175.0,1214.0,0.5315,0.2835,325.0
11.0,1.0,615.0,0.49,0.19,1.1345,0.4695,257.0,348.0
10.0,1.0,0.62,0.51,0.18,1233.0,592.0,274.0,322.0
10.0,0.0,625.0,495.0,0.18,1.0815,0.4715,254.0,0.3135
9.0,0.0,625.0,0.47,175.0,1179.0,605.0,258.0,271.0
11.0,1.0,0.64,0.5,165.0,1.1635,554.0,239.0,0.32
9.0,1.0,0.64,475.0,175.0,1.1545,0.4865,341.0,288.0
10.0,1.0,645.0,0.52,175.0,1.3345,667.0,0.2665,355.0
11.0,0.0,655.0,0.52,0.18,1492.0,0.7185,0.36,355.0
11.0,1.0,655.0,0.54,175.0,1.5585,0.7285,402.0,385.0
9.0,1.0,0.66,0.5,175.0,1.3275,556.0,0.2805,0.4085
12.0,1.0,0.69,525.0,0.19,1492.0,0.6425,0.3905,0.42
11.0,1.0,0.7,575.0,0.2,1.7365,0.7755,0.3965,461.0
11.0,1.0,0.7,0.56,175.0,1.6605,0.8605,0.3275,398.0
11.0,0.0,0.71,0.57,195.0,1348.0,0.8985,0.4435,0.4535
10.0,0.0,715.0,545.0,0.18,1.7405,871.0,347.0,449.0
11.0,1.0,0.72,545.0,185.0,1.7185,0.7925,401.0,468.0
3.0,2.0,215.0,0.15,55.0,41.0,15.0,9.0,0.0125
4.0,2.0,0.24,185.0,0.06,0.0655,0.0295,0.0005,0.02
6.0,2.0,0.32,0.24,85.0,131.0,0.0615,0.0265,38.0
6.0,2.0,0.33,0.23,85.0,0.1695,79.0,26.0,0.0505
6.0,2.0,335.0,0.26,85.0,192.0,97.0,0.03,54.0
7.0,2.0,0.35,0.26,0.09,0.1765,72.0,0.0355,0.0575
6.0,2.0,0.35,265.0,85.0,0.1735,0.0775,34.0,56.0
6.0,2.0,0.36,265.0,75.0,0.1785,0.0785,35.0,54.0
7.0,2.0,0.36,265.0,0.09,0.2055,96.0,37.0,0.0585
7.0,2.0,365.0,275.0,0.09,0.2345,108.0,51.0,0.0625
7.0,2.0,0.38,285.0,0.09,0.2305,0.1005,39.0,0.0775
6.0,2.0,0.4,0.31,115.0,314.0,0.1545,0.0595,87.0
6.0,2.0,0.4,315.0,0.09,0.33,151.0,68.0,0.08
9.0,2.0,0.4,265.0,0.1,0.2775,0.1245,0.0605,0.08
8.0,2.0,425.0,325.0,0.11,405.0,0.1695,92.0,0.1065
6.0,2.0,0.43,325.0,105.0,309.0,119.0,0.08,98.0
7.0,0.0,435.0,335.0,0.11,0.4385,0.2075,0.0715,0.1315
8.0,2.0,435.0,0.34,0.12,396.0,0.1775,81.0,125.0
8.0,2.0,445.0,355.0,95.0,0.3615,0.1415,0.0785,0.12
8.0,2.0,0.45,0.35,0.11,514.0,253.0,0.1045,0.14
8.0,2.0,455.0,435.0,0.11,0.4265,195.0,0.09,0.1205
8.0,2.0,0.46,0.34,0.09,384.0,0.1795,68.0,0.11
9.0,2.0,475.0,355.0,125.0,0.4865,0.2155,0.1105,142.0
7.0,2.0,475.0,0.35,115.0,498.0,0.2375,99.0,0.14
9.0,2.0,0.48,355.0,125.0,494.0,0.2385,0.0835,0.15
9.0,2.0,0.5,365.0,125.0,528.0,229.0,103.0,0.1645
8.0,0.0,505.0,0.39,115.0,0.5585,0.2575,119.0,0.1535
8.0,2.0,525.0,0.39,105.0,567.0,0.2875,0.1075,0.16
9.0,2.0,0.53,405.0,0.13,0.6615,0.2945,0.1395,0.19
8.0,0.0,535.0,415.0,135.0,0.78,0.3165,169.0,0.2365
9.0,2.0,535.0,0.41,0.13,0.6075,268.0,0.1225,0.1975
8.0,2.0,0.54,0.41,135.0,0.7025,0.31,177.0,0.2
10.0,2.0,0.55,425.0,155.0,0.8725,412.0,187.0,0.2425
10.0,1.0,565.0,0.45,175.0,1.2365,0.5305,0.2455,308.0
9.0,2.0,0.57,0.42,0.13,0.7745,0.3535,0.1505,0.2365
8.0,1.0,0.57,0.42,0.16,0.8875,0.4315,0.1915,223.0
8.0,2.0,575.0,455.0,155.0,0.8725,349.0,0.2095,285.0
9.0,2.0,575.0,0.44,125.0,0.8515,0.4555,0.1715,0.1965
9.0,1.0,575.0,475.0,0.16,895.0,0.3605,221.0,271.0
9.0,0.0,575.0,0.45,155.0,886.0,0.3605,211.0,0.2575
10.0,2.0,0.58,0.46,0.14,0.9265,0.4135,0.1845,0.27
10.0,2.0,0.58,0.46,0.14,0.8295,0.3915,165.0,238.0
11.0,2.0,0.58,0.47,0.15,907.0,444.0,0.1855,0.2445
9.0,0.0,0.58,0.47,165.0,1041.0,0.54,166.0,279.0
9.0,1.0,585.0,465.0,165.0,0.9355,0.4035,0.2275,259.0
9.0,1.0,585.0,0.46,165.0,1058.0,486.0,0.25,294.0
10.0,1.0,595.0,465.0,145.0,0.7955,0.3425,0.1795,0.2425
9.0,1.0,0.6,0.47,0.17,1.0805,0.4995,0.2245,0.3205
8.0,0.0,0.6,0.47,0.15,928.0,0.4225,183.0,275.0
11.0,1.0,0.6,475.0,155.0,1059.0,441.0,0.19,0.39
11.0,0.0,0.6,475.0,0.23,1157.0,522.0,0.2235,0.36
9.0,1.0,0.6,485.0,145.0,776.0,0.3545,0.1585,239.0
10.0,1.0,0.62,0.48,165.0,1043.0,0.4835,221.0,0.31
9.0,0.0,625.0,0.48,0.16,1.1415,0.5795,0.2145,0.29
10.0,1.0,625.0,475.0,0.16,1.3335,605.0,0.2875,319.0
9.0,1.0,625.0,0.5,175.0,1273.0,564.0,302.0,374.0
11.0,0.0,625.0,0.49,165.0,1.1835,517.0,0.2375,0.39
9.0,0.0,625.0,485.0,0.16,1.2135,631.0,0.2235,302.0
11.0,2.0,0.63,465.0,0.15,1.0315,0.4265,0.24,325.0
10.0,0.0,635.0,495.0,0.17,1.3695,657.0,0.3055,365.0
12.0,0.0,0.65,515.0,185.0,1.3745,0.75,0.1805,369.0
11.0,0.0,0.65,515.0,0.18,1463.0,658.0,0.3135,0.4115
11.0,1.0,0.65,0.52,195.0,1.6275,689.0,0.3905,432.0
9.0,1.0,0.65,475.0,165.0,1.3875,0.58,0.3485,0.3095
11.0,0.0,655.0,525.0,0.16,1.46,686.0,311.0,405.0
8.0,1.0,655.0,0.53,165.0,1.2835,583.0,0.1255,0.4
12.0,1.0,0.66,0.5,155.0,1.3765,0.6485,288.0,335.0
11.0,0.0,0.66,515.0,0.2,1.6465,749.0,422.0,401.0
10.0,0.0,675.0,515.0,145.0,1265.0,0.6025,299.0,325.0
11.0,0.0,685.0,0.53,0.17,1.56,647.0,383.0,465.0
12.0,0.0,715.0,0.52,0.18,1.6,708.0,0.3525,445.0
4.0,2.0,175.0,125.0,0.04,28.0,0.0095,8.0,9.0
8.0,2.0,0.37,285.0,95.0,226.0,0.1135,0.0515,0.0675
5.0,2.0,395.0,0.3,0.09,0.2855,0.1385,0.0625,77.0
7.0,2.0,0.42,325.0,0.11,325.0,0.1245,0.0755,0.1025
8.0,2.0,455.0,0.37,0.11,514.0,0.2385,0.1235,126.0
8.0,2.0,495.0,375.0,115.0,0.5755,0.31,0.1145,0.1395
7.0,1.0,0.51,375.0,0.11,0.5805,0.2865,118.0,148.0
8.0,0.0,515.0,0.39,0.14,678.0,341.0,0.1325,119.0
7.0,0.0,545.0,0.43,155.0,0.8035,409.0,144.0,228.0
9.0,1.0,555.0,405.0,0.12,913.0,0.4585,196.0,0.2065
9.0,0.0,0.58,0.45,0.16,0.8675,0.3935,221.0,215.0
10.0,1.0,0.59,465.0,0.17,1.0425,0.4635,0.24,0.27
10.0,0.0,0.6,0.46,0.18,1.14,423.0,0.2575,365.0
11.0,0.0,615.0,475.0,155.0,1.0735,0.4375,0.2585,0.31
9.0,0.0,615.0,475.0,0.19,1.4335,0.7315,305.0,0.3285
14.0,0.0,615.0,495.0,0.2,1304.0,0.5795,0.3115,371.0
9.0,0.0,0.62,0.46,0.16,0.9505,0.4915,0.2,228.0
11.0,0.0,0.63,515.0,0.17,1385.0,0.6355,0.2955,0.38
12.0,1.0,0.64,0.5,0.17,1.12,0.4955,0.2645,0.32
9.0,1.0,0.64,0.5,0.17,1.2645,565.0,0.3375,315.0
8.0,1.0,655.0,455.0,0.17,1275.0,583.0,303.0,333.0
10.0,0.0,0.66,0.53,175.0,1583.0,0.7395,0.3505,405.0
9.0,1.0,665.0,0.5,175.0,1.4355,643.0,345.0,0.37
10.0,1.0,0.67,525.0,195.0,1.42,573.0,368.0,0.3905
10.0,0.0,715.0,525.0,0.2,1.89,0.95,436.0,0.4305
13.0,1.0,735.0,565.0,225.0,2037.0,0.87,0.5145,0.5675
6.0,2.0,0.27,205.0,0.05,84.0,0.03,0.0185,29.0
7.0,2.0,285.0,225.0,0.07,0.1005,0.0425,0.0185,35.0
5.0,2.0,295.0,0.22,85.0,0.1285,0.0585,27.0,0.0365
5.0,2.0,0.3,225.0,75.0,0.1345,57.0,28.0,44.0
5.0,2.0,0.3,0.22,65.0,0.1195,52.0,0.0155,35.0
6.0,2.0,0.36,265.0,85.0,0.1895,0.0725,0.0515,55.0
6.0,2.0,0.37,275.0,95.0,257.0,0.1015,55.0,0.0825
6.0,2.0,435.0,325.0,0.1,342.0,0.1335,0.0835,105.0
8.0,2.0,0.44,0.34,105.0,344.0,123.0,81.0,125.0
8.0,2.0,0.44,0.32,95.0,0.3275,0.1495,59.0,0.1
7.0,2.0,445.0,345.0,0.12,0.4035,169.0,0.0825,0.13
8.0,2.0,0.47,345.0,0.12,0.3685,0.1525,0.0615,125.0
7.0,2.0,475.0,365.0,105.0,0.4175,0.1645,99.0,127.0
9.0,2.0,475.0,335.0,0.1,0.4425,0.1895,86.0,135.0
9.0,2.0,475.0,0.35,125.0,0.4225,0.1905,79.0,0.1355
8.0,2.0,485.0,365.0,125.0,426.0,163.0,0.0965,151.0
9.0,2.0,0.49,0.39,0.12,511.0,0.2205,103.0,0.1745
9.0,2.0,515.0,405.0,0.13,573.0,213.0,134.0,195.0
8.0,2.0,0.52,415.0,0.14,0.6385,0.2945,0.1405,171.0
10.0,2.0,525.0,405.0,125.0,657.0,0.2985,0.1505,168.0
10.0,1.0,525.0,425.0,0.14,0.8735,0.4205,182.0,0.2225
9.0,2.0,0.53,425.0,0.13,781.0,0.3905,0.2005,215.0
9.0,0.0,0.53,0.41,125.0,769.0,346.0,173.0,215.0
11.0,2.0,0.53,395.0,125.0,0.6235,0.2975,108.0,195.0
7.0,0.0,535.0,405.0,0.14,0.7315,336.0,156.0,0.19
10.0,2.0,535.0,0.45,155.0,0.8075,0.3655,148.0,0.2595
9.0,0.0,545.0,0.41,0.14,737.0,349.0,0.15,212.0
10.0,1.0,545.0,0.41,125.0,654.0,0.2945,0.1315,205.0
10.0,2.0,0.55,415.0,0.15,0.7915,0.3535,176.0,236.0
9.0,2.0,575.0,0.45,145.0,872.0,0.4675,0.18,217.0
8.0,2.0,575.0,0.44,0.15,983.0,486.0,215.0,239.0
11.0,1.0,585.0,0.42,155.0,1034.0,437.0,0.2225,0.32
10.0,1.0,585.0,465.0,145.0,0.9855,0.4325,0.2145,0.2845
9.0,2.0,585.0,0.46,0.14,0.7635,326.0,153.0,265.0
8.0,0.0,0.59,465.0,135.0,0.9895,0.4235,199.0,0.28
10.0,2.0,595.0,0.47,135.0,0.9365,434.0,184.0,287.0
10.0,1.0,595.0,0.44,135.0,964.0,0.5005,0.1715,0.2575
10.0,1.0,595.0,0.46,155.0,1.0455,0.4565,0.24,0.3085
12.0,1.0,595.0,0.45,165.0,1081.0,0.49,0.2525,279.0
10.0,0.0,0.6,0.47,0.16,1012.0,441.0,0.2015,305.0
11.0,0.0,605.0,0.49,165.0,1.1245,492.0,222.0,0.3555
10.0,1.0,605.0,0.49,0.15,1.1345,0.4305,0.2525,0.35
10.0,0.0,0.61,0.45,0.19,1.0805,517.0,0.2495,0.2935
9.0,1.0,0.61,495.0,165.0,1.0835,0.4525,273.0,317.0
11.0,0.0,615.0,0.47,175.0,1242.0,0.5675,287.0,317.0
11.0,0.0,0.62,0.5,0.18,1.3915,726.0,0.2795,332.0
10.0,0.0,0.62,525.0,155.0,1085.0,454.0,0.1965,0.35
11.0,2.0,0.62,0.47,155.0,966.0,447.0,171.0,284.0
10.0,0.0,0.62,0.48,165.0,1.0855,481.0,0.2575,305.0
14.0,1.0,625.0,485.0,135.0,1.3025,0.61,0.2675,0.3605
11.0,2.0,625.0,485.0,0.16,1.15,0.5255,257.0,0.3315
11.0,2.0,0.63,0.49,0.17,1217.0,0.5515,212.0,0.31
9.0,1.0,0.63,505.0,195.0,1306.0,516.0,0.3305,375.0
12.0,0.0,645.0,0.51,0.19,1.4865,0.6445,296.0,425.0
11.0,0.0,0.65,0.52,0.17,1.3655,0.6155,0.2885,0.36
11.0,0.0,0.65,495.0,0.17,1276.0,0.6215,0.2305,399.0
10.0,0.0,0.65,495.0,0.16,1.2075,0.55,0.2695,0.32
10.0,1.0,0.65,0.52,195.0,1281.0,0.5985,246.0,0.3825
13.0,0.0,0.65,525.0,205.0,1.4275,0.69,306.0,0.4355
10.0,1.0,0.65,0.51,175.0,1.35,575.0,0.3155,0.3885
11.0,0.0,0.65,525.0,0.19,1.3685,0.5975,296.0,0.4
10.0,1.0,0.66,0.53,0.17,1431.0,622.0,309.0,398.0
10.0,0.0,0.66,0.51,0.18,1261.0,0.5,0.2335,339.0
11.0,1.0,665.0,0.54,195.0,1764.0,0.8505,0.3615,0.47
11.0,1.0,0.67,0.51,155.0,1278.0,0.5605,0.3045,358.0
11.0,0.0,0.67,0.54,195.0,1217.0,532.0,0.2735,0.3315
9.0,1.0,0.67,0.54,0.2,1.46,0.6435,328.0,0.4165
11.0,1.0,675.0,535.0,185.0,1.5575,0.7035,402.0,0.4
11.0,0.0,675.0,0.51,0.17,1527.0,809.0,318.0,341.0
9.0,1.0,675.0,0.53,195.0,1.4985,0.62,375.0,425.0
10.0,0.0,685.0,0.55,0.19,1885.0,0.89,0.41,0.4895
11.0,0.0,685.0,535.0,175.0,1432.0,637.0,247.0,0.46
11.0,0.0,705.0,0.55,0.21,1.4385,655.0,0.3255,462.0
10.0,1.0,705.0,0.53,0.17,1564.0,612.0,394.0,0.44
11.0,0.0,0.71,555.0,175.0,2.14,1.2455,0.3725,434.0
11.0,1.0,725.0,0.56,185.0,1792.0,873.0,367.0,435.0
11.0,0.0,0.78,0.6,0.21,2548.0,1.1945,0.5745,0.6745
5.0,2.0,235.0,0.13,75.0,0.1585,0.0685,37.0,0.0465
7.0,2.0,0.35,0.25,0.1,0.4015,0.1725,63.0,0.1255
7.0,2.0,0.36,0.25,115.0,465.0,0.21,0.1055,128.0
7.0,2.0,0.38,0.28,95.0,0.2885,165.0,0.0435,67.0
7.0,1.0,0.38,0.32,115.0,0.6475,323.0,0.1325,164.0
9.0,2.0,0.47,355.0,0.12,0.4915,0.1765,0.1125,0.1325
7.0,1.0,485.0,365.0,0.15,0.9145,0.4145,199.0,273.0
9.0,0.0,495.0,375.0,155.0,976.0,0.45,0.2285,0.2475
8.0,2.0,0.5,395.0,145.0,0.7865,332.0,0.1815,0.2455
7.0,0.0,505.0,0.4,0.15,775.0,0.3445,157.0,185.0
10.0,2.0,0.51,375.0,0.15,0.8415,0.3845,156.0,255.0
9.0,0.0,0.51,0.38,135.0,681.0,0.3435,142.0,0.17
9.0,0.0,515.0,0.37,115.0,0.6145,0.3415,155.0,146.0
10.0,1.0,575.0,0.42,0.19,1764.0,914.0,377.0,0.4095
10.0,0.0,605.0,455.0,0.16,1.1215,533.0,273.0,271.0
10.0,0.0,615.0,505.0,165.0,1167.0,0.4895,0.2955,345.0
9.0,0.0,615.0,475.0,0.15,1.0375,476.0,0.2325,283.0
10.0,0.0,625.0,0.48,0.18,1223.0,565.0,0.2975,0.3375
9.0,0.0,625.0,0.47,0.15,1124.0,556.0,0.2315,287.0
9.0,1.0,635.0,505.0,0.17,1.2635,512.0,322.0,355.0
9.0,1.0,0.65,525.0,165.0,1238.0,647.0,0.2485,0.3005
11.0,1.0,0.65,0.5,0.17,1.4045,694.0,318.0,0.3235
12.0,1.0,0.67,525.0,195.0,1.37,0.6065,0.2955,407.0
13.0,1.0,695.0,525.0,205.0,1.8185,819.0,0.4025,0.4525
12.0,1.0,705.0,555.0,195.0,1.7525,0.7105,0.4215,516.0
5.0,2.0,275.0,205.0,65.0,101.0,41.0,21.0,34.0
5.0,2.0,285.0,205.0,0.07,106.0,39.0,0.0285,34.0
7.0,2.0,0.36,265.0,85.0,0.1865,0.0675,37.0,0.0615
6.0,2.0,385.0,0.29,0.1,0.2575,0.1,61.0,86.0
6.0,2.0,0.4,315.0,0.1,0.3225,143.0,0.0735,91.0
7.0,2.0,0.43,0.33,95.0,0.32,118.0,65.0,123.0
8.0,2.0,475.0,355.0,135.0,0.4775,0.2145,0.09,0.1435
8.0,2.0,475.0,0.36,0.11,452.0,191.0,99.0,0.13
8.0,2.0,485.0,0.37,0.14,0.5065,0.2425,88.0,0.1465
8.0,2.0,0.51,395.0,105.0,0.5525,234.0,127.0,165.0
9.0,2.0,515.0,0.39,0.12,565.0,235.0,135.0,179.0
9.0,2.0,525.0,0.4,0.14,0.6055,0.2605,108.0,0.21
9.0,0.0,0.53,425.0,155.0,0.7905,307.0,171.0,0.2595
9.0,0.0,0.53,425.0,0.13,702.0,0.2975,0.1395,0.22
10.0,0.0,0.53,0.42,135.0,675.0,294.0,156.0,0.1825
8.0,2.0,0.53,395.0,115.0,475.0,0.2025,101.0,148.0
11.0,2.0,0.53,0.41,0.15,612.0,0.2435,0.1525,0.1895
10.0,2.0,535.0,0.4,145.0,705.0,0.3065,0.1365,0.22
10.0,1.0,555.0,0.44,0.14,846.0,346.0,0.1715,0.2735
10.0,0.0,555.0,0.46,0.16,0.86,0.3345,0.1935,275.0
9.0,0.0,0.56,465.0,145.0,0.8875,0.3345,0.22,0.2695
9.0,1.0,0.56,0.43,145.0,898.0,0.3895,0.2325,245.0
9.0,2.0,565.0,0.43,125.0,0.6545,0.2815,139.0,0.21
10.0,2.0,575.0,0.45,145.0,795.0,364.0,0.1505,0.26
9.0,0.0,575.0,465.0,0.12,1.0535,516.0,0.2185,235.0
9.0,1.0,575.0,0.46,0.15,927.0,333.0,207.0,0.2985
9.0,2.0,0.58,0.42,0.14,701.0,0.3285,102.0,0.2255
8.0,0.0,0.58,0.45,155.0,0.8275,321.0,0.1975,0.2445
13.0,1.0,585.0,0.42,155.0,0.9845,442.0,0.2155,0.2875
9.0,0.0,585.0,0.47,145.0,0.9565,0.4025,0.2365,265.0
9.0,2.0,0.59,0.45,125.0,0.86,437.0,0.1515,245.0
10.0,0.0,595.0,0.48,185.0,1.1785,526.0,0.2975,314.0
10.0,0.0,615.0,0.48,185.0,1.2205,0.4985,315.0,0.33
10.0,0.0,615.0,455.0,0.13,0.9685,0.49,182.0,0.2655
11.0,1.0,0.62,0.5,175.0,1107.0,0.4895,0.24,343.0
12.0,2.0,0.62,0.48,0.18,1.1305,0.5285,0.2655,306.0
11.0,0.0,0.62,0.48,155.0,1.2555,527.0,374.0,0.3175
9.0,0.0,625.0,495.0,155.0,1177.0,0.5055,278.0,345.0
10.0,0.0,625.0,0.5,185.0,1.2425,0.5995,248.0,335.0
12.0,0.0,0.63,0.49,0.16,1.09,407.0,224.0,354.0
8.0,1.0,0.63,475.0,0.15,1072.0,433.0,0.2975,315.0
10.0,1.0,645.0,0.51,155.0,1129.0,0.5015,0.24,342.0
10.0,1.0,0.65,505.0,175.0,1.2075,0.5105,262.0,0.39
11.0,1.0,0.65,495.0,175.0,1227.0,528.0,258.0,0.37
13.0,1.0,655.0,0.52,175.0,1472.0,0.6275,0.27,0.45
14.0,1.0,665.0,525.0,0.18,1.5785,678.0,229.0,456.0
10.0,0.0,0.67,0.52,175.0,1.4755,0.6275,379.0,374.0
12.0,0.0,675.0,0.54,175.0,1.5545,0.6645,278.0,512.0
11.0,1.0,675.0,0.54,0.21,1593.0,686.0,318.0,0.45
13.0,0.0,695.0,0.58,0.2,1.8995,675.0,478.0,0.5295
10.0,1.0,695.0,535.0,175.0,1361.0,0.5465,0.2815,465.0
11.0,1.0,705.0,0.56,0.17,1.4575,607.0,318.0,0.44
12.0,0.0,0.74,0.58,205.0,2381.0,0.8155,0.4695,488.0
3.0,2.0,205.0,155.0,45.0,0.0495,0.0235,11.0,14.0
7.0,2.0,0.32,0.23,0.06,129.0,0.0615,0.0275,0.0355
7.0,2.0,355.0,0.27,0.1,0.2255,0.11,42.0,64.0
9.0,0.0,425.0,305.0,0.11,359.0,173.0,0.0875,0.0975
8.0,2.0,425.0,0.31,95.0,0.3505,0.1645,71.0,0.1
8.0,1.0,0.45,365.0,115.0,0.5885,318.0,121.0,0.1325
10.0,0.0,515.0,385.0,0.13,623.0,0.2855,0.1285,175.0
8.0,1.0,0.52,375.0,135.0,0.5375,221.0,117.0,0.17
8.0,2.0,525.0,0.4,125.0,0.5655,0.2435,119.0,175.0
12.0,1.0,0.61,0.49,0.17,1137.0,0.4605,0.2825,344.0
8.0,2.0,0.35,0.26,95.0,221.0,0.0985,43.0,0.07
6.0,2.0,0.38,275.0,95.0,0.2425,106.0,0.0485,0.21
8.0,2.0,0.46,0.34,0.1,386.0,0.1805,0.0875,0.0965
8.0,0.0,465.0,355.0,0.12,0.5315,0.2725,97.0,0.1395
8.0,0.0,475.0,385.0,0.12,562.0,289.0,0.0905,153.0
9.0,0.0,565.0,445.0,0.14,836.0,406.0,0.1605,0.2245
8.0,0.0,0.57,0.45,0.14,0.9275,477.0,0.1605,0.2515
10.0,0.0,0.57,0.44,145.0,0.8815,0.3605,0.1955,0.2735
10.0,0.0,595.0,0.46,155.0,1.03,0.4275,207.0,0.3305
9.0,1.0,605.0,0.48,175.0,1.1685,0.4815,0.2305,356.0
9.0,1.0,615.0,455.0,135.0,1059.0,0.4735,263.0,274.0
7.0,0.0,0.62,0.46,0.17,1127.0,535.0,0.2635,296.0
11.0,0.0,625.0,0.47,0.17,1.1665,0.4605,0.2565,0.3945
10.0,1.0,0.68,0.52,185.0,1541.0,0.5985,395.0,0.4575
11.0,0.0,0.68,0.54,195.0,1.7825,0.5565,0.3235,0.4285
11.0,0.0,0.68,0.52,175.0,1543.0,0.7525,351.0,374.0
12.0,1.0,0.71,555.0,0.17,1.47,0.5375,0.38,431.0
14.0,0.0,0.5,385.0,0.12,0.6335,0.2305,125.0,235.0
10.0,1.0,545.0,0.42,175.0,754.0,256.0,0.1775,275.0
11.0,0.0,535.0,0.41,0.15,0.8105,345.0,187.0,0.24
6.0,0.0,335.0,0.26,75.0,0.22,0.0855,0.04,85.0
7.0,1.0,425.0,0.35,0.1,0.4425,175.0,0.0755,175.0
9.0,0.0,0.41,325.0,0.1,0.3555,146.0,72.0,105.0
4.0,2.0,0.17,105.0,35.0,34.0,12.0,0.0085,5.0
8.0,2.0,335.0,0.25,95.0,185.0,0.0795,0.0495,55.0
8.0,0.0,0.52,425.0,125.0,0.79,372.0,205.0,0.19
9.0,1.0,0.53,0.41,145.0,0.8255,375.0,204.0,245.0
11.0,0.0,0.5,0.42,125.0,0.62,255.0,0.15,205.0
9.0,1.0,615.0,475.0,145.0,0.9525,0.3915,195.0,0.32
16.0,0.0,575.0,0.45,0.16,955.0,0.44,0.1685,0.27
14.0,0.0,0.57,0.45,155.0,0.91,326.0,0.1895,355.0
11.0,0.0,455.0,0.35,105.0,416.0,0.1625,97.0,145.0
6.0,2.0,0.37,275.0,85.0,0.2045,96.0,56.0,0.08
9.0,0.0,445.0,0.37,125.0,515.0,0.2495,87.0,159.0
14.0,1.0,675.0,535.0,0.22,1604.0,0.6175,0.4255,453.0
7.0,1.0,375.0,295.0,0.11,0.3005,0.1255,0.0575,0.1035
10.0,0.0,0.56,0.44,0.13,0.8255,0.2425,202.0,285.0
12.0,0.0,0.55,0.41,0.15,785.0,282.0,186.0,275.0
9.0,1.0,0.57,465.0,155.0,0.9685,446.0,261.0,255.0
9.0,2.0,335.0,255.0,85.0,0.1785,71.0,0.0405,55.0
16.0,0.0,655.0,515.0,0.2,1373.0,443.0,0.3375,0.49
12.0,1.0,565.0,0.45,165.0,0.9765,322.0,244.0,0.37
9.0,1.0,0.57,0.44,0.19,1018.0,447.0,207.0,265.0
14.0,1.0,0.55,465.0,0.15,1082.0,0.3575,194.0,0.19
14.0,1.0,0.63,475.0,175.0,1423.0,0.4155,0.3385,0.49
10.0,0.0,475.0,0.37,125.0,655.0,266.0,0.1725,185.0
5.0,2.0,0.32,235.0,65.0,0.1385,58.0,0.0225,0.05
19.0,0.0,525.0,395.0,165.0,782.0,285.0,0.1405,285.0
10.0,1.0,525.0,0.43,165.0,717.0,289.0,0.1745,195.0
15.0,1.0,0.5,0.39,0.13,0.6355,0.2505,0.1635,195.0
8.0,1.0,0.44,0.34,135.0,0.3975,0.1505,0.0945,135.0
9.0,1.0,0.49,385.0,0.16,656.0,0.2455,171.0,205.0
15.0,0.0,545.0,0.44,165.0,744.0,0.2875,204.0,0.25
12.0,1.0,0.45,0.36,0.11,447.0,203.0,82.0,0.13
9.0,1.0,515.0,0.4,115.0,578.0,191.0,0.1445,0.17
5.0,2.0,0.33,0.25,75.0,0.1405,56.0,35.0,0.05
12.0,1.0,525.0,0.41,0.15,708.0,274.0,151.0,0.25
16.0,0.0,545.0,0.45,0.16,0.8615,0.2925,0.1545,365.0
15.0,1.0,645.0,0.5,225.0,1626.0,587.0,0.4055,0.41
10.0,0.0,0.45,355.0,115.0,478.0,0.18,0.1185,155.0
15.0,1.0,0.61,0.49,0.17,1.1775,0.5655,0.2385,295.0
7.0,2.0,0.38,0.3,0.1,286.0,0.1305,56.0,0.09
10.0,1.0,565.0,455.0,0.13,1058.0,439.0,0.2645,0.3
15.0,1.0,0.67,545.0,0.16,1.5415,0.5985,0.2565,495.0
10.0,0.0,0.54,425.0,0.12,817.0,0.2945,153.0,195.0
9.0,2.0,0.29,225.0,75.0,152.0,71.0,59.0,45.0
7.0,2.0,0.41,0.33,105.0,335.0,0.1525,74.0,0.11
7.0,1.0,0.46,375.0,0.12,0.4915,0.2205,88.0,0.17
9.0,1.0,0.56,0.44,155.0,0.9705,0.4315,263.0,255.0
12.0,1.0,575.0,0.45,0.1,0.9315,431.0,222.0,235.0
12.0,0.0,0.62,0.5,0.2,1221.0,0.4605,263.0,0.43
16.0,0.0,515.0,0.4,0.14,0.7365,0.2955,184.0,185.0
12.0,1.0,0.56,0.46,0.18,0.97,342.0,196.0,355.0
13.0,1.0,0.5,0.4,0.15,0.8085,273.0,112.0,295.0
9.0,2.0,435.0,355.0,125.0,0.4075,0.1535,74.0,165.0
12.0,0.0,495.0,0.38,135.0,0.6295,263.0,0.1425,215.0
13.0,1.0,595.0,0.5,0.18,1053.0,0.4405,192.0,0.39
17.0,1.0,615.0,0.5,165.0,1.1765,488.0,244.0,345.0
4.0,2.0,0.14,105.0,35.0,0.0145,5.0,0.0035,5.0
15.0,0.0,445.0,345.0,0.14,476.0,0.2055,0.1015,0.1085
4.0,2.0,0.16,0.12,0.02,18.0,0.0075,0.0045,5.0
16.0,0.0,635.0,0.48,235.0,1064.0,413.0,228.0,0.36
16.0,0.0,575.0,0.47,165.0,853.0,292.0,179.0,0.35
9.0,2.0,455.0,365.0,135.0,441.0,0.1515,0.1165,145.0
10.0,1.0,455.0,375.0,125.0,458.0,0.1985,111.0,0.12
13.0,0.0,455.0,355.0,135.0,0.4745,0.1865,0.0935,168.0
15.0,2.0,0.52,405.0,0.14,0.6765,0.2865,146.0,205.0
11.0,2.0,0.54,0.4,145.0,757.0,315.0,181.0,215.0
19.0,2.0,0.52,0.39,0.14,0.7325,0.2415,144.0,0.26
11.0,2.0,0.56,445.0,165.0,1.0285,0.4535,253.0,275.0
10.0,1.0,0.52,0.41,0.16,712.0,0.2845,153.0,225.0
13.0,2.0,615.0,0.46,0.19,1066.0,0.4335,226.0,0.33
18.0,1.0,645.0,0.49,0.19,1.3065,479.0,0.3565,345.0
11.0,2.0,565.0,0.43,135.0,0.8545,321.0,0.1775,275.0
10.0,0.0,375.0,0.28,95.0,0.2225,0.0875,43.0,0.08
12.0,0.0,395.0,0.28,0.08,266.0,0.0995,66.0,0.09
20.0,1.0,0.5,0.4,165.0,0.7105,0.27,0.1455,225.0
8.0,1.0,0.47,0.35,115.0,487.0,0.1955,127.0,155.0
14.0,2.0,0.58,0.42,0.16,728.0,0.2725,0.19,0.19
12.0,2.0,0.5,0.38,155.0,0.6675,0.2745,156.0,0.18
10.0,2.0,725.0,0.55,0.22,2.0495,0.7735,0.4405,655.0
16.0,1.0,0.65,515.0,215.0,1498.0,564.0,323.0,425.0
21.0,1.0,0.67,535.0,185.0,1597.0,0.6275,0.35,0.47
17.0,2.0,0.55,0.44,165.0,0.8605,312.0,169.0,0.3
11.0,1.0,0.49,0.37,115.0,541.0,171.0,0.1175,185.0
6.0,2.0,235.0,0.18,0.06,58.0,22.0,0.0145,18.0
5.0,2.0,235.0,175.0,0.08,0.0645,0.0215,0.0175,0.0215
11.0,0.0,0.52,0.41,115.0,0.77,263.0,157.0,0.26
13.0,1.0,475.0,0.4,115.0,541.0,186.0,0.1025,0.21
13.0,0.0,0.53,425.0,0.11,739.0,237.0,161.0,295.0
10.0,1.0,0.35,275.0,65.0,205.0,0.0745,0.0465,0.07
14.0,0.0,555.0,0.42,145.0,0.8695,0.3075,0.2575,0.25
15.0,1.0,0.54,0.44,0.16,1.0905,391.0,0.2295,355.0
11.0,1.0,525.0,0.4,115.0,0.6295,0.2555,144.0,0.18
14.0,0.0,0.55,0.45,175.0,1.0985,0.3765,215.0,0.4
20.0,0.0,0.55,0.44,0.16,991.0,348.0,168.0,375.0
6.0,2.0,235.0,175.0,65.0,0.0615,0.0205,0.02,19.0
13.0,0.0,525.0,0.41,165.0,0.8005,0.2635,0.1985,0.25
16.0,0.0,475.0,365.0,0.14,0.6175,202.0,0.1445,0.19
12.0,1.0,0.53,0.4,165.0,772.0,0.2855,0.1975,0.23
13.0,1.0,525.0,415.0,0.15,0.7155,0.2355,171.0,0.27
13.0,1.0,0.53,425.0,0.13,717.0,0.2115,166.0,255.0
5.0,2.0,315.0,235.0,0.08,0.18,0.08,45.0,47.0
8.0,2.0,465.0,355.0,0.12,0.5805,255.0,0.0915,184.0
7.0,0.0,485.0,385.0,105.0,556.0,296.0,104.0,133.0
9.0,2.0,0.49,385.0,0.12,591.0,271.0,0.1125,0.1775
12.0,1.0,515.0,395.0,0.14,686.0,281.0,0.1255,0.22
10.0,1.0,555.0,0.44,155.0,1016.0,0.4935,0.1855,263.0
9.0,1.0,0.61,0.5,0.18,1438.0,0.5185,0.3735,0.3345
11.0,1.0,0.68,0.55,0.19,1807.0,0.8225,0.3655,515.0
11.0,0.0,0.69,0.55,195.0,1777.0,769.0,0.38,0.4305
10.0,0.0,695.0,0.55,205.0,2173.0,1133.0,0.4665,496.0
4.0,2.0,0.27,205.0,75.0,118.0,59.0,31.0,0.0305
5.0,2.0,0.27,0.19,0.06,99.0,0.0445,17.0,0.03
6.0,2.0,295.0,0.22,0.07,0.1365,0.0575,0.0295,35.0
6.0,2.0,295.0,0.22,65.0,0.1295,52.0,28.0,35.0
6.0,2.0,315.0,0.23,0.07,164.0,0.0625,0.04,45.0
6.0,2.0,375.0,0.29,95.0,0.2875,123.0,0.0605,0.08
6.0,2.0,0.38,0.3,0.09,277.0,0.1655,0.0625,82.0
6.0,2.0,385.0,285.0,0.09,248.0,0.0935,66.0,0.07
6.0,2.0,0.4,295.0,95.0,252.0,0.1105,0.0575,66.0
8.0,0.0,415.0,315.0,0.12,0.4015,199.0,87.0,97.0
7.0,2.0,415.0,0.33,0.1,0.3905,0.1925,0.0755,0.1025
8.0,2.0,0.42,0.32,115.0,409.0,0.2055,0.0935,105.0
6.0,2.0,0.44,0.33,135.0,0.4095,163.0,0.1005,119.0
7.0,2.0,0.45,0.35,135.0,494.0,0.2205,0.0945,0.1405
7.0,2.0,475.0,0.35,0.12,0.4905,0.2035,0.13,135.0
8.0,0.0,485.0,0.39,0.12,599.0,251.0,0.1345,169.0
6.0,0.0,495.0,375.0,115.0,0.6245,282.0,143.0,155.0
7.0,1.0,525.0,0.41,115.0,0.7745,416.0,163.0,0.18
8.0,0.0,565.0,455.0,0.15,0.9795,444.0,205.0,275.0
6.0,2.0,0.58,435.0,0.15,0.8915,363.0,0.1925,0.2515
6.0,1.0,585.0,0.45,125.0,874.0,0.3545,0.2075,225.0
10.0,0.0,0.6,465.0,155.0,1262.0,0.6245,0.2455,0.33
11.0,0.0,0.63,0.48,185.0,1.21,0.53,0.2555,322.0
10.0,1.0,645.0,525.0,0.17,1.37,0.6135,283.0,0.34
11.0,1.0,655.0,545.0,185.0,1759.0,0.6865,313.0,547.0
8.0,0.0,665.0,515.0,165.0,1.3855,621.0,302.0,0.3445
11.0,1.0,0.67,0.52,195.0,1.8065,758.0,0.3735,0.5055
10.0,0.0,0.67,0.51,0.2,1.5945,0.6705,0.3845,0.4505
9.0,0.0,685.0,0.51,0.18,1.4545,0.6315,0.3105,0.3725
10.0,0.0,0.7,0.6,0.23,2003.0,0.8105,0.4045,0.5755
12.0,0.0,0.72,0.6,235.0,2.2385,984.0,411.0,621.0
4.0,2.0,185.0,135.0,45.0,32.0,11.0,0.0065,0.01
5.0,2.0,245.0,175.0,55.0,0.0785,0.04,18.0,0.02
6.0,2.0,315.0,0.23,0.0,134.0,0.0575,0.0285,0.3505
6.0,2.0,0.36,0.27,0.09,0.2075,98.0,39.0,62.0
6.0,2.0,415.0,0.31,95.0,0.34,181.0,57.0,83.0
7.0,2.0,455.0,0.35,135.0,0.5365,0.2855,0.0855,0.1325
6.0,2.0,0.48,0.35,105.0,635.0,352.0,127.0,135.0
8.0,2.0,485.0,375.0,125.0,562.0,0.2505,0.1345,0.1525
8.0,2.0,0.51,0.39,125.0,597.0,293.0,0.1265,0.1555
10.0,0.0,0.52,395.0,125.0,0.5815,0.2565,0.1265,0.17
9.0,1.0,555.0,0.43,0.14,0.7545,0.3525,0.1835,0.2015
9.0,0.0,585.0,465.0,0.15,0.98,0.4315,0.2545,247.0
11.0,1.0,585.0,0.46,0.15,1.0035,503.0,0.2105,0.2515
12.0,0.0,585.0,455.0,155.0,1133.0,0.5515,223.0,305.0
8.0,0.0,0.61,0.49,0.16,1146.0,597.0,246.0,265.0
9.0,0.0,0.61,475.0,0.15,1142.0,0.62,237.0,245.0
9.0,0.0,615.0,0.53,0.17,1.12,0.5775,0.2095,286.0
8.0,1.0,0.62,465.0,0.14,1011.0,479.0,0.2385,255.0
8.0,0.0,625.0,505.0,175.0,1131.0,0.5425,0.2265,323.0
10.0,0.0,625.0,0.48,175.0,1065.0,0.4865,259.0,285.0
10.0,0.0,635.0,0.48,145.0,1181.0,665.0,229.0,225.0
11.0,0.0,0.66,505.0,0.19,1.4385,0.6775,285.0,178.0
8.0,0.0,0.66,485.0,155.0,1.2275,0.61,274.0,0.3
10.0,0.0,0.66,515.0,155.0,1.4415,0.7055,0.3555,335.0
11.0,1.0,0.68,0.55,175.0,1473.0,713.0,282.0,0.4295
10.0,1.0,0.69,0.58,195.0,1658.0,708.0,0.3615,0.4715
11.0,0.0,0.72,545.0,195.0,1.7475,0.8215,383.0,0.4705
6.0,2.0,0.33,245.0,65.0,0.1445,58.0,32.0,0.0505
7.0,2.0,0.33,0.26,85.0,0.1965,0.0915,0.0425,55.0
7.0,2.0,365.0,0.28,0.09,196.0,0.0865,36.0,0.0605
8.0,2.0,0.42,0.31,0.1,0.2805,0.1125,0.0615,0.0925
7.0,2.0,435.0,325.0,0.1,366.0,174.0,0.0725,109.0
8.0,2.0,0.44,325.0,0.11,0.4965,258.0,0.1195,0.1075
8.0,2.0,485.0,365.0,0.09,651.0,0.3165,132.0,0.18
10.0,2.0,495.0,385.0,125.0,0.5125,0.2075,0.1155,172.0
7.0,0.0,0.51,405.0,125.0,0.6925,327.0,155.0,0.1805
11.0,2.0,0.52,0.41,0.14,0.5995,242.0,0.1375,182.0
8.0,2.0,0.54,0.42,0.14,0.74,0.3595,159.0,0.1985
10.0,2.0,0.54,415.0,155.0,702.0,322.0,167.0,0.19
11.0,2.0,0.55,445.0,125.0,672.0,288.0,0.1365,0.21
12.0,1.0,575.0,0.45,0.12,0.9585,447.0,169.0,275.0
10.0,2.0,575.0,0.45,0.15,858.0,449.0,166.0,215.0
8.0,1.0,0.58,0.46,135.0,926.0,0.4025,208.0,275.0
10.0,1.0,0.58,425.0,155.0,873.0,0.3615,249.0,239.0
9.0,0.0,0.59,0.45,0.16,998.0,445.0,214.0,301.0
11.0,0.0,0.6,0.46,155.0,0.6655,285.0,149.0,269.0
11.0,0.0,0.62,485.0,145.0,1003.0,0.4655,0.2195,0.28
13.0,1.0,625.0,495.0,0.16,1234.0,0.6335,192.0,0.35
9.0,0.0,625.0,495.0,155.0,1025.0,0.46,0.1945,0.34
9.0,0.0,625.0,495.0,175.0,1.2935,0.5805,317.0,355.0
10.0,0.0,625.0,0.5,175.0,1.0565,0.4615,258.0,305.0
13.0,0.0,625.0,0.47,145.0,1.7855,675.0,247.0,0.3245
10.0,1.0,625.0,485.0,165.0,1.2255,0.5075,296.0,0.36
10.0,1.0,635.0,0.5,0.18,1.2565,539.0,292.0,0.35
9.0,1.0,645.0,0.5,0.15,1159.0,0.4675,0.3355,0.31
11.0,0.0,645.0,0.51,165.0,1403.0,0.5755,0.2515,0.4545
11.0,1.0,0.69,535.0,185.0,1826.0,797.0,409.0,499.0
8.0,2.0,545.0,405.0,0.13,658.0,327.0,0.1445,174.0
10.0,0.0,0.62,465.0,145.0,911.0,375.0,0.2145,278.0
9.0,0.0,0.63,0.49,0.15,1.1955,0.5845,257.0,0.3
11.0,1.0,0.63,515.0,0.16,1336.0,553.0,0.3205,0.35
9.0,1.0,0.64,0.49,0.18,1.36,653.0,347.0,305.0
6.0,2.0,0.37,275.0,0.08,0.2325,93.0,56.0,72.0
7.0,2.0,395.0,0.31,85.0,317.0,153.0,0.0505,0.0935
6.0,2.0,0.4,0.3,115.0,318.0,0.1335,0.0725,0.0935
7.0,2.0,0.41,305.0,0.1,0.2645,0.1,0.0655,85.0
8.0,2.0,455.0,335.0,105.0,0.4055,175.0,92.0,0.1185
7.0,2.0,0.48,335.0,125.0,524.0,246.0,0.1095,145.0
8.0,2.0,0.5,0.36,0.12,439.0,0.1875,0.1055,0.1305
9.0,2.0,515.0,395.0,125.0,0.5805,0.2365,0.1075,0.19
8.0,2.0,0.52,0.4,0.14,622.0,278.0,0.1455,169.0
8.0,0.0,545.0,0.45,0.15,0.7805,0.3795,0.1625,216.0
8.0,2.0,545.0,0.43,0.14,772.0,289.0,0.19,0.2615
9.0,2.0,0.55,435.0,125.0,741.0,348.0,0.1585,206.0
10.0,0.0,0.55,0.43,0.18,0.8265,0.4405,159.0,225.0
8.0,0.0,0.55,385.0,0.13,0.7275,343.0,0.1625,0.19
8.0,2.0,555.0,0.43,125.0,0.7005,0.3395,0.1355,0.2095
11.0,0.0,0.56,0.45,145.0,0.9355,425.0,0.1645,0.2725
10.0,0.0,0.57,445.0,0.16,1.0145,516.0,164.0,0.3
11.0,0.0,585.0,0.51,0.16,1218.0,639.0,241.0,0.3
10.0,2.0,595.0,475.0,155.0,984.0,0.4865,184.0,0.2755
9.0,0.0,0.61,365.0,155.0,1.0765,488.0,249.0,0.27
11.0,0.0,615.0,475.0,205.0,1337.0,0.5995,0.2815,0.37
12.0,0.0,625.0,0.5,0.18,1.3705,645.0,303.0,0.3705
11.0,1.0,625.0,0.49,0.19,1.7015,0.7465,0.4105,0.3855
11.0,0.0,0.63,485.0,0.18,1.2435,0.5175,308.0,0.37
13.0,0.0,0.63,0.53,175.0,1.4135,667.0,0.2945,0.3555
12.0,1.0,635.0,0.5,175.0,1477.0,684.0,0.3005,0.39
9.0,0.0,635.0,0.5,0.18,1.2915,594.0,0.2695,0.37
9.0,1.0,0.65,495.0,0.16,1.3105,577.0,0.3315,355.0
9.0,0.0,0.67,525.0,0.18,1.4915,728.0,343.0,381.0
9.0,1.0,675.0,0.52,175.0,1494.0,0.7365,0.3055,0.37
11.0,1.0,675.0,0.51,0.15,1.1965,475.0,304.0,386.0
11.0,0.0,0.68,545.0,185.0,1672.0,0.7075,364.0,0.48
10.0,0.0,0.7,545.0,215.0,1.9125,0.8825,0.4385,506.0
11.0,1.0,0.71,545.0,175.0,1907.0,0.8725,0.4565,475.0
11.0,1.0,0.72,0.59,205.0,1.7495,0.7755,0.4225,0.48
7.0,2.0,0.42,305.0,0.1,0.3415,0.1645,0.0775,86.0
7.0,2.0,0.48,0.35,0.1,519.0,0.2365,0.1275,126.0
8.0,0.0,0.48,365.0,0.13,0.5305,0.2405,127.0,139.0
8.0,2.0,515.0,0.4,0.14,0.7165,0.3495,0.1595,0.1785
9.0,1.0,0.56,0.42,0.18,1.6645,0.7755,0.35,0.4525
8.0,2.0,0.56,0.42,0.14,837.0,414.0,214.0,0.2
9.0,1.0,0.57,0.45,0.15,0.9645,531.0,189.0,209.0
10.0,1.0,605.0,465.0,155.0,1.1,547.0,0.2665,0.2585
9.0,0.0,625.0,0.48,0.16,1.2415,0.6575,0.2625,0.2785
9.0,1.0,0.64,505.0,175.0,1.3185,0.6185,302.0,0.3315
9.0,0.0,0.65,525.0,185.0,1.3455,586.0,278.0,0.3865
4.0,2.0,0.3,215.0,0.05,0.1185,48.0,0.0225,42.0
7.0,0.0,0.35,265.0,0.09,197.0,73.0,0.0365,77.0
8.0,2.0,0.46,365.0,0.11,0.4495,0.1755,102.0,0.15
8.0,2.0,0.49,375.0,115.0,557.0,0.2275,0.1335,0.1765
9.0,2.0,0.54,415.0,135.0,709.0,0.3195,174.0,185.0
11.0,0.0,0.55,0.42,145.0,0.7385,321.0,0.1485,252.0
10.0,2.0,0.55,445.0,0.11,0.7935,378.0,142.0,0.26
8.0,0.0,555.0,435.0,145.0,0.9205,404.0,0.2275,255.0
10.0,0.0,0.58,0.45,0.14,824.0,0.3465,0.1765,263.0
11.0,2.0,0.58,425.0,145.0,0.83,379.0,0.1605,0.2575
10.0,2.0,585.0,0.47,0.17,985.0,0.3695,0.2395,315.0
11.0,0.0,585.0,0.45,0.15,997.0,0.4055,283.0,251.0
9.0,1.0,595.0,455.0,0.14,914.0,0.3895,0.2225,271.0
11.0,1.0,0.6,0.5,0.17,1.13,0.4405,267.0,335.0
9.0,1.0,615.0,495.0,155.0,1.0805,0.52,0.19,0.32
11.0,0.0,0.63,505.0,155.0,1105.0,492.0,226.0,325.0
11.0,0.0,0.63,0.49,155.0,1229.0,535.0,0.29,335.0
10.0,1.0,635.0,495.0,175.0,1.2355,0.5205,0.3085,347.0
10.0,1.0,645.0,535.0,0.19,1.2395,468.0,0.2385,424.0
11.0,1.0,0.65,505.0,165.0,1357.0,0.5725,281.0,0.43
13.0,1.0,655.0,0.5,0.22,1359.0,642.0,0.3255,405.0
11.0,0.0,0.67,535.0,0.19,1669.0,0.7465,0.2935,508.0
11.0,0.0,0.67,525.0,0.2,1.7405,0.6205,297.0,657.0
10.0,0.0,695.0,0.53,0.21,1.51,664.0,0.4095,385.0
11.0,0.0,695.0,0.55,195.0,1.6645,727.0,0.36,445.0
6.0,2.0,0.28,215.0,0.07,124.0,63.0,0.0215,0.03
7.0,2.0,0.33,0.23,0.08,0.14,0.0565,0.0365,46.0
6.0,2.0,0.35,0.25,75.0,0.1695,0.0835,0.0355,41.0
7.0,2.0,0.37,0.28,0.09,218.0,0.0995,0.0545,0.0615
8.0,2.0,0.43,315.0,115.0,384.0,0.1885,0.0715,0.11
6.0,2.0,435.0,0.33,95.0,393.0,219.0,75.0,0.0885
6.0,2.0,0.44,0.35,0.11,0.3805,0.1575,0.0895,115.0
8.0,0.0,475.0,0.37,0.11,0.4895,0.2185,107.0,146.0
8.0,0.0,475.0,0.36,0.14,0.5135,241.0,0.1045,155.0
8.0,2.0,0.48,355.0,0.11,0.4495,201.0,89.0,0.14
9.0,1.0,0.56,0.44,135.0,0.8025,0.35,0.1615,259.0
11.0,1.0,585.0,455.0,0.17,0.9945,0.4255,263.0,0.2845
8.0,0.0,385.0,255.0,0.1,0.3175,137.0,68.0,92.0
7.0,2.0,0.39,0.29,0.1,0.2845,0.1255,0.0635,81.0
7.0,2.0,405.0,0.3,85.0,0.3035,0.15,0.0505,88.0
10.0,2.0,475.0,365.0,115.0,499.0,232.0,0.0885,156.0
9.0,0.0,0.5,0.38,125.0,577.0,269.0,0.1265,0.1535
8.0,1.0,515.0,0.4,125.0,615.0,0.2865,123.0,0.1765
10.0,0.0,0.52,385.0,165.0,791.0,375.0,0.18,0.1815
10.0,0.0,0.55,0.43,0.13,0.8395,0.3155,0.1955,0.2405
8.0,0.0,0.56,0.43,155.0,0.8675,0.4,172.0,229.0
10.0,0.0,0.59,0.44,135.0,966.0,439.0,0.2145,0.2605
9.0,0.0,0.6,475.0,205.0,1176.0,0.5255,0.2875,308.0
10.0,1.0,625.0,485.0,0.15,1.0945,531.0,261.0,296.0
12.0,0.0,0.71,555.0,195.0,1.9485,0.9455,0.3765,495.0
