0,1,2,3,4,5,6,7,8,9,10,11,12,13,14,15,16,17,18,19,20,21,22,23,24,25,26,27,28,29,30,31,32,33,34,35,36,37
2.7,1.0,8.0,9.0,3.0,12.0,1191.0,45.0,20.0,4000.0,875.0,5000.0,9999.0,14.77,9999.0,10.5,14.5,830.0,360.0,18.4,15.0,21.0,1.0,29.0,34.0,39.0,45.0,3529.0,1621.0,1455.0,2319.0,165.0,140.0,563.0,47.7,2.1,51.0,57.0
3.2,2.0,8.0,9.0,3.0,12.0,799.0,30.0,19.0,4200.0,825.0,4500.0,4500.0,15.73,7.8,13.2,19.8,730.0,260.0,24.3,15.0,18.0,1.0,29.0,34.0,38.0,43.0,2500.0,1516.0,1551.0,1812.0,135.0,100.0,728.0,43.7,2.4,51.0,57.0
3.5,1.0,8.0,9.0,3.0,12.0,1422.0,55.0,20.0,4000.0,680.0,9999.0,9999.0,17.23,9999.0,9999.0,12.3,990.0,510.0,18.0,15.0,21.0,1.0,29.0,34.0,38.0,45.0,3826.0,1673.0,1553.0,2405.0,173.0,195.0,605.0,9999.0,2576.0,51.0,57.0
3.5,1.0,8.0,9.0,4.0,12.0,1686.0,55.0,18.0,4400.0,800.0,9999.0,9999.0,12.3,9999.0,9999.0,15.0,1169.0,526.0,21.3,15.0,21.0,2.0,29.0,34.0,38.0,46.0,4110.0,1709.0,1425.0,2606.0,175.0,165.0,0.5770000000000001,49.0,2379.0,51.0,57.0
3.5,1.0,8.0,9.0,4.0,12.0,1686.0,55.0,18.0,4400.0,800.0,9999.0,9999.0,12.3,9999.0,9999.0,15.0,1189.0,526.0,21.6,15.0,21.0,2.0,29.0,34.0,38.0,46.0,4110.0,1709.0,1425.0,2606.0,175.0,165.0,0.5770000000000001,49.0,2379.0,51.0,57.0
3.6,1.0,8.0,9.0,4.0,12.0,1716.0,44.0,20.0,4200.0,9999.0,9999.0,9999.0,8.42,9999.0,10.8,16.8,963.0,437.0,21.9,15.0,21.0,1.0,28.0,34.0,39.0,44.0,3536.0,1639.0,1460.0,2323.0,157.0,115.0,659.0,41.4,2.466,51.0,57.0
4.0,1.0,8.0,9.0,4.0,12.0,1896.0,81.0,20.0,4150.0,860.0,5000.0,9999.0,15.58,9999.0,7.2,10.5,1190.0,560.0,14.7,15.0,21.0,1.0,29.0,34.0,38.0,44.0,4152.0,1735.0,1427.0,2513.0,194.0,235.0,639.0,44.5,2.66,51.0,57.0
4.0,1.0,8.0,9.0,4.0,12.0,1686.0,55.0,18.0,4400.0,800.0,9999.0,9999.0,12.3,9999.0,9999.0,15.0,1169.0,526.0,21.3,15.0,21.0,2.0,29.0,34.0,38.0,46.0,4110.0,1709.0,1425.0,2606.0,170.0,165.0,609.0,41.8,2698.0,51.0,57.0
4.0,1.0,8.0,9.0,4.0,12.0,1686.0,55.0,18.0,4400.0,800.0,9999.0,9999.0,12.3,9999.0,9999.0,15.0,1189.0,526.0,21.6,15.0,21.0,2.0,29.0,34.0,38.0,46.0,4252.0,1709.0,1425.0,2606.0,170.0,165.0,589.0,41.8,2698.0,51.0,57.0
4.0,1.0,8.0,9.0,4.0,12.0,1686.0,55.0,18.0,4400.0,800.0,9999.0,9999.0,12.3,9999.0,9999.0,15.0,1189.0,526.0,21.6,15.0,21.0,2.0,29.0,34.0,38.0,46.0,4110.0,1709.0,1425.0,2606.0,170.0,165.0,609.0,41.8,2698.0,51.0,57.0
4.0,1.0,8.0,9.0,4.0,12.0,1896.0,81.0,20.0,4000.0,9999.0,9999.0,9999.0,15.58,9999.0,9999.0,10.5,1125.0,460.0,13.9,15.0,21.0,1.0,29.0,34.0,38.0,44.0,3876.0,1640.0,1422.0,2443.0,193.0,235.0,9999.0,45.6,2.4,51.0,57.0
4.0,1.0,8.0,9.0,4.0,12.0,1896.0,47.0,20.0,4000.0,9999.0,9999.0,9999.0,8.28,9999.0,9999.0,18.7,1123.0,485.0,23.9,15.0,21.0,1.0,28.0,34.0,39.0,44.0,3960.0,1646.0,1451.0,2462.0,152.0,125.0,643.0,43.1,2492.0,0.0,57.0
4.0,1.0,8.0,9.0,4.0,12.0,1896.0,74.0,19.0,4000.0,9999.0,9999.0,9999.0,15.91,9999.0,9999.0,11.5,1154.0,495.0,15.6,15.0,21.0,1.0,29.0,34.0,38.0,45.0,3960.0,1646.0,1451.0,2462.0,183.0,240.0,643.0,47.9,2.212,51.0,57.0
4.0,1.0,8.0,9.0,4.0,12.0,1910.0,59.0,18.0,3000.0,9999.0,9999.0,9999.0,12.9,9999.0,9999.0,12.2,1040.0,510.0,17.6,15.0,21.0,1.0,29.0,34.0,38.0,43.0,3800.0,1660.0,1480.0,2460.0,170.0,196.0,9999.0,48.5,2186.0,51.0,57.0
4.0,1.0,8.0,9.0,4.0,12.0,1910.0,59.0,18.0,3000.0,9999.0,9999.0,9999.0,12.9,9999.0,9999.0,12.2,1055.0,510.0,17.9,15.0,21.0,1.0,29.0,34.0,38.0,43.0,3835.0,1660.0,1480.0,2460.0,170.0,196.0,9999.0,48.5,2186.0,51.0,57.0
4.0,1.0,8.0,9.0,4.0,12.0,1753.0,55.0,19.0,4000.0,9999.0,9999.0,9999.0,12.54,9999.0,9999.0,12.5,1242.0,513.0,22.6,15.0,22.0,1.0,29.0,34.0,38.0,48.0,4438.0,1702.0,1465.0,2615.0,184.0,175.0,675.0,45.4,2399.0,51.0,57.0
4.1,1.0,8.0,9.0,4.0,12.0,1487.0,49.0,22.0,4600.0,890.0,9999.0,9999.0,11.16,9999.0,9999.0,14.0,950.0,495.0,19.4,15.0,21.0,1.0,29.0,35.0,40.0,44.0,3741.0,1608.0,1424.0,2443.0,165.0,132.0,0.66,36.2,2842.0,0.0,57.0
4.1,1.0,8.0,9.0,4.0,12.0,1896.0,66.0,20.0,4000.0,9999.0,9999.0,9999.0,13.92,9999.0,9999.0,12.1,1124.0,460.0,17.0,15.0,21.0,1.0,29.0,34.0,38.0,47.0,3876.0,1640.0,1422.0,2443.0,180.0,210.0,9999.0,46.8,2.264,51.0,57.0
4.1,1.0,8.0,9.0,4.0,12.0,1896.0,81.0,20.0,4150.0,860.0,5000.0,9999.0,15.58,9999.0,7.6,10.6,1284.0,536.0,15.9,15.0,21.0,1.0,29.0,34.0,38.0,44.0,4376.0,1735.0,1446.0,2513.0,193.0,235.0,633.0,45.1,2576.0,51.0,57.0
4.1,1.0,8.0,9.0,4.0,12.0,1994.0,74.0,20.0,4200.0,9999.0,9999.0,9999.0,15.13,9999.0,9999.0,9.9,1130.0,470.0,15.3,15.0,21.0,1.0,29.0,34.0,38.0,44.0,3990.0,1688.0,1419.0,2500.0,185.0,240.0,9999.0,41.7,2556.0,51.0,0.0
4.1,1.0,8.0,9.0,4.0,12.0,1896.0,81.0,20.0,4150.0,860.0,5000.0,9999.0,15.58,9999.0,7.9,11.3,1327.0,523.0,16.4,15.0,21.0,1.0,29.0,34.0,38.0,44.0,4397.0,1735.0,1485.0,2515.0,193.0,235.0,0.6779999999999999,45.1,2576.0,51.0,57.0
4.1,1.0,8.0,9.0,4.0,12.0,1896.0,81.0,20.0,4000.0,900.0,5000.0,9999.0,15.58,9999.0,7.4,10.9,1188.0,460.0,14.7,15.0,21.0,1.0,29.0,34.0,38.0,44.0,4137.0,1640.0,1459.0,2444.0,190.0,235.0,706.0,45.1,2.4,51.0,57.0
4.2,1.0,8.0,9.0,4.0,12.0,1689.0,66.0,19.0,4200.0,760.0,4850.0,4650.0,13.39,5.1,8.5,12.5,1085.0,460.0,16.4,15.0,19.0,2.0,29.0,34.0,38.0,43.0,3575.0,1719.0,1575.0,2423.0,175.0,180.0,736.0,42.0,2513.0,51.0,55.0
4.2,1.0,8.0,9.0,4.0,12.0,1689.0,66.0,19.0,4200.0,760.0,4850.0,4650.0,13.39,5.1,8.5,12.5,1085.0,460.0,16.4,15.0,19.0,2.0,29.0,34.0,38.0,43.0,3575.0,1719.0,1575.0,2423.0,175.0,180.0,736.0,42.0,2513.0,51.0,55.0
4.2,2.0,7.0,9.0,3.0,12.0,599.0,33.0,10.0,5250.0,800.0,6000.0,6000.0,14.69,7.2,11.9,18.9,720.0,260.0,21.8,15.0,18.0,1.0,29.0,33.0,39.0,42.0,2500.0,1516.0,1551.0,1812.0,135.0,70.0,746.0,35.7,2.9330000000000003,50.0,54.0
4.2,2.0,7.0,9.0,3.0,12.0,599.0,40.0,10.0,5250.0,800.0,6000.0,6000.0,18.46,7.0,11.4,17.2,720.0,260.0,18.0,15.0,18.0,1.0,29.0,33.0,39.0,42.0,2500.0,1516.0,1551.0,1812.0,135.0,88.0,746.0,35.7,2.9330000000000003,50.0,54.0
4.2,2.0,7.0,9.0,3.0,12.0,599.0,40.0,10.0,5250.0,800.0,6000.0,6000.0,18.46,7.0,11.4,17.2,730.0,260.0,18.3,15.0,18.0,1.0,29.0,33.0,39.0,42.0,2514.0,1537.0,1548.0,1812.0,135.0,88.0,9999.0,35.7,2.9330000000000003,50.0,54.0
4.2,1.0,8.0,9.0,4.0,12.0,1686.0,44.0,22.0,4400.0,9999.0,9999.0,9999.0,8.35,9999.0,9999.0,16.5,940.0,495.0,21.4,15.0,21.0,1.0,28.0,35.0,40.0,44.0,3741.0,1608.0,1424.0,2443.0,155.0,112.0,0.66,36.2,2842.0,0.0,57.0
4.2,1.0,8.0,9.0,4.0,12.0,1686.0,44.0,22.0,4400.0,9999.0,9999.0,9999.0,8.35,9999.0,9999.0,16.5,970.0,495.0,22.0,15.0,21.0,1.0,28.0,35.0,40.0,44.0,3741.0,1608.0,1424.0,2443.0,155.0,112.0,639.0,36.2,2842.0,0.0,57.0
4.2,1.0,8.0,9.0,4.0,12.0,1896.0,50.0,20.0,4200.0,900.0,5050.0,9999.0,8.82,9999.0,9999.0,17.7,1195.0,545.0,23.9,15.0,21.0,1.0,28.0,34.0,39.0,47.0,4183.0,1742.0,1439.0,2511.0,160.0,133.0,9999.0,38.5,3.26,51.0,57.0
4.2,1.0,8.0,9.0,4.0,12.0,1896.0,66.0,20.0,4000.0,860.0,9999.0,9999.0,13.92,9999.0,9999.0,13.0,1232.0,543.0,18.7,15.0,21.0,1.0,29.0,34.0,38.0,47.0,4183.0,1742.0,1439.0,2511.0,180.0,210.0,9999.0,45.3,2562.0,51.0,57.0
4.2,1.0,8.0,9.0,4.0,12.0,1896.0,66.0,20.0,3750.0,860.0,5000.0,9999.0,13.92,9999.0,8.8,13.3,1225.0,415.0,18.6,15.0,21.0,1.0,29.0,34.0,38.0,47.0,4081.0,1695.0,1425.0,2472.0,175.0,210.0,0.6509999999999999,44.4,2387.0,51.0,57.0
4.2,1.0,8.0,9.0,4.0,12.0,1896.0,81.0,20.0,4150.0,860.0,5000.0,9999.0,15.58,9999.0,7.6,11.3,1225.0,415.0,15.1,15.0,21.0,1.0,29.0,34.0,38.0,44.0,4081.0,1695.0,1425.0,2471.0,190.0,235.0,0.6509999999999999,45.1,2.4,51.0,57.0
4.2,1.0,8.0,9.0,4.0,12.0,1527.0,42.0,23.0,5000.0,800.0,5450.0,9999.0,7.82,9999.0,9999.0,18.7,900.0,480.0,21.4,15.0,21.0,1.0,28.0,35.0,40.0,44.0,3720.0,1585.0,1440.0,2360.0,146.0,95.0,0.6509999999999999,36.4,2752.0,0.0,57.0
4.2,1.0,8.0,9.0,4.0,12.0,1896.0,66.0,20.0,3750.0,860.0,5000.0,9999.0,13.92,9999.0,9.0,13.1,1313.0,532.0,19.9,15.0,21.0,1.0,29.0,34.0,38.0,47.0,4397.0,1735.0,1485.0,2515.0,180.0,210.0,0.6779999999999999,45.1,2576.0,51.0,57.0
4.2,1.0,8.0,9.0,4.0,12.0,1896.0,50.0,20.0,4200.0,850.0,5050.0,9999.0,8.82,9999.0,11.2,17.3,1159.0,460.0,23.2,15.0,21.0,1.0,28.0,34.0,39.0,47.0,4137.0,1640.0,1459.0,2444.0,158.0,133.0,706.0,38.8,2.732,51.0,57.0
4.2,1.0,8.0,9.0,4.0,12.0,1896.0,66.0,20.0,3750.0,860.0,5000.0,9999.0,13.92,9999.0,8.5,12.8,1168.0,460.0,17.7,15.0,21.0,1.0,29.0,34.0,38.0,47.0,4137.0,1640.0,1459.0,2444.0,176.0,210.0,706.0,46.8,2.264,51.0,57.0
4.3,1.0,8.0,9.0,4.0,12.0,1896.0,66.0,20.0,4000.0,790.0,5000.0,9999.0,13.92,9999.0,8.8,13.5,1265.0,550.0,19.2,15.0,21.0,1.0,29.0,34.0,38.0,44.0,4479.0,1733.0,1416.0,2617.0,182.0,210.0,629.0,43.7,2656.0,51.0,57.0
4.3,1.0,8.0,9.0,4.0,12.0,1753.0,55.0,19.0,4000.0,9999.0,9999.0,9999.0,10.04,9999.0,9999.0,14.3,1050.0,500.0,19.1,15.0,22.0,1.0,29.0,34.0,38.0,48.0,3828.0,1634.0,1334.0,2446.0,168.0,140.0,662.0,36.7,2.93,51.0,57.0
4.3,1.0,8.0,9.0,4.0,12.0,1896.0,81.0,20.0,4150.0,860.0,9999.0,9999.0,15.58,9999.0,9999.0,11.2,1271.0,514.0,15.7,15.0,21.0,1.0,29.0,34.0,38.0,44.0,4439.0,1742.0,1436.0,2513.0,193.0,235.0,654.0,45.1,2576.0,51.0,57.0
4.3,1.0,8.0,9.0,4.0,12.0,1896.0,81.0,20.0,4150.0,860.0,9999.0,9999.0,15.58,9999.0,9999.0,11.5,1300.0,545.0,16.0,15.0,21.0,1.0,29.0,34.0,38.0,44.0,4511.0,1731.0,1429.0,2512.0,192.0,235.0,0.6559999999999999,43.9,2.6,51.0,57.0
4.3,1.0,8.0,9.0,4.0,12.0,1896.0,85.0,18.0,4000.0,900.0,5000.0,9999.0,18.89,9999.0,7.3,10.7,1344.0,556.0,15.8,15.0,21.0,1.0,29.0,34.0,38.0,45.0,4675.0,1740.0,1459.0,2703.0,200.0,285.0,624.0,47.6,2439.0,51.0,57.0
4.3,1.0,8.0,9.0,4.0,12.0,1896.0,66.0,20.0,4000.0,860.0,5000.0,9999.0,13.92,9999.0,9.2,13.5,1305.0,555.0,19.8,15.0,21.0,1.0,29.0,34.0,38.0,47.0,4675.0,1740.0,1459.0,2703.0,184.0,210.0,581.0,43.7,2656.0,51.0,57.0
4.3,1.0,8.0,9.0,4.0,12.0,1896.0,81.0,20.0,4150.0,860.0,5000.0,9999.0,15.58,9999.0,9999.0,11.3,1314.0,556.0,16.2,15.0,21.0,1.0,29.0,34.0,38.0,44.0,4675.0,1740.0,1459.0,2703.0,196.0,235.0,581.0,49.4,2352.0,51.0,57.0
4.3,1.0,8.0,9.0,4.0,12.0,1527.0,40.0,23.0,5000.0,800.0,5450.0,9999.0,7.82,9999.0,9999.0,18.3,890.0,480.0,22.3,15.0,21.0,1.0,28.0,35.0,40.0,44.0,3718.0,1595.0,1368.0,2385.0,158.0,95.0,619.0,35.7,2884.0,0.0,57.0
4.3,1.0,8.0,9.0,4.0,12.0,1870.0,72.0,21.0,4000.0,9999.0,9999.0,9999.0,13.44,9999.0,9999.0,11.9,1085.0,495.0,15.1,15.0,21.0,1.0,29.0,34.0,39.0,47.0,3931.0,1698.0,1366.0,2463.0,186.0,200.0,627.0,35.4,3.75,51.0,57.0
4.3,1.0,8.0,9.0,4.0,12.0,1994.0,74.0,20.0,4200.0,9999.0,9999.0,9999.0,15.13,9999.0,9999.0,10.6,1230.0,490.0,16.6,15.0,21.0,1.0,29.0,34.0,38.0,44.0,4517.0,1696.0,1394.0,2620.0,185.0,240.0,9999.0,43.1,2556.0,51.0,57.0
4.3,1.0,8.0,9.0,4.0,12.0,1994.0,74.0,20.0,4200.0,9999.0,9999.0,9999.0,15.13,9999.0,9999.0,10.6,1230.0,490.0,16.6,15.0,21.0,1.0,29.0,34.0,38.0,44.0,4517.0,1696.0,1394.0,2620.0,185.0,240.0,9999.0,43.1,2556.0,51.0,57.0
4.3,1.0,8.0,9.0,4.0,12.0,1896.0,66.0,20.0,4000.0,790.0,5000.0,9999.0,13.92,9999.0,9.0,13.8,1305.0,550.0,19.8,15.0,21.0,1.0,29.0,34.0,38.0,44.0,4479.0,1733.0,1416.0,2617.0,178.0,210.0,653.0,43.7,2656.0,51.0,57.0
4.3,1.0,8.0,9.0,4.0,12.0,1896.0,50.0,20.0,4200.0,900.0,5050.0,9999.0,8.82,9999.0,11.8,18.5,1280.0,535.0,25.6,15.0,21.0,1.0,28.0,34.0,39.0,47.0,4397.0,1735.0,1485.0,2515.0,160.0,133.0,0.6779999999999999,38.5,3.18,51.0,57.0
4.4,1.0,8.0,9.0,4.0,12.0,1896.0,85.0,18.0,4000.0,900.0,5000.0,9999.0,20.55,9999.0,9999.0,10.5,1285.0,550.0,15.1,15.0,21.0,1.0,29.0,34.0,38.0,45.0,4479.0,1733.0,1416.0,2617.0,200.0,310.0,629.0,47.6,2439.0,51.0,57.0
4.4,1.0,8.0,9.0,4.0,12.0,1896.0,66.0,20.0,4000.0,860.0,9999.0,9999.0,13.92,9999.0,9999.0,13.0,1245.0,525.0,18.9,15.0,21.0,1.0,29.0,34.0,38.0,47.0,4439.0,1742.0,1436.0,2513.0,181.0,210.0,654.0,45.3,2562.0,51.0,57.0
4.4,1.0,8.0,9.0,4.0,12.0,1896.0,66.0,20.0,4000.0,850.0,5000.0,9999.0,9999.0,9999.0,9999.0,13.5,1285.0,545.0,19.5,15.0,21.0,1.0,29.0,34.0,38.0,47.0,4511.0,1731.0,1429.0,2512.0,178.0,210.0,0.6559999999999999,45.1,2576.0,51.0,57.0
4.4,1.0,8.0,9.0,4.0,12.0,1870.0,72.0,21.0,4000.0,9999.0,9999.0,9999.0,13.44,9999.0,9999.0,12.3,1075.0,650.0,14.9,15.0,21.0,1.0,29.0,34.0,39.0,47.0,4400.0,1698.0,1419.0,2575.0,183.0,200.0,617.0,42.5,2.5,51.0,57.0
4.4,1.0,8.0,9.0,4.0,12.0,1870.0,72.0,21.0,4000.0,9999.0,9999.0,9999.0,13.44,9999.0,9999.0,12.3,1055.0,650.0,14.7,15.0,21.0,1.0,29.0,34.0,39.0,47.0,4129.0,1696.0,1419.0,2575.0,183.0,200.0,637.0,42.5,2.5,51.0,57.0
4.4,1.0,8.0,9.0,4.0,12.0,1910.0,77.0,18.0,4000.0,9999.0,9999.0,9999.0,13.16,9999.0,9999.0,10.4,1170.0,510.0,15.2,15.0,21.0,1.0,29.0,34.0,38.0,43.0,4025.0,1755.0,1420.0,2540.0,187.0,200.0,9999.0,38.1,2.8,51.0,57.0
4.4,1.0,8.0,9.0,4.0,12.0,1998.0,66.0,19.0,4000.0,9999.0,9999.0,9999.0,13.84,9999.0,9999.0,12.2,1270.0,445.0,19.2,15.0,21.0,1.0,29.0,34.0,39.0,48.0,4200.0,1705.0,1420.0,2610.0,178.0,220.0,0.5920000000000001,47.0,2319.0,51.0,57.0
4.4,1.0,7.0,9.0,4.0,12.0,998.0,50.0,10.0,6000.0,550.0,9999.0,9999.0,11.33,9999.0,9999.0,13.8,840.0,415.0,16.8,15.0,20.0,2.0,28.0,33.0,38.0,42.0,3615.0,1660.0,1500.0,2370.0,155.0,90.0,9999.0,29.0,3.7,50.0,54.0
4.4,1.0,8.0,9.0,4.0,12.0,1896.0,85.0,18.0,4000.0,900.0,5000.0,9999.0,20.55,9999.0,9999.0,10.7,1320.0,550.0,15.5,15.0,21.0,1.0,29.0,34.0,38.0,45.0,4479.0,1733.0,1416.0,2617.0,196.0,310.0,653.0,47.6,2439.0,51.0,57.0
4.4,1.0,8.0,9.0,4.0,12.0,1896.0,85.0,18.0,4000.0,900.0,5000.0,9999.0,18.89,9999.0,7.5,11.1,1351.0,529.0,15.9,15.0,21.0,1.0,29.0,34.0,38.0,45.0,4397.0,1735.0,1485.0,2515.0,195.0,285.0,0.6779999999999999,55.1,2.18,51.0,57.0
4.4,1.0,8.0,9.0,4.0,12.0,1896.0,85.0,18.0,4000.0,900.0,5000.0,9999.0,18.89,9999.0,7.5,11.1,1361.0,519.0,16.0,15.0,21.0,1.0,29.0,34.0,38.0,45.0,4409.0,1735.0,1485.0,2515.0,195.0,285.0,0.6779999999999999,55.1,2.18,51.0,57.0
4.5,2.0,7.0,9.0,3.0,12.0,599.0,40.0,10.0,5250.0,800.0,6000.0,6000.0,18.46,7.7,11.4,17.5,730.0,260.0,18.3,15.0,18.0,1.0,29.0,33.0,39.0,42.0,2514.0,1537.0,1548.0,1812.0,135.0,88.0,9999.0,35.7,2.9330000000000003,50.0,54.0
4.5,1.0,8.0,9.0,4.0,12.0,1995.0,74.0,19.0,4300.0,800.0,9999.0,9999.0,14.49,9999.0,9999.0,12.0,1300.0,445.0,17.6,15.0,24.0,1.0,29.0,34.0,38.0,46.0,4110.0,1709.0,1425.0,2606.0,188.0,230.0,609.0,46.4,2.55,51.0,57.0
4.5,1.0,8.0,9.0,4.0,12.0,1995.0,60.0,19.0,4300.0,800.0,9999.0,9999.0,11.65,9999.0,9999.0,15.5,1320.0,560.0,22.0,15.0,24.0,1.0,29.0,34.0,38.0,46.0,4495.0,1707.0,1425.0,2637.0,178.0,185.0,557.0,42.5,2.7,51.0,56.0
4.5,1.0,8.0,9.0,4.0,12.0,1995.0,74.0,19.0,4300.0,800.0,9999.0,9999.0,12.91,9999.0,9999.0,13.0,1320.0,570.0,17.8,15.0,24.0,1.0,29.0,34.0,38.0,46.0,4495.0,1707.0,1425.0,2637.0,195.0,205.0,557.0,42.5,2.7,51.0,57.0
4.5,1.0,8.0,9.0,4.0,12.0,1997.0,80.0,18.0,4000.0,780.0,9999.0,9999.0,15.73,9999.0,9999.0,12.5,1436.0,474.0,18.0,17.0,21.0,1.0,29.0,34.0,38.0,43.0,4524.0,1755.0,1400.0,2740.0,191.0,250.0,0.6859999999999999,46.2,2478.0,51.0,57.0
4.5,1.0,8.0,9.0,4.0,12.0,1997.0,80.0,18.0,4000.0,780.0,9999.0,9999.0,15.73,9999.0,9999.0,12.5,1500.0,430.0,18.8,17.0,21.0,1.0,29.0,34.0,38.0,43.0,4524.0,1755.0,1400.0,2740.0,191.0,250.0,0.6859999999999999,46.2,2478.0,51.0,57.0
4.5,1.0,8.0,9.0,4.0,12.0,1910.0,77.0,18.0,4000.0,9999.0,9999.0,9999.0,16.78,9999.0,9999.0,10.4,1210.0,520.0,15.7,15.0,21.0,1.0,29.0,34.0,38.0,43.0,4093.0,1712.0,1431.0,2540.0,185.0,255.0,9999.0,43.8,2416.0,51.0,57.0
4.5,1.0,8.0,9.0,4.0,12.0,1910.0,77.0,18.0,4000.0,9999.0,9999.0,9999.0,13.16,9999.0,9999.0,10.6,1195.0,540.0,15.5,15.0,21.0,1.0,29.0,34.0,38.0,43.0,4187.0,1741.0,1420.0,2540.0,185.0,200.0,9999.0,38.1,2.8,51.0,57.0
4.5,1.0,7.0,9.0,4.0,12.0,899.0,29.0,9.0,5500.0,850.0,9999.0,9999.0,9.09,9999.0,9999.0,18.0,735.0,465.0,25.3,16.0,20.0,1.0,28.0,36.0,39.0,42.0,3319.0,1508.0,1440.0,2200.0,150.0,65.0,9999.0,28.5,3.47,50.0,54.0
4.5,1.0,7.0,9.0,4.0,12.0,1108.0,40.0,10.0,5500.0,9999.0,9999.0,9999.0,9.75,9999.0,9999.0,14.8,750.0,450.0,18.8,15.0,21.0,1.0,28.0,36.0,39.0,42.0,3319.0,1508.0,1440.0,2200.0,150.0,86.0,9999.0,35.6,2.729,50.0,54.0
4.5,1.0,8.0,9.0,4.0,12.0,1998.0,74.0,19.0,4000.0,9999.0,9999.0,9999.0,13.84,9999.0,9999.0,11.5,1265.0,510.0,17.1,15.0,21.0,1.0,29.0,34.0,39.0,46.0,4590.0,1710.0,1430.0,2610.0,185.0,220.0,0.6579999999999999,45.9,2455.0,51.0,57.0
4.5,1.0,8.0,9.0,4.0,12.0,1998.0,74.0,19.0,4000.0,9999.0,9999.0,9999.0,13.84,9999.0,9999.0,11.5,1285.0,510.0,17.4,15.0,21.0,1.0,29.0,34.0,39.0,46.0,4590.0,1710.0,1430.0,2610.0,185.0,220.0,0.6579999999999999,45.9,2455.0,51.0,57.0
4.5,1.0,8.0,9.0,4.0,12.0,1896.0,66.0,20.0,4000.0,860.0,5000.0,9999.0,13.92,9999.0,9.4,13.8,1350.0,550.0,20.5,15.0,21.0,1.0,29.0,34.0,38.0,47.0,4669.0,1740.0,1496.0,2703.0,178.0,210.0,688.0,43.7,2656.0,51.0,57.0
4.5,1.0,8.0,9.0,4.0,12.0,1896.0,81.0,20.0,4150.0,860.0,5000.0,9999.0,15.58,9999.0,7.5,11.5,1360.0,550.0,16.8,15.0,21.0,1.0,29.0,34.0,38.0,44.0,4669.0,1740.0,1496.0,2703.0,190.0,235.0,645.0,49.4,2352.0,51.0,57.0
4.6,1.0,8.0,9.0,4.0,12.0,1689.0,66.0,19.0,4200.0,760.0,4850.0,4650.0,13.39,5.5,8.7,13.3,1110.0,435.0,16.8,15.0,19.0,2.0,29.0,34.0,38.0,43.0,3575.0,1719.0,1575.0,2423.0,168.0,180.0,736.0,48.0,2199.0,51.0,55.0
4.6,1.0,8.0,9.0,4.0,12.0,1896.0,81.0,20.0,4150.0,830.0,5000.0,9999.0,15.58,9999.0,8.7,12.6,1430.0,580.0,17.7,15.0,21.0,1.0,29.0,34.0,38.0,44.0,4796.0,1810.0,1452.0,2760.0,194.0,235.0,613.0,45.8,2.527,51.0,57.0
4.6,1.0,8.0,9.0,4.0,12.0,1995.0,74.0,19.0,4300.0,800.0,9999.0,9999.0,14.49,9999.0,9999.0,12.0,1320.0,445.0,17.8,15.0,24.0,1.0,29.0,34.0,38.0,46.0,4252.0,1709.0,1425.0,2606.0,188.0,230.0,589.0,46.4,2.55,51.0,57.0
4.6,1.0,8.0,9.0,4.0,12.0,1995.0,60.0,19.0,4300.0,800.0,9999.0,9999.0,11.65,9999.0,9999.0,14.5,1225.0,520.0,20.4,15.0,18.0,1.0,29.0,34.0,38.0,48.0,4110.0,1709.0,1425.0,2606.0,175.0,185.0,609.0,41.9,2.768,51.0,56.0
4.6,1.0,8.0,9.0,4.0,12.0,1997.0,66.0,18.0,4000.0,9999.0,9999.0,9999.0,12.9,9999.0,9999.0,14.9,1300.0,550.0,19.7,15.0,21.0,1.0,29.0,34.0,39.0,43.0,4276.0,1751.0,1637.0,2760.0,172.0,205.0,782.0,45.4,2.51,51.0,57.0
4.6,1.0,8.0,9.0,4.0,12.0,1997.0,66.0,18.0,4000.0,9999.0,9999.0,9999.0,12.9,9999.0,9999.0,14.9,1300.0,550.0,19.7,15.0,21.0,1.0,29.0,34.0,39.0,43.0,4276.0,1751.0,1637.0,2760.0,172.0,205.0,782.0,45.4,2.51,51.0,57.0
4.6,1.0,8.0,9.0,4.0,12.0,1870.0,72.0,18.0,4000.0,9999.0,9999.0,9999.0,13.44,9999.0,9999.0,12.5,1310.0,590.0,18.2,15.0,21.0,1.0,29.0,34.0,39.0,47.0,4508.0,1752.0,1442.0,2670.0,185.0,200.0,621.0,41.1,2822.0,51.0,57.0
4.6,1.0,8.0,9.0,4.0,12.0,2172.0,85.0,20.0,4300.0,9999.0,9999.0,4750.0,15.04,9999.0,9999.0,8.5,1370.0,520.0,16.1,15.0,18.0,1.0,29.0,34.0,38.0,46.0,4629.0,1711.0,1428.0,2605.0,200.0,260.0,9999.0,44.7,2521.0,51.0,56.0
4.6,1.0,8.0,9.0,4.0,12.0,2172.0,85.0,20.0,4300.0,900.0,9999.0,9999.0,15.04,9999.0,9999.0,10.9,1370.0,520.0,16.1,15.0,18.0,1.0,29.0,34.0,38.0,46.0,4629.0,1711.0,1428.0,2605.0,200.0,260.0,9999.0,29.5,3.8,51.0,56.0
4.6,1.0,8.0,9.0,4.0,12.0,1910.0,77.0,18.0,4000.0,9999.0,9999.0,9999.0,13.16,9999.0,9999.0,10.8,1190.0,590.0,15.5,15.0,21.0,1.0,29.0,34.0,38.0,43.0,4390.0,1741.0,1420.0,2540.0,185.0,200.0,9999.0,45.1,2416.0,51.0,57.0
4.6,1.0,7.0,9.0,3.0,12.0,989.0,41.0,10.0,5200.0,9999.0,9999.0,9999.0,11.18,9999.0,9999.0,12.8,720.0,480.0,17.6,15.0,23.0,2.0,28.0,33.0,39.0,42.0,3410.0,1475.0,1420.0,2345.0,140.0,88.0,9999.0,32.1,3.29,50.0,54.0
4.6,1.0,7.0,9.0,3.0,12.0,989.0,41.0,10.0,5200.0,9999.0,9999.0,9999.0,11.18,9999.0,9999.0,12.8,720.0,480.0,17.6,15.0,23.0,2.0,28.0,33.0,39.0,42.0,3410.0,1475.0,1420.0,2345.0,140.0,88.0,9999.0,32.1,3.29,50.0,54.0
4.6,1.0,7.0,9.0,3.0,12.0,989.0,41.0,10.0,5200.0,9999.0,9999.0,9999.0,11.18,9999.0,9999.0,12.8,720.0,480.0,17.6,15.0,23.0,2.0,28.0,33.0,39.0,42.0,3410.0,1475.0,1420.0,2345.0,140.0,88.0,9999.0,32.1,3.29,50.0,54.0
4.6,1.0,7.0,9.0,3.0,12.0,989.0,41.0,10.0,5200.0,9999.0,9999.0,9999.0,11.18,9999.0,9999.0,12.8,720.0,480.0,17.6,15.0,23.0,2.0,28.0,33.0,39.0,42.0,3410.0,1475.0,1420.0,2345.0,140.0,88.0,9999.0,32.1,3.29,50.0,54.0
4.6,1.0,8.0,9.0,4.0,12.0,1910.0,77.0,18.0,4000.0,9999.0,9999.0,9999.0,13.16,9999.0,9999.0,10.8,1250.0,595.0,16.2,15.0,21.0,1.0,29.0,34.0,38.0,43.0,4487.0,1741.0,1500.0,2540.0,185.0,200.0,9999.0,45.1,2416.0,51.0,57.0
4.7,1.0,7.0,9.0,4.0,12.0,1390.0,55.0,11.0,5000.0,680.0,9999.0,9999.0,11.39,9999.0,9999.0,12.0,895.0,485.0,16.3,15.0,21.0,2.0,28.0,33.0,39.0,42.0,3826.0,1673.0,1553.0,2405.0,173.0,126.0,602.0,9999.0,3.143,50.0,54.0
4.7,1.0,8.0,9.0,4.0,12.0,1896.0,66.0,20.0,3750.0,900.0,5000.0,9999.0,13.92,9999.0,8.6,13.7,1200.0,560.0,18.2,15.0,21.0,1.0,29.0,34.0,38.0,47.0,4152.0,1735.0,1427.0,2513.0,177.0,210.0,639.0,43.2,2685.0,51.0,57.0
4.7,2.0,8.0,9.0,4.0,12.0,1951.0,100.0,19.0,4000.0,835.0,4750.0,9999.0,18.03,9999.0,9999.0,10.6,1490.0,510.0,14.9,15.0,20.0,2.0,29.0,34.0,38.0,48.0,4775.0,1799.0,1439.0,2830.0,206.0,280.0,629.0,46.2,2.6,51.0,57.0
4.7,2.0,8.0,9.0,4.0,12.0,1951.0,100.0,19.0,4000.0,835.0,4750.0,9999.0,18.03,9999.0,6.7,9.9,1375.0,500.0,13.8,15.0,20.0,2.0,29.0,34.0,38.0,48.0,4471.0,1739.0,1415.0,2725.0,207.0,280.0,597.0,47.0,2.5,51.0,57.0
4.7,1.0,8.0,9.0,4.0,12.0,1995.0,60.0,19.0,4300.0,800.0,9999.0,9999.0,11.65,9999.0,9999.0,14.5,1245.0,520.0,20.8,15.0,18.0,1.0,29.0,34.0,38.0,48.0,4252.0,1709.0,1425.0,2606.0,175.0,185.0,589.0,41.9,2.768,51.0,56.0
4.7,1.0,7.0,9.0,3.0,12.0,973.0,40.0,10.0,5600.0,900.0,9999.0,9999.0,10.59,9999.0,9999.0,18.0,865.0,495.0,21.6,15.0,18.0,2.0,28.0,33.0,39.0,42.0,3741.0,1608.0,1424.0,2443.0,150.0,82.0,0.66,36.2,2842.0,52.0,54.0
4.7,1.0,7.0,9.0,3.0,12.0,973.0,40.0,10.0,5600.0,900.0,9999.0,9999.0,10.59,9999.0,9999.0,18.0,895.0,495.0,22.4,15.0,18.0,2.0,28.0,33.0,39.0,42.0,3741.0,1608.0,1424.0,2443.0,150.0,82.0,639.0,36.2,2842.0,52.0,54.0
4.7,3.0,8.0,9.0,4.0,12.0,1896.0,81.0,20.0,4150.0,860.0,5000.0,9999.0,15.58,9999.0,8.1,12.1,1409.0,551.0,17.4,15.0,21.0,1.0,29.0,34.0,38.0,44.0,4675.0,1740.0,1461.0,2702.0,194.0,235.0,602.0,43.7,2656.0,51.0,57.0
4.7,1.0,8.0,9.0,4.0,12.0,1910.0,77.0,18.0,4000.0,9999.0,9999.0,9999.0,16.78,9999.0,9999.0,10.5,1270.0,500.0,16.5,15.0,21.0,1.0,29.0,34.0,38.0,43.0,4430.0,1745.0,1415.0,2595.0,188.0,255.0,639.0,44.3,2.5580000000000003,51.0,57.0
4.7,1.0,7.0,9.0,3.0,12.0,993.0,39.0,10.0,5700.0,850.0,9999.0,9999.0,9.62,9999.0,9999.0,16.0,785.0,495.0,20.1,15.0,21.0,1.0,28.0,36.0,39.0,42.0,3845.0,1590.0,1380.0,2365.0,145.0,76.0,9999.0,32.3,3.18,50.0,54.0
4.7,1.0,8.0,9.0,4.0,12.0,1896.0,81.0,20.0,4150.0,830.0,5000.0,9999.0,15.58,9999.0,8.8,12.8,1485.0,580.0,18.3,15.0,21.0,1.0,29.0,34.0,38.0,44.0,4796.0,1810.0,1479.0,2760.0,192.0,235.0,635.0,45.8,2.527,51.0,57.0
4.7,1.0,8.0,9.0,4.0,12.0,1997.0,80.0,18.0,4000.0,780.0,9999.0,9999.0,15.73,9999.0,9999.0,12.8,1484.0,526.0,18.6,17.0,21.0,1.0,29.0,34.0,38.0,43.0,4712.0,1755.0,1420.0,2740.0,186.0,250.0,711.0,46.2,2478.0,51.0,57.0
4.7,1.0,8.0,9.0,4.0,12.0,1910.0,77.0,18.0,4000.0,9999.0,9999.0,9999.0,16.78,9999.0,9999.0,11.9,1350.0,525.0,17.5,15.0,21.0,1.0,29.0,34.0,38.0,43.0,4466.0,1743.0,1470.0,2593.0,185.0,255.0,9999.0,45.4,2.5580000000000003,51.0,57.0
4.8,2.0,8.0,9.0,4.0,12.0,2151.0,85.0,18.0,4200.0,750.0,4750.0,4500.0,14.61,4.7,8.5,12.5,1520.0,570.0,17.9,15.0,19.0,2.0,29.0,34.0,38.0,43.0,4818.0,1799.0,1440.0,2833.0,199.0,250.0,586.0,54.5,2173.0,51.0,55.0
4.8,2.0,8.0,9.0,4.0,12.0,2151.0,105.0,18.0,4200.0,750.0,4750.0,4600.0,18.4,4.4,7.0,10.4,1520.0,570.0,14.5,15.0,19.0,2.0,29.0,34.0,38.0,43.0,4818.0,1799.0,1440.0,2833.0,213.0,315.0,608.0,54.5,2173.0,50.0,55.0
4.8,1.0,8.0,9.0,4.0,12.0,1896.0,81.0,20.0,4150.0,860.0,5000.0,9999.0,15.58,9999.0,7.7,11.7,1205.0,560.0,14.9,15.0,21.0,1.0,29.0,34.0,38.0,44.0,4152.0,1735.0,1427.0,2513.0,191.0,235.0,639.0,47.2,2459.0,51.0,57.0
4.8,1.0,7.0,9.0,4.0,12.0,999.0,37.0,11.0,5000.0,700.0,9999.0,9999.0,10.82,9999.0,10.9,17.4,875.0,460.0,23.6,15.0,21.0,1.0,28.0,33.0,39.0,42.0,3536.0,1639.0,1460.0,2323.0,151.0,86.0,0.64,27.7,3.6,50.0,54.0
4.8,1.0,8.0,9.0,4.0,12.0,1896.0,47.0,23.0,4300.0,920.0,9999.0,9999.0,8.22,9999.0,9999.0,16.5,1020.0,460.0,21.7,15.0,21.0,1.0,28.0,35.0,40.0,44.0,3883.0,1635.0,1415.0,2450.0,156.0,124.0,679.0,38.3,2.684,0.0,57.0
4.8,1.0,8.0,9.0,4.0,12.0,1896.0,66.0,20.0,3750.0,860.0,5000.0,9999.0,13.92,9999.0,9.3,14.7,1300.0,540.0,19.7,15.0,21.0,1.0,29.0,34.0,38.0,47.0,4376.0,1735.0,1446.0,2513.0,176.0,210.0,633.0,43.3,2679.0,51.0,57.0
4.8,1.0,8.0,9.0,4.0,12.0,1896.0,81.0,20.0,4150.0,860.0,5000.0,9999.0,15.58,9999.0,8.1,12.4,1308.0,532.0,16.1,15.0,21.0,1.0,29.0,34.0,38.0,44.0,4376.0,1735.0,1446.0,2513.0,190.0,235.0,633.0,48.7,2383.0,51.0,57.0
4.8,1.0,7.0,9.0,4.0,12.0,1242.0,44.0,10.0,5000.0,9999.0,9999.0,9999.0,10.32,9999.0,9999.0,14.3,860.0,510.0,19.5,15.0,21.0,1.0,28.0,36.0,39.0,42.0,3800.0,1660.0,1480.0,2460.0,155.0,102.0,9999.0,34.3,3.84,50.0,54.0
4.8,1.0,7.0,9.0,4.0,12.0,1242.0,44.0,10.0,5000.0,9999.0,9999.0,9999.0,10.32,9999.0,9999.0,14.3,875.0,510.0,19.9,15.0,21.0,1.0,28.0,36.0,39.0,42.0,3835.0,1660.0,1480.0,2460.0,155.0,102.0,9999.0,34.3,3.84,50.0,54.0
4.8,1.0,7.0,9.0,3.0,12.0,989.0,41.0,10.0,5200.0,9999.0,9999.0,9999.0,11.18,9999.0,9999.0,15.4,810.0,510.0,19.8,15.0,23.0,2.0,28.0,33.0,39.0,42.0,3675.0,1590.0,1450.0,2345.0,145.0,88.0,9999.0,30.9,3375.0,50.0,54.0
4.8,1.0,7.0,9.0,3.0,12.0,989.0,41.0,10.0,5200.0,9999.0,9999.0,9999.0,11.18,9999.0,9999.0,15.4,835.0,485.0,20.4,15.0,23.0,2.0,28.0,33.0,39.0,42.0,3675.0,1590.0,1450.0,2345.0,145.0,88.0,9999.0,30.9,3375.0,50.0,54.0
4.8,1.0,7.0,9.0,4.0,12.0,993.0,40.0,9.0,5500.0,9999.0,9999.0,9999.0,9.74,9999.0,9999.0,9999.0,765.0,425.0,19.1,15.0,21.0,1.0,28.0,33.0,39.0,42.0,3495.0,1495.0,1405.0,2335.0,150.0,77.0,9999.0,32.7,2988.0,52.0,54.0
4.8,1.0,7.0,9.0,4.0,12.0,1299.0,50.0,10.0,6000.0,800.0,9999.0,9999.0,9.58,9999.0,9999.0,13.0,805.0,485.0,16.1,15.0,21.0,1.0,28.0,36.0,39.0,42.0,3745.0,1590.0,1350.0,2265.0,165.0,99.0,9999.0,33.5,3.0,50.0,54.0
4.8,1.0,8.0,9.0,4.0,12.0,1995.0,81.0,19.0,4000.0,700.0,5250.0,9999.0,15.75,9999.0,9999.0,11.4,1245.0,585.0,15.4,15.0,21.0,2.0,29.0,34.0,38.0,43.0,4490.0,1710.0,1425.0,2630.0,195.0,250.0,532.0,41.3,2.7310000000000003,51.0,57.0
4.8,1.0,8.0,9.0,4.0,12.0,1995.0,81.0,19.0,4000.0,700.0,5250.0,9999.0,15.75,9999.0,9999.0,11.4,1265.0,565.0,15.6,15.0,21.0,2.0,29.0,34.0,38.0,43.0,4490.0,1710.0,1425.0,2630.0,195.0,250.0,532.0,41.3,2.7310000000000003,51.0,57.0
4.8,2.0,8.0,9.0,4.0,12.0,1951.0,100.0,19.0,4000.0,835.0,4750.0,9999.0,18.03,9999.0,6.9,10.1,1460.0,500.0,14.6,15.0,20.0,2.0,29.0,34.0,38.0,48.0,4478.0,1739.0,1409.0,2725.0,207.0,280.0,659.0,47.0,2.5,51.0,57.0
4.8,1.0,8.0,9.0,4.0,12.0,1995.0,74.0,19.0,4300.0,800.0,9999.0,9999.0,14.49,9999.0,9999.0,12.5,1355.0,475.0,18.3,15.0,24.0,1.0,29.0,34.0,38.0,46.0,4288.0,1709.0,1465.0,2611.0,183.0,230.0,645.0,46.4,2.55,51.0,57.0
4.8,3.0,8.0,9.0,4.0,12.0,1896.0,66.0,20.0,3750.0,860.0,5000.0,9999.0,13.92,9999.0,9.9,15.0,1406.0,519.0,21.3,15.0,21.0,1.0,29.0,34.0,38.0,47.0,4397.0,1735.0,1485.0,2513.0,177.0,210.0,0.6779999999999999,44.2,2.6260000000000003,51.0,57.0
4.8,1.0,8.0,9.0,4.0,12.0,1997.0,66.0,18.0,4000.0,820.0,5150.0,9999.0,12.9,9999.0,9999.0,14.8,1380.0,575.0,20.9,15.0,21.0,1.0,29.0,34.0,38.0,43.0,4740.0,1760.0,1460.0,2700.0,172.0,205.0,0.6659999999999999,43.4,2674.0,51.0,57.0
4.8,1.0,8.0,9.0,4.0,12.0,1997.0,80.0,18.0,4000.0,820.0,5150.0,9999.0,15.73,9999.0,9999.0,12.8,1460.0,575.0,18.3,17.0,21.0,1.0,29.0,34.0,38.0,43.0,4740.0,1760.0,1460.0,2700.0,185.0,250.0,721.0,47.0,2.5,51.0,57.0
4.8,1.0,8.0,9.0,4.0,12.0,1870.0,72.0,18.0,4000.0,9999.0,9999.0,9999.0,13.44,9999.0,9999.0,13.0,1360.0,720.0,18.9,15.0,21.0,1.0,29.0,34.0,39.0,47.0,4620.0,1748.0,1448.0,2670.0,177.0,200.0,696.0,41.1,2822.0,51.0,57.0
4.8,1.0,8.0,9.0,4.0,12.0,1995.0,81.0,19.0,4000.0,700.0,5250.0,9999.0,15.75,9999.0,9999.0,11.6,1280.0,550.0,15.8,15.0,21.0,2.0,29.0,34.0,38.0,43.0,4570.0,1710.0,1500.0,2630.0,190.0,250.0,589.0,41.3,2.7310000000000003,51.0,57.0
4.9,3.0,8.0,9.0,4.0,12.0,1896.0,85.0,18.0,4000.0,900.0,5000.0,9999.0,20.55,9999.0,9999.0,10.9,1425.0,550.0,16.8,15.0,21.0,1.0,29.0,34.0,38.0,45.0,4479.0,1733.0,1416.0,2607.0,196.0,310.0,0.65,49.8,2333.0,51.0,57.0
4.9,1.0,7.0,9.0,4.0,12.0,1390.0,44.0,11.0,4700.0,700.0,9999.0,9999.0,10.49,9999.0,9.1,14.1,895.0,465.0,20.3,15.0,21.0,1.0,28.0,33.0,39.0,42.0,3536.0,1639.0,1460.0,2323.0,160.0,116.0,659.0,35.0,2.8680000000000003,50.0,54.0
4.9,1.0,8.0,9.0,4.0,12.0,1870.0,72.0,18.0,4000.0,9999.0,9999.0,9999.0,13.44,9999.0,9999.0,12.7,1290.0,550.0,17.9,15.0,21.0,1.0,29.0,34.0,39.0,47.0,4169.0,1698.0,1675.0,2580.0,174.0,200.0,9999.0,9999.0,9999.0,51.0,57.0
4.9,1.0,8.0,9.0,4.0,12.0,1870.0,72.0,18.0,4000.0,9999.0,9999.0,9999.0,13.44,9999.0,9999.0,12.7,1290.0,550.0,17.9,15.0,21.0,1.0,29.0,34.0,39.0,47.0,4169.0,1698.0,1675.0,2580.0,174.0,200.0,9999.0,9999.0,9999.0,51.0,57.0
4.9,1.0,8.0,9.0,5.0,12.0,2461.0,103.0,21.0,4000.0,810.0,9999.0,9999.0,14.81,9999.0,9999.0,11.0,1579.0,541.0,15.3,15.0,21.0,1.0,29.0,34.0,38.0,44.0,4822.0,1832.0,1434.0,2791.0,205.0,290.0,9999.0,48.3,2451.0,51.0,57.0
4.9,1.0,8.0,9.0,4.0,12.0,1870.0,66.0,21.0,4250.0,825.0,4350.0,5000.0,11.83,9999.0,9999.0,13.2,1245.0,475.0,18.9,15.0,21.0,1.0,29.0,35.0,39.0,44.0,4475.0,1710.0,1405.0,2550.0,180.0,176.0,9999.0,33.7,3228.0,51.0,57.0
4.9,1.0,8.0,9.0,4.0,12.0,1870.0,66.0,21.0,4250.0,825.0,4350.0,5000.0,11.83,9999.0,9999.0,13.2,1220.0,520.0,18.5,15.0,21.0,1.0,29.0,35.0,39.0,44.0,4475.0,1710.0,1405.0,2550.0,180.0,176.0,9999.0,33.7,3228.0,51.0,57.0
4.9,1.0,8.0,9.0,4.0,12.0,2184.0,81.0,18.0,4000.0,9999.0,9999.0,9999.0,13.23,9999.0,9999.0,12.3,1320.0,490.0,16.3,15.0,18.0,2.0,29.0,34.0,39.0,48.0,4184.0,1706.0,1448.0,2535.0,185.0,230.0,9999.0,51.7,2195.0,51.0,57.0
4.9,1.0,8.0,9.0,4.0,12.0,1896.0,81.0,20.0,4150.0,860.0,5000.0,9999.0,15.58,9999.0,8.4,12.8,1348.0,532.0,16.6,15.0,21.0,1.0,29.0,34.0,38.0,44.0,4397.0,1735.0,1485.0,2515.0,190.0,235.0,0.6779999999999999,48.7,2386.0,51.0,57.0
4.9,1.0,8.0,9.0,4.0,12.0,1896.0,81.0,20.0,4150.0,860.0,5000.0,9999.0,15.58,9999.0,8.4,12.8,1358.0,522.0,16.8,15.0,21.0,1.0,29.0,34.0,38.0,44.0,4409.0,1735.0,1485.0,2515.0,190.0,235.0,633.0,48.7,2383.0,51.0,57.0
4.9,1.0,8.0,9.0,4.0,12.0,1910.0,77.0,18.0,4000.0,9999.0,9999.0,9999.0,16.78,9999.0,9999.0,10.9,1320.0,495.0,17.1,15.0,21.0,1.0,29.0,34.0,38.0,43.0,4430.0,1745.0,1420.0,2595.0,188.0,255.0,639.0,44.3,2.5580000000000003,51.0,57.0
5.0,2.0,8.0,9.0,4.0,12.0,1665.0,66.0,22.0,4400.0,820.0,4800.0,4800.0,14.34,9999.0,9999.0,13.9,1215.0,460.0,18.4,15.0,18.0,1.0,29.0,35.0,39.0,44.0,4210.0,1698.0,1393.0,2696.0,175.0,190.0,0.6659999999999999,42.8,2.7,51.0,57.0
5.0,1.0,7.0,9.0,4.0,12.0,1199.0,48.0,10.0,5600.0,780.0,9999.0,9999.0,11.53,9999.0,9999.0,16.0,1035.0,520.0,21.6,15.0,24.0,2.0,28.0,33.0,38.0,42.0,4110.0,1709.0,1425.0,2606.0,165.0,110.0,609.0,36.2,2968.0,52.0,54.0
5.0,1.0,7.0,9.0,4.0,12.0,1199.0,48.0,10.0,5600.0,780.0,9999.0,9999.0,11.53,9999.0,9999.0,16.0,1055.0,520.0,22.0,15.0,24.0,2.0,28.0,33.0,38.0,42.0,4110.0,1709.0,1425.0,2606.0,165.0,110.0,629.0,36.2,2968.0,52.0,54.0
5.0,1.0,7.0,9.0,4.0,12.0,1289.0,40.0,10.0,4500.0,800.0,9999.0,9999.0,9.65,9999.0,9999.0,15.5,935.0,485.0,23.4,16.0,24.0,1.0,28.0,33.0,39.0,42.0,3883.0,1635.0,1415.0,2450.0,151.0,99.0,679.0,35.8,2875.0,50.0,54.0
5.0,1.0,7.0,9.0,4.0,12.0,1242.0,59.0,11.0,5000.0,9999.0,9999.0,9999.0,11.53,9999.0,9999.0,11.4,920.0,510.0,15.6,15.0,21.0,2.0,28.0,33.0,39.0,42.0,3800.0,1660.0,1480.0,2460.0,172.0,114.0,9999.0,34.8,3.84,50.0,54.0
5.0,1.0,7.0,9.0,4.0,12.0,1242.0,59.0,11.0,5000.0,9999.0,9999.0,9999.0,11.53,9999.0,9999.0,10.9,930.0,510.0,15.8,15.0,21.0,2.0,28.0,33.0,39.0,42.0,3800.0,1660.0,1480.0,2460.0,172.0,114.0,9999.0,34.0,3.1180000000000003,50.0,54.0
5.0,1.0,7.0,9.0,4.0,12.0,1242.0,59.0,11.0,5000.0,9999.0,9999.0,9999.0,11.53,9999.0,9999.0,11.4,935.0,510.0,15.8,15.0,21.0,2.0,28.0,33.0,39.0,42.0,3835.0,1660.0,1480.0,2460.0,172.0,114.0,9999.0,34.8,3.84,50.0,54.0
5.0,1.0,7.0,9.0,4.0,12.0,1299.0,63.0,11.0,6000.0,9999.0,9999.0,9999.0,12.0,9999.0,9999.0,12.1,900.0,465.0,14.3,15.0,20.0,2.0,28.0,33.0,38.0,42.0,3615.0,1660.0,1500.0,2370.0,175.0,124.0,9999.0,30.4,3.56,50.0,54.0
5.0,2.0,8.0,9.0,4.0,12.0,2151.0,75.0,19.0,4200.0,750.0,4750.0,4800.0,13.73,5.6,9.4,13.6,1390.0,580.0,18.5,15.0,19.0,2.0,29.0,34.0,38.0,43.0,4516.0,1723.0,1458.0,2690.0,182.0,235.0,0.6829999999999999,47.3,2456.0,51.0,55.0
5.0,3.0,8.0,9.0,4.0,12.0,1896.0,85.0,18.0,4000.0,900.0,5000.0,9999.0,20.55,9999.0,9999.0,11.1,1460.0,550.0,17.2,15.0,21.0,1.0,29.0,34.0,38.0,45.0,4479.0,1733.0,1416.0,2607.0,192.0,310.0,0.6729999999999999,49.8,2333.0,51.0,57.0
5.0,2.0,8.0,9.0,4.0,12.0,1951.0,100.0,19.0,4000.0,835.0,4750.0,9999.0,18.03,9999.0,9999.0,10.9,1595.0,625.0,16.0,15.0,20.0,2.0,29.0,34.0,38.0,48.0,4808.0,1799.0,1445.0,2827.0,204.0,280.0,0.6729999999999999,46.2,2.6,51.0,57.0
5.0,1.0,8.0,9.0,4.0,12.0,1753.0,66.0,22.0,4500.0,850.0,5200.0,9999.0,12.69,9999.0,9999.0,14.0,1363.0,642.0,20.7,15.0,21.0,1.0,29.0,35.0,38.0,44.0,4671.0,1751.0,1480.0,2704.0,176.0,177.0,0.6970000000000001,41.2,2736.0,51.0,57.0
5.0,3.0,8.0,9.0,4.0,12.0,1896.0,81.0,20.0,4150.0,860.0,5000.0,9999.0,15.58,9999.0,8.3,12.3,1450.0,550.0,17.9,15.0,21.0,1.0,29.0,34.0,38.0,44.0,4669.0,1740.0,1498.0,2702.0,188.0,235.0,667.0,45.2,2.567,51.0,57.0
5.1,2.0,8.0,9.0,4.0,12.0,2148.0,85.0,18.0,4200.0,750.0,4750.0,4600.0,14.63,9999.0,9999.0,12.1,1455.0,530.0,17.1,15.0,19.0,2.0,29.0,34.0,38.0,43.0,4526.0,1728.0,1426.0,2715.0,198.0,250.0,9999.0,48.7,2.382,50.0,57.0
5.1,2.0,8.0,9.0,4.0,12.0,2148.0,105.0,18.0,4200.0,750.0,4750.0,4600.0,18.43,9999.0,9999.0,10.5,1470.0,530.0,14.0,15.0,19.0,2.0,29.0,34.0,38.0,43.0,4526.0,1728.0,1426.0,2715.0,215.0,315.0,9999.0,48.7,2.382,50.0,57.0
5.1,2.0,8.0,9.0,4.0,12.0,1995.0,74.0,19.0,4300.0,830.0,9999.0,9999.0,12.91,9999.0,9999.0,15.0,1670.0,475.0,22.6,15.0,21.0,1.0,29.0,34.0,38.0,0.0,4898.0,1776.0,1455.0,2730.0,186.0,205.0,685.0,41.3,2812.0,51.0,57.0
5.1,1.0,7.0,9.0,4.0,12.0,1199.0,48.0,10.0,5600.0,780.0,9999.0,9999.0,11.53,9999.0,9999.0,14.0,895.0,475.0,18.6,15.0,24.0,2.0,28.0,33.0,38.0,42.0,3741.0,1608.0,1424.0,2443.0,163.0,110.0,0.66,38.8,2655.0,52.0,54.0
5.1,1.0,7.0,9.0,4.0,12.0,1199.0,48.0,10.0,5600.0,780.0,9999.0,9999.0,11.53,9999.0,9999.0,14.0,905.0,495.0,18.9,15.0,24.0,2.0,28.0,33.0,38.0,42.0,3741.0,1608.0,1424.0,2443.0,163.0,110.0,0.66,38.8,2655.0,52.0,54.0
5.1,1.0,7.0,9.0,4.0,12.0,1390.0,74.0,11.0,4700.0,9999.0,9999.0,9999.0,11.57,9999.0,9999.0,9.8,910.0,450.0,12.3,15.0,21.0,2.0,28.0,33.0,39.0,42.0,3536.0,1639.0,1460.0,2323.0,188.0,128.0,659.0,29.7,3.4530000000000003,50.0,54.0
5.1,1.0,7.0,9.0,4.0,12.0,1289.0,50.0,10.0,5000.0,800.0,9999.0,9999.0,10.33,9999.0,9999.0,13.5,935.0,485.0,18.7,16.0,24.0,1.0,28.0,33.0,39.0,42.0,3883.0,1635.0,1415.0,2450.0,162.0,106.0,679.0,33.3,3.89,50.0,54.0
5.1,1.0,8.0,9.0,4.0,12.0,1896.0,81.0,20.0,4150.0,860.0,5000.0,9999.0,15.58,9999.0,8.9,12.9,1329.0,561.0,16.4,15.0,21.0,1.0,29.0,34.0,38.0,44.0,4675.0,1740.0,1459.0,2703.0,194.0,235.0,581.0,42.5,2.7,51.0,57.0
5.1,1.0,7.0,9.0,4.0,12.0,954.0,33.0,9.0,6000.0,850.0,9999.0,9999.0,9.75,9999.0,9999.0,19.1,805.0,415.0,24.4,15.0,21.0,1.0,28.0,36.0,39.0,42.0,3718.0,1595.0,1368.0,2385.0,149.0,74.0,0.5820000000000001,30.5,3287.0,50.0,54.0
5.1,1.0,7.0,9.0,4.0,12.0,1149.0,43.0,10.0,5250.0,740.0,6100.0,9999.0,10.17,9999.0,9999.0,13.4,820.0,410.0,19.1,15.0,21.0,1.0,28.0,33.0,39.0,42.0,3433.0,1630.0,1423.0,2347.0,151.0,93.0,0.6829999999999999,35.5,2822.0,50.0,54.0
5.1,1.0,7.0,9.0,4.0,12.0,1149.0,43.0,10.0,5250.0,740.0,6100.0,9999.0,10.17,9999.0,9999.0,14.4,820.0,410.0,19.1,15.0,21.0,1.0,28.0,33.0,39.0,42.0,3433.0,1630.0,1423.0,2347.0,151.0,93.0,0.6829999999999999,35.5,2822.0,50.0,54.0
5.1,1.0,8.0,9.0,4.0,12.0,1870.0,72.0,18.0,4000.0,9999.0,9999.0,9999.0,13.44,9999.0,9999.0,14.4,1325.0,540.0,18.4,15.0,21.0,1.0,29.0,34.0,39.0,47.0,4169.0,1698.0,1675.0,2580.0,173.0,200.0,9999.0,9999.0,9999.0,51.0,57.0
5.1,1.0,8.0,9.0,4.0,12.0,1870.0,72.0,18.0,4000.0,9999.0,9999.0,9999.0,13.44,9999.0,9999.0,14.4,1325.0,540.0,18.4,15.0,21.0,1.0,29.0,34.0,39.0,47.0,4169.0,1698.0,1675.0,2580.0,173.0,200.0,9999.0,9999.0,9999.0,51.0,57.0
5.1,1.0,7.0,9.0,4.0,12.0,1242.0,63.0,10.0,6000.0,9999.0,9999.0,9999.0,11.43,9999.0,9999.0,10.9,910.0,480.0,14.4,15.0,23.0,2.0,28.0,33.0,39.0,42.0,3723.0,1690.0,1435.0,2380.0,177.0,113.0,9999.0,31.2,3.349,50.0,54.0
5.1,1.0,7.0,9.0,3.0,12.0,989.0,41.0,10.0,5200.0,9999.0,9999.0,9999.0,11.18,9999.0,9999.0,15.0,815.0,455.0,19.9,15.0,23.0,2.0,28.0,33.0,39.0,42.0,3410.0,1475.0,1695.0,2345.0,140.0,88.0,9999.0,30.4,3.2,50.0,54.0
5.1,3.0,7.0,9.0,3.0,12.0,989.0,41.0,10.0,5200.0,9999.0,9999.0,9999.0,11.18,9999.0,9999.0,16.0,860.0,500.0,21.0,15.0,23.0,2.0,28.0,33.0,39.0,42.0,3675.0,1590.0,1450.0,2345.0,140.0,88.0,9999.0,30.0,3.482,50.0,54.0
5.1,3.0,7.0,9.0,3.0,12.0,989.0,41.0,10.0,5200.0,9999.0,9999.0,9999.0,11.18,9999.0,9999.0,16.0,860.0,500.0,21.0,15.0,23.0,2.0,28.0,33.0,39.0,42.0,3675.0,1590.0,1450.0,2345.0,140.0,88.0,9999.0,30.0,3.482,50.0,54.0
5.1,1.0,7.0,9.0,4.0,12.0,1275.0,55.0,10.0,6000.0,650.0,9999.0,9999.0,10.15,9999.0,9999.0,12.0,860.0,500.0,15.6,15.0,24.0,2.0,28.0,33.0,38.0,42.0,3720.0,1585.0,1440.0,2360.0,170.0,103.0,0.6509999999999999,34.4,2945.0,50.0,54.0
5.1,1.0,7.0,9.0,4.0,12.0,998.0,50.0,10.0,6000.0,550.0,9999.0,9999.0,11.33,9999.0,9999.0,13.6,850.0,500.0,17.0,15.0,20.0,2.0,28.0,33.0,38.0,42.0,3615.0,1660.0,1500.0,2370.0,155.0,90.0,9999.0,29.2,3.7,50.0,54.0
5.1,1.0,7.0,9.0,4.0,12.0,998.0,50.0,10.0,6000.0,550.0,9999.0,9999.0,11.33,9999.0,9999.0,13.6,850.0,500.0,17.0,15.0,20.0,2.0,28.0,33.0,38.0,42.0,3615.0,1660.0,1500.0,2370.0,155.0,90.0,9999.0,29.2,3.7,50.0,54.0
5.1,3.0,8.0,9.0,4.0,12.0,1896.0,85.0,18.0,4000.0,900.0,5000.0,9999.0,18.89,9999.0,7.4,11.5,1464.0,496.0,17.2,15.0,21.0,1.0,29.0,34.0,38.0,45.0,4409.0,1735.0,1473.0,2518.0,192.0,285.0,0.6779999999999999,49.4,2.3480000000000003,51.0,57.0
5.1,1.0,8.0,9.0,5.0,12.0,2461.0,103.0,21.0,4000.0,9999.0,9999.0,9999.0,14.81,9999.0,9999.0,10.7,1596.0,554.0,15.5,15.0,21.0,1.0,29.0,34.0,38.0,44.0,4710.0,1804.0,1488.0,2755.0,200.0,290.0,669.0,37.9,2975.0,51.0,57.0
5.1,1.0,8.0,9.0,4.0,12.0,1698.0,51.0,20.0,4500.0,9999.0,9999.0,9999.0,9.92,9999.0,9999.0,14.9,1110.0,595.0,21.8,15.0,21.0,1.0,29.0,37.0,40.0,44.0,4130.0,1626.0,1515.0,2423.0,164.0,134.0,643.0,35.6,2.9930000000000003,51.0,57.0
5.1,1.0,7.0,9.0,4.0,12.0,1299.0,56.0,10.0,5500.0,750.0,9999.0,9999.0,11.13,9999.0,9999.0,12.8,910.0,445.0,16.3,15.0,21.0,1.0,28.0,33.0,38.0,42.0,3500.0,1600.0,1700.0,2360.0,155.0,115.0,866.0,30.3,3346.0,52.0,54.0
5.2,1.0,8.0,9.0,4.0,12.0,1896.0,66.0,20.0,4000.0,830.0,4800.0,9999.0,13.92,9999.0,9.7,14.7,1390.0,400.0,21.1,15.0,21.0,1.0,29.0,34.0,38.0,44.0,4366.0,1716.0,1381.0,2554.0,175.0,210.0,0.7020000000000001,43.7,2656.0,51.0,57.0
5.2,1.0,8.0,9.0,6.0,13.0,2496.0,110.0,20.0,4000.0,750.0,4800.0,9999.0,15.61,9999.0,6.4,9.0,1385.0,550.0,12.6,15.0,23.0,4.0,29.0,34.0,38.0,46.0,4479.0,1733.0,1416.0,2617.0,220.0,310.0,629.0,53.4,2174.0,51.0,57.0
5.2,1.0,7.0,9.0,4.0,12.0,1297.0,44.0,10.0,5000.0,9999.0,9999.0,9999.0,10.17,9999.0,9999.0,15.4,890.0,375.0,20.2,16.0,18.0,1.0,28.0,33.0,38.0,42.0,3620.0,1639.0,1413.0,2448.0,155.0,105.0,677.0,36.5,2.729,50.0,54.0
5.2,1.0,7.0,9.0,4.0,12.0,999.0,37.0,11.0,5000.0,9999.0,9999.0,9999.0,10.82,9999.0,9999.0,19.4,870.0,535.0,23.5,15.0,21.0,1.0,28.0,33.0,39.0,42.0,3876.0,1640.0,1422.0,2443.0,145.0,86.0,9999.0,29.2,3.631,50.0,54.0
5.2,1.0,7.0,9.0,4.0,12.0,999.0,37.0,11.0,5000.0,9999.0,9999.0,9999.0,10.82,9999.0,9999.0,9999.0,903.0,535.0,24.4,15.0,21.0,1.0,28.0,33.0,39.0,42.0,3876.0,1640.0,1422.0,2443.0,145.0,86.0,9999.0,29.2,3.631,50.0,54.0
5.2,1.0,8.0,9.0,4.0,12.0,1896.0,66.0,20.0,3750.0,860.0,5000.0,9999.0,13.92,9999.0,8.8,12.9,1275.0,545.0,19.3,15.0,21.0,1.0,29.0,34.0,38.0,47.0,4376.0,1735.0,1446.0,2513.0,180.0,210.0,633.0,41.9,2.774,51.0,57.0
5.2,1.0,8.0,9.0,4.0,12.0,1896.0,66.0,20.0,4000.0,820.0,5000.0,9999.0,13.92,9999.0,10.1,15.6,1319.0,561.0,20.0,15.0,21.0,1.0,29.0,34.0,38.0,47.0,4675.0,1740.0,1459.0,2703.0,177.0,210.0,581.0,42.5,2.7,51.0,57.0
5.2,1.0,8.0,9.0,4.0,12.0,1905.0,55.0,23.0,4600.0,800.0,9999.0,9999.0,8.91,9999.0,9999.0,14.7,1140.0,530.0,20.7,15.0,21.0,1.0,28.0,35.0,40.0,44.0,4167.0,1698.0,1401.0,2540.0,162.0,135.0,634.0,37.3,2.9210000000000003,51.0,57.0
5.2,1.0,8.0,9.0,4.0,12.0,1905.0,66.0,22.0,4000.0,800.0,9999.0,9999.0,12.93,9999.0,9999.0,12.8,1140.0,530.0,17.3,15.0,21.0,1.0,29.0,35.0,40.0,44.0,4167.0,1698.0,1401.0,2540.0,178.0,196.0,657.0,40.8,2.669,51.0,57.0
5.2,1.0,8.0,9.0,4.0,12.0,1905.0,66.0,22.0,4000.0,800.0,9999.0,9999.0,12.93,9999.0,9999.0,12.8,1152.0,538.0,17.5,15.0,21.0,1.0,29.0,35.0,40.0,44.0,4167.0,1698.0,1405.0,2540.0,178.0,196.0,657.0,40.8,2.669,51.0,57.0
5.2,1.0,8.0,9.0,4.0,12.0,1905.0,66.0,22.0,4000.0,800.0,5100.0,9999.0,12.93,9999.0,9999.0,13.9,1200.0,435.0,18.2,15.0,21.0,1.0,29.0,35.0,39.0,44.0,4267.0,1689.0,1383.0,2580.0,177.0,196.0,0.6759999999999999,40.9,2.664,51.0,57.0
5.2,1.0,8.0,9.0,4.0,12.0,1905.0,66.0,22.0,4000.0,800.0,5100.0,9999.0,12.93,9999.0,9999.0,13.5,1155.0,450.0,17.5,15.0,21.0,1.0,29.0,35.0,39.0,44.0,4030.0,1680.0,1368.0,2580.0,175.0,196.0,691.0,40.9,2.664,51.0,57.0
5.2,1.0,7.0,9.0,4.0,12.0,1124.0,44.0,10.0,5600.0,850.0,6500.0,9999.0,10.17,9999.0,9999.0,15.2,910.0,9999.0,20.7,15.0,21.0,1.0,28.0,36.0,39.0,42.0,3822.0,1652.0,1435.0,2442.0,158.0,91.0,0.65,32.3,3.33,50.0,54.0
5.2,1.0,7.0,9.0,4.0,12.0,1124.0,44.0,10.0,5600.0,850.0,6500.0,9999.0,10.17,9999.0,9999.0,15.2,910.0,9999.0,20.7,15.0,21.0,1.0,28.0,36.0,39.0,42.0,3822.0,1652.0,1435.0,2442.0,158.0,91.0,0.65,32.3,3.33,50.0,54.0
5.2,1.0,7.0,9.0,4.0,12.0,1124.0,44.0,10.0,5600.0,850.0,6500.0,9999.0,10.17,9999.0,9999.0,15.2,910.0,9999.0,20.7,15.0,21.0,1.0,28.0,36.0,39.0,42.0,3822.0,1652.0,1435.0,2442.0,158.0,91.0,0.65,32.3,3.33,50.0,54.0
5.2,1.0,7.0,9.0,4.0,12.0,1124.0,44.0,10.0,5600.0,850.0,6500.0,9999.0,10.17,9999.0,9999.0,15.2,910.0,9999.0,20.7,15.0,21.0,1.0,28.0,36.0,39.0,42.0,3822.0,1652.0,1435.0,2442.0,158.0,91.0,0.65,32.3,3.33,50.0,54.0
5.2,1.0,7.0,9.0,4.0,12.0,1124.0,44.0,10.0,5600.0,850.0,6500.0,9999.0,10.17,9999.0,9999.0,15.2,910.0,9999.0,20.7,15.0,21.0,1.0,28.0,36.0,39.0,42.0,3822.0,1652.0,1435.0,2442.0,158.0,91.0,0.65,32.3,3.33,50.0,54.0
5.2,1.0,7.0,9.0,4.0,12.0,1124.0,44.0,10.0,5600.0,850.0,6500.0,9999.0,10.17,9999.0,9999.0,15.2,910.0,9999.0,20.7,15.0,21.0,1.0,28.0,36.0,39.0,42.0,3822.0,1652.0,1435.0,2442.0,158.0,91.0,0.65,32.3,3.33,50.0,54.0
5.2,1.0,7.0,9.0,4.0,12.0,1124.0,44.0,10.0,5600.0,850.0,6500.0,9999.0,10.17,9999.0,9999.0,15.2,910.0,9999.0,20.7,15.0,21.0,1.0,28.0,36.0,39.0,42.0,3822.0,1652.0,1435.0,2442.0,158.0,91.0,0.65,32.3,3.33,50.0,54.0
5.2,1.0,8.0,9.0,4.0,12.0,1870.0,66.0,21.0,4250.0,825.0,4900.0,4500.0,11.83,9999.0,9999.0,13.0,1305.0,465.0,19.8,15.0,21.0,1.0,29.0,35.0,39.0,44.0,4483.0,1717.0,1411.0,2550.0,180.0,176.0,9999.0,41.7,2614.0,0.0,57.0
5.2,1.0,8.0,9.0,4.0,12.0,1910.0,55.0,21.0,4200.0,850.0,5050.0,9999.0,9.67,9999.0,9999.0,15.1,1170.0,540.0,21.3,15.0,21.0,1.0,29.0,37.0,40.0,44.0,4187.0,1741.0,1420.0,2540.0,165.0,147.0,9999.0,32.8,3.256,51.0,57.0
5.2,1.0,7.0,9.0,3.0,12.0,796.0,38.0,9.0,5900.0,9999.0,9999.0,9999.0,10.89,9999.0,9999.0,17.0,776.0,434.0,20.4,15.0,21.0,1.0,28.0,33.0,39.0,42.0,3495.0,1495.0,1485.0,2340.0,144.0,69.0,9999.0,26.1,3.7,50.0,54.0
5.2,1.0,7.0,9.0,3.0,12.0,796.0,38.0,9.0,5900.0,9999.0,9999.0,9999.0,10.89,9999.0,9999.0,17.0,776.0,434.0,20.4,15.0,21.0,1.0,28.0,33.0,39.0,42.0,3495.0,1495.0,1485.0,2340.0,144.0,69.0,9999.0,26.1,3.7,50.0,54.0
5.2,2.0,8.0,9.0,4.0,12.0,1995.0,74.0,19.0,4300.0,830.0,9999.0,9999.0,12.91,9999.0,9999.0,16.0,1730.0,535.0,23.4,15.0,21.0,1.0,29.0,34.0,38.0,0.0,4898.0,1776.0,1505.0,2730.0,180.0,205.0,726.0,41.3,2812.0,51.0,57.0
5.2,1.0,8.0,9.0,4.0,12.0,1905.0,66.0,22.0,4000.0,800.0,9999.0,9999.0,12.93,9999.0,9999.0,13.3,1197.0,543.0,18.1,15.0,21.0,1.0,29.0,35.0,40.0,44.0,4354.0,1698.0,1420.0,2540.0,179.0,196.0,623.0,40.8,2.669,51.0,57.0
5.2,1.0,8.0,9.0,4.0,12.0,1905.0,66.0,22.0,4000.0,800.0,5100.0,9999.0,12.93,9999.0,9999.0,14.1,1200.0,455.0,18.2,15.0,21.0,1.0,29.0,35.0,39.0,44.0,4344.0,1680.0,1449.0,2580.0,175.0,196.0,0.6629999999999999,40.9,2.664,51.0,57.0
5.2,1.0,8.0,9.0,4.0,12.0,1870.0,66.0,21.0,4250.0,825.0,4900.0,4500.0,11.83,9999.0,9999.0,13.0,1330.0,460.0,20.2,15.0,21.0,1.0,29.0,35.0,39.0,44.0,4483.0,1717.0,1413.0,2550.0,180.0,176.0,9999.0,41.7,2614.0,0.0,57.0
5.2,1.0,8.0,11.0,4.0,12.0,1896.0,81.0,20.0,4150.0,850.0,5000.0,9999.0,15.58,9999.0,9999.0,16.4,1659.0,741.0,20.5,15.0,21.0,1.0,29.0,34.0,38.0,44.0,4620.0,1810.0,1730.0,2846.0,172.0,235.0,831.0,40.7,2.854,51.0,57.0
5.3,2.0,8.0,9.0,4.0,12.0,2151.0,85.0,18.0,4200.0,750.0,4750.0,4500.0,14.61,4.5,7.8,12.5,1545.0,545.0,18.2,15.0,19.0,2.0,29.0,34.0,38.0,43.0,4818.0,1799.0,1440.0,2833.0,197.0,250.0,586.0,49.7,2.382,51.0,55.0
5.3,1.0,8.0,9.0,4.0,12.0,1896.0,85.0,18.0,4000.0,900.0,5000.0,9999.0,20.55,9999.0,9999.0,11.9,1330.0,550.0,15.6,15.0,21.0,1.0,29.0,34.0,38.0,45.0,4479.0,1733.0,1416.0,2617.0,196.0,310.0,0.65,50.6,2294.0,51.0,57.0
5.3,1.0,8.0,9.0,4.0,12.0,1896.0,81.0,20.0,4150.0,830.0,5000.0,9999.0,15.58,9999.0,9.2,14.4,1445.0,580.0,17.8,15.0,21.0,1.0,29.0,34.0,38.0,44.0,4796.0,1810.0,1452.0,2760.0,190.0,235.0,613.0,46.2,2.56,51.0,57.0
5.3,1.0,8.0,9.0,6.0,13.0,2496.0,110.0,20.0,4000.0,750.0,4800.0,9999.0,15.61,9999.0,6.8,9.7,1530.0,580.0,13.9,15.0,23.0,4.0,29.0,34.0,38.0,46.0,4796.0,1810.0,1452.0,2760.0,218.0,310.0,657.0,53.2,2174.0,51.0,57.0
5.3,2.0,8.0,9.0,6.0,12.0,2497.0,120.0,22.0,4000.0,9999.0,9999.0,9999.0,17.61,9999.0,9999.0,8.9,1575.0,540.0,13.1,15.0,18.0,2.0,29.0,34.0,38.0,43.0,4775.0,1799.0,1439.0,2830.0,219.0,350.0,0.6509999999999999,44.8,2.6,51.0,57.0
5.3,1.0,7.0,9.0,4.0,12.0,1390.0,44.0,10.0,4700.0,9999.0,9999.0,9999.0,10.49,9999.0,9999.0,15.1,988.0,460.0,22.5,15.0,21.0,1.0,28.0,33.0,39.0,42.0,3876.0,1640.0,1422.0,2443.0,157.0,116.0,9999.0,32.1,3298.0,50.0,54.0
5.3,1.0,8.0,9.0,4.0,12.0,1905.0,50.0,23.0,4600.0,800.0,5150.0,9999.0,7.92,9999.0,9999.0,18.5,1110.0,480.0,22.2,15.0,21.0,1.0,28.0,35.0,39.0,44.0,4267.0,1689.0,1384.0,2580.0,162.0,120.0,653.0,37.1,2937.0,51.0,57.0
5.3,1.0,8.0,9.0,4.0,12.0,1905.0,50.0,23.0,4600.0,800.0,5150.0,9999.0,7.92,9999.0,9999.0,18.0,1100.0,450.0,22.0,15.0,21.0,1.0,28.0,35.0,39.0,44.0,4030.0,1680.0,1365.0,2580.0,160.0,120.0,672.0,37.1,2937.0,51.0,57.0
5.3,1.0,7.0,9.0,4.0,12.0,1361.0,55.0,10.0,5500.0,850.0,6500.0,9999.0,10.25,9999.0,9999.0,14.2,950.0,500.0,17.3,15.0,21.0,1.0,28.0,33.0,39.0,42.0,3822.0,1652.0,1435.0,2442.0,170.0,111.0,0.65,34.1,3.129,50.0,54.0
5.3,1.0,7.0,9.0,4.0,12.0,1361.0,55.0,10.0,5500.0,850.0,6500.0,9999.0,10.25,9999.0,9999.0,14.2,950.0,500.0,17.3,15.0,21.0,1.0,28.0,33.0,39.0,42.0,3822.0,1652.0,1435.0,2442.0,170.0,111.0,0.65,34.1,3.129,50.0,54.0
5.3,1.0,7.0,9.0,4.0,12.0,1361.0,55.0,10.0,5500.0,850.0,6500.0,9999.0,10.25,9999.0,9999.0,14.2,950.0,500.0,17.3,15.0,21.0,1.0,28.0,33.0,39.0,42.0,3822.0,1652.0,1435.0,2442.0,170.0,111.0,0.65,34.1,3.129,50.0,54.0
5.3,1.0,7.0,9.0,4.0,12.0,1361.0,55.0,10.0,5500.0,850.0,6500.0,9999.0,10.25,9999.0,9999.0,14.2,950.0,500.0,17.3,15.0,21.0,1.0,28.0,33.0,39.0,42.0,3822.0,1652.0,1435.0,2442.0,170.0,111.0,0.65,34.1,3.129,50.0,54.0
5.3,1.0,8.0,9.0,4.0,12.0,1870.0,47.0,22.0,4500.0,825.0,4600.0,5200.0,7.93,9999.0,9999.0,16.5,1130.0,560.0,24.0,15.0,21.0,1.0,28.0,35.0,40.0,44.0,4400.0,1698.0,1419.0,2575.0,160.0,118.0,617.0,35.6,2968.0,0.0,57.0
5.3,1.0,7.0,9.0,4.0,12.0,1242.0,60.0,10.0,5500.0,9999.0,9999.0,9999.0,11.43,9999.0,9999.0,12.5,1010.0,500.0,16.8,15.0,23.0,2.0,28.0,33.0,39.0,42.0,4025.0,1755.0,1420.0,2540.0,173.0,113.0,9999.0,30.8,3.5,50.0,54.0
5.3,1.0,8.0,9.0,5.0,12.0,2387.0,100.0,18.0,4000.0,9999.0,9999.0,9999.0,16.0,9999.0,9999.0,10.0,1295.0,590.0,13.0,15.0,21.0,1.0,29.0,34.0,38.0,43.0,4390.0,1741.0,1420.0,2540.0,197.0,304.0,9999.0,47.5,2371.0,51.0,57.0
5.3,1.0,7.0,9.0,4.0,12.0,1396.0,62.0,11.0,6000.0,9999.0,9999.0,9999.0,9.9,9999.0,9999.0,11.8,1010.0,490.0,16.3,15.0,21.0,2.0,28.0,33.0,39.0,42.0,3990.0,1688.0,1417.0,2500.0,180.0,110.0,9999.0,33.2,3215.0,50.0,54.0
5.3,1.0,7.0,9.0,4.0,12.0,1396.0,76.0,11.0,6000.0,9999.0,9999.0,9999.0,11.07,9999.0,9999.0,10.2,1030.0,470.0,13.6,15.0,21.0,2.0,28.0,33.0,39.0,42.0,3990.0,1688.0,1417.0,2500.0,185.0,123.0,9999.0,33.2,3215.0,50.0,54.0
5.3,1.0,7.0,9.0,4.0,12.0,1588.0,80.0,11.0,6000.0,9999.0,9999.0,9999.0,10.92,9999.0,9999.0,9.5,1030.0,470.0,12.9,15.0,21.0,2.0,28.0,33.0,39.0,42.0,3990.0,1688.0,1417.0,2500.0,188.0,138.0,9999.0,33.2,3215.0,50.0,54.0
5.3,1.0,7.0,9.0,4.0,12.0,998.0,40.0,10.0,6000.0,650.0,9999.0,9999.0,9.95,9999.0,9999.0,16.4,835.0,505.0,20.9,15.0,24.0,2.0,28.0,33.0,38.0,42.0,3720.0,1585.0,1440.0,2360.0,150.0,79.0,0.6509999999999999,29.7,3.4,50.0,54.0
5.3,1.0,7.0,9.0,4.0,12.0,998.0,40.0,10.0,6000.0,650.0,9999.0,9999.0,9.95,9999.0,9999.0,16.4,835.0,505.0,20.9,15.0,24.0,2.0,28.0,33.0,38.0,42.0,3720.0,1585.0,1440.0,2360.0,150.0,79.0,0.6509999999999999,29.7,3.4,50.0,54.0
5.3,1.0,7.0,9.0,4.0,12.0,1275.0,55.0,10.0,6000.0,650.0,9999.0,9999.0,10.15,9999.0,9999.0,13.7,880.0,505.0,16.0,15.0,24.0,2.0,28.0,33.0,38.0,42.0,3720.0,1585.0,1440.0,2360.0,170.0,103.0,0.6509999999999999,38.9,2.69,50.0,54.0
5.3,1.0,7.0,9.0,4.0,12.0,1341.0,55.0,10.0,5400.0,9999.0,9999.0,9999.0,10.68,9999.0,9999.0,14.7,990.0,565.0,18.0,15.0,21.0,1.0,28.0,33.0,38.0,42.0,4200.0,1670.0,1395.0,2440.0,163.0,114.0,0.67,35.0,3.11,50.0,54.0
5.3,1.0,7.0,9.0,4.0,12.0,1341.0,55.0,10.0,5400.0,9999.0,9999.0,9999.0,10.68,9999.0,9999.0,14.7,990.0,565.0,18.0,15.0,21.0,1.0,28.0,33.0,38.0,42.0,4200.0,1670.0,1395.0,2440.0,163.0,114.0,0.67,35.0,3.11,50.0,54.0
5.3,2.0,8.0,9.0,4.0,12.0,2151.0,75.0,19.0,4200.0,750.0,4750.0,4800.0,13.73,5.5,9.0,13.9,1420.0,550.0,18.9,15.0,19.0,2.0,29.0,34.0,38.0,43.0,4516.0,1723.0,1458.0,2690.0,179.0,235.0,0.6829999999999999,45.6,2548.0,51.0,55.0
5.3,2.0,8.0,9.0,4.0,12.0,2151.0,92.0,19.0,4200.0,750.0,4750.0,4800.0,17.53,4.5,7.4,11.3,1420.0,550.0,15.4,15.0,19.0,2.0,29.0,34.0,38.0,43.0,4516.0,1723.0,1458.0,2690.0,192.0,300.0,0.6829999999999999,45.6,2548.0,51.0,55.0
5.3,1.0,8.0,9.0,4.0,12.0,1896.0,85.0,18.0,4000.0,900.0,5000.0,9999.0,20.55,9999.0,9999.0,12.2,1370.0,550.0,16.1,15.0,21.0,1.0,29.0,34.0,38.0,45.0,4479.0,1733.0,1416.0,2617.0,192.0,310.0,67.0,50.6,2294.0,51.0,57.0
5.3,1.0,8.0,9.0,4.0,12.0,1896.0,81.0,20.0,4150.0,830.0,5000.0,9999.0,15.58,9999.0,9.6,14.8,1500.0,580.0,18.5,15.0,21.0,1.0,29.0,34.0,38.0,44.0,4796.0,1810.0,1479.0,2760.0,189.0,235.0,635.0,46.2,2.56,51.0,57.0
5.3,1.0,8.0,9.0,6.0,13.0,2496.0,110.0,20.0,4000.0,750.0,4800.0,9999.0,15.61,9999.0,7.0,9.9,1585.0,580.0,14.4,15.0,23.0,4.0,29.0,34.0,38.0,46.0,4796.0,1810.0,1479.0,2760.0,216.0,310.0,679.0,53.2,2174.0,51.0,57.0
5.3,1.0,7.0,9.0,4.0,12.0,1388.0,55.0,11.0,5000.0,9999.0,9999.0,9999.0,11.14,9999.0,9999.0,14.4,1115.0,515.0,20.3,15.0,23.0,2.0,28.0,33.0,38.0,42.0,4438.0,1702.0,1465.0,2615.0,171.0,123.0,675.0,35.5,3.69,50.0,54.0
5.3,1.0,8.0,9.0,4.0,12.0,1905.0,55.0,23.0,4600.0,800.0,9999.0,9999.0,8.91,9999.0,9999.0,16.8,1194.0,516.0,21.7,15.0,21.0,1.0,28.0,35.0,40.0,44.0,4354.0,1698.0,1420.0,2540.0,168.0,135.0,623.0,37.3,2923.0,51.0,57.0
5.3,1.0,8.0,9.0,5.0,12.0,2387.0,100.0,18.0,4000.0,9999.0,9999.0,9999.0,16.0,9999.0,9999.0,10.0,1355.0,595.0,13.6,15.0,21.0,1.0,29.0,34.0,38.0,43.0,4487.0,1741.0,1500.0,2540.0,197.0,304.0,9999.0,47.5,2371.0,51.0,57.0
5.3,1.0,8.0,11.0,4.0,12.0,1896.0,66.0,20.0,4000.0,860.0,5000.0,9999.0,13.92,9999.0,11.9,19.3,1659.0,741.0,25.1,15.0,21.0,1.0,29.0,34.0,38.0,47.0,4620.0,1810.0,1730.0,2846.0,160.0,210.0,831.0,40.7,2.854,51.0,57.0
5.4,2.0,8.0,9.0,5.0,12.0,2688.0,125.0,18.0,4200.0,680.0,4750.0,4600.0,17.3,3.9,6.6,9.0,1580.0,570.0,12.6,15.0,19.0,2.0,29.0,34.0,38.0,43.0,4818.0,1799.0,1440.0,2833.0,225.0,370.0,629.0,54.1,2173.0,50.0,57.0
5.4,2.0,8.0,9.0,5.0,12.0,2685.0,125.0,18.0,4200.0,680.0,4750.0,4600.0,17.32,9999.0,9999.0,8.9,1525.0,555.0,12.2,15.0,19.0,2.0,29.0,34.0,38.0,43.0,4526.0,1728.0,1427.0,2715.0,230.0,370.0,9999.0,56.4,2.1,50.0,57.0
5.4,1.0,8.0,9.0,6.0,13.0,2496.0,132.0,19.0,4000.0,9999.0,9999.0,9999.0,18.63,9999.0,9999.0,8.8,1630.0,600.0,12.3,15.0,23.0,4.0,29.0,34.0,38.0,46.0,5041.0,1880.0,1440.0,2882.0,227.0,370.0,675.0,54.9,2.3,51.0,57.0
5.4,2.0,8.0,9.0,6.0,12.0,2926.0,135.0,18.0,4000.0,9999.0,9999.0,9999.0,16.75,9999.0,9999.0,7.8,1520.0,500.0,11.3,15.0,18.0,2.0,29.0,34.0,38.0,43.0,4471.0,1739.0,1415.0,2725.0,227.0,390.0,639.0,51.2,2.3,51.0,57.0
5.4,1.0,8.0,9.0,4.0,12.0,1995.0,60.0,19.0,4300.0,800.0,9999.0,9999.0,11.65,9999.0,9999.0,15.5,1275.0,520.0,21.3,15.0,18.0,1.0,29.0,34.0,38.0,48.0,4252.0,1709.0,1425.0,2606.0,170.0,185.0,589.0,44.7,2.6,51.0,56.0
5.4,1.0,8.0,9.0,4.0,12.0,1995.0,60.0,19.0,4300.0,800.0,9999.0,9999.0,11.65,9999.0,9999.0,15.5,1255.0,520.0,20.9,15.0,18.0,1.0,29.0,34.0,38.0,48.0,4110.0,1709.0,1425.0,2606.0,170.0,185.0,609.0,44.7,2.6,51.0,56.0
5.4,1.0,8.0,9.0,4.0,12.0,1995.0,60.0,19.0,4300.0,800.0,9999.0,9999.0,11.65,9999.0,9999.0,15.5,1275.0,520.0,21.3,15.0,18.0,1.0,29.0,34.0,38.0,48.0,4110.0,1709.0,1425.0,2606.0,170.0,185.0,629.0,44.7,2.6,51.0,56.0
5.4,1.0,7.0,9.0,4.0,12.0,1390.0,55.0,11.0,5000.0,9999.0,9999.0,9999.0,11.57,9999.0,9999.0,14.3,1135.0,545.0,20.6,15.0,21.0,2.0,28.0,33.0,39.0,42.0,4183.0,1742.0,1439.0,2511.0,170.0,128.0,9999.0,32.2,3.618,50.0,54.0
5.4,1.0,7.0,9.0,4.0,12.0,997.0,37.0,10.0,5000.0,9999.0,9999.0,9999.0,10.59,9999.0,9999.0,20.9,1036.0,465.0,28.0,16.0,24.0,1.0,28.0,33.0,39.0,42.0,3960.0,1646.0,1451.0,2462.0,148.0,84.0,0.6629999999999999,29.0,3.646,50.0,54.0
5.4,1.0,7.0,9.0,4.0,12.0,1124.0,44.0,9.0,6200.0,850.0,9999.0,9999.0,9.84,9999.0,9999.0,15.3,805.0,505.0,18.3,15.0,21.0,1.0,28.0,36.0,39.0,42.0,3718.0,1595.0,1368.0,2385.0,162.0,88.0,601.0,30.5,3287.0,50.0,54.0
5.4,1.0,7.0,9.0,4.0,12.0,1361.0,55.0,10.0,5500.0,9999.0,9999.0,9999.0,10.25,9999.0,9999.0,12.9,840.0,480.0,15.3,15.0,21.0,1.0,28.0,33.0,39.0,42.0,3718.0,1595.0,1368.0,2385.0,175.0,111.0,619.0,35.7,2884.0,50.0,54.0
5.4,1.0,8.0,9.0,4.0,12.0,1870.0,47.0,22.0,4500.0,825.0,4600.0,5200.0,7.93,9999.0,9999.0,16.5,1110.0,560.0,23.6,15.0,21.0,1.0,28.0,35.0,40.0,44.0,4129.0,1696.0,1419.0,2575.0,168.0,118.0,637.0,35.6,2968.0,0.0,57.0
5.4,1.0,8.0,9.0,4.0,12.0,1870.0,40.0,22.0,4000.0,9999.0,9999.0,9999.0,8.06,9999.0,9999.0,21.3,1025.0,655.0,25.6,15.0,21.0,1.0,28.0,35.0,39.0,44.0,3995.0,1663.0,1827.0,2600.0,135.0,120.0,914.0,39.3,2733.0,51.0,57.0
5.4,1.0,8.0,9.0,5.0,12.0,2461.0,103.0,21.0,4000.0,810.0,9999.0,9999.0,14.81,9999.0,9999.0,11.5,1597.0,543.0,15.5,15.0,21.0,1.0,29.0,34.0,38.0,44.0,4822.0,1832.0,1434.0,2791.0,200.0,290.0,9999.0,47.2,2.59,51.0,57.0
5.4,1.0,8.0,9.0,5.0,12.0,2387.0,100.0,18.0,4000.0,9999.0,9999.0,9999.0,16.0,9999.0,9999.0,9.5,1350.0,500.0,13.5,15.0,21.0,1.0,29.0,34.0,38.0,43.0,4430.0,1745.0,1415.0,2595.0,203.0,304.0,639.0,46.8,2423.0,51.0,57.0
5.4,1.0,7.0,9.0,4.0,12.0,1242.0,60.0,10.0,5500.0,9999.0,9999.0,9999.0,11.43,9999.0,9999.0,13.0,1040.0,530.0,17.3,15.0,23.0,2.0,28.0,33.0,39.0,42.0,4187.0,1741.0,1420.0,2540.0,170.0,113.0,9999.0,30.8,3.5,50.0,54.0
5.4,1.0,7.0,9.0,4.0,12.0,1242.0,44.0,10.0,5500.0,900.0,9999.0,9999.0,9.92,9999.0,9999.0,13.3,865.0,465.0,19.7,15.0,21.0,1.0,28.0,36.0,39.0,42.0,3723.0,1690.0,1435.0,2380.0,160.0,98.0,9999.0,29.9,3488.0,50.0,54.0
5.4,1.0,8.0,9.0,4.0,12.0,1929.0,66.0,19.0,4100.0,880.0,4950.0,9999.0,12.12,9999.0,9999.0,12.0,1262.0,518.0,19.1,15.0,21.0,1.0,29.0,37.0,40.0,44.0,4011.0,1759.0,1401.0,2540.0,180.0,186.0,9999.0,43.6,2.51,51.0,57.0
5.4,1.0,8.0,9.0,5.0,12.0,2387.0,99.0,18.0,4000.0,9999.0,9999.0,9999.0,16.0,9999.0,9999.0,9.9,1370.0,520.0,13.8,15.0,21.0,1.0,29.0,34.0,38.0,43.0,4466.0,1743.0,1462.0,2593.0,200.0,304.0,9999.0,48.9,2374.0,51.0,57.0
5.4,1.0,7.0,9.0,4.0,12.0,998.0,40.0,10.0,6000.0,775.0,9999.0,9999.0,9.95,9999.0,9999.0,19.7,860.0,495.0,21.5,15.0,24.0,2.0,28.0,33.0,38.0,42.0,3720.0,1585.0,1440.0,2360.0,150.0,79.0,0.6509999999999999,32.9,3.52,50.0,54.0
5.4,1.0,7.0,9.0,4.0,12.0,999.0,40.0,10.0,5500.0,9999.0,9999.0,9999.0,10.31,9999.0,9999.0,15.1,847.0,469.0,21.2,15.0,21.0,1.0,28.0,33.0,39.0,42.0,3495.0,1495.0,1615.0,2380.0,142.0,82.0,0.88,28.2,3551.0,51.0,54.0
5.4,1.0,7.0,9.0,4.0,12.0,999.0,40.0,10.0,5500.0,9999.0,9999.0,9999.0,10.31,9999.0,9999.0,17.9,847.0,469.0,21.2,15.0,21.0,1.0,28.0,33.0,39.0,42.0,3495.0,1495.0,1615.0,2380.0,142.0,82.0,0.88,28.2,3551.0,51.0,54.0
5.4,1.0,7.0,9.0,4.0,12.0,999.0,40.0,10.0,5500.0,9999.0,9999.0,9999.0,10.31,9999.0,9999.0,15.1,847.0,469.0,21.2,15.0,21.0,1.0,28.0,33.0,39.0,42.0,3495.0,1495.0,1580.0,2380.0,142.0,82.0,0.7959999999999999,28.2,3551.0,51.0,54.0
5.4,1.0,8.0,9.0,4.0,12.0,1753.0,66.0,22.0,4500.0,850.0,9999.0,9999.0,12.9,9999.0,9999.0,12.0,1195.0,540.0,18.1,15.0,21.0,1.0,29.0,35.0,38.0,44.0,4302.0,1700.0,1461.0,2523.0,177.0,180.0,0.64,38.6,2741.0,51.0,57.0
5.4,1.0,8.0,9.0,4.0,12.0,1896.0,66.0,20.0,4000.0,820.0,5000.0,9999.0,13.92,9999.0,10.3,16.0,1365.0,555.0,20.7,15.0,21.0,1.0,29.0,34.0,38.0,47.0,4669.0,1740.0,1496.0,2704.0,171.0,210.0,688.0,42.5,2.7,51.0,57.0
5.4,1.0,7.0,9.0,4.0,12.0,1390.0,55.0,11.0,5000.0,750.0,6100.0,9999.0,11.57,9999.0,10.0,15.2,1189.0,546.0,21.6,15.0,21.0,2.0,28.0,33.0,39.0,42.0,4397.0,1735.0,1485.0,2515.0,171.0,128.0,0.6779999999999999,32.1,3.618,50.0,54.0
5.4,1.0,7.0,9.0,4.0,12.0,1390.0,55.0,11.0,5000.0,750.0,6100.0,9999.0,11.39,9999.0,8.8,13.4,1073.0,460.0,19.5,15.0,21.0,2.0,28.0,33.0,39.0,42.0,4137.0,1640.0,1459.0,2444.0,167.0,126.0,706.0,32.1,3298.0,52.0,54.0
5.4,1.0,8.0,11.0,4.0,12.0,1896.0,66.0,18.0,4000.0,860.0,9999.0,9999.0,15.91,9999.0,9999.0,17.9,1645.0,770.0,24.9,15.0,21.0,1.0,29.0,34.0,38.0,45.0,4620.0,1810.0,1730.0,2835.0,160.0,240.0,884.0,40.7,2.854,51.0,57.0
5.4,1.0,8.0,11.0,4.0,12.0,1896.0,81.0,20.0,4150.0,860.0,9999.0,9999.0,15.58,9999.0,10.8,16.4,1654.0,796.0,20.4,15.0,21.0,1.0,29.0,34.0,38.0,44.0,4620.0,1810.0,1730.0,2835.0,172.0,235.0,831.0,40.7,2.854,51.0,57.0
5.5,1.0,7.0,9.0,4.0,12.0,1297.0,44.0,10.0,5000.0,9999.0,9999.0,9999.0,10.17,9999.0,9999.0,15.4,890.0,375.0,20.2,16.0,18.0,1.0,28.0,33.0,38.0,42.0,3620.0,1639.0,1413.0,2448.0,155.0,105.0,677.0,32.4,3.69,50.0,54.0
5.5,1.0,7.0,9.0,4.0,12.0,1598.0,74.0,11.0,6000.0,850.0,9999.0,9999.0,11.8,9999.0,9999.0,12.5,1205.0,580.0,16.3,15.0,21.0,2.0,28.0,33.0,38.0,42.0,4495.0,1707.0,1425.0,2637.0,193.0,150.0,557.0,30.7,3667.0,52.0,56.0
5.5,1.0,7.0,9.0,4.0,12.0,1389.0,66.0,11.0,6000.0,900.0,9999.0,6500.0,11.31,9999.0,9999.0,11.5,995.0,335.0,15.1,15.0,21.0,2.0,28.0,33.0,38.0,42.0,3922.0,1596.0,1332.0,2443.0,190.0,125.0,552.0,32.0,3.329,52.0,56.0
5.5,1.0,7.0,9.0,4.0,12.0,1397.0,50.0,10.0,5000.0,9999.0,9999.0,9999.0,10.79,9999.0,9999.0,15.5,1064.0,485.0,21.3,16.0,24.0,1.0,28.0,33.0,39.0,42.0,3960.0,1646.0,1451.0,2462.0,160.0,120.0,0.6629999999999999,34.5,3113.0,50.0,54.0
5.5,1.0,7.0,9.0,4.0,12.0,1390.0,74.0,11.0,6000.0,840.0,6800.0,9999.0,11.39,9999.0,9999.0,11.5,1073.0,495.0,14.5,15.0,21.0,2.0,28.0,33.0,39.0,42.0,3960.0,1646.0,1451.0,2462.0,185.0,126.0,0.6829999999999999,30.6,3.459,52.0,54.0
5.5,1.0,8.0,9.0,4.0,12.0,1905.0,66.0,22.0,4000.0,800.0,4500.0,9999.0,12.93,9999.0,9999.0,13.9,1312.0,528.0,19.9,15.0,21.0,1.0,29.0,35.0,39.0,44.0,4524.0,1755.0,1400.0,2740.0,177.0,196.0,0.68,40.3,2818.0,51.0,57.0
5.5,1.0,7.0,9.0,4.0,12.0,1242.0,59.0,11.0,5000.0,9999.0,9999.0,9999.0,11.53,9999.0,9999.0,12.6,960.0,510.0,16.3,15.0,21.0,2.0,28.0,33.0,39.0,42.0,3800.0,1660.0,1480.0,2460.0,165.0,114.0,9999.0,44.5,2416.0,50.0,54.0
5.5,1.0,7.0,9.0,4.0,12.0,1242.0,59.0,11.0,5000.0,9999.0,9999.0,9999.0,11.53,9999.0,9999.0,12.6,960.0,510.0,16.3,15.0,21.0,2.0,28.0,33.0,39.0,42.0,3800.0,1660.0,1480.0,2460.0,165.0,114.0,9999.0,54.8,1.961,50.0,54.0
5.5,1.0,7.0,9.0,4.0,12.0,1396.0,76.0,11.0,6000.0,9999.0,9999.0,9999.0,11.07,9999.0,9999.0,11.2,1105.0,535.0,14.5,15.0,21.0,2.0,28.0,33.0,39.0,42.0,4517.0,1696.0,1394.0,2620.0,185.0,123.0,9999.0,32.7,3363.0,50.0,54.0
5.5,1.0,7.0,9.0,4.0,12.0,1396.0,76.0,11.0,6000.0,9999.0,9999.0,9999.0,11.07,9999.0,9999.0,11.2,1105.0,535.0,14.5,15.0,21.0,2.0,28.0,33.0,39.0,42.0,4517.0,1696.0,1394.0,2620.0,185.0,123.0,9999.0,32.7,3363.0,50.0,54.0
5.5,1.0,7.0,9.0,3.0,12.0,989.0,41.0,10.0,5200.0,9999.0,9999.0,9999.0,11.18,9999.0,9999.0,16.5,845.0,475.0,20.6,15.0,23.0,2.0,28.0,33.0,39.0,42.0,3675.0,1590.0,1450.0,2345.0,140.0,88.0,9999.0,33.6,3.17,50.0,54.0
5.5,1.0,7.0,9.0,4.0,12.0,1493.0,84.0,10.0,6500.0,9999.0,9999.0,9999.0,11.28,9999.0,9999.0,10.3,1000.0,500.0,11.9,15.0,21.0,1.0,28.0,33.0,39.0,42.0,4190.0,1695.0,1375.0,2620.0,188.0,134.0,9999.0,38.8,2.729,50.0,54.0
5.5,1.0,7.0,9.0,4.0,12.0,1493.0,84.0,10.0,6500.0,9999.0,9999.0,9999.0,11.28,9999.0,9999.0,10.4,1025.0,480.0,12.2,15.0,21.0,1.0,28.0,33.0,39.0,42.0,4460.0,1695.0,1390.0,2620.0,192.0,134.0,9999.0,38.8,2.729,50.0,54.0
5.5,1.0,7.0,9.0,4.0,12.0,1299.0,63.0,11.0,6000.0,9999.0,9999.0,9999.0,12.0,9999.0,9999.0,12.5,980.0,520.0,15.6,15.0,20.0,2.0,28.0,33.0,38.0,42.0,3860.0,1690.0,1680.0,2500.0,165.0,124.0,9999.0,30.4,3.56,50.0,54.0
5.5,1.0,7.0,9.0,4.0,12.0,1299.0,63.0,11.0,6000.0,9999.0,9999.0,9999.0,12.0,9999.0,9999.0,13.1,925.0,450.0,14.7,15.0,20.0,2.0,28.0,33.0,38.0,42.0,3615.0,1660.0,1500.0,2370.0,165.0,124.0,9999.0,35.8,2.9810000000000003,50.0,54.0
5.5,2.0,8.0,9.0,4.0,12.0,2151.0,105.0,18.0,4200.0,750.0,4750.0,4600.0,18.4,4.5,7.6,10.9,1620.0,650.0,15.4,15.0,19.0,2.0,29.0,34.0,38.0,43.0,4839.0,1799.0,1504.0,2833.0,205.0,315.0,685.0,54.5,2173.0,50.0,55.0
5.5,1.0,7.0,9.0,4.0,12.0,1390.0,44.0,10.0,4700.0,870.0,6000.0,9999.0,10.49,9999.0,10.3,16.3,1059.0,460.0,24.1,15.0,21.0,1.0,28.0,33.0,39.0,42.0,4137.0,1640.0,1459.0,2444.0,155.0,116.0,706.0,32.1,3298.0,50.0,54.0
5.5,1.0,8.0,11.0,4.0,12.0,1995.0,60.0,19.0,4300.0,800.0,9999.0,9999.0,11.65,9999.0,9999.0,17.0,1430.0,615.0,23.8,15.0,18.0,1.0,29.0,34.0,38.0,48.0,4317.0,1742.0,1634.0,2694.0,160.0,185.0,0.78,40.3,2877.0,51.0,57.0
5.5,1.0,8.0,11.0,4.0,12.0,1910.0,77.0,18.0,4000.0,9999.0,9999.0,9999.0,13.16,9999.0,9999.0,12.4,1370.0,560.0,17.8,15.0,21.0,1.0,29.0,34.0,38.0,43.0,3994.0,1871.0,1695.0,2666.0,170.0,200.0,0.7390000000000001,41.5,2736.0,51.0,57.0
5.6,1.0,7.0,9.0,4.0,12.0,1397.0,60.0,11.0,5000.0,750.0,5750.0,6000.0,11.69,5.2,8.1,12.9,1020.0,460.0,17.0,15.0,18.0,1.0,28.0,33.0,38.0,42.0,3575.0,1719.0,1575.0,2423.0,170.0,130.0,713.0,37.3,2826.0,50.0,54.0
5.6,1.0,7.0,9.0,4.0,12.0,1397.0,60.0,11.0,5000.0,750.0,5750.0,6000.0,11.69,5.2,8.1,12.9,1020.0,460.0,17.0,15.0,18.0,1.0,28.0,33.0,38.0,42.0,3575.0,1719.0,1575.0,2423.0,170.0,130.0,713.0,37.3,2826.0,50.0,54.0
5.6,1.0,7.0,9.0,4.0,12.0,1598.0,74.0,11.0,6000.0,850.0,9999.0,9999.0,11.8,9999.0,9999.0,12.5,1220.0,580.0,16.5,15.0,21.0,2.0,28.0,33.0,38.0,42.0,4495.0,1707.0,1425.0,2637.0,193.0,150.0,557.0,30.7,3667.0,52.0,56.0
5.6,1.0,7.0,9.0,4.0,12.0,973.0,43.0,10.0,5600.0,900.0,9999.0,9999.0,10.98,9999.0,9999.0,18.0,940.0,385.0,21.9,15.0,18.0,2.0,28.0,33.0,39.0,42.0,3500.0,1620.0,1695.0,2360.0,142.0,85.0,866.0,28.4,3.6,50.0,54.0
5.6,1.0,8.0,9.0,4.0,12.0,1905.0,51.0,23.0,4600.0,800.0,9999.0,9999.0,7.92,9999.0,9999.0,19.9,1185.0,655.0,23.2,15.0,21.0,1.0,28.0,35.0,40.0,44.0,4108.0,1719.0,1802.0,2690.0,142.0,120.0,973.0,35.6,3.95,51.0,57.0
5.6,1.0,8.0,9.0,4.0,12.0,2088.0,80.0,22.0,4300.0,675.0,5150.0,9999.0,15.05,9999.0,9999.0,12.9,1463.0,582.0,18.3,15.0,21.0,1.0,29.0,35.0,40.0,44.0,4708.0,1794.0,1389.0,2850.0,192.0,250.0,636.0,43.9,2647.0,51.0,57.0
5.6,1.0,7.0,9.0,4.0,12.0,1587.0,65.0,10.0,5600.0,850.0,6500.0,9999.0,10.69,9999.0,9999.0,11.7,1025.0,9999.0,15.8,15.0,21.0,1.0,28.0,33.0,39.0,42.0,3822.0,1652.0,1435.0,2442.0,185.0,135.0,0.65,33.4,3196.0,50.0,54.0
5.6,1.0,7.0,9.0,4.0,12.0,1361.0,55.0,10.0,5500.0,850.0,6500.0,9999.0,10.25,9999.0,9999.0,13.2,815.0,500.0,14.8,15.0,21.0,1.0,28.0,33.0,39.0,42.0,3678.0,1588.0,1380.0,2385.0,180.0,111.0,564.0,36.2,2888.0,50.0,54.0
5.6,1.0,7.0,9.0,4.0,12.0,1361.0,55.0,10.0,5500.0,850.0,6500.0,9999.0,10.25,9999.0,9999.0,17.3,980.0,500.0,17.8,15.0,21.0,1.0,28.0,33.0,39.0,42.0,3822.0,1652.0,1435.0,2442.0,160.0,111.0,0.65,47.3,2.257,50.0,54.0
5.6,1.0,7.0,9.0,4.0,12.0,1361.0,55.0,10.0,5500.0,850.0,6500.0,9999.0,10.25,9999.0,9999.0,17.3,980.0,500.0,17.8,15.0,21.0,1.0,28.0,33.0,39.0,42.0,3822.0,1652.0,1435.0,2442.0,160.0,111.0,0.65,47.3,2.257,50.0,54.0
5.6,1.0,7.0,9.0,4.0,12.0,1242.0,59.0,11.0,5000.0,9999.0,9999.0,9999.0,11.53,9999.0,9999.0,12.3,960.0,510.0,16.3,15.0,21.0,2.0,28.0,33.0,39.0,42.0,3800.0,1660.0,1480.0,2460.0,165.0,114.0,9999.0,37.9,2798.0,50.0,54.0
5.6,1.0,7.0,9.0,4.0,12.0,1242.0,59.0,11.0,5000.0,9999.0,9999.0,9999.0,11.53,9999.0,9999.0,12.3,960.0,510.0,16.3,15.0,21.0,2.0,28.0,33.0,39.0,42.0,3800.0,1660.0,1480.0,2460.0,165.0,114.0,9999.0,54.0,1.961,50.0,54.0
5.6,1.0,7.0,9.0,4.0,12.0,1242.0,59.0,11.0,5000.0,9999.0,9999.0,9999.0,11.53,9999.0,9999.0,12.6,975.0,510.0,16.5,15.0,21.0,2.0,28.0,33.0,39.0,42.0,3835.0,1660.0,1480.0,2460.0,165.0,114.0,9999.0,44.5,2416.0,50.0,54.0
5.6,1.0,7.0,9.0,4.0,12.0,1588.0,80.0,11.0,6000.0,9999.0,9999.0,9999.0,10.92,9999.0,9999.0,10.3,1105.0,535.0,13.8,15.0,21.0,2.0,28.0,33.0,39.0,42.0,4517.0,1696.0,1394.0,2620.0,190.0,138.0,9999.0,34.2,3215.0,50.0,54.0
5.6,1.0,7.0,9.0,4.0,12.0,1499.0,66.0,10.0,6200.0,9999.0,9999.0,9999.0,9.98,9999.0,9999.0,10.8,885.0,525.0,13.4,15.0,21.0,1.0,28.0,33.0,39.0,42.0,4085.0,1620.0,1390.0,2395.0,170.0,119.0,9999.0,34.1,3.16,50.0,54.0
5.6,1.0,7.0,9.0,4.0,12.0,1296.0,62.0,10.0,6500.0,850.0,9999.0,9999.0,10.18,9999.0,9999.0,13.4,830.0,530.0,13.4,15.0,21.0,1.0,28.0,33.0,39.0,42.0,3780.0,1620.0,1390.0,2395.0,170.0,105.0,9999.0,34.1,3.16,50.0,54.0
5.6,1.0,7.0,9.0,4.0,12.0,1493.0,84.0,10.0,6500.0,750.0,9999.0,9999.0,11.28,9999.0,9999.0,11.6,1065.0,485.0,12.7,15.0,21.0,1.0,28.0,33.0,39.0,42.0,4325.0,1695.0,1390.0,2620.0,192.0,134.0,9999.0,38.8,2.729,52.0,54.0
5.6,1.0,7.0,9.0,4.0,12.0,1834.0,92.0,12.0,5500.0,600.0,9999.0,9999.0,11.92,9999.0,9999.0,10.4,1195.0,510.0,13.0,15.0,21.0,2.0,28.0,34.0,38.0,48.0,4475.0,1710.0,1405.0,2550.0,200.0,174.0,9999.0,34.9,3228.0,52.0,54.0
5.6,1.0,7.0,9.0,4.0,12.0,1834.0,92.0,12.0,5500.0,600.0,9999.0,9999.0,11.92,9999.0,9999.0,10.4,1195.0,520.0,13.0,15.0,21.0,2.0,28.0,34.0,38.0,48.0,4475.0,1710.0,1405.0,2550.0,200.0,174.0,9999.0,34.9,3228.0,52.0,54.0
5.6,1.0,7.0,9.0,4.0,12.0,1834.0,92.0,12.0,5500.0,600.0,9999.0,9999.0,11.92,9999.0,9999.0,10.4,1215.0,520.0,13.2,15.0,21.0,2.0,28.0,34.0,38.0,48.0,4475.0,1710.0,1405.0,2550.0,200.0,174.0,9999.0,34.9,3228.0,52.0,54.0
5.6,1.0,7.0,9.0,4.0,12.0,1834.0,92.0,12.0,5500.0,600.0,9999.0,9999.0,11.92,9999.0,9999.0,10.4,1250.0,485.0,13.6,15.0,21.0,2.0,28.0,34.0,38.0,48.0,4475.0,1710.0,1405.0,2550.0,200.0,174.0,9999.0,34.9,3228.0,52.0,54.0
5.6,1.0,7.0,9.0,4.0,12.0,1299.0,63.0,10.0,6000.0,9999.0,9999.0,9999.0,10.25,9999.0,9999.0,12.5,890.0,510.0,14.1,15.0,21.0,1.0,28.0,33.0,38.0,42.0,3900.0,1680.0,1395.0,2380.0,160.0,106.0,9999.0,31.5,3346.0,50.0,54.0
5.6,1.0,7.0,9.0,4.0,12.0,1299.0,63.0,10.0,6000.0,9999.0,9999.0,9999.0,10.25,9999.0,9999.0,12.5,930.0,520.0,14.8,15.0,21.0,1.0,28.0,33.0,38.0,42.0,4225.0,1690.0,1390.0,2480.0,160.0,106.0,9999.0,31.5,3346.0,50.0,54.0
5.6,1.0,7.0,9.0,4.0,12.0,1324.0,47.0,10.0,5200.0,9999.0,9999.0,9999.0,9.68,9999.0,9999.0,14.1,793.0,467.0,16.9,15.0,21.0,1.0,28.0,33.0,39.0,42.0,3565.0,1605.0,1460.0,2295.0,150.0,102.0,9999.0,37.9,2625.0,50.0,54.0
5.6,1.0,7.0,9.0,4.0,12.0,1324.0,47.0,10.0,5200.0,9999.0,9999.0,9999.0,9.68,9999.0,9999.0,14.1,848.0,422.0,18.0,15.0,21.0,1.0,28.0,33.0,39.0,42.0,3615.0,1605.0,1455.0,2345.0,150.0,102.0,9999.0,37.9,2625.0,50.0,54.0
5.6,2.0,8.0,9.0,5.0,12.0,2688.0,125.0,18.0,4200.0,680.0,4750.0,4600.0,17.3,4.2,7.0,9.5,1680.0,650.0,13.4,15.0,19.0,2.0,29.0,34.0,38.0,43.0,4839.0,1799.0,1505.0,2833.0,215.0,370.0,723.0,54.1,2173.0,50.0,57.0
5.6,2.0,8.0,9.0,6.0,12.0,2926.0,135.0,18.0,4000.0,9999.0,9999.0,9999.0,16.75,9999.0,9999.0,7.9,1590.0,540.0,11.8,15.0,18.0,2.0,29.0,34.0,38.0,43.0,4478.0,1739.0,1409.0,2725.0,225.0,390.0,0.68,51.2,2.3,51.0,57.0
5.6,2.0,8.0,9.0,6.0,12.0,2497.0,120.0,22.0,4000.0,9999.0,9999.0,9999.0,17.61,9999.0,9999.0,9.4,1685.0,625.0,14.0,15.0,18.0,2.0,29.0,34.0,38.0,43.0,4808.0,1799.0,1445.0,2827.0,215.0,350.0,0.6940000000000001,45.1,2.6,51.0,57.0
5.6,1.0,7.0,9.0,4.0,12.0,1596.0,74.0,11.0,6000.0,9999.0,9999.0,9999.0,11.42,9999.0,9999.0,11.3,1118.0,517.0,15.1,15.0,23.0,2.0,28.0,33.0,38.0,42.0,4438.0,1702.0,1484.0,2615.0,185.0,145.0,645.0,35.5,3.69,52.0,54.0
5.6,1.0,8.0,9.0,4.0,12.0,1905.0,66.0,22.0,4000.0,800.0,4500.0,9999.0,12.93,9999.0,9999.0,15.2,1360.0,550.0,20.6,15.0,21.0,1.0,29.0,35.0,39.0,44.0,4712.0,1755.0,1420.0,2740.0,172.0,196.0,0.7040000000000001,40.3,2818.0,51.0,57.0
5.6,1.0,8.0,9.0,5.0,12.0,2387.0,100.0,18.0,4000.0,9999.0,9999.0,9999.0,16.0,9999.0,9999.0,9.9,1400.0,495.0,14.0,15.0,21.0,1.0,29.0,34.0,38.0,43.0,4430.0,1745.0,1420.0,2595.0,203.0,304.0,639.0,46.8,2423.0,51.0,57.0
5.6,1.0,7.0,9.0,4.0,12.0,1324.0,47.0,10.0,5200.0,9999.0,9999.0,9999.0,9.68,9999.0,9999.0,14.1,848.0,462.0,18.0,15.0,21.0,1.0,28.0,33.0,39.0,42.0,3940.0,1605.0,1460.0,2345.0,150.0,102.0,9999.0,37.9,2625.0,50.0,54.0
5.6,1.0,8.0,11.0,4.0,12.0,1896.0,66.0,20.0,4000.0,860.0,9999.0,9999.0,13.92,9999.0,11.9,19.3,1654.0,796.0,25.1,15.0,21.0,1.0,29.0,34.0,38.0,47.0,4620.0,1810.0,1730.0,2835.0,160.0,210.0,831.0,40.7,2.854,51.0,57.0
5.6,1.0,8.0,11.0,4.0,12.0,1997.0,80.0,18.0,4000.0,9999.0,9999.0,9999.0,15.73,9999.0,9999.0,12.7,1690.0,695.0,21.1,15.0,21.0,1.0,29.0,34.0,38.0,43.0,4454.0,1834.0,1714.0,2824.0,175.0,250.0,915.0,43.5,2718.0,51.0,57.0
5.6,1.0,8.0,11.0,4.0,12.0,1997.0,80.0,18.0,4000.0,9999.0,9999.0,9999.0,15.73,9999.0,9999.0,12.7,1690.0,695.0,21.1,15.0,21.0,1.0,29.0,34.0,38.0,43.0,4454.0,1834.0,1714.0,2824.0,175.0,250.0,915.0,43.5,2718.0,51.0,57.0
5.6,1.0,8.0,11.0,4.0,12.0,1997.0,80.0,18.0,4000.0,9999.0,9999.0,9999.0,15.73,9999.0,9999.0,15.8,1667.0,728.0,20.8,15.0,21.0,1.0,29.0,34.0,38.0,43.0,4470.0,1832.0,1714.0,2824.0,173.0,250.0,888.0,43.4,2727.0,51.0,57.0
5.6,1.0,8.0,11.0,4.0,12.0,1997.0,80.0,18.0,4000.0,9999.0,9999.0,9999.0,15.73,9999.0,9999.0,15.8,1667.0,728.0,20.8,15.0,21.0,1.0,29.0,34.0,38.0,43.0,4470.0,1832.0,1714.0,2824.0,173.0,250.0,888.0,43.4,2727.0,51.0,57.0
5.6,1.0,7.0,11.0,4.0,12.0,1299.0,63.0,10.0,6000.0,750.0,9999.0,9999.0,11.32,9999.0,9999.0,13.4,1120.0,535.0,17.8,15.0,21.0,1.0,28.0,33.0,38.0,42.0,4030.0,1700.0,1515.0,2500.0,170.0,117.0,9999.0,31.9,3346.0,50.0,54.0
5.7,1.0,7.0,9.0,4.0,12.0,1598.0,75.0,11.0,5250.0,750.0,5750.0,6000.0,11.8,5.0,7.4,10.8,1040.0,460.0,13.9,15.0,18.0,1.0,28.0,33.0,38.0,42.0,3575.0,1719.0,1575.0,2423.0,180.0,150.0,713.0,37.3,2826.0,50.0,54.0
5.7,1.0,7.0,9.0,4.0,12.0,1598.0,75.0,11.0,5250.0,750.0,5750.0,6000.0,11.8,5.0,7.4,10.8,1040.0,460.0,13.9,15.0,18.0,1.0,28.0,33.0,38.0,42.0,3575.0,1719.0,1575.0,2423.0,173.0,150.0,713.0,37.3,2826.0,50.0,54.0
5.7,1.0,7.0,9.0,4.0,12.0,1397.0,60.0,11.0,5000.0,750.0,5750.0,6000.0,11.69,5.2,8.1,12.8,1020.0,460.0,17.0,15.0,18.0,1.0,28.0,33.0,38.0,42.0,3575.0,1719.0,1575.0,2423.0,170.0,130.0,713.0,34.2,3.88,50.0,54.0
5.7,1.0,7.0,9.0,4.0,12.0,1598.0,75.0,11.0,5250.0,750.0,5750.0,6000.0,11.8,5.0,7.4,10.7,1040.0,460.0,13.9,15.0,18.0,1.0,28.0,33.0,38.0,42.0,3575.0,1719.0,1575.0,2423.0,180.0,150.0,713.0,34.2,3.88,50.0,54.0
5.7,2.0,8.0,9.0,5.0,12.0,2688.0,125.0,18.0,4200.0,680.0,4750.0,4600.0,18.7,3.7,6.2,9.3,1600.0,550.0,12.8,15.0,19.0,2.0,29.0,34.0,38.0,43.0,4818.0,1799.0,1440.0,2833.0,220.0,400.0,629.0,50.2,2343.0,50.0,57.0
5.7,2.0,8.0,9.0,5.0,12.0,2685.0,125.0,18.0,4200.0,680.0,4750.0,4600.0,18.72,9999.0,9999.0,9.1,1555.0,525.0,12.4,15.0,19.0,2.0,29.0,34.0,38.0,43.0,4526.0,1728.0,1427.0,2715.0,225.0,400.0,9999.0,52.5,2.22,50.0,57.0
5.7,1.0,7.0,9.0,4.0,12.0,1595.0,74.0,10.0,5600.0,800.0,6500.0,9999.0,11.42,9999.0,7.3,11.0,1090.0,560.0,14.7,15.0,21.0,1.0,28.0,33.0,39.0,42.0,4152.0,1735.0,1427.0,2513.0,188.0,145.0,639.0,32.1,3613.0,50.0,54.0
5.7,1.0,7.0,9.0,4.0,12.0,1595.0,74.0,10.0,5600.0,800.0,6500.0,9999.0,11.42,9999.0,7.3,11.0,1090.0,560.0,14.7,15.0,21.0,1.0,28.0,33.0,39.0,42.0,4152.0,1735.0,1427.0,2513.0,188.0,145.0,639.0,32.1,3613.0,50.0,54.0
5.7,2.0,7.0,9.0,4.0,12.0,1895.0,77.0,10.0,5300.0,850.0,6000.0,6000.0,10.94,9999.0,9999.0,12.4,1285.0,500.0,16.7,15.0,24.0,1.0,28.0,33.0,38.0,42.0,4471.0,1739.0,1415.0,2725.0,200.0,165.0,597.0,35.9,3.2,50.0,54.0
5.7,2.0,8.0,9.0,6.0,12.0,2926.0,135.0,18.0,4000.0,9999.0,9999.0,9999.0,16.75,9999.0,9999.0,8.0,1575.0,540.0,11.7,15.0,18.0,2.0,29.0,34.0,38.0,43.0,4775.0,1799.0,1439.0,2830.0,225.0,390.0,0.6509999999999999,50.7,2.4,51.0,57.0
5.7,1.0,7.0,9.0,4.0,12.0,1389.0,66.0,11.0,6000.0,900.0,9999.0,9999.0,11.31,9999.0,9999.0,14.0,949.0,461.0,14.4,15.0,21.0,2.0,28.0,33.0,38.0,42.0,3741.0,1608.0,1424.0,2443.0,163.0,125.0,0.6579999999999999,38.8,2655.0,52.0,56.0
5.7,1.0,7.0,9.0,4.0,12.0,1199.0,55.0,10.0,5600.0,900.0,9999.0,9999.0,11.53,9999.0,9999.0,13.5,958.0,382.0,17.4,15.0,18.0,2.0,28.0,33.0,39.0,42.0,3500.0,1620.0,1695.0,2360.0,155.0,110.0,866.0,30.3,3.4,50.0,54.0
5.7,1.0,7.0,9.0,4.0,12.0,1587.0,65.0,10.0,5600.0,850.0,6500.0,9999.0,10.69,9999.0,9999.0,11.7,1025.0,500.0,15.8,15.0,21.0,1.0,28.0,33.0,39.0,42.0,3822.0,1652.0,1435.0,2442.0,185.0,135.0,0.65,33.4,3196.0,50.0,54.0
5.7,1.0,8.0,9.0,4.0,12.0,2188.0,83.0,22.0,4300.0,9999.0,9999.0,9999.0,14.36,9999.0,9999.0,11.8,1425.0,615.0,17.2,15.0,21.0,1.0,29.0,35.0,0.0,44.0,4508.0,1752.0,1442.0,2670.0,195.0,250.0,621.0,45.7,2.5,51.0,57.0
5.7,1.0,7.0,9.0,4.0,12.0,1390.0,70.0,9999.0,6000.0,9999.0,9999.0,9999.0,11.48,9999.0,9999.0,12.9,1235.0,560.0,17.6,15.0,21.0,2.0,28.0,33.0,39.0,42.0,4169.0,1698.0,1675.0,2580.0,173.0,127.0,9999.0,9999.0,9999.0,50.0,54.0
5.7,1.0,7.0,9.0,4.0,12.0,1834.0,92.0,13.0,5500.0,620.0,9999.0,9999.0,11.92,9999.0,9999.0,10.5,1295.0,475.0,14.1,15.0,21.0,2.0,28.0,34.0,38.0,48.0,4483.0,1717.0,1411.0,2550.0,200.0,174.0,9999.0,37.0,2.9410000000000003,52.0,54.0
5.7,1.0,8.0,9.0,5.0,12.0,2387.0,100.0,18.0,4000.0,9999.0,9999.0,9999.0,16.0,9999.0,9999.0,9.9,1490.0,510.0,14.9,15.0,21.0,1.0,29.0,34.0,38.0,43.0,4723.0,1810.0,1415.0,2702.0,202.0,304.0,9999.0,52.9,2188.0,51.0,57.0
5.7,1.0,7.0,9.0,4.0,12.0,1242.0,44.0,10.0,5500.0,900.0,9999.0,9999.0,9.92,9999.0,9999.0,17.5,890.0,460.0,20.2,15.0,21.0,1.0,28.0,36.0,39.0,42.0,3723.0,1690.0,1435.0,2380.0,150.0,98.0,9999.0,45.2,2.3,50.0,54.0
5.7,2.0,7.0,9.0,4.0,12.0,1795.0,88.0,11.0,5500.0,875.0,9999.0,9999.0,11.55,9999.0,9999.0,9.2,1060.0,260.0,12.0,15.0,21.0,2.0,28.0,33.0,39.0,42.0,3914.0,1629.0,1274.0,2376.0,193.0,165.0,648.0,48.2,3.12,50.0,54.0
5.7,1.0,7.0,9.0,4.0,12.0,1795.0,86.0,11.0,5500.0,9999.0,9999.0,9999.0,11.2,9999.0,9999.0,9.3,1155.0,485.0,13.4,15.0,21.0,2.0,28.0,33.0,39.0,42.0,4517.0,1696.0,1394.0,2620.0,193.0,160.0,9999.0,36.5,3.13,50.0,54.0
5.7,1.0,7.0,9.0,4.0,12.0,1396.0,55.0,10.0,6000.0,9999.0,9999.0,9999.0,10.08,9999.0,9999.0,14.6,955.0,530.0,17.4,15.0,21.0,1.0,28.0,33.0,39.0,42.0,4190.0,1695.0,1375.0,2620.0,165.0,112.0,9999.0,37.2,2.849,50.0,54.0
5.7,1.0,7.0,9.0,4.0,12.0,1396.0,66.0,10.0,6300.0,9999.0,9999.0,9999.0,11.43,9999.0,9999.0,11.6,965.0,520.0,14.6,15.0,21.0,1.0,28.0,33.0,39.0,42.0,4190.0,1695.0,1375.0,2620.0,177.0,127.0,9999.0,37.2,2.849,50.0,54.0
5.7,1.0,7.0,9.0,4.0,12.0,1396.0,66.0,10.0,6300.0,9999.0,9999.0,9999.0,11.43,9999.0,9999.0,11.6,990.0,500.0,15.0,15.0,21.0,1.0,28.0,33.0,39.0,42.0,4460.0,1695.0,1390.0,2620.0,182.0,127.0,9999.0,37.2,2.849,50.0,54.0
5.7,1.0,7.0,9.0,4.0,12.0,1392.0,55.0,10.0,6000.0,700.0,9999.0,9999.0,10.47,9999.0,9999.0,12.8,1060.0,535.0,19.3,15.0,18.0,2.0,28.0,33.0,38.0,42.0,4340.0,1700.0,1395.0,2535.0,169.0,116.0,9999.0,35.7,3.54,52.0,54.0
5.7,1.0,7.0,9.0,4.0,12.0,1398.0,71.0,11.0,6000.0,9999.0,9999.0,9999.0,11.69,9999.0,9999.0,11.8,1045.0,535.0,14.7,15.0,20.0,2.0,28.0,33.0,38.0,42.0,4120.0,1690.0,1385.0,2465.0,185.0,130.0,9999.0,32.3,3.37,50.0,54.0
5.7,1.0,7.0,9.0,4.0,12.0,1398.0,71.0,11.0,6000.0,9999.0,9999.0,9999.0,11.69,9999.0,9999.0,11.8,1040.0,540.0,14.6,15.0,20.0,2.0,28.0,33.0,38.0,42.0,4315.0,1690.0,1385.0,2465.0,185.0,130.0,9999.0,32.3,3.37,50.0,54.0
5.7,1.0,7.0,9.0,4.0,12.0,1398.0,71.0,11.0,6000.0,9999.0,9999.0,9999.0,11.69,9999.0,9999.0,11.8,1085.0,495.0,15.3,15.0,20.0,2.0,28.0,33.0,38.0,42.0,4290.0,1690.0,1385.0,2465.0,185.0,130.0,9999.0,32.3,3.37,50.0,54.0
5.7,2.0,8.0,9.0,4.0,12.0,2151.0,105.0,18.0,4200.0,750.0,4750.0,4600.0,18.4,4.3,7.2,11.2,1645.0,625.0,15.7,15.0,19.0,2.0,29.0,34.0,38.0,43.0,4839.0,1799.0,1504.0,2833.0,202.0,315.0,685.0,49.7,2.382,50.0,55.0
5.7,1.0,7.0,9.0,4.0,12.0,1834.0,92.0,13.0,5500.0,620.0,9999.0,9999.0,11.92,9999.0,9999.0,10.5,1315.0,475.0,14.3,15.0,21.0,2.0,28.0,34.0,38.0,48.0,4483.0,1717.0,1413.0,2550.0,200.0,174.0,9999.0,37.0,2.9410000000000003,52.0,54.0
5.7,1.0,7.0,9.0,4.0,12.0,1493.0,84.0,10.0,6500.0,750.0,9999.0,9999.0,11.28,9999.0,9999.0,12.1,1115.0,495.0,13.3,15.0,21.0,1.0,28.0,33.0,39.0,42.0,4425.0,1695.0,1440.0,2620.0,190.0,134.0,9999.0,38.8,2.729,52.0,54.0
5.8,2.0,7.0,9.0,4.0,12.0,1895.0,77.0,10.0,5300.0,850.0,6000.0,6000.0,10.94,9999.0,9999.0,11.9,1175.0,460.0,15.3,15.0,24.0,1.0,28.0,33.0,38.0,42.0,4210.0,1698.0,1393.0,2696.0,190.0,165.0,647.0,35.4,3.2,50.0,54.0
5.8,1.0,7.0,9.0,4.0,12.0,1242.0,55.0,10.0,5200.0,875.0,7500.0,9999.0,11.13,9999.0,9999.0,15.9,968.0,507.0,17.6,15.0,23.0,2.0,28.0,33.0,38.0,42.0,3828.0,1634.0,1334.0,2446.0,162.0,110.0,662.0,40.6,2523.0,52.0,54.0
5.8,1.0,7.0,9.0,4.0,12.0,1598.0,55.0,10.0,5200.0,850.0,9999.0,9999.0,10.07,9999.0,9999.0,14.5,1105.0,520.0,20.1,15.0,21.0,1.0,28.0,33.0,38.0,42.0,4252.0,1709.0,1425.0,2606.0,170.0,128.0,589.0,34.9,3.329,52.0,54.0
5.8,1.0,7.0,9.0,4.0,12.0,1598.0,55.0,10.0,5200.0,850.0,9999.0,9999.0,10.07,9999.0,9999.0,14.5,1085.0,520.0,19.7,15.0,21.0,1.0,28.0,33.0,38.0,42.0,4110.0,1709.0,1425.0,2606.0,170.0,128.0,609.0,39.1,2968.0,52.0,54.0
5.8,1.0,7.0,9.0,4.0,12.0,1598.0,55.0,10.0,5200.0,850.0,9999.0,9999.0,10.07,9999.0,9999.0,14.5,1105.0,520.0,20.1,15.0,21.0,1.0,28.0,33.0,38.0,42.0,4110.0,1709.0,1425.0,2606.0,170.0,128.0,629.0,39.1,2968.0,52.0,54.0
5.8,1.0,7.0,9.0,4.0,12.0,1799.0,85.0,11.0,5400.0,850.0,9999.0,9999.0,11.87,9999.0,9999.0,11.0,1258.0,542.0,14.8,15.0,21.0,2.0,28.0,33.0,39.0,42.0,4495.0,1707.0,1425.0,2637.0,203.0,170.0,557.0,33.9,3.329,52.0,56.0
5.8,1.0,7.0,9.0,4.0,12.0,1799.0,85.0,11.0,5400.0,850.0,9999.0,9999.0,11.87,9999.0,9999.0,11.0,1273.0,542.0,15.0,15.0,21.0,2.0,28.0,33.0,39.0,42.0,4495.0,1707.0,1425.0,2637.0,203.0,170.0,557.0,33.9,3.329,52.0,56.0
5.8,1.0,7.0,9.0,4.0,12.0,1598.0,55.0,10.0,4500.0,690.0,9999.0,9999.0,10.62,9999.0,9999.0,12.0,965.0,485.0,17.5,15.0,21.0,1.0,28.0,33.0,39.0,42.0,3883.0,1635.0,1415.0,2450.0,170.0,135.0,679.0,35.8,2875.0,50.0,54.0
5.8,1.0,7.0,9.0,4.0,12.0,1361.0,55.0,10.0,5500.0,850.0,9999.0,9999.0,10.25,9999.0,9999.0,12.0,1020.0,560.0,18.5,15.0,21.0,1.0,28.0,33.0,39.0,42.0,4167.0,1698.0,1401.0,2540.0,175.0,111.0,634.0,32.4,3287.0,50.0,54.0
5.8,1.0,7.0,9.0,4.0,12.0,1361.0,55.0,10.0,5500.0,850.0,6500.0,9999.0,10.25,9999.0,9999.0,14.9,1040.0,475.0,18.9,15.0,21.0,1.0,28.0,33.0,39.0,42.0,4267.0,1689.0,1379.0,2580.0,168.0,111.0,672.0,35.0,3116.0,50.0,54.0
5.8,1.0,7.0,9.0,4.0,12.0,1361.0,55.0,10.0,5500.0,850.0,6500.0,9999.0,10.25,9999.0,9999.0,14.7,1030.0,450.0,18.7,15.0,21.0,1.0,28.0,33.0,39.0,42.0,4030.0,1680.0,1353.0,2580.0,165.0,111.0,672.0,35.0,3116.0,50.0,54.0
5.8,1.0,8.0,9.0,4.0,12.0,2188.0,83.0,22.0,4300.0,725.0,9999.0,9999.0,13.44,9999.0,9999.0,13.2,1575.0,570.0,19.0,15.0,21.0,1.0,29.0,35.0,0.0,44.0,4768.0,1816.0,1435.0,2765.0,192.0,234.0,654.0,39.8,2917.0,51.0,57.0
5.8,2.0,7.0,9.0,4.0,12.0,1795.0,107.0,11.0,7000.0,875.0,9999.0,9999.0,12.18,9999.0,9999.0,7.7,1070.0,250.0,10.0,15.0,21.0,2.0,28.0,33.0,39.0,42.0,3914.0,1629.0,1274.0,2376.0,212.0,174.0,648.0,9999.0,9999.0,50.0,54.0
5.8,1.0,7.0,9.0,4.0,12.0,1795.0,107.0,11.0,6750.0,9999.0,9999.0,9999.0,12.18,9999.0,9999.0,7.8,1015.0,505.0,9.5,15.0,21.0,2.0,28.0,33.0,39.0,42.0,3990.0,1688.0,1419.0,2500.0,205.0,174.0,9999.0,33.6,3213.0,50.0,54.0
5.8,1.0,7.0,9.0,4.0,12.0,1296.0,44.0,10.0,6000.0,850.0,9999.0,9999.0,8.14,9999.0,9999.0,15.0,830.0,530.0,18.9,15.0,21.0,1.0,28.0,33.0,39.0,42.0,3780.0,1620.0,1390.0,2395.0,155.0,84.0,9999.0,31.5,3266.0,50.0,54.0
5.8,1.0,7.0,9.0,4.0,12.0,1597.0,66.0,10.0,5500.0,800.0,9999.0,9999.0,10.78,9999.0,9999.0,10.5,975.0,505.0,14.8,15.0,21.0,1.0,28.0,33.0,38.0,42.0,3880.0,1680.0,1365.0,2415.0,185.0,137.0,9999.0,35.3,2986.0,52.0,54.0
5.8,1.0,7.0,9.0,4.0,12.0,1597.0,73.0,10.0,5750.0,750.0,9999.0,9999.0,10.78,9999.0,9999.0,12.1,1155.0,510.0,15.8,15.0,21.0,1.0,28.0,33.0,38.0,42.0,4475.0,1710.0,1405.0,2550.0,190.0,137.0,9999.0,33.7,3228.0,52.0,54.0
5.8,1.0,7.0,9.0,4.0,12.0,1597.0,73.0,10.0,5750.0,750.0,9999.0,9999.0,10.78,9999.0,9999.0,12.1,1175.0,510.0,16.1,15.0,21.0,1.0,28.0,33.0,38.0,42.0,4475.0,1710.0,1405.0,2550.0,190.0,137.0,9999.0,33.7,3228.0,52.0,54.0
5.8,1.0,7.0,9.0,4.0,12.0,1242.0,55.0,10.0,5200.0,9999.0,7500.0,9999.0,11.13,9999.0,9999.0,12.7,914.0,506.0,16.6,15.0,21.0,2.0,28.0,33.0,38.0,42.0,3828.0,1634.0,1334.0,2446.0,170.0,110.0,662.0,32.0,3213.0,52.0,54.0
5.8,1.0,7.0,9.0,4.0,12.0,1299.0,63.0,11.0,6000.0,9999.0,9999.0,9999.0,12.0,9999.0,9999.0,13.8,990.0,520.0,15.7,15.0,20.0,2.0,28.0,33.0,38.0,42.0,3860.0,1690.0,1680.0,2500.0,155.0,124.0,9999.0,35.8,2.9810000000000003,50.0,54.0
5.8,1.0,7.0,9.0,4.0,12.0,1597.0,70.0,10.0,5250.0,830.0,7100.0,9999.0,11.17,9999.0,9999.0,13.5,1311.0,639.0,18.7,15.0,21.0,2.0,28.0,33.0,38.0,42.0,4671.0,1751.0,1480.0,2704.0,180.0,142.0,0.6970000000000001,36.2,3114.0,52.0,54.0
5.8,1.0,7.0,9.0,4.0,12.0,1595.0,74.0,10.0,5600.0,800.0,6500.0,9999.0,11.42,9999.0,7.8,11.9,1210.0,535.0,16.4,15.0,21.0,1.0,28.0,33.0,39.0,42.0,4397.0,1735.0,1485.0,2515.0,188.0,145.0,0.6779999999999999,32.1,3613.0,50.0,54.0
5.8,1.0,7.0,9.0,4.0,12.0,1361.0,55.0,10.0,5500.0,850.0,6500.0,9999.0,10.25,9999.0,9999.0,15.3,1065.0,485.0,19.4,15.0,21.0,1.0,28.0,33.0,39.0,42.0,4344.0,1680.0,1407.0,2580.0,165.0,111.0,679.0,35.0,3116.0,50.0,54.0
5.8,1.0,7.0,9.0,4.0,12.0,1398.0,71.0,11.0,6000.0,9999.0,9999.0,9999.0,11.69,9999.0,9999.0,11.8,1085.0,530.0,15.3,15.0,20.0,2.0,28.0,33.0,38.0,42.0,4340.0,1690.0,1490.0,2465.0,185.0,130.0,9999.0,32.3,3.37,50.0,54.0
5.9,2.0,8.0,9.0,6.0,12.0,3226.0,145.0,18.0,4200.0,630.0,4750.0,4700.0,18.31,3.7,5.7,8.3,1610.0,570.0,11.1,15.0,19.0,2.0,29.0,34.0,38.0,43.0,4818.0,1799.0,1440.0,2833.0,230.0,470.0,629.0,53.4,2.22,50.0,57.0
5.9,1.0,7.0,9.0,4.0,12.0,1595.0,74.0,10.0,5600.0,780.0,6500.0,9999.0,11.42,9999.0,8.2,11.3,1200.0,550.0,16.2,15.0,21.0,1.0,28.0,33.0,39.0,42.0,4479.0,1733.0,1416.0,2617.0,190.0,145.0,609.0,32.3,3595.0,50.0,54.0
5.9,1.0,8.0,9.0,6.0,13.0,2496.0,110.0,20.0,4000.0,750.0,4800.0,9999.0,15.61,9999.0,6.7,9.8,1415.0,550.0,12.9,15.0,23.0,4.0,29.0,34.0,38.0,46.0,4479.0,1733.0,1416.0,2617.0,214.0,310.0,629.0,50.6,2294.0,51.0,57.0
5.9,3.0,8.0,9.0,6.0,13.0,2496.0,110.0,20.0,4000.0,750.0,4800.0,9999.0,15.61,9999.0,6.3,9.4,1495.0,550.0,13.6,15.0,23.0,4.0,29.0,34.0,38.0,46.0,4479.0,1733.0,1416.0,2607.0,216.0,310.0,0.65,53.2,2182.0,51.0,57.0
5.9,1.0,7.0,9.0,4.0,12.0,1297.0,44.0,10.0,5000.0,800.0,9999.0,9999.0,9.98,9999.0,9999.0,15.9,958.0,507.0,21.8,16.0,18.0,1.0,28.0,33.0,38.0,42.0,3828.0,1634.0,1334.0,2446.0,155.0,103.0,662.0,35.3,2.93,50.0,54.0
5.9,1.0,7.0,9.0,4.0,12.0,1242.0,55.0,10.0,5200.0,875.0,7500.0,9999.0,11.13,9999.0,9999.0,12.7,968.0,507.0,17.6,15.0,23.0,2.0,28.0,33.0,38.0,42.0,3828.0,1634.0,1334.0,2446.0,170.0,110.0,662.0,31.8,3228.0,52.0,54.0
5.9,1.0,7.0,9.0,4.0,12.0,1796.0,85.0,11.0,5400.0,780.0,9999.0,9999.0,11.89,9999.0,9999.0,10.0,1145.0,520.0,13.5,15.0,21.0,2.0,28.0,33.0,38.0,42.0,4110.0,1709.0,1425.0,2606.0,200.0,170.0,609.0,34.9,3.329,52.0,54.0
5.9,1.0,7.0,9.0,4.0,12.0,1796.0,85.0,11.0,5400.0,780.0,9999.0,9999.0,11.89,9999.0,9999.0,10.0,1165.0,520.0,13.7,15.0,21.0,2.0,28.0,33.0,38.0,42.0,4110.0,1709.0,1425.0,2606.0,200.0,170.0,629.0,34.9,3.329,52.0,54.0
5.9,1.0,7.0,9.0,4.0,12.0,1796.0,85.0,11.0,5400.0,780.0,9999.0,9999.0,11.89,9999.0,9999.0,10.0,1165.0,520.0,13.7,15.0,21.0,2.0,28.0,33.0,38.0,42.0,4252.0,1709.0,1425.0,2606.0,200.0,170.0,589.0,34.9,3.329,52.0,54.0
5.9,1.0,7.0,9.0,4.0,12.0,1598.0,78.0,11.0,6000.0,900.0,9999.0,9999.0,11.64,9999.0,9999.0,10.5,1031.0,319.0,13.2,15.0,21.0,2.0,28.0,33.0,38.0,42.0,3922.0,1596.0,1332.0,2443.0,203.0,148.0,552.0,32.2,3.329,52.0,56.0
5.9,1.0,7.0,9.0,4.0,12.0,1199.0,48.0,10.0,5600.0,780.0,9999.0,9999.0,11.53,9999.0,9999.0,17.0,940.0,495.0,19.6,15.0,24.0,2.0,28.0,33.0,38.0,42.0,3741.0,1608.0,1424.0,2443.0,155.0,110.0,0.66,33.8,3.49,52.0,54.0
5.9,1.0,7.0,9.0,4.0,12.0,1199.0,48.0,10.0,5600.0,780.0,9999.0,9999.0,11.53,9999.0,9999.0,18.0,940.0,495.0,19.6,15.0,24.0,2.0,28.0,33.0,38.0,42.0,3741.0,1608.0,1424.0,2443.0,155.0,110.0,0.66,33.8,3.49,52.0,54.0
5.9,1.0,7.0,9.0,4.0,12.0,1796.0,85.0,11.0,5400.0,780.0,9999.0,9999.0,11.89,9999.0,7.0,9.9,1185.0,420.0,13.9,15.0,21.0,2.0,28.0,33.0,38.0,42.0,4267.0,1709.0,1390.0,2606.0,206.0,170.0,563.0,33.6,3.329,52.0,54.0
5.9,1.0,7.0,9.0,4.0,12.0,1598.0,55.0,10.0,4600.0,800.0,9999.0,9999.0,10.62,9999.0,9999.0,14.4,1180.0,525.0,21.5,15.0,21.0,1.0,28.0,33.0,39.0,42.0,4511.0,1731.0,1429.0,2512.0,170.0,135.0,0.6559999999999999,34.8,3.4,50.0,54.0
5.9,1.0,7.0,9.0,4.0,12.0,1781.0,55.0,9.0,5000.0,875.0,9999.0,9999.0,9.88,9999.0,9.7,15.5,1155.0,425.0,21.0,15.0,21.0,1.0,28.0,36.0,39.0,42.0,4081.0,1695.0,1425.0,2472.0,163.0,140.0,0.6509999999999999,38.8,2.732,50.0,54.0
5.9,1.0,8.0,9.0,4.0,12.0,2446.0,95.0,22.0,4300.0,750.0,4800.0,9999.0,14.64,9999.0,9999.0,12.1,1580.0,550.0,16.6,15.0,21.0,1.0,29.0,35.0,39.0,44.0,4708.0,1794.0,1394.0,2850.0,201.0,285.0,0.66,45.4,2.64,51.0,57.0
5.9,1.0,7.0,9.0,4.0,12.0,1598.0,55.0,9.0,5000.0,9999.0,9999.0,9999.0,10.22,9999.0,9999.0,12.9,1075.0,570.0,19.5,15.0,21.0,1.0,28.0,36.0,39.0,42.0,4400.0,1698.0,1419.0,2575.0,175.0,130.0,617.0,32.6,3233.0,50.0,54.0
5.9,1.0,7.0,9.0,4.0,12.0,1598.0,66.0,10.0,5000.0,720.0,9999.0,9999.0,10.77,9999.0,9999.0,11.5,1075.0,570.0,16.3,15.0,21.0,1.0,28.0,33.0,39.0,42.0,4400.0,1698.0,1419.0,2575.0,184.0,137.0,617.0,34.7,3.74,50.0,54.0
5.9,1.0,7.0,9.0,4.0,12.0,1598.0,66.0,10.0,5000.0,720.0,9999.0,9999.0,10.77,9999.0,9999.0,11.5,1010.0,485.0,15.3,15.0,21.0,1.0,28.0,33.0,39.0,42.0,3931.0,1698.0,1366.0,2463.0,187.0,137.0,627.0,33.0,3233.0,50.0,54.0
5.9,1.0,7.0,9.0,4.0,12.0,1589.0,73.0,11.0,6000.0,9999.0,9999.0,9999.0,10.91,9999.0,9999.0,9.8,975.0,495.0,13.4,15.0,21.0,1.0,28.0,33.0,39.0,42.0,4350.0,1660.0,1385.0,2470.0,180.0,138.0,9999.0,33.1,3.2,50.0,54.0
5.9,1.0,7.0,9.0,4.0,12.0,1589.0,73.0,11.0,6000.0,9999.0,9999.0,9999.0,10.91,9999.0,9999.0,9.8,985.0,485.0,13.5,15.0,21.0,1.0,28.0,33.0,39.0,42.0,4350.0,1660.0,1385.0,2470.0,180.0,138.0,9999.0,33.1,3.2,50.0,54.0
5.9,1.0,7.0,9.0,4.0,12.0,1296.0,62.0,10.0,6500.0,850.0,9999.0,9999.0,10.18,9999.0,9999.0,13.8,860.0,500.0,13.9,15.0,21.0,1.0,28.0,33.0,39.0,42.0,3780.0,1620.0,1390.0,2395.0,165.0,105.0,9999.0,29.9,3437.0,50.0,54.0
5.9,1.0,7.0,9.0,3.0,12.0,989.0,41.0,10.0,5200.0,9999.0,9999.0,9999.0,11.18,9999.0,9999.0,15.9,730.0,470.0,17.8,15.0,23.0,2.0,28.0,33.0,39.0,42.0,3410.0,1475.0,1420.0,2345.0,140.0,88.0,9999.0,24.5,3966.0,50.0,54.0
5.9,1.0,7.0,9.0,4.0,12.0,1493.0,84.0,10.0,6500.0,9999.0,9999.0,9999.0,11.28,9999.0,9999.0,12.4,1025.0,500.0,12.2,15.0,21.0,1.0,28.0,33.0,39.0,42.0,4190.0,1695.0,1375.0,2620.0,172.0,134.0,9999.0,36.1,2932.0,50.0,54.0
5.9,1.0,7.0,9.0,4.0,12.0,1493.0,84.0,10.0,6500.0,9999.0,9999.0,9999.0,11.28,9999.0,9999.0,12.2,1050.0,480.0,12.5,15.0,21.0,1.0,28.0,33.0,39.0,42.0,4460.0,1695.0,1390.0,2620.0,177.0,134.0,9999.0,36.1,2932.0,50.0,54.0
5.9,1.0,7.0,9.0,4.0,12.0,1297.0,37.0,10.0,5000.0,9999.0,9999.0,9999.0,9.01,9999.0,9999.0,19.5,931.0,474.0,25.2,16.0,18.0,1.0,28.0,33.0,38.0,42.0,3828.0,1634.0,1334.0,2446.0,143.0,93.0,662.0,35.4,2.93,50.0,54.0
5.9,1.0,7.0,9.0,4.0,12.0,1297.0,37.0,10.0,5000.0,9999.0,9999.0,9999.0,9.01,9999.0,9999.0,19.5,948.0,487.0,25.6,16.0,18.0,1.0,28.0,33.0,38.0,42.0,3828.0,1634.0,1334.0,2446.0,143.0,93.0,662.0,35.4,2.93,50.0,54.0
5.9,1.0,7.0,9.0,4.0,12.0,1598.0,81.0,11.0,6000.0,9999.0,9999.0,9999.0,11.8,9999.0,9999.0,10.0,1065.0,550.0,13.1,15.0,20.0,2.0,28.0,33.0,38.0,42.0,4120.0,1690.0,1385.0,2465.0,195.0,150.0,9999.0,32.3,3.37,50.0,54.0
5.9,1.0,7.0,9.0,4.0,12.0,1598.0,81.0,11.0,6000.0,9999.0,9999.0,9999.0,11.8,9999.0,9999.0,10.0,1100.0,515.0,13.6,15.0,20.0,2.0,28.0,33.0,38.0,42.0,4290.0,1690.0,1385.0,2465.0,195.0,150.0,9999.0,32.3,3.37,50.0,54.0
5.9,1.0,7.0,9.0,4.0,12.0,1349.0,55.0,10.0,5400.0,9999.0,9999.0,9999.0,10.71,9999.0,9999.0,15.0,1030.0,565.0,18.7,15.0,21.0,1.0,28.0,33.0,39.0,42.0,4237.0,1678.0,1432.0,2520.0,166.0,115.0,9999.0,35.7,2965.0,50.0,54.0
5.9,1.0,7.0,9.0,4.0,12.0,1349.0,55.0,10.0,5400.0,9999.0,9999.0,9999.0,10.71,9999.0,9999.0,15.0,1015.0,580.0,18.5,15.0,21.0,1.0,28.0,33.0,39.0,42.0,4074.0,1678.0,1432.0,2520.0,166.0,115.0,9999.0,35.7,2965.0,50.0,54.0
5.9,1.0,7.0,9.0,4.0,12.0,1341.0,63.0,10.0,5500.0,9999.0,9999.0,9999.0,10.78,9999.0,9999.0,15.1,1017.0,538.0,16.1,15.0,21.0,1.0,28.0,33.0,38.0,42.0,4200.0,1670.0,1395.0,2440.0,163.0,115.0,0.67,42.1,2.54,50.0,54.0
5.9,1.0,7.0,9.0,4.0,12.0,1341.0,63.0,10.0,5500.0,9999.0,9999.0,9999.0,10.78,9999.0,9999.0,15.1,1017.0,538.0,16.1,15.0,21.0,1.0,28.0,33.0,38.0,42.0,4200.0,1670.0,1395.0,2440.0,163.0,115.0,0.67,42.1,2.54,50.0,54.0
5.9,2.0,8.0,9.0,5.0,12.0,2688.0,125.0,18.0,4200.0,680.0,4750.0,4600.0,18.7,4.1,6.7,9.8,1705.0,625.0,13.6,15.0,19.0,2.0,29.0,34.0,38.0,43.0,4839.0,1799.0,1505.0,2833.0,212.0,400.0,723.0,50.2,2343.0,50.0,57.0
5.9,2.0,8.0,9.0,6.0,12.0,3226.0,145.0,18.0,4200.0,630.0,4750.0,4700.0,18.31,4.1,6.2,8.8,1710.0,630.0,11.8,15.0,19.0,2.0,29.0,34.0,38.0,43.0,4839.0,1799.0,1505.0,2833.0,227.0,470.0,726.0,53.4,2.22,50.0,57.0
5.9,1.0,8.0,9.0,6.0,13.0,2496.0,110.0,20.0,4000.0,750.0,4800.0,9999.0,15.61,9999.0,6.8,10.0,1460.0,550.0,13.3,15.0,23.0,4.0,29.0,34.0,38.0,46.0,4479.0,1733.0,1416.0,2617.0,210.0,310.0,653.0,50.6,2294.0,51.0,57.0
5.9,3.0,8.0,9.0,6.0,13.0,2496.0,110.0,20.0,4000.0,750.0,4800.0,9999.0,15.61,9999.0,6.4,9.6,1535.0,550.0,14.0,15.0,23.0,4.0,29.0,34.0,38.0,46.0,4479.0,1733.0,1416.0,2607.0,212.0,310.0,653.0,53.2,2182.0,51.0,57.0
5.9,2.0,8.0,9.0,6.0,12.0,2926.0,135.0,18.0,4000.0,9999.0,9999.0,9999.0,16.75,9999.0,9999.0,8.3,1685.0,625.0,12.5,15.0,18.0,2.0,29.0,34.0,38.0,43.0,4808.0,1799.0,1445.0,2827.0,222.0,390.0,0.6940000000000001,50.7,2.4,51.0,57.0
5.9,1.0,7.0,9.0,4.0,12.0,1796.0,85.0,10.0,55000.0,9999.0,9999.0,9999.0,11.2,9999.0,9999.0,10.7,1169.0,526.0,13.8,15.0,21.0,2.0,28.0,33.0,38.0,42.0,4438.0,1702.0,1484.0,2615.0,198.0,160.0,645.0,35.5,3.69,50.0,54.0
5.9,1.0,7.0,9.0,4.0,12.0,1796.0,85.0,10.0,5750.0,800.0,7100.0,9999.0,11.06,9999.0,9999.0,11.4,1310.0,640.0,15.4,15.0,21.0,2.0,28.0,33.0,38.0,42.0,4671.0,1751.0,1480.0,2704.0,190.0,158.0,0.6970000000000001,38.5,2.9,52.0,54.0
5.9,1.0,7.0,9.0,4.0,12.0,1595.0,74.0,10.0,5600.0,800.0,6500.0,9999.0,11.42,9999.0,9999.0,11.9,1230.0,510.0,16.6,15.0,21.0,1.0,28.0,33.0,39.0,42.0,4409.0,1735.0,1485.0,2515.0,188.0,145.0,0.6779999999999999,32.1,3613.0,50.0,54.0
5.9,1.0,8.0,9.0,4.0,12.0,2446.0,95.0,22.0,4300.0,750.0,4800.0,9999.0,14.64,9999.0,9999.0,13.1,1642.0,628.0,17.3,15.0,21.0,1.0,29.0,35.0,39.0,44.0,4963.0,1794.0,1464.0,2850.0,192.0,285.0,763.0,45.4,2.64,51.0,57.0
5.9,1.0,7.0,9.0,4.0,12.0,1361.0,55.0,10.0,5500.0,850.0,9999.0,9999.0,10.25,9999.0,9999.0,14.6,1080.0,550.0,19.6,15.0,21.0,1.0,28.0,33.0,39.0,42.0,4354.0,1698.0,1420.0,2540.0,175.0,111.0,623.0,33.0,3.3,50.0,54.0
5.9,1.0,8.0,9.0,4.0,12.0,2188.0,83.0,22.0,4300.0,9999.0,9999.0,9999.0,14.36,9999.0,9999.0,12.6,1475.0,745.0,17.8,15.0,21.0,1.0,29.0,35.0,0.0,44.0,4620.0,1748.0,1448.0,2670.0,185.0,250.0,696.0,45.7,2.5,51.0,57.0
5.9,1.0,7.0,9.0,4.0,12.0,1241.0,54.0,10.0,6000.0,9999.0,9999.0,9999.0,10.53,9999.0,9999.0,13.2,1025.0,595.0,19.0,15.0,21.0,1.0,28.0,33.0,39.0,42.0,4130.0,1626.0,1515.0,2423.0,166.0,104.0,643.0,27.7,3847.0,50.0,54.0
6.0,1.0,7.0,9.0,4.0,12.0,1898.0,92.0,11.0,5500.0,750.0,5750.0,6000.0,11.92,4.2,5.8,8.8,1080.0,460.0,11.7,15.0,18.0,1.0,28.0,33.0,38.0,42.0,3575.0,1719.0,1587.0,2423.0,198.0,180.0,736.0,35.6,3.88,50.0,54.0
6.0,1.0,7.0,9.0,4.0,12.0,1898.0,92.0,11.0,5500.0,750.0,5750.0,6000.0,11.92,4.2,5.8,8.8,1080.0,460.0,11.7,15.0,18.0,1.0,28.0,33.0,38.0,42.0,3575.0,1719.0,1587.0,2423.0,198.0,180.0,736.0,35.6,3.88,50.0,54.0
6.0,2.0,8.0,9.0,6.0,12.0,3226.0,145.0,18.0,4200.0,630.0,4750.0,4700.0,18.31,4.0,6.1,8.8,1830.0,600.0,12.6,15.0,19.0,2.0,29.0,34.0,38.0,43.0,5038.0,1855.0,1444.0,2965.0,230.0,470.0,621.0,56.2,2.2,51.0,57.0
6.0,3.0,8.0,9.0,6.0,13.0,2496.0,110.0,20.0,4000.0,750.0,4800.0,9999.0,15.61,9999.0,6.6,9.9,1635.0,580.0,14.9,15.0,23.0,4.0,29.0,34.0,38.0,46.0,4796.0,1810.0,1452.0,2759.0,216.0,310.0,657.0,50.2,2.36,51.0,57.0
6.0,1.0,8.0,9.0,6.0,13.0,2496.0,110.0,20.0,4000.0,750.0,4800.0,9999.0,15.61,9999.0,7.3,10.7,1560.0,580.0,14.2,15.0,23.0,4.0,29.0,34.0,38.0,46.0,4796.0,1810.0,1452.0,2760.0,212.0,310.0,657.0,57.2,2.23,51.0,57.0
6.0,1.0,8.0,9.0,6.0,13.0,2496.0,132.0,19.0,4000.0,9999.0,9999.0,9999.0,18.63,9999.0,9999.0,9.3,1660.0,600.0,12.6,15.0,23.0,4.0,29.0,34.0,38.0,46.0,5041.0,1880.0,1440.0,2882.0,225.0,370.0,675.0,52.1,2372.0,51.0,57.0
6.0,2.0,7.0,9.0,4.0,12.0,1895.0,87.0,10.0,5500.0,9999.0,6200.0,9999.0,11.94,9999.0,9999.0,10.4,1220.0,270.0,14.0,15.0,18.0,1.0,28.0,33.0,38.0,42.0,4050.0,1740.0,1289.0,2446.0,196.0,180.0,769.0,34.2,3.4,50.0,54.0
6.0,1.0,7.0,9.0,4.0,12.0,1598.0,74.0,11.0,6000.0,900.0,9999.0,9999.0,11.8,9999.0,9999.0,11.5,1125.0,520.0,15.2,15.0,21.0,2.0,28.0,33.0,39.0,42.0,4252.0,1709.0,1425.0,2606.0,188.0,150.0,589.0,34.9,3.329,52.0,54.0
6.0,1.0,7.0,9.0,4.0,12.0,1595.0,74.0,10.0,5600.0,800.0,9999.0,9999.0,11.42,9999.0,9999.0,11.4,1145.0,545.0,15.5,15.0,21.0,1.0,28.0,33.0,39.0,42.0,4183.0,1742.0,1439.0,2511.0,188.0,145.0,9999.0,32.2,3613.0,50.0,54.0
6.0,1.0,7.0,9.0,4.0,12.0,1595.0,74.0,10.0,5600.0,9999.0,9999.0,9999.0,11.42,9999.0,9999.0,10.7,1067.0,460.0,14.4,15.0,21.0,1.0,28.0,33.0,39.0,42.0,3876.0,1640.0,1422.0,2443.0,188.0,145.0,9999.0,31.0,3.4210000000000003,50.0,54.0
6.0,1.0,7.0,9.0,4.0,12.0,1595.0,74.0,10.0,5600.0,800.0,9999.0,9999.0,11.42,9999.0,9999.0,11.5,1157.0,523.0,15.6,15.0,21.0,1.0,28.0,33.0,39.0,42.0,4439.0,1742.0,1436.0,2513.0,188.0,145.0,654.0,32.2,3613.0,50.0,54.0
6.0,1.0,7.0,9.0,4.0,12.0,1595.0,74.0,10.0,5600.0,800.0,6500.0,9999.0,11.42,9999.0,7.7,11.7,1183.0,537.0,16.0,15.0,21.0,1.0,28.0,33.0,39.0,42.0,4376.0,1735.0,1446.0,2513.0,188.0,145.0,633.0,30.2,3.851,50.0,54.0
6.0,1.0,8.0,9.0,4.0,12.0,1905.0,66.0,22.0,4000.0,800.0,4500.0,9999.0,12.93,9999.0,9999.0,15.8,1336.0,534.0,20.2,15.0,21.0,1.0,29.0,35.0,39.0,44.0,4524.0,1755.0,1400.0,2740.0,175.0,196.0,0.6859999999999999,43.9,2613.0,51.0,57.0
6.0,1.0,7.0,9.0,4.0,12.0,1598.0,66.0,10.0,5000.0,720.0,9999.0,9999.0,10.77,9999.0,9999.0,11.5,1105.0,480.0,16.7,15.0,21.0,1.0,28.0,33.0,39.0,42.0,4028.0,1698.0,1368.0,2463.0,187.0,137.0,563.0,34.7,3.77,50.0,54.0
6.0,1.0,7.0,9.0,4.0,12.0,1598.0,66.0,10.0,5000.0,720.0,9999.0,9999.0,10.77,9999.0,9999.0,11.5,1105.0,480.0,16.7,15.0,21.0,1.0,28.0,33.0,39.0,42.0,4028.0,1698.0,1368.0,2463.0,187.0,137.0,563.0,34.7,3.77,50.0,54.0
6.0,1.0,7.0,9.0,4.0,12.0,1390.0,55.0,10.0,6000.0,750.0,9999.0,9999.0,9.67,9999.0,9999.0,14.5,1015.0,565.0,18.5,15.0,21.0,1.0,28.0,36.0,39.0,42.0,4129.0,1696.0,1419.0,2575.0,168.0,107.0,637.0,34.3,3.74,50.0,54.0
6.0,1.0,8.0,9.0,4.0,12.0,1870.0,47.0,22.0,4500.0,9999.0,9999.0,9999.0,8.06,9999.0,9999.0,19.5,1035.0,655.0,22.0,15.0,21.0,1.0,28.0,35.0,39.0,44.0,3995.0,1663.0,1827.0,2600.0,145.0,120.0,914.0,33.8,3178.0,51.0,57.0
6.0,1.0,7.0,9.0,4.0,12.0,1598.0,79.0,10.0,5750.0,9999.0,9999.0,9999.0,11.64,9999.0,9999.0,11.5,1230.0,610.0,15.6,15.0,21.0,2.0,28.0,33.0,39.0,42.0,4508.0,1752.0,1442.0,2670.0,195.0,148.0,621.0,36.5,3.1830000000000003,50.0,54.0
6.0,1.0,7.0,9.0,4.0,12.0,1149.0,43.0,10.0,5250.0,740.0,6100.0,9999.0,10.17,9999.0,9999.0,16.4,845.0,395.0,19.7,15.0,21.0,1.0,28.0,33.0,39.0,42.0,3433.0,1630.0,1423.0,2347.0,150.0,93.0,0.6829999999999999,25.9,3867.0,50.0,54.0
6.0,1.0,7.0,9.0,4.0,12.0,1598.0,79.0,10.0,5750.0,9999.0,9999.0,9999.0,11.64,9999.0,9999.0,11.2,1250.0,550.0,15.8,15.0,21.0,2.0,28.0,33.0,39.0,42.0,4169.0,1698.0,1675.0,2580.0,182.0,148.0,9999.0,9999.0,9999.0,50.0,54.0
6.0,1.0,7.0,9.0,4.0,12.0,1598.0,79.0,10.0,5750.0,9999.0,9999.0,9999.0,11.64,9999.0,9999.0,11.2,1250.0,550.0,15.8,15.0,21.0,2.0,28.0,33.0,39.0,42.0,4169.0,1698.0,1675.0,2580.0,182.0,148.0,9999.0,9999.0,9999.0,50.0,54.0
6.0,1.0,7.0,9.0,4.0,12.0,1590.0,77.0,9.0,6200.0,750.0,9999.0,9999.0,11.06,9999.0,9999.0,10.1,1025.0,490.0,13.3,15.0,21.0,1.0,28.0,33.0,39.0,42.0,4460.0,1695.0,1375.0,2620.0,190.0,140.0,9999.0,37.2,2.849,50.0,54.0
6.0,3.0,7.0,9.0,4.0,12.0,1299.0,50.0,10.0,6000.0,800.0,9999.0,9999.0,9.58,9999.0,9999.0,13.6,865.0,440.0,17.3,15.0,21.0,1.0,28.0,36.0,39.0,42.0,3745.0,1575.0,1350.0,2265.0,155.0,99.0,9999.0,29.6,3477.0,50.0,54.0
6.0,3.0,7.0,9.0,4.0,12.0,1299.0,50.0,10.0,6000.0,800.0,9999.0,9999.0,9.58,9999.0,9999.0,14.2,895.0,455.0,17.9,15.0,21.0,1.0,28.0,36.0,39.0,42.0,3845.0,1575.0,1380.0,2365.0,155.0,99.0,9999.0,29.6,3477.0,50.0,54.0
6.0,1.0,7.0,9.0,4.0,12.0,1600.0,85.0,10.0,6100.0,9999.0,9999.0,9999.0,11.23,9999.0,9999.0,11.2,1167.0,518.0,13.7,15.0,21.0,2.0,28.0,33.0,39.0,42.0,4448.0,1702.0,1393.0,2550.0,193.0,143.0,693.0,33.1,3.2260000000000004,50.0,54.0
6.0,1.0,8.0,9.0,6.0,13.0,2496.0,110.0,20.0,4000.0,750.0,4800.0,9999.0,15.61,9999.0,7.4,10.7,1615.0,580.0,14.7,15.0,23.0,4.0,29.0,34.0,38.0,46.0,4796.0,1810.0,1479.0,2760.0,210.0,310.0,679.0,57.2,2.23,51.0,57.0
6.0,1.0,7.0,9.0,4.0,12.0,1324.0,46.0,9.0,5000.0,750.0,9999.0,9999.0,9.78,9999.0,9999.0,14.0,955.0,495.0,20.8,15.0,21.0,1.0,28.0,33.0,38.0,42.0,3815.0,1670.0,1535.0,2390.0,151.0,103.0,9999.0,32.6,3157.0,50.0,54.0
6.0,1.0,7.0,9.0,4.0,12.0,1769.0,83.0,10.0,5600.0,700.0,9999.0,9999.0,11.22,9999.0,9999.0,11.2,1310.0,470.0,15.8,15.0,20.0,2.0,28.0,33.0,38.0,42.0,4579.0,1715.0,1450.0,2600.0,191.0,158.0,588.0,35.9,3157.0,52.0,54.0
6.0,1.0,7.0,9.0,4.0,12.0,1600.0,85.0,10.0,6100.0,9999.0,9999.0,9999.0,11.23,9999.0,9999.0,11.2,1208.0,507.0,14.2,15.0,21.0,2.0,28.0,33.0,39.0,42.0,4459.0,1702.0,1457.0,2550.0,188.0,143.0,0.7440000000000001,33.1,3.2260000000000004,50.0,54.0
6.1,1.0,7.0,9.0,4.0,12.0,1397.0,60.0,11.0,5000.0,750.0,5750.0,6000.0,11.69,6.1,9.7,14.6,1050.0,430.0,17.5,15.0,18.0,1.0,28.0,33.0,38.0,42.0,3575.0,1719.0,1575.0,2423.0,167.0,130.0,713.0,38.9,2.7110000000000003,50.0,54.0
6.1,1.0,7.0,9.0,4.0,12.0,1598.0,75.0,11.0,5250.0,750.0,5750.0,6000.0,11.8,5.5,8.2,11.9,1070.0,430.0,14.3,15.0,18.0,1.0,28.0,33.0,38.0,42.0,3575.0,1719.0,1575.0,2423.0,180.0,150.0,713.0,38.9,2.7110000000000003,50.0,54.0
6.1,2.0,7.0,9.0,4.0,12.0,1895.0,87.0,10.0,5500.0,9999.0,9999.0,9999.0,11.94,9999.0,9999.0,10.4,1285.0,500.0,14.8,15.0,24.0,1.0,28.0,33.0,38.0,42.0,4488.0,1757.0,1369.0,2725.0,206.0,180.0,574.0,34.2,3.4,50.0,56.0
6.1,2.0,7.0,9.0,4.0,12.0,1895.0,87.0,10.0,5500.0,850.0,6000.0,6000.0,11.94,9999.0,7.2,10.4,1285.0,500.0,14.8,15.0,24.0,1.0,28.0,33.0,38.0,42.0,4471.0,1739.0,1415.0,2725.0,206.0,180.0,0.5770000000000001,34.3,3.4,50.0,56.0
6.1,2.0,8.0,9.0,6.0,12.0,2497.0,96.0,23.0,4500.0,750.0,9999.0,9999.0,12.58,9999.0,9999.0,12.0,1675.0,495.0,17.4,15.0,24.0,1.0,29.0,33.0,39.0,44.0,4898.0,1776.0,1455.0,2730.0,200.0,250.0,685.0,45.1,2622.0,51.0,57.0
6.1,1.0,7.0,9.0,4.0,12.0,1595.0,74.0,10.0,5600.0,800.0,9999.0,9999.0,11.42,9999.0,9999.0,11.7,1210.0,545.0,16.4,15.0,21.0,1.0,28.0,33.0,39.0,42.0,4511.0,1731.0,1429.0,2512.0,187.0,145.0,0.6559999999999999,32.1,3613.0,50.0,54.0
6.1,1.0,7.0,9.0,4.0,12.0,1984.0,85.0,10.0,5400.0,800.0,6500.0,9999.0,10.51,9999.0,7.2,10.7,1205.0,415.0,14.2,15.0,21.0,1.0,28.0,33.0,38.0,42.0,4081.0,1695.0,1425.0,2471.0,193.0,166.0,0.6509999999999999,35.9,2952.0,50.0,54.0
6.1,1.0,7.0,9.0,4.0,12.0,1595.0,74.0,10.0,5300.0,840.0,6500.0,9999.0,11.03,9999.0,8.1,12.5,1231.0,559.0,16.6,15.0,21.0,1.0,28.0,33.0,39.0,42.0,4675.0,1740.0,1459.0,2703.0,192.0,140.0,581.0,32.3,3595.0,50.0,54.0
6.1,1.0,7.0,9.0,4.0,12.0,1598.0,55.0,9.0,5000.0,9999.0,9999.0,9999.0,10.22,9999.0,9999.0,12.9,1055.0,570.0,19.2,15.0,21.0,1.0,28.0,36.0,39.0,42.0,4129.0,1696.0,1419.0,2575.0,175.0,130.0,637.0,32.6,3233.0,50.0,54.0
6.1,1.0,7.0,9.0,4.0,12.0,1598.0,66.0,10.0,5000.0,720.0,9999.0,9999.0,10.77,9999.0,9999.0,11.5,1055.0,570.0,16.0,15.0,21.0,1.0,28.0,33.0,39.0,42.0,4129.0,1696.0,1419.0,2575.0,184.0,137.0,637.0,33.6,3.1710000000000003,50.0,54.0
6.1,1.0,7.0,9.0,4.0,12.0,1598.0,66.0,10.0,5000.0,720.0,9999.0,9999.0,10.77,9999.0,9999.0,11.5,1055.0,570.0,16.0,15.0,21.0,1.0,28.0,33.0,39.0,42.0,4129.0,1696.0,1419.0,2575.0,184.0,137.0,637.0,33.6,3.1710000000000003,50.0,54.0
6.1,1.0,7.0,9.0,4.0,12.0,1149.0,43.0,10.0,5250.0,9999.0,9999.0,9999.0,10.17,9999.0,9999.0,17.2,945.0,655.0,22.0,15.0,21.0,1.0,28.0,33.0,39.0,42.0,3995.0,1663.0,1827.0,2600.0,142.0,93.0,914.0,31.1,3.4560000000000004,50.0,54.0
6.1,1.0,7.0,9.0,4.0,12.0,1598.0,79.0,10.0,5750.0,9999.0,9999.0,9999.0,11.64,9999.0,9999.0,13.8,1280.0,560.0,16.2,15.0,21.0,2.0,28.0,33.0,39.0,42.0,4169.0,1698.0,1675.0,2580.0,180.0,148.0,9999.0,9999.0,9999.0,50.0,54.0
6.1,1.0,7.0,9.0,4.0,12.0,1598.0,79.0,10.0,5750.0,9999.0,9999.0,9999.0,11.64,9999.0,9999.0,13.8,1280.0,560.0,16.2,15.0,21.0,2.0,28.0,33.0,39.0,42.0,4169.0,1698.0,1675.0,2580.0,180.0,148.0,9999.0,9999.0,9999.0,50.0,54.0
6.1,1.0,7.0,9.0,4.0,12.0,1597.0,66.0,10.0,6000.0,700.0,9999.0,9999.0,10.62,9999.0,9999.0,11.1,1080.0,545.0,16.4,15.0,18.0,2.0,28.0,33.0,38.0,42.0,4340.0,1700.0,1395.0,2535.0,178.0,135.0,9999.0,32.3,3375.0,52.0,54.0
6.1,1.0,7.0,9.0,4.0,12.0,993.0,40.0,9.0,5500.0,9999.0,9999.0,9999.0,9.74,9999.0,9999.0,15.5,760.0,410.0,19.0,15.0,21.0,1.0,28.0,33.0,39.0,42.0,3495.0,1495.0,1405.0,2335.0,140.0,77.0,9999.0,25.2,3.9,52.0,54.0
6.1,1.0,7.0,9.0,4.0,12.0,1590.0,71.0,10.0,6000.0,750.0,9999.0,9999.0,10.59,9999.0,9999.0,11.2,910.0,530.0,12.8,15.0,21.0,1.0,28.0,33.0,38.0,42.0,3900.0,1680.0,1395.0,2380.0,175.0,134.0,9999.0,34.2,3.88,50.0,54.0
6.1,1.0,7.0,9.0,4.0,12.0,1590.0,71.0,10.0,6000.0,750.0,9999.0,9999.0,10.59,9999.0,9999.0,11.2,960.0,540.0,13.5,15.0,21.0,1.0,28.0,33.0,38.0,42.0,4225.0,1690.0,1390.0,2480.0,175.0,134.0,9999.0,34.2,3.88,50.0,54.0
6.1,1.0,7.0,9.0,4.0,12.0,1587.0,81.0,10.0,6000.0,600.0,9999.0,9999.0,11.48,9999.0,9999.0,11.7,1205.0,525.0,14.9,15.0,23.0,2.0,28.0,33.0,39.0,42.0,4490.0,1710.0,1425.0,2630.0,195.0,145.0,532.0,34.1,3.37,50.0,54.0
6.1,1.0,7.0,9.0,4.0,12.0,1587.0,81.0,10.0,6000.0,600.0,9999.0,9999.0,11.48,9999.0,9999.0,11.7,1225.0,505.0,15.1,15.0,23.0,2.0,28.0,33.0,39.0,42.0,4490.0,1710.0,1425.0,2630.0,195.0,145.0,532.0,34.1,3.37,50.0,54.0
6.1,1.0,7.0,9.0,4.0,12.0,1598.0,81.0,11.0,6000.0,9999.0,9999.0,9999.0,11.8,9999.0,9999.0,9.8,1080.0,535.0,13.3,15.0,20.0,2.0,28.0,33.0,38.0,42.0,4120.0,1690.0,1385.0,2465.0,195.0,150.0,9999.0,35.3,3.89,50.0,54.0
6.1,1.0,7.0,9.0,4.0,12.0,1598.0,81.0,11.0,6000.0,9999.0,9999.0,9999.0,11.8,9999.0,9999.0,9.8,1115.0,500.0,13.8,15.0,20.0,2.0,28.0,33.0,38.0,42.0,4290.0,1690.0,1385.0,2465.0,195.0,150.0,9999.0,35.3,3.89,50.0,54.0
6.1,1.0,7.0,9.0,4.0,12.0,1598.0,78.0,10.0,5800.0,9999.0,9999.0,9999.0,11.4,9999.0,9999.0,11.0,1178.0,542.0,15.1,15.0,21.0,2.0,28.0,33.0,39.0,42.0,4495.0,1700.0,1430.0,2570.0,185.0,145.0,9999.0,41.2,2.643,52.0,54.0
6.1,1.0,7.0,9.0,4.0,12.0,1988.0,96.0,10.0,5600.0,800.0,7100.0,9999.0,11.25,9999.0,9999.0,10.2,1313.0,662.0,13.7,15.0,21.0,2.0,28.0,33.0,38.0,42.0,4671.0,1751.0,1480.0,2704.0,199.0,178.0,0.6970000000000001,38.5,2.9,52.0,56.0
6.1,1.0,7.0,9.0,4.0,12.0,1598.0,55.0,10.0,5200.0,850.0,9999.0,9999.0,10.07,9999.0,9999.0,15.0,1140.0,550.0,20.7,15.0,21.0,1.0,28.0,33.0,38.0,42.0,4288.0,1709.0,1465.0,2611.0,165.0,128.0,645.0,39.1,2968.0,52.0,54.0
6.1,1.0,7.0,9.0,4.0,12.0,1796.0,85.0,11.0,5400.0,780.0,9999.0,9999.0,11.89,9999.0,9999.0,10.5,1200.0,550.0,14.1,15.0,21.0,2.0,28.0,33.0,38.0,42.0,4288.0,1709.0,1465.0,2611.0,195.0,170.0,645.0,34.9,3.329,52.0,54.0
6.1,1.0,7.0,9.0,4.0,12.0,1598.0,81.0,11.0,6000.0,9999.0,9999.0,9999.0,11.8,9999.0,9999.0,10.0,1100.0,550.0,13.6,15.0,20.0,2.0,28.0,33.0,38.0,42.0,4340.0,1690.0,1490.0,2465.0,195.0,150.0,9999.0,32.3,3.37,50.0,54.0
6.1,1.0,7.0,11.0,4.0,12.0,1834.0,90.0,12.0,5500.0,600.0,9999.0,9999.0,11.92,9999.0,9999.0,10.4,1195.0,535.0,13.3,15.0,21.0,2.0,28.0,34.0,38.0,48.0,4030.0,1700.0,1515.0,2500.0,190.0,174.0,9999.0,35.7,3.52,52.0,54.0
6.2,1.0,8.0,9.0,6.0,13.0,2496.0,132.0,19.0,4000.0,9999.0,9999.0,9999.0,18.63,9999.0,9999.0,8.8,1565.0,580.0,11.9,15.0,23.0,4.0,29.0,34.0,38.0,46.0,4796.0,1810.0,1452.0,2760.0,221.0,370.0,698.0,52.3,2214.0,51.0,57.0
6.2,3.0,8.0,9.0,6.0,13.0,2496.0,132.0,19.0,4000.0,9999.0,9999.0,9999.0,18.63,9999.0,9999.0,8.8,1645.0,580.0,12.5,15.0,23.0,4.0,29.0,34.0,38.0,46.0,4796.0,1810.0,1452.0,2759.0,223.0,370.0,698.0,53.0,2182.0,51.0,57.0
6.2,1.0,7.0,9.0,4.0,12.0,1781.0,110.0,10.0,5700.0,800.0,6800.0,9999.0,14.82,9999.0,5.8,8.2,1175.0,560.0,10.7,15.0,22.0,2.0,29.0,33.0,38.0,42.0,4152.0,1735.0,1427.0,2513.0,217.0,210.0,639.0,37.7,3.84,50.0,54.0
6.2,1.0,7.0,9.0,4.0,12.0,1781.0,132.0,10.0,5500.0,860.0,9999.0,9999.0,16.58,9999.0,5.6,7.5,1180.0,560.0,8.9,15.0,22.0,2.0,29.0,33.0,38.0,42.0,4152.0,1735.0,1427.0,2513.0,228.0,235.0,639.0,37.5,3.56,50.0,54.0
6.2,1.0,7.0,9.0,4.0,12.0,1781.0,132.0,10.0,5500.0,860.0,9999.0,9999.0,16.58,9999.0,5.6,7.5,1180.0,560.0,8.9,15.0,22.0,2.0,29.0,33.0,38.0,42.0,4152.0,1735.0,1427.0,2513.0,228.0,235.0,639.0,37.5,3.56,50.0,54.0
6.2,2.0,8.0,9.0,6.0,12.0,2926.0,135.0,18.0,4000.0,9999.0,9999.0,9999.0,16.75,9999.0,9999.0,8.2,1535.0,500.0,11.4,15.0,18.0,2.0,29.0,34.0,38.0,43.0,4471.0,1739.0,1415.0,2725.0,227.0,390.0,639.0,54.7,2136.0,51.0,57.0
6.2,1.0,7.0,9.0,4.0,12.0,1598.0,55.0,10.0,5200.0,850.0,9999.0,9999.0,10.07,9999.0,9999.0,16.5,1105.0,520.0,20.1,15.0,21.0,1.0,28.0,33.0,38.0,42.0,4110.0,1709.0,1425.0,2606.0,163.0,128.0,609.0,38.3,3.28,52.0,54.0
6.2,1.0,7.0,9.0,4.0,12.0,1796.0,85.0,11.0,5400.0,780.0,9999.0,9999.0,11.89,9999.0,9999.0,11.0,1165.0,520.0,13.7,15.0,21.0,2.0,28.0,33.0,38.0,42.0,4110.0,1709.0,1425.0,2606.0,195.0,170.0,609.0,38.3,3.28,52.0,54.0
6.2,1.0,7.0,9.0,4.0,12.0,1796.0,85.0,11.0,5400.0,780.0,9999.0,9999.0,11.89,9999.0,9999.0,11.0,1185.0,520.0,13.9,15.0,21.0,2.0,28.0,33.0,38.0,42.0,4110.0,1709.0,1425.0,2606.0,195.0,170.0,629.0,38.3,3.28,52.0,54.0
6.2,1.0,7.0,9.0,4.0,12.0,1598.0,74.0,11.0,6000.0,850.0,9999.0,9999.0,11.8,9999.0,9999.0,14.5,1310.0,490.0,17.7,15.0,21.0,2.0,28.0,33.0,38.0,42.0,4495.0,1707.0,1425.0,2637.0,178.0,150.0,557.0,37.2,3.28,52.0,56.0
6.2,1.0,7.0,9.0,4.0,12.0,1598.0,74.0,11.0,6000.0,850.0,9999.0,9999.0,11.8,9999.0,9999.0,14.5,1250.0,565.0,16.9,15.0,21.0,2.0,28.0,33.0,38.0,42.0,4495.0,1707.0,1425.0,2637.0,178.0,150.0,557.0,37.2,3.28,52.0,56.0
6.2,1.0,7.0,9.0,4.0,12.0,1796.0,85.0,11.0,5400.0,780.0,9999.0,9999.0,11.89,9999.0,9999.0,11.0,1185.0,520.0,13.9,15.0,21.0,2.0,28.0,33.0,38.0,42.0,4252.0,1709.0,1425.0,2606.0,195.0,170.0,589.0,38.3,3.28,52.0,54.0
6.2,1.0,7.0,9.0,4.0,12.0,1781.0,132.0,10.0,5500.0,860.0,6800.0,9999.0,16.58,9999.0,9999.0,7.7,1247.0,528.0,9.4,15.0,21.0,2.0,29.0,33.0,38.0,42.0,4183.0,1742.0,1439.0,2511.0,229.0,235.0,9999.0,38.5,3.7,52.0,58.0
6.2,1.0,7.0,9.0,4.0,12.0,1595.0,74.0,10.0,5800.0,840.0,6500.0,9999.0,11.03,9999.0,8.0,11.9,1155.0,425.0,15.6,15.0,21.0,1.0,28.0,33.0,39.0,42.0,4081.0,1695.0,1425.0,2472.0,185.0,140.0,0.6509999999999999,31.6,3.4,50.0,54.0
6.2,1.0,7.0,9.0,4.0,12.0,1781.0,66.0,10.0,5500.0,875.0,9999.0,9999.0,10.23,9999.0,8.6,13.1,1155.0,425.0,17.5,15.0,21.0,1.0,28.0,36.0,39.0,42.0,4081.0,1695.0,1425.0,2472.0,175.0,145.0,0.6509999999999999,34.0,3117.0,50.0,54.0
6.2,1.0,7.0,9.0,4.0,12.0,1361.0,55.0,10.0,5500.0,850.0,9999.0,9999.0,10.25,9999.0,9999.0,17.5,1125.0,655.0,20.5,15.0,21.0,1.0,28.0,33.0,39.0,42.0,4108.0,1719.0,1802.0,2690.0,150.0,111.0,973.0,31.6,3.482,50.0,54.0
6.2,1.0,7.0,9.0,4.0,12.0,1762.0,66.0,10.0,5000.0,850.0,9999.0,9999.0,10.48,9999.0,9999.0,13.1,1071.0,519.0,16.2,15.0,21.0,1.0,28.0,33.0,39.0,42.0,4167.0,1698.0,1401.0,2540.0,182.0,147.0,657.0,37.2,2929.0,50.0,54.0
6.2,1.0,7.0,9.0,4.0,12.0,1762.0,66.0,10.0,5000.0,850.0,9999.0,9999.0,10.48,9999.0,9999.0,13.1,1084.0,516.0,16.4,15.0,21.0,1.0,28.0,33.0,39.0,42.0,4167.0,1698.0,1405.0,2540.0,182.0,147.0,637.0,37.2,2929.0,50.0,54.0
6.2,1.0,7.0,9.0,4.0,12.0,1587.0,65.0,10.0,5600.0,850.0,6500.0,9999.0,10.69,9999.0,9999.0,13.5,1090.0,465.0,16.8,15.0,21.0,1.0,28.0,33.0,39.0,42.0,4030.0,1680.0,1365.0,2580.0,178.0,135.0,691.0,35.0,3116.0,50.0,54.0
6.2,1.0,7.0,9.0,4.0,12.0,1997.0,99.0,11.0,6000.0,700.0,6500.0,9999.0,11.96,9999.0,9999.0,8.9,1050.0,510.0,10.6,15.0,21.0,2.0,28.0,33.0,39.0,42.0,3835.0,1673.0,1430.0,2442.0,210.0,190.0,653.0,45.8,2339.0,50.0,54.0
6.2,1.0,8.0,9.0,5.0,12.0,2387.0,100.0,18.0,4000.0,9999.0,9999.0,9999.0,16.0,9999.0,9999.0,10.0,1510.0,510.0,15.1,15.0,21.0,1.0,29.0,34.0,38.0,43.0,4687.0,1826.0,1462.0,2700.0,202.0,304.0,9999.0,45.9,2497.0,51.0,57.0
6.2,1.0,7.0,9.0,4.0,12.0,1589.0,73.0,11.0,6000.0,9999.0,9999.0,9999.0,10.91,9999.0,9999.0,10.2,1015.0,500.0,13.9,15.0,21.0,1.0,28.0,33.0,39.0,42.0,4350.0,1660.0,1385.0,2470.0,175.0,138.0,9999.0,42.1,2516.0,50.0,54.0
6.2,1.0,7.0,9.0,4.0,12.0,1589.0,73.0,11.0,6000.0,9999.0,9999.0,9999.0,10.91,9999.0,9999.0,10.2,1025.0,490.0,14.0,15.0,21.0,1.0,28.0,33.0,39.0,42.0,4350.0,1660.0,1385.0,2470.0,175.0,138.0,9999.0,42.1,2516.0,50.0,54.0
6.2,1.0,7.0,9.0,4.0,12.0,1590.0,67.0,10.0,6000.0,9999.0,9999.0,9999.0,9.96,9999.0,9999.0,11.7,990.0,495.0,14.8,15.0,21.0,1.0,28.0,33.0,39.0,42.0,4100.0,1640.0,1580.0,2395.0,165.0,126.0,9999.0,35.4,3.16,50.0,54.0
6.2,1.0,7.0,9.0,4.0,12.0,1590.0,67.0,10.0,6000.0,9999.0,9999.0,9999.0,9.96,9999.0,9999.0,11.7,990.0,495.0,14.8,15.0,21.0,1.0,28.0,33.0,39.0,42.0,4100.0,1640.0,1600.0,2395.0,165.0,126.0,9999.0,35.4,3.16,50.0,54.0
6.2,3.0,7.0,9.0,3.0,12.0,989.0,41.0,10.0,5200.0,9999.0,9999.0,9999.0,11.18,9999.0,9999.0,17.4,870.0,490.0,21.2,15.0,23.0,2.0,28.0,33.0,39.0,42.0,3675.0,1590.0,1450.0,2345.0,135.0,88.0,9999.0,29.5,3535.0,50.0,54.0
6.2,3.0,7.0,9.0,3.0,12.0,989.0,41.0,10.0,5200.0,9999.0,9999.0,9999.0,11.18,9999.0,9999.0,17.4,870.0,490.0,21.2,15.0,23.0,2.0,28.0,33.0,39.0,42.0,3675.0,1590.0,1450.0,2345.0,135.0,88.0,9999.0,29.5,3535.0,50.0,54.0
6.2,1.0,7.0,9.0,4.0,12.0,1396.0,66.0,10.0,6300.0,9999.0,9999.0,9999.0,11.43,9999.0,9999.0,13.6,990.0,520.0,15.0,15.0,21.0,1.0,28.0,33.0,39.0,42.0,4190.0,1695.0,1375.0,2620.0,170.0,127.0,9999.0,36.1,2932.0,50.0,54.0
6.2,1.0,7.0,9.0,4.0,12.0,1396.0,66.0,10.0,6300.0,9999.0,9999.0,9999.0,11.43,9999.0,9999.0,13.7,1015.0,500.0,15.4,15.0,21.0,1.0,28.0,33.0,39.0,42.0,4460.0,1695.0,1390.0,2620.0,172.0,127.0,9999.0,36.1,2932.0,50.0,54.0
6.2,1.0,7.0,9.0,4.0,12.0,1834.0,92.0,12.0,5500.0,600.0,9999.0,9999.0,11.92,9999.0,9999.0,12.4,1215.0,510.0,13.2,15.0,21.0,2.0,28.0,34.0,38.0,48.0,4475.0,1710.0,1405.0,2550.0,200.0,174.0,9999.0,39.2,2878.0,52.0,54.0
6.2,1.0,7.0,9.0,4.0,12.0,1834.0,92.0,12.0,5500.0,600.0,9999.0,9999.0,11.92,9999.0,9999.0,12.4,1230.0,500.0,13.4,15.0,21.0,2.0,28.0,34.0,38.0,48.0,4475.0,1710.0,1405.0,2550.0,200.0,174.0,9999.0,39.2,2878.0,52.0,54.0
6.2,1.0,7.0,9.0,4.0,12.0,1834.0,92.0,12.0,5500.0,600.0,9999.0,9999.0,11.92,9999.0,9999.0,12.4,1235.0,510.0,13.4,15.0,21.0,2.0,28.0,34.0,38.0,48.0,4475.0,1710.0,1405.0,2550.0,200.0,174.0,9999.0,39.2,2878.0,52.0,54.0
6.2,1.0,7.0,9.0,4.0,12.0,1834.0,92.0,12.0,5500.0,600.0,9999.0,9999.0,11.92,9999.0,9999.0,12.4,1265.0,485.0,13.8,15.0,21.0,2.0,28.0,34.0,38.0,48.0,4475.0,1710.0,1405.0,2550.0,200.0,174.0,9999.0,39.2,2878.0,52.0,54.0
6.2,1.0,7.0,9.0,4.0,12.0,1324.0,54.0,9.0,5500.0,750.0,9999.0,9999.0,10.25,9999.0,9999.0,14.2,1130.0,440.0,20.9,15.0,21.0,1.0,28.0,33.0,38.0,42.0,4315.0,1705.0,1410.0,2610.0,167.0,108.0,9999.0,32.0,3335.0,50.0,54.0
6.2,1.0,7.0,9.0,4.0,12.0,1324.0,54.0,9.0,5500.0,750.0,9999.0,9999.0,10.25,9999.0,9999.0,14.2,1145.0,440.0,21.2,15.0,21.0,1.0,28.0,33.0,38.0,42.0,4200.0,1705.0,1410.0,2610.0,167.0,108.0,0.5920000000000001,32.0,3335.0,50.0,54.0
6.2,1.0,7.0,9.0,4.0,12.0,1324.0,54.0,9.0,5500.0,750.0,9999.0,9999.0,10.25,9999.0,9999.0,14.2,1145.0,440.0,21.2,15.0,21.0,1.0,28.0,33.0,38.0,42.0,4200.0,1705.0,1410.0,2610.0,167.0,108.0,0.5920000000000001,32.7,3335.0,50.0,54.0
6.2,1.0,7.0,9.0,4.0,12.0,1324.0,54.0,9.0,5500.0,750.0,9999.0,9999.0,10.25,9999.0,9999.0,13.2,1055.0,445.0,19.5,15.0,21.0,1.0,28.0,33.0,38.0,42.0,4040.0,1695.0,1405.0,2505.0,164.0,108.0,9999.0,30.8,3423.0,50.0,54.0
6.2,1.0,7.0,9.0,4.0,12.0,1840.0,74.0,10.0,5500.0,9999.0,9999.0,9999.0,10.38,9999.0,9999.0,11.8,1170.0,525.0,15.8,15.0,21.0,2.0,28.0,33.0,38.0,42.0,4590.0,1710.0,1430.0,2610.0,182.0,152.0,0.6579999999999999,41.5,2.732,52.0,54.0
6.2,1.0,7.0,9.0,4.0,12.0,1840.0,74.0,10.0,5500.0,9999.0,9999.0,9999.0,10.38,9999.0,9999.0,11.8,1190.0,520.0,16.1,15.0,21.0,2.0,28.0,33.0,38.0,42.0,4590.0,1710.0,1430.0,2610.0,182.0,152.0,0.6579999999999999,41.5,2.732,52.0,54.0
6.2,1.0,7.0,9.0,4.0,12.0,1769.0,84.0,10.0,5600.0,700.0,9999.0,9999.0,11.22,9999.0,9999.0,12.8,1310.0,425.0,15.6,15.0,20.0,2.0,28.0,33.0,38.0,42.0,4184.0,1706.0,1448.0,2535.0,173.0,158.0,9999.0,39.7,2.837,52.0,54.0
6.2,1.0,7.0,9.0,3.0,12.0,993.0,39.0,10.0,5700.0,850.0,9999.0,9999.0,9.62,9999.0,9999.0,9999.0,785.0,465.0,20.1,15.0,21.0,1.0,28.0,36.0,39.0,42.0,3745.0,1590.0,1350.0,2265.0,140.0,76.0,9999.0,25.4,4.0,50.0,54.0
6.2,1.0,7.0,9.0,4.0,12.0,1794.0,105.0,10.0,6400.0,9999.0,7000.0,9999.0,11.91,9999.0,9999.0,8.7,1100.0,465.0,10.5,15.0,20.0,2.0,28.0,33.0,38.0,42.0,4335.0,1735.0,1315.0,2600.0,205.0,170.0,9999.0,36.1,3.1260000000000003,50.0,54.0
6.2,1.0,7.0,9.0,4.0,12.0,1498.0,63.0,10.0,5800.0,9999.0,9999.0,9999.0,10.91,9999.0,9999.0,12.5,1021.0,574.0,16.2,15.0,21.0,1.0,28.0,33.0,39.0,42.0,4074.0,1678.0,1432.0,2520.0,172.0,130.0,9999.0,35.6,2965.0,50.0,54.0
6.2,1.0,7.0,9.0,4.0,12.0,1597.0,70.0,10.0,5500.0,800.0,9999.0,9999.0,10.62,9999.0,9999.0,10.9,1050.0,435.0,15.0,15.0,21.0,1.0,28.0,33.0,38.0,42.0,4350.0,1680.0,1385.0,2500.0,180.0,135.0,9999.0,35.6,2.979,50.0,54.0
6.2,1.0,7.0,9.0,4.0,12.0,1299.0,55.0,10.0,6000.0,750.0,9999.0,9999.0,10.35,9999.0,9999.0,12.5,995.0,405.0,18.1,15.0,21.0,1.0,28.0,33.0,39.0,42.0,4270.0,1680.0,1385.0,2500.0,164.0,107.0,9999.0,34.6,3.62,50.0,54.0
6.2,1.0,7.0,9.0,4.0,12.0,1597.0,70.0,10.0,5500.0,800.0,9999.0,9999.0,10.62,9999.0,9999.0,10.9,1050.0,460.0,15.0,15.0,21.0,1.0,28.0,33.0,38.0,42.0,4270.0,1680.0,1385.0,2500.0,180.0,135.0,9999.0,35.6,2.979,50.0,54.0
6.2,2.0,8.0,9.0,5.0,12.0,2497.0,110.0,22.0,4400.0,720.0,5400.0,5450.0,14.09,4.6,7.3,10.5,1450.0,550.0,13.2,15.0,19.0,2.0,29.0,37.0,38.0,49.0,4516.0,1723.0,1458.0,2690.0,200.0,280.0,0.68,41.9,2.768,51.0,57.0
6.2,1.0,8.0,9.0,6.0,13.0,2496.0,132.0,19.0,4000.0,9999.0,9999.0,9999.0,18.63,9999.0,9999.0,9.0,1620.0,580.0,12.3,15.0,23.0,4.0,29.0,34.0,38.0,46.0,4796.0,1810.0,1479.0,2760.0,219.0,370.0,723.0,52.3,2214.0,51.0,57.0
6.2,2.0,7.0,9.0,4.0,12.0,1895.0,87.0,10.0,5500.0,9999.0,9999.0,9999.0,11.94,9999.0,7.5,10.9,1365.0,540.0,15.7,15.0,24.0,1.0,28.0,33.0,38.0,42.0,4478.0,1739.0,1409.0,2725.0,202.0,180.0,639.0,34.3,3.4,50.0,56.0
6.2,1.0,7.0,9.0,4.0,12.0,1598.0,74.0,11.0,6000.0,900.0,9999.0,9999.0,11.8,9999.0,9999.0,12.0,1160.0,550.0,15.7,15.0,21.0,2.0,28.0,33.0,39.0,42.0,4288.0,1709.0,1465.0,2611.0,183.0,150.0,645.0,34.9,3.329,52.0,54.0
6.2,1.0,7.0,9.0,4.0,12.0,1984.0,85.0,10.0,5200.0,780.0,6500.0,9999.0,10.77,9999.0,7.6,11.4,1284.0,526.0,15.1,15.0,21.0,1.0,28.0,33.0,38.0,42.0,4397.0,1735.0,1485.0,2515.0,195.0,170.0,0.6779999999999999,35.2,3.31,50.0,54.0
6.2,1.0,7.0,9.0,4.0,12.0,1587.0,65.0,10.0,5600.0,850.0,6500.0,9999.0,10.69,9999.0,9999.0,14.1,1120.0,485.0,17.2,15.0,21.0,1.0,28.0,33.0,39.0,42.0,4344.0,1680.0,1407.0,2580.0,178.0,135.0,0.6629999999999999,31.3,3.4810000000000003,50.0,54.0
6.2,1.0,7.0,9.0,4.0,12.0,1598.0,79.0,10.0,5750.0,9999.0,9999.0,9999.0,11.64,9999.0,9999.0,11.9,1285.0,745.0,16.3,15.0,21.0,2.0,28.0,33.0,39.0,42.0,4620.0,1748.0,1448.0,2670.0,187.0,148.0,696.0,36.5,3.1830000000000003,50.0,54.0
6.2,1.0,7.0,9.0,4.0,12.0,1597.0,73.0,10.0,6000.0,700.0,9999.0,9999.0,10.7,9999.0,9999.0,11.7,1295.0,460.0,17.7,15.0,18.0,2.0,28.0,33.0,38.0,42.0,4579.0,1715.0,1450.0,2600.0,176.0,136.0,588.0,36.0,3153.0,52.0,54.0
6.2,1.0,7.0,9.0,4.0,12.0,1590.0,71.0,10.0,6000.0,750.0,9999.0,9999.0,10.59,9999.0,9999.0,9999.0,1005.0,555.0,14.2,15.0,21.0,1.0,28.0,33.0,38.0,42.0,4375.0,1690.0,1460.0,2480.0,175.0,134.0,9999.0,34.2,3.88,50.0,54.0
6.2,1.0,7.0,9.0,4.0,12.0,1598.0,78.0,10.0,5800.0,9999.0,9999.0,9999.0,11.4,9999.0,9999.0,11.0,1238.0,622.0,15.9,15.0,21.0,2.0,28.0,33.0,39.0,42.0,4550.0,1720.0,1430.0,2570.0,175.0,145.0,9999.0,43.3,2517.0,52.0,54.0
6.3,1.0,7.0,9.0,4.0,12.0,1898.0,92.0,11.0,5500.0,750.0,5750.0,6000.0,11.92,4.5,7.1,10.2,1110.0,430.0,12.1,15.0,18.0,1.0,28.0,33.0,38.0,42.0,3575.0,1719.0,1587.0,2423.0,193.0,180.0,736.0,40.6,2.7110000000000003,50.0,54.0
6.3,1.0,7.0,9.0,4.0,12.0,1781.0,92.0,10.0,6000.0,800.0,6800.0,9999.0,11.99,9999.0,6.5,9.7,1160.0,560.0,12.6,15.0,22.0,2.0,28.0,33.0,38.0,42.0,4152.0,1735.0,1427.0,2513.0,202.0,170.0,639.0,32.8,3545.0,50.0,54.0
6.3,1.0,7.0,9.0,4.0,12.0,1598.0,55.0,10.0,5200.0,850.0,9999.0,9999.0,10.07,9999.0,9999.0,15.0,1065.0,495.0,19.4,15.0,21.0,1.0,28.0,36.0,39.0,42.0,4239.0,1684.0,1386.0,2517.0,168.0,128.0,0.64,31.8,3.329,52.0,54.0
6.3,1.0,7.0,9.0,4.0,12.0,1799.0,85.0,11.0,5400.0,850.0,9999.0,9999.0,11.87,9999.0,9999.0,10.0,1165.0,485.0,13.7,15.0,21.0,2.0,28.0,33.0,39.0,42.0,4239.0,1684.0,1386.0,2517.0,200.0,170.0,0.64,39.4,2.768,52.0,54.0
6.3,1.0,7.0,9.0,4.0,12.0,1598.0,55.0,10.0,5200.0,850.0,9999.0,9999.0,10.07,9999.0,9999.0,16.5,1125.0,520.0,20.5,15.0,21.0,1.0,28.0,33.0,38.0,42.0,4252.0,1709.0,1425.0,2606.0,163.0,128.0,589.0,38.3,3.28,52.0,54.0
6.3,1.0,7.0,9.0,4.0,12.0,1598.0,74.0,11.0,6000.0,900.0,9999.0,9999.0,11.8,9999.0,9999.0,13.5,1145.0,520.0,15.5,15.0,21.0,2.0,28.0,33.0,39.0,42.0,4252.0,1709.0,1425.0,2606.0,178.0,150.0,589.0,38.3,3.28,52.0,54.0
6.3,1.0,7.0,9.0,4.0,12.0,1598.0,74.0,11.0,6000.0,900.0,9999.0,9999.0,11.8,9999.0,9999.0,13.5,1125.0,520.0,15.2,15.0,21.0,2.0,28.0,33.0,39.0,42.0,4110.0,1709.0,1425.0,2606.0,178.0,150.0,609.0,38.3,3.28,52.0,54.0
6.3,1.0,7.0,9.0,4.0,12.0,1998.0,100.0,11.0,5600.0,850.0,9999.0,9999.0,11.82,9999.0,9999.0,9.0,1179.0,506.0,11.8,15.0,21.0,2.0,28.0,33.0,39.0,42.0,4110.0,1709.0,1425.0,2606.0,208.0,188.0,609.0,33.6,3.329,50.0,54.0
6.3,1.0,7.0,9.0,4.0,12.0,1598.0,55.0,10.0,5200.0,850.0,9999.0,9999.0,10.07,9999.0,9999.0,16.5,1125.0,520.0,20.5,15.0,21.0,1.0,28.0,33.0,38.0,42.0,4110.0,1709.0,1425.0,2606.0,163.0,128.0,629.0,38.3,3.28,52.0,54.0
6.3,1.0,7.0,9.0,4.0,12.0,1598.0,74.0,11.0,6000.0,900.0,9999.0,9999.0,11.8,9999.0,9999.0,13.5,1145.0,520.0,15.5,15.0,21.0,2.0,28.0,33.0,39.0,42.0,4110.0,1709.0,1425.0,2606.0,178.0,150.0,629.0,38.3,3.28,52.0,54.0
6.3,1.0,7.0,9.0,4.0,12.0,1998.0,100.0,11.0,5600.0,850.0,9999.0,9999.0,11.82,9999.0,9999.0,10.5,1185.0,520.0,11.9,15.0,21.0,2.0,28.0,33.0,39.0,42.0,4110.0,1709.0,1425.0,2606.0,200.0,188.0,629.0,34.9,3.329,50.0,54.0
6.3,1.0,7.0,9.0,4.0,12.0,1799.0,85.0,11.0,5400.0,850.0,9999.0,9999.0,11.87,9999.0,9999.0,12.5,1273.0,542.0,15.0,15.0,21.0,2.0,28.0,33.0,39.0,42.0,4495.0,1707.0,1425.0,2637.0,198.0,170.0,557.0,37.2,3.28,52.0,56.0
6.3,1.0,7.0,9.0,4.0,12.0,1799.0,85.0,11.0,5400.0,850.0,9999.0,9999.0,11.87,9999.0,9999.0,12.5,1288.0,542.0,15.2,15.0,21.0,2.0,28.0,33.0,39.0,42.0,4495.0,1707.0,1425.0,2637.0,198.0,170.0,557.0,37.2,3.28,52.0,56.0
6.3,1.0,7.0,9.0,4.0,12.0,1998.0,100.0,11.0,5600.0,850.0,9999.0,9999.0,11.82,9999.0,9999.0,10.0,1340.0,535.0,13.4,15.0,21.0,2.0,28.0,33.0,39.0,42.0,4495.0,1707.0,1425.0,2637.0,215.0,188.0,557.0,35.5,3177.0,52.0,56.0
6.3,1.0,7.0,9.0,4.0,12.0,1998.0,100.0,11.0,5600.0,850.0,9999.0,9999.0,11.82,9999.0,9999.0,9.0,1205.0,500.0,12.1,15.0,21.0,2.0,28.0,33.0,39.0,42.0,4252.0,1709.0,1425.0,2606.0,208.0,188.0,589.0,41.9,2.768,50.0,54.0
6.3,1.0,7.0,9.0,4.0,12.0,1389.0,66.0,11.0,6000.0,900.0,9999.0,9999.0,11.31,9999.0,9999.0,13.5,984.0,461.0,14.9,15.0,21.0,2.0,28.0,33.0,38.0,42.0,3741.0,1608.0,1424.0,2443.0,172.0,125.0,0.66,37.2,2.768,52.0,56.0
6.3,1.0,7.0,9.0,4.0,12.0,1390.0,44.0,10.0,4700.0,700.0,9999.0,9999.0,10.49,9999.0,10.3,16.2,936.0,454.0,21.3,15.0,21.0,1.0,28.0,33.0,39.0,42.0,3536.0,1639.0,1460.0,2323.0,155.0,116.0,659.0,30.6,3338.0,50.0,54.0
6.3,1.0,7.0,9.0,4.0,12.0,1781.0,110.0,10.0,5700.0,820.0,6800.0,9999.0,14.82,9999.0,9999.0,8.9,1285.0,545.0,11.7,15.0,22.0,2.0,29.0,33.0,38.0,42.0,4511.0,1731.0,1429.0,2512.0,217.0,210.0,0.6559999999999999,37.0,3.95,50.0,54.0
6.3,1.0,7.0,9.0,4.0,12.0,1984.0,85.0,10.0,5200.0,780.0,6500.0,9999.0,10.77,9999.0,9999.0,11.1,1260.0,545.0,14.8,15.0,21.0,1.0,28.0,33.0,38.0,42.0,4511.0,1731.0,1429.0,2512.0,196.0,170.0,0.6559999999999999,35.0,3313.0,50.0,54.0
6.3,1.0,7.0,9.0,4.0,12.0,1781.0,110.0,10.0,5700.0,825.0,9999.0,9999.0,14.82,9999.0,6.1,8.9,1311.0,559.0,11.9,15.0,22.0,2.0,29.0,33.0,38.0,42.0,4675.0,1740.0,1459.0,2703.0,223.0,210.0,581.0,37.4,3.11,50.0,54.0
6.3,1.0,7.0,9.0,4.0,12.0,1587.0,87.0,11.0,6600.0,9999.0,9999.0,9999.0,11.48,9999.0,9999.0,8.7,907.0,473.0,10.4,15.0,21.0,2.0,28.0,33.0,39.0,42.0,3737.0,1620.0,1360.0,2385.0,205.0,145.0,604.0,30.6,3.349,50.0,54.0
6.3,1.0,7.0,9.0,4.0,12.0,1762.0,81.0,10.0,5500.0,850.0,9999.0,9999.0,11.05,9999.0,9999.0,10.6,1102.0,518.0,13.6,15.0,21.0,2.0,28.0,33.0,39.0,42.0,4167.0,1698.0,1401.0,2540.0,195.0,155.0,0.64,34.7,3138.0,50.0,54.0
6.3,1.0,7.0,9.0,4.0,12.0,1762.0,81.0,10.0,5500.0,850.0,9999.0,9999.0,11.05,9999.0,9999.0,10.7,1115.0,515.0,13.8,15.0,21.0,2.0,28.0,33.0,39.0,42.0,4167.0,1698.0,1405.0,2540.0,195.0,155.0,0.68,34.7,3138.0,50.0,54.0
6.3,1.0,7.0,9.0,4.0,12.0,1762.0,81.0,10.0,5500.0,850.0,6400.0,9999.0,11.05,9999.0,9999.0,11.2,1115.0,465.0,13.8,15.0,21.0,2.0,28.0,33.0,39.0,42.0,4030.0,1680.0,1368.0,2580.0,192.0,155.0,0.71,38.6,2821.0,50.0,54.0
6.3,1.0,7.0,9.0,4.0,12.0,1598.0,66.0,10.0,5000.0,750.0,9999.0,9999.0,10.77,9999.0,9999.0,13.7,1105.0,570.0,16.7,15.0,21.0,1.0,28.0,33.0,39.0,42.0,4400.0,1698.0,1419.0,2575.0,170.0,137.0,617.0,46.0,2319.0,50.0,54.0
6.3,1.0,7.0,9.0,4.0,12.0,1598.0,66.0,10.0,5000.0,720.0,9999.0,9999.0,10.77,9999.0,9999.0,12.5,1045.0,485.0,15.8,15.0,21.0,1.0,28.0,33.0,39.0,42.0,3931.0,1698.0,1366.0,2463.0,173.0,137.0,627.0,45.9,2322.0,50.0,54.0
6.3,1.0,7.0,9.0,4.0,12.0,1390.0,55.0,10.0,5500.0,9999.0,9999.0,9999.0,10.31,9999.0,9999.0,14.3,990.0,655.0,18.0,15.0,21.0,1.0,28.0,33.0,39.0,42.0,3995.0,1663.0,1827.0,2600.0,155.0,114.0,914.0,31.1,3.4560000000000004,50.0,54.0
6.3,1.0,7.0,9.0,4.0,12.0,1370.0,76.0,11.0,6300.0,880.0,7400.0,9999.0,11.37,9999.0,9999.0,11.2,1135.0,520.0,14.9,15.0,21.0,2.0,28.0,33.0,38.0,42.0,4093.0,1712.0,1431.0,2540.0,185.0,124.0,9999.0,29.8,3553.0,52.0,54.0
6.3,1.0,7.0,9.0,4.0,12.0,1581.0,76.0,11.0,5750.0,850.0,6700.0,9999.0,11.45,9999.0,9999.0,11.3,1250.0,520.0,16.4,15.0,21.0,2.0,28.0,33.0,39.0,42.0,4466.0,1743.0,1462.0,2593.0,185.0,144.0,9999.0,31.3,3.712,50.0,54.0
6.3,1.0,7.0,9.0,4.0,12.0,1747.0,96.0,10.0,6300.0,800.0,6550.0,9999.0,11.8,9999.0,9999.0,10.3,1300.0,520.0,13.5,15.0,21.0,2.0,28.0,33.0,38.0,42.0,4466.0,1743.0,1462.0,2593.0,201.0,164.0,9999.0,32.0,3625.0,50.0,54.0
6.3,1.0,7.0,9.0,4.0,12.0,1795.0,86.0,11.0,5500.0,9999.0,9999.0,9999.0,11.2,9999.0,9999.0,9.5,1060.0,490.0,12.3,15.0,21.0,2.0,28.0,33.0,39.0,42.0,3990.0,1688.0,1419.0,2500.0,185.0,160.0,9999.0,34.4,3.15,50.0,54.0
6.3,1.0,7.0,9.0,4.0,12.0,1499.0,66.0,10.0,6200.0,9999.0,9999.0,9999.0,9.98,9999.0,9999.0,13.3,915.0,495.0,13.9,15.0,21.0,1.0,28.0,33.0,39.0,42.0,4085.0,1620.0,1390.0,2395.0,165.0,119.0,9999.0,29.9,3437.0,50.0,54.0
6.3,1.0,7.0,9.0,3.0,12.0,989.0,41.0,10.0,5200.0,9999.0,9999.0,9999.0,11.18,9999.0,9999.0,17.7,825.0,445.0,20.1,15.0,23.0,2.0,28.0,33.0,39.0,42.0,3410.0,1475.0,1695.0,2345.0,140.0,88.0,9999.0,24.5,3966.0,50.0,54.0
6.3,1.0,7.0,9.0,4.0,12.0,1489.0,65.0,9.0,5500.0,700.0,9999.0,9999.0,11.14,9999.0,9999.0,11.8,1085.0,455.0,16.7,15.0,22.0,2.0,28.0,33.0,38.0,42.0,4040.0,1695.0,1405.0,2505.0,173.0,132.0,9999.0,34.0,3.22,50.0,54.0
6.3,1.0,7.0,9.0,4.0,12.0,1498.0,65.0,9.0,5500.0,700.0,9999.0,9999.0,11.07,9999.0,9999.0,11.9,1140.0,440.0,17.5,15.0,22.0,2.0,28.0,33.0,38.0,42.0,4315.0,1705.0,1410.0,2610.0,177.0,132.0,9999.0,32.4,3366.0,50.0,54.0
6.3,1.0,7.0,9.0,4.0,12.0,1498.0,65.0,9.0,5500.0,700.0,9999.0,9999.0,11.07,9999.0,9999.0,11.9,1150.0,440.0,17.7,15.0,22.0,2.0,28.0,33.0,38.0,42.0,4200.0,1705.0,1410.0,2610.0,177.0,132.0,0.5920000000000001,32.4,3366.0,50.0,54.0
6.3,1.0,7.0,9.0,4.0,12.0,1598.0,81.0,11.0,6000.0,9999.0,9999.0,9999.0,11.8,9999.0,9999.0,11.6,1095.0,520.0,13.5,15.0,20.0,2.0,28.0,33.0,38.0,42.0,4120.0,1690.0,1385.0,2465.0,175.0,150.0,9999.0,36.7,2.99,50.0,54.0
6.3,1.0,7.0,9.0,4.0,12.0,1762.0,81.0,10.0,5600.0,600.0,9999.0,9999.0,11.05,9999.0,9999.0,11.0,1205.0,555.0,14.9,15.0,23.0,2.0,28.0,33.0,39.0,42.0,4490.0,1710.0,1425.0,2630.0,195.0,155.0,532.0,35.1,3.212,53.0,54.0
6.3,1.0,7.0,9.0,4.0,12.0,1975.0,102.0,10.0,6000.0,9999.0,9999.0,9999.0,11.58,9999.0,9999.0,9.0,1172.0,513.0,11.5,15.0,22.0,2.0,28.0,33.0,38.0,42.0,4448.0,1702.0,1393.0,2550.0,202.0,182.0,693.0,35.6,3.0,50.0,54.0
6.3,1.0,7.0,9.0,4.0,12.0,1498.0,65.0,9.0,5000.0,9999.0,6000.0,9999.0,11.32,9999.0,9999.0,13.8,1100.0,500.0,16.9,15.0,21.0,2.0,28.0,33.0,38.0,42.0,4427.0,1711.0,1413.0,2560.0,180.0,135.0,9999.0,33.5,3.3,50.0,54.0
6.3,3.0,8.0,9.0,6.0,13.0,2496.0,132.0,19.0,4000.0,9999.0,9999.0,9999.0,18.63,9999.0,9999.0,9.0,1700.0,580.0,12.9,15.0,23.0,4.0,29.0,34.0,38.0,46.0,4796.0,1810.0,1479.0,2759.0,221.0,370.0,723.0,53.0,2182.0,51.0,57.0
6.3,2.0,8.0,9.0,6.0,12.0,2926.0,135.0,18.0,4000.0,9999.0,9999.0,9999.0,16.75,9999.0,9999.0,8.3,1600.0,540.0,11.9,15.0,18.0,2.0,29.0,34.0,38.0,43.0,4478.0,1739.0,1409.0,2725.0,225.0,390.0,0.68,54.7,2136.0,51.0,57.0
6.3,2.0,8.0,9.0,6.0,12.0,2497.0,120.0,22.0,4000.0,9999.0,9999.0,9999.0,17.61,9999.0,9999.0,9.6,1695.0,625.0,14.1,15.0,18.0,2.0,29.0,34.0,38.0,43.0,4808.0,1799.0,1445.0,2827.0,215.0,350.0,0.6940000000000001,50.4,2363.0,51.0,57.0
6.3,1.0,8.0,9.0,6.0,13.0,2496.0,110.0,20.0,4000.0,750.0,4800.0,9999.0,15.61,9999.0,9999.0,10.8,1538.0,562.0,14.0,15.0,23.0,4.0,29.0,34.0,38.0,46.0,4669.0,1740.0,1496.0,2703.0,208.0,310.0,713.0,50.5,2294.0,51.0,57.0
6.3,1.0,7.0,9.0,4.0,12.0,1762.0,66.0,10.0,5000.0,850.0,9999.0,9999.0,10.48,9999.0,9999.0,13.5,1118.0,532.0,16.9,15.0,21.0,1.0,28.0,33.0,39.0,42.0,4354.0,1698.0,1420.0,2540.0,182.0,147.0,623.0,37.2,2929.0,50.0,54.0
6.3,1.0,8.0,9.0,5.0,12.0,2387.0,100.0,18.0,4000.0,9999.0,9999.0,9999.0,16.0,9999.0,9999.0,10.8,1580.0,580.0,15.8,15.0,21.0,1.0,29.0,34.0,38.0,43.0,4687.0,1826.0,1464.0,2700.0,200.0,304.0,9999.0,45.9,2497.0,51.0,57.0
6.3,3.0,7.0,9.0,4.0,12.0,1590.0,71.0,10.0,6000.0,750.0,9999.0,9999.0,10.59,9999.0,9999.0,9999.0,1110.0,450.0,15.6,15.0,21.0,1.0,28.0,33.0,38.0,42.0,4375.0,1690.0,1460.0,2480.0,175.0,134.0,9999.0,34.2,3.88,50.0,54.0
6.3,1.0,7.0,9.0,4.0,12.0,1975.0,102.0,10.0,6000.0,9999.0,9999.0,9999.0,11.58,9999.0,9999.0,9.0,1217.0,498.0,11.9,15.0,22.0,2.0,28.0,33.0,38.0,42.0,4459.0,1702.0,1457.0,2550.0,201.0,182.0,0.7440000000000001,35.6,3.0,50.0,54.0
6.3,1.0,8.0,11.0,5.0,12.0,2461.0,111.0,19.0,4000.0,780.0,4950.0,9999.0,15.06,9999.0,8.4,12.5,1835.0,775.0,16.5,15.0,21.0,1.0,29.0,34.0,38.0,44.0,4789.0,1840.0,1920.0,2920.0,181.0,295.0,1094.0,44.6,2721.0,51.0,57.0
6.3,1.0,8.0,11.0,4.0,12.0,2188.0,83.0,22.0,4500.0,725.0,4500.0,9999.0,14.36,9999.0,9999.0,14.5,1630.0,770.0,19.6,15.0,21.0,1.0,29.0,35.0,0.0,44.0,4517.0,1810.0,1692.0,2702.0,175.0,250.0,0.85,41.1,2.9,51.0,57.0
6.3,1.0,8.0,11.0,4.0,12.0,2188.0,83.0,22.0,4500.0,725.0,4500.0,9999.0,14.36,9999.0,9999.0,14.8,1670.0,840.0,20.1,15.0,21.0,1.0,29.0,35.0,0.0,44.0,4787.0,1810.0,1690.0,2874.0,178.0,250.0,9999.0,42.0,2.9,51.0,57.0
6.4,1.0,7.0,9.0,4.0,12.0,1781.0,132.0,10.0,5500.0,860.0,6800.0,9999.0,16.58,9999.0,5.5,7.4,1240.0,385.0,9.4,15.0,22.0,2.0,29.0,33.0,38.0,42.0,4041.0,1764.0,1346.0,2422.0,228.0,235.0,677.0,35.1,3.3,50.0,54.0
6.4,1.0,7.0,9.0,4.0,12.0,1781.0,132.0,10.0,6000.0,860.0,6800.0,9999.0,16.58,9999.0,9999.0,7.9,1260.0,550.0,9.5,15.0,22.0,2.0,29.0,33.0,38.0,42.0,4479.0,1733.0,1416.0,2617.0,231.0,235.0,0.65,37.3,3.11,50.0,54.0
6.4,1.0,7.0,9.0,4.0,12.0,1595.0,74.0,10.0,5600.0,800.0,6500.0,9999.0,11.42,9999.0,8.6,12.8,1135.0,560.0,15.3,15.0,21.0,1.0,28.0,33.0,39.0,42.0,4152.0,1735.0,1427.0,2513.0,183.0,145.0,639.0,31.1,3737.0,50.0,54.0
6.4,1.0,7.0,9.0,4.0,12.0,1595.0,74.0,10.0,5600.0,800.0,6500.0,9999.0,11.42,9999.0,8.6,12.8,1135.0,560.0,15.3,15.0,21.0,1.0,28.0,33.0,39.0,42.0,4152.0,1735.0,1427.0,2513.0,183.0,145.0,639.0,31.1,3737.0,50.0,54.0
6.4,2.0,8.0,9.0,6.0,12.0,2497.0,120.0,22.0,4000.0,9999.0,9999.0,9999.0,17.61,9999.0,9999.0,9.1,1585.0,540.0,13.2,15.0,18.0,2.0,29.0,34.0,38.0,43.0,4775.0,1799.0,1439.0,2830.0,219.0,350.0,0.6509999999999999,50.1,2363.0,51.0,57.0
6.4,2.0,8.0,9.0,6.0,12.0,2926.0,135.0,18.0,4000.0,9999.0,9999.0,9999.0,16.75,9999.0,9999.0,8.4,1585.0,540.0,11.7,15.0,18.0,2.0,29.0,34.0,38.0,43.0,4775.0,1799.0,1439.0,2830.0,225.0,390.0,0.6509999999999999,55.8,2136.0,51.0,57.0
6.4,1.0,7.0,9.0,4.0,12.0,1389.0,66.0,11.0,6000.0,900.0,9999.0,6500.0,11.31,9999.0,9999.0,14.0,1035.0,335.0,15.7,15.0,21.0,2.0,28.0,33.0,38.0,42.0,3922.0,1596.0,1332.0,2443.0,182.0,125.0,552.0,35.0,3.49,52.0,56.0
6.4,1.0,7.0,9.0,4.0,12.0,1781.0,92.0,10.0,6000.0,800.0,9999.0,9999.0,11.99,9999.0,9999.0,10.3,1222.0,468.0,13.3,15.0,22.0,2.0,28.0,33.0,38.0,42.0,4183.0,1742.0,1439.0,2511.0,200.0,170.0,9999.0,32.8,3545.0,50.0,54.0
6.4,1.0,7.0,9.0,4.0,12.0,1781.0,92.0,10.0,5800.0,860.0,7100.0,9999.0,11.85,9999.0,7.3,10.9,1289.0,551.0,14.0,15.0,22.0,2.0,28.0,33.0,38.0,42.0,4675.0,1740.0,1459.0,2703.0,206.0,168.0,581.0,33.7,3445.0,50.0,54.0
6.4,1.0,7.0,9.0,4.0,12.0,1762.0,66.0,10.0,5000.0,850.0,9999.0,9999.0,10.48,9999.0,9999.0,14.5,1245.0,505.0,18.9,15.0,21.0,1.0,28.0,33.0,39.0,42.0,4524.0,1755.0,1400.0,2740.0,180.0,147.0,0.68,38.3,2963.0,50.0,54.0
6.4,1.0,7.0,9.0,4.0,12.0,1361.0,55.0,10.0,5500.0,9999.0,9999.0,9999.0,10.25,9999.0,9999.0,12.9,860.0,480.0,15.6,15.0,21.0,1.0,28.0,33.0,39.0,42.0,3718.0,1595.0,1368.0,2385.0,166.0,111.0,619.0,37.8,2.724,50.0,54.0
6.4,1.0,7.0,9.0,4.0,12.0,1587.0,65.0,10.0,5600.0,850.0,6500.0,9999.0,10.69,9999.0,9999.0,15.0,1210.0,430.0,18.6,15.0,21.0,1.0,28.0,33.0,39.0,42.0,4179.0,1689.0,1358.0,2540.0,178.0,135.0,691.0,31.3,3.4810000000000003,50.0,54.0
6.4,1.0,7.0,9.0,4.0,12.0,1998.0,84.0,10.0,5400.0,770.0,9999.0,9999.0,10.57,9999.0,9999.0,9.7,1155.0,480.0,13.8,15.0,21.0,1.0,28.0,33.0,39.0,42.0,4028.0,1698.0,1368.0,2463.0,200.0,168.0,563.0,35.7,3.1,50.0,54.0
6.4,1.0,7.0,9.0,4.0,12.0,1998.0,84.0,10.0,5400.0,770.0,9999.0,9999.0,10.57,9999.0,9999.0,9.7,1155.0,480.0,13.8,15.0,21.0,1.0,28.0,33.0,39.0,42.0,4028.0,1698.0,1368.0,2463.0,200.0,168.0,563.0,35.7,3.1,50.0,54.0
6.4,1.0,7.0,9.0,4.0,12.0,1998.0,102.0,10.0,5500.0,9999.0,9999.0,9999.0,11.82,9999.0,9999.0,10.2,1290.0,525.0,12.6,15.0,21.0,2.0,28.0,33.0,39.0,42.0,4169.0,1698.0,1675.0,2580.0,196.0,188.0,9999.0,9999.0,9999.0,50.0,54.0
6.4,1.0,7.0,9.0,4.0,12.0,1598.0,88.0,10.0,6300.0,850.0,9999.0,9999.0,11.32,9999.0,9999.0,10.5,1240.0,510.0,14.1,15.0,21.0,2.0,28.0,33.0,38.0,42.0,4430.0,1745.0,1415.0,2595.0,200.0,144.0,639.0,31.3,3625.0,50.0,54.0
6.4,1.0,7.0,9.0,4.0,12.0,1747.0,106.0,10.0,6500.0,850.0,9999.0,9999.0,12.16,9999.0,9999.0,9.3,1250.0,500.0,11.8,15.0,21.0,2.0,28.0,33.0,38.0,42.0,4430.0,1745.0,1415.0,2595.0,210.0,169.0,639.0,33.1,3431.0,50.0,54.0
6.4,1.0,7.0,9.0,4.0,12.0,1747.0,96.0,10.0,6300.0,800.0,6550.0,9999.0,11.8,9999.0,9999.0,8.6,1040.0,510.0,10.8,15.0,21.0,2.0,28.0,33.0,38.0,42.0,3800.0,1660.0,1480.0,2460.0,205.0,164.0,9999.0,31.4,3372.0,50.0,54.0
6.4,1.0,7.0,9.0,4.0,12.0,1396.0,55.0,9.0,5700.0,750.0,9999.0,9999.0,9.99,9999.0,9999.0,15.6,1065.0,485.0,19.4,15.0,21.0,1.0,28.0,33.0,39.0,42.0,4325.0,1695.0,1390.0,2620.0,165.0,111.0,9999.0,32.1,3.3280000000000003,50.0,54.0
6.4,1.0,7.0,9.0,4.0,12.0,1396.0,66.0,9.0,6400.0,750.0,9999.0,9999.0,10.8,9999.0,9999.0,13.3,1065.0,485.0,16.1,15.0,21.0,1.0,28.0,33.0,39.0,42.0,4325.0,1695.0,1390.0,2620.0,175.0,120.0,9999.0,32.1,3.3280000000000003,50.0,54.0
6.4,1.0,7.0,9.0,4.0,12.0,1590.0,77.0,9.0,6200.0,750.0,9999.0,9999.0,11.06,9999.0,9999.0,11.4,1050.0,495.0,13.6,15.0,21.0,1.0,28.0,33.0,39.0,42.0,4460.0,1695.0,1375.0,2620.0,187.0,140.0,9999.0,36.1,2932.0,50.0,54.0
6.4,1.0,7.0,9.0,4.0,12.0,1997.0,100.0,10.0,6000.0,9999.0,9999.0,9999.0,11.2,9999.0,9999.0,9.7,1260.0,590.0,12.6,15.0,21.0,1.0,28.0,33.0,38.0,42.0,4630.0,1740.0,1415.0,2635.0,210.0,178.0,9999.0,36.9,3.52,50.0,54.0
6.4,1.0,7.0,9.0,4.0,12.0,1991.0,85.0,10.0,6000.0,700.0,9999.0,9999.0,10.73,9999.0,9999.0,9.9,1190.0,505.0,14.0,15.0,21.0,2.0,28.0,33.0,38.0,42.0,4590.0,1710.0,1430.0,2610.0,198.0,170.0,0.6579999999999999,41.5,2.732,52.0,54.0
6.4,1.0,7.0,9.0,4.0,12.0,1991.0,85.0,10.0,6000.0,700.0,9999.0,9999.0,10.73,9999.0,9999.0,9.9,1205.0,505.0,14.2,15.0,21.0,2.0,28.0,33.0,38.0,42.0,4590.0,1710.0,1430.0,2610.0,198.0,170.0,0.6579999999999999,41.5,2.732,52.0,54.0
6.4,1.0,7.0,9.0,4.0,12.0,1840.0,89.0,10.0,6200.0,800.0,9999.0,9999.0,10.38,9999.0,9999.0,10.2,1010.0,510.0,11.3,15.0,24.0,2.0,28.0,33.0,39.0,42.0,4225.0,1690.0,1390.0,2480.0,185.0,152.0,9999.0,34.9,3.33,50.0,54.0
6.4,1.0,7.0,9.0,4.0,12.0,1498.0,63.0,10.0,5800.0,9999.0,9999.0,9999.0,10.91,9999.0,9999.0,15.0,1072.0,523.0,17.0,15.0,21.0,1.0,28.0,33.0,39.0,42.0,4237.0,1678.0,1432.0,2520.0,161.0,130.0,9999.0,39.7,2659.0,50.0,54.0
6.4,1.0,7.0,9.0,4.0,12.0,1498.0,63.0,10.0,5800.0,9999.0,9999.0,9999.0,10.91,9999.0,9999.0,15.0,1057.0,538.0,16.8,15.0,21.0,1.0,28.0,33.0,39.0,42.0,4074.0,1678.0,1432.0,2520.0,161.0,130.0,9999.0,39.7,2659.0,50.0,54.0
6.4,1.0,7.0,9.0,4.0,12.0,1998.0,98.0,10.0,5400.0,9999.0,9999.0,9999.0,11.57,9999.0,9999.0,9.0,1189.0,531.0,12.1,15.0,21.0,2.0,28.0,33.0,39.0,42.0,4495.0,1700.0,1430.0,2570.0,195.0,184.0,9999.0,43.3,2517.0,52.0,54.0
6.4,2.0,8.0,9.0,5.0,12.0,2497.0,110.0,22.0,4400.0,720.0,5400.0,5450.0,14.09,4.4,7.1,10.5,1480.0,520.0,13.5,15.0,19.0,2.0,29.0,37.0,38.0,49.0,4516.0,1723.0,1458.0,2690.0,200.0,280.0,0.68,48.7,2.382,51.0,55.0
6.4,1.0,7.0,9.0,4.0,12.0,1781.0,132.0,10.0,6000.0,860.0,6800.0,9999.0,16.58,9999.0,9999.0,8.1,1305.0,550.0,9.9,15.0,22.0,2.0,29.0,33.0,38.0,42.0,4479.0,1733.0,1416.0,2617.0,228.0,235.0,653.0,37.3,3.11,50.0,54.0
6.4,1.0,7.0,9.0,4.0,12.0,1596.0,74.0,11.0,6000.0,9999.0,9999.0,9999.0,11.42,9999.0,9999.0,11.2,1151.0,509.0,15.6,15.0,23.0,2.0,28.0,33.0,38.0,42.0,4438.0,1702.0,1465.0,2615.0,185.0,145.0,675.0,35.9,3.37,50.0,54.0
6.4,2.0,8.0,9.0,6.0,12.0,2497.0,96.0,23.0,4500.0,750.0,9999.0,9999.0,12.58,9999.0,9999.0,13.0,1713.0,567.0,17.8,15.0,24.0,1.0,29.0,33.0,39.0,44.0,4898.0,1776.0,1505.0,2730.0,195.0,250.0,726.0,45.1,2622.0,51.0,57.0
6.4,1.0,7.0,9.0,4.0,12.0,1796.0,85.0,11.0,5400.0,780.0,9999.0,9999.0,11.89,9999.0,9999.0,11.5,1220.0,550.0,14.4,15.0,21.0,2.0,28.0,33.0,38.0,42.0,4288.0,1709.0,1465.0,2611.0,190.0,170.0,645.0,38.3,3.28,52.0,54.0
6.4,1.0,7.0,9.0,4.0,12.0,1762.0,81.0,10.0,5500.0,850.0,9999.0,9999.0,11.05,9999.0,9999.0,11.1,1150.0,520.0,14.2,15.0,21.0,2.0,28.0,33.0,39.0,42.0,4354.0,1698.0,1420.0,2540.0,196.0,155.0,643.0,34.7,3138.0,50.0,54.0
6.4,1.0,7.0,9.0,4.0,12.0,1762.0,81.0,10.0,5500.0,850.0,6400.0,9999.0,11.05,9999.0,9999.0,12.0,1200.0,445.0,14.8,15.0,21.0,2.0,28.0,33.0,39.0,42.0,4344.0,1680.0,1449.0,2580.0,193.0,155.0,0.6829999999999999,38.6,2821.0,50.0,54.0
6.4,1.0,7.0,9.0,4.0,12.0,1747.0,106.0,10.0,6500.0,850.0,9999.0,9999.0,12.16,9999.0,9999.0,9.6,1280.0,515.0,12.1,15.0,21.0,2.0,28.0,33.0,38.0,42.0,4430.0,1745.0,1420.0,2595.0,210.0,169.0,639.0,33.1,3431.0,50.0,54.0
6.4,1.0,7.0,9.0,4.0,12.0,1581.0,74.0,10.0,5500.0,9999.0,9999.0,9999.0,11.13,9999.0,9999.0,10.3,1095.0,595.0,14.8,15.0,21.0,2.0,28.0,33.0,39.0,42.0,4130.0,1626.0,1515.0,2423.0,186.0,140.0,643.0,32.6,3.274,50.0,54.0
6.4,1.0,7.0,9.0,4.0,12.0,1581.0,76.0,11.0,5750.0,850.0,6700.0,9999.0,11.45,9999.0,9999.0,11.9,1290.0,525.0,17.0,15.0,21.0,2.0,28.0,33.0,39.0,42.0,4466.0,1743.0,1470.0,2593.0,185.0,144.0,9999.0,31.3,3.712,50.0,54.0
6.4,1.0,7.0,9.0,4.0,12.0,1747.0,96.0,10.0,6300.0,800.0,6550.0,9999.0,11.8,9999.0,9999.0,10.7,1340.0,525.0,14.0,15.0,21.0,2.0,28.0,33.0,38.0,42.0,4466.0,1743.0,1470.0,2593.0,201.0,164.0,9999.0,32.0,3625.0,50.0,54.0
6.4,1.0,7.0,9.0,4.0,12.0,1840.0,89.0,10.0,6200.0,800.0,9999.0,9999.0,10.38,9999.0,9999.0,9999.0,1055.0,535.0,11.9,15.0,24.0,2.0,28.0,33.0,39.0,42.0,4375.0,1690.0,1460.0,2480.0,180.0,152.0,9999.0,34.9,3.33,50.0,54.0
6.4,1.0,8.0,11.0,4.0,12.0,1896.0,81.0,20.0,4150.0,820.0,5000.0,9999.0,15.58,9999.0,9999.0,19.1,1689.0,761.0,20.9,15.0,21.0,1.0,29.0,34.0,38.0,44.0,4620.0,1810.0,1730.0,2846.0,169.0,235.0,831.0,41.6,2792.0,51.0,57.0
6.5,1.0,7.0,9.0,4.0,12.0,1781.0,132.0,10.0,5500.0,860.0,6800.0,9999.0,16.58,9999.0,5.8,7.9,1310.0,300.0,9.9,15.0,22.0,2.0,29.0,33.0,38.0,42.0,4041.0,1764.0,1349.0,2423.0,222.0,235.0,716.0,35.1,3.3,50.0,54.0
6.5,3.0,8.0,9.0,6.0,13.0,2496.0,110.0,20.0,4000.0,750.0,4800.0,9999.0,15.61,9999.0,7.1,10.4,1540.0,550.0,14.0,15.0,23.0,4.0,29.0,34.0,38.0,46.0,4479.0,1733.0,1416.0,2607.0,212.0,310.0,0.65,50.6,2294.0,51.0,57.0
6.5,1.0,7.0,9.0,4.0,12.0,1781.0,92.0,10.0,5800.0,800.0,9999.0,9999.0,11.85,9999.0,7.5,11.3,1360.0,580.0,14.8,15.0,22.0,2.0,28.0,33.0,38.0,42.0,4796.0,1810.0,1452.0,2760.0,203.0,168.0,613.0,33.6,3445.0,50.0,54.0
6.5,3.0,8.0,9.0,6.0,13.0,2496.0,110.0,20.0,4000.0,750.0,4800.0,9999.0,15.61,9999.0,7.2,10.4,1670.0,580.0,15.2,15.0,23.0,4.0,29.0,34.0,38.0,46.0,4796.0,1810.0,1452.0,2759.0,210.0,310.0,657.0,55.5,2.84,51.0,57.0
6.5,3.0,8.0,9.0,6.0,13.0,2496.0,132.0,19.0,4000.0,9999.0,9999.0,9999.0,18.63,9999.0,9999.0,9.9,1735.0,600.0,13.1,15.0,23.0,4.0,29.0,34.0,38.0,46.0,5041.0,1880.0,1440.0,2882.0,224.0,370.0,675.0,53.9,2294.0,51.0,57.0
6.5,1.0,7.0,9.0,4.0,12.0,1595.0,74.0,10.0,5600.0,9999.0,9999.0,9999.0,11.42,9999.0,9999.0,12.5,1102.0,460.0,14.9,15.0,21.0,1.0,28.0,33.0,39.0,42.0,3876.0,1640.0,1422.0,2443.0,184.0,145.0,9999.0,31.5,3361.0,50.0,54.0
6.5,1.0,7.0,9.0,4.0,12.0,1781.0,92.0,10.0,6000.0,800.0,9999.0,9999.0,11.99,9999.0,9999.0,10.5,1223.0,527.0,13.3,15.0,22.0,2.0,28.0,33.0,38.0,42.0,4439.0,1742.0,1436.0,2513.0,200.0,170.0,654.0,32.8,3545.0,50.0,54.0
6.5,1.0,8.0,9.0,4.0,12.0,2088.0,80.0,22.0,4300.0,675.0,5150.0,9999.0,15.05,9999.0,9999.0,15.1,1493.0,582.0,18.7,15.0,21.0,1.0,29.0,35.0,40.0,44.0,4708.0,1794.0,1394.0,2850.0,188.0,250.0,636.0,41.3,2.8680000000000003,51.0,57.0
6.5,1.0,7.0,9.0,4.0,12.0,1749.0,85.0,11.0,5500.0,700.0,9999.0,9999.0,11.71,9999.0,9999.0,12.6,1245.0,550.0,14.6,15.0,21.0,2.0,28.0,33.0,39.0,42.0,4276.0,1751.0,1637.0,2760.0,187.0,163.0,782.0,35.2,3221.0,52.0,54.0
6.5,1.0,7.0,9.0,4.0,12.0,1749.0,85.0,11.0,5500.0,700.0,9999.0,9999.0,11.71,9999.0,9999.0,12.6,1245.0,550.0,14.6,15.0,21.0,2.0,28.0,33.0,39.0,42.0,4276.0,1751.0,1637.0,2760.0,187.0,163.0,782.0,35.2,3221.0,52.0,54.0
6.5,1.0,7.0,9.0,4.0,12.0,1762.0,81.0,10.0,5500.0,850.0,6400.0,9999.0,11.05,9999.0,9999.0,12.5,1265.0,455.0,15.6,15.0,21.0,2.0,28.0,33.0,39.0,42.0,4600.0,1765.0,1415.0,2700.0,194.0,155.0,0.63,39.5,2.9410000000000003,50.0,54.0
6.5,1.0,7.0,9.0,4.0,12.0,1998.0,84.0,10.0,5400.0,770.0,9999.0,9999.0,10.57,9999.0,9999.0,9.7,1105.0,570.0,13.2,15.0,21.0,1.0,28.0,33.0,39.0,42.0,4400.0,1698.0,1419.0,2575.0,197.0,168.0,617.0,35.3,3.1,50.0,54.0
6.5,1.0,7.0,9.0,4.0,12.0,1598.0,66.0,10.0,5000.0,720.0,9999.0,9999.0,10.77,9999.0,9999.0,13.7,1085.0,570.0,16.4,15.0,21.0,1.0,28.0,33.0,39.0,42.0,4129.0,1696.0,1419.0,2575.0,170.0,137.0,637.0,46.0,2319.0,50.0,54.0
6.5,1.0,7.0,9.0,4.0,12.0,1998.0,84.0,10.0,5400.0,770.0,9999.0,9999.0,10.57,9999.0,9999.0,9.7,1085.0,570.0,12.9,15.0,21.0,1.0,28.0,33.0,39.0,42.0,4129.0,1696.0,1419.0,2575.0,197.0,168.0,637.0,35.3,3.1,50.0,54.0
6.5,1.0,7.0,9.0,4.0,12.0,1747.0,106.0,10.0,6500.0,850.0,9999.0,9999.0,12.16,9999.0,9999.0,9.3,1350.0,260.0,12.7,15.0,21.0,2.0,28.0,33.0,38.0,42.0,4285.0,1780.0,1315.0,2540.0,205.0,169.0,9999.0,31.9,3529.0,50.0,54.0
6.5,1.0,7.0,9.0,4.0,12.0,1598.0,88.0,10.0,6300.0,840.0,7400.0,9999.0,11.32,9999.0,9999.0,10.2,1192.0,513.0,13.5,15.0,21.0,2.0,28.0,33.0,38.0,42.0,4093.0,1712.0,1431.0,2540.0,195.0,144.0,9999.0,30.6,3.459,52.0,54.0
6.5,1.0,7.0,9.0,4.0,12.0,1581.0,76.0,10.0,5750.0,850.0,9999.0,9999.0,11.45,9999.0,9999.0,11.0,1050.0,500.0,13.8,15.0,21.0,2.0,28.0,33.0,39.0,42.0,4025.0,1755.0,1420.0,2540.0,184.0,144.0,9999.0,32.5,3.256,50.0,54.0
6.5,1.0,7.0,9.0,4.0,12.0,1747.0,83.0,10.0,5800.0,9999.0,6550.0,9999.0,11.08,9999.0,9999.0,10.0,1100.0,500.0,13.3,15.0,21.0,2.0,28.0,33.0,39.0,42.0,4025.0,1755.0,1420.0,2540.0,193.0,154.0,9999.0,32.9,3.256,50.0,54.0
6.5,1.0,7.0,9.0,4.0,12.0,1590.0,67.0,10.0,6000.0,9999.0,9999.0,9999.0,9.96,9999.0,9999.0,14.4,1015.0,500.0,15.1,15.0,21.0,1.0,28.0,33.0,39.0,42.0,4100.0,1640.0,1580.0,2395.0,160.0,126.0,9999.0,37.7,2832.0,50.0,54.0
6.5,1.0,7.0,9.0,4.0,12.0,1590.0,85.0,10.0,6300.0,700.0,9999.0,9999.0,11.3,9999.0,9999.0,11.0,1095.0,505.0,12.9,15.0,21.0,1.0,28.0,33.0,39.0,42.0,4325.0,1695.0,1390.0,2620.0,192.0,143.0,9999.0,33.9,3.129,50.0,54.0
6.5,1.0,7.0,9.0,4.0,12.0,1597.0,73.0,10.0,5750.0,750.0,9999.0,9999.0,10.78,9999.0,9999.0,15.0,1190.0,535.0,16.3,15.0,21.0,1.0,28.0,33.0,38.0,42.0,4475.0,1710.0,1405.0,2550.0,185.0,137.0,9999.0,37.9,2878.0,52.0,54.0
6.5,1.0,7.0,9.0,4.0,12.0,1597.0,73.0,10.0,5750.0,750.0,9999.0,9999.0,10.78,9999.0,9999.0,15.0,1210.0,515.0,16.6,15.0,21.0,1.0,28.0,33.0,38.0,42.0,4475.0,1710.0,1405.0,2550.0,185.0,137.0,9999.0,37.9,2878.0,52.0,54.0
6.5,1.0,7.0,9.0,4.0,12.0,1991.0,100.0,10.0,5800.0,9999.0,9999.0,9999.0,11.23,9999.0,9999.0,9.6,1200.0,495.0,12.0,15.0,21.0,2.0,28.0,33.0,38.0,42.0,4590.0,1710.0,1430.0,2610.0,208.0,178.0,0.6579999999999999,36.4,3.99,52.0,54.0
6.5,1.0,7.0,9.0,4.0,12.0,1991.0,100.0,10.0,5800.0,9999.0,9999.0,9999.0,11.23,9999.0,9999.0,9.6,1215.0,495.0,12.2,15.0,21.0,2.0,28.0,33.0,38.0,42.0,4590.0,1710.0,1430.0,2610.0,208.0,178.0,0.6579999999999999,36.4,3.99,52.0,54.0
6.5,1.0,7.0,9.0,4.0,12.0,1598.0,81.0,11.0,6000.0,9999.0,9999.0,9999.0,11.8,9999.0,9999.0,11.6,1130.0,485.0,14.0,15.0,20.0,2.0,28.0,33.0,38.0,42.0,4290.0,1690.0,1385.0,2465.0,175.0,150.0,9999.0,36.7,2.99,50.0,54.0
6.5,1.0,7.0,9.0,4.0,12.0,1299.0,55.0,10.0,6000.0,750.0,9999.0,9999.0,10.35,9999.0,9999.0,13.6,960.0,405.0,17.5,15.0,21.0,1.0,28.0,33.0,39.0,42.0,3990.0,1698.0,1365.0,2440.0,164.0,107.0,9999.0,34.6,3.62,50.0,54.0
6.5,1.0,7.0,9.0,4.0,12.0,1299.0,55.0,10.0,6000.0,750.0,9999.0,9999.0,10.35,9999.0,9999.0,13.6,960.0,405.0,17.5,15.0,21.0,1.0,28.0,33.0,39.0,42.0,3990.0,1698.0,1365.0,2440.0,164.0,107.0,9999.0,34.6,3.62,50.0,54.0
6.5,1.0,7.0,9.0,4.0,12.0,1781.0,110.0,10.0,5700.0,800.0,6800.0,9999.0,14.82,9999.0,6.0,8.6,1300.0,550.0,11.8,15.0,22.0,2.0,29.0,33.0,38.0,42.0,4479.0,1733.0,1416.0,2617.0,217.0,210.0,653.0,37.4,3.11,50.0,54.0
6.5,3.0,8.0,9.0,6.0,13.0,2496.0,110.0,20.0,4000.0,750.0,4800.0,9999.0,15.61,9999.0,7.2,10.6,1580.0,550.0,14.4,15.0,23.0,4.0,29.0,34.0,38.0,46.0,4479.0,1733.0,1416.0,2607.0,208.0,310.0,653.0,50.6,2294.0,51.0,57.0
6.5,1.0,7.0,9.0,4.0,12.0,1781.0,92.0,10.0,5800.0,800.0,9999.0,9999.0,11.85,9999.0,8.0,11.7,1415.0,580.0,15.4,15.0,22.0,2.0,28.0,33.0,38.0,42.0,4796.0,1810.0,1479.0,2760.0,200.0,168.0,679.0,33.6,3445.0,50.0,54.0
6.5,3.0,8.0,9.0,6.0,13.0,2496.0,110.0,20.0,4000.0,750.0,4800.0,9999.0,15.61,9999.0,7.5,11.1,1725.0,580.0,15.7,15.0,23.0,4.0,29.0,34.0,38.0,46.0,4796.0,1810.0,1479.0,2759.0,208.0,310.0,679.0,55.5,2.84,51.0,57.0
6.5,1.0,7.0,9.0,4.0,12.0,1598.0,55.0,10.0,5200.0,850.0,9999.0,9999.0,10.07,9999.0,9999.0,17.0,1160.0,550.0,21.1,15.0,21.0,1.0,28.0,33.0,38.0,42.0,4288.0,1709.0,1465.0,2611.0,158.0,128.0,645.0,38.3,3.28,52.0,54.0
6.5,1.0,7.0,9.0,4.0,12.0,1598.0,74.0,11.0,6000.0,900.0,9999.0,9999.0,11.8,9999.0,9999.0,14.0,1180.0,550.0,15.9,15.0,21.0,2.0,28.0,33.0,39.0,42.0,4288.0,1709.0,1465.0,2611.0,173.0,150.0,645.0,38.3,3.28,52.0,54.0
6.5,1.0,7.0,9.0,4.0,12.0,1998.0,100.0,11.0,5600.0,850.0,9999.0,9999.0,11.82,9999.0,9999.0,9.5,1220.0,550.0,12.2,15.0,21.0,2.0,28.0,33.0,39.0,42.0,4288.0,1709.0,1465.0,2611.0,203.0,188.0,645.0,33.6,3.329,50.0,54.0
6.5,1.0,7.0,9.0,4.0,12.0,1595.0,74.0,10.0,5600.0,800.0,6500.0,9999.0,11.42,9999.0,9.2,13.7,1232.0,543.0,16.6,15.0,21.0,1.0,28.0,33.0,39.0,42.0,4397.0,1735.0,1485.0,2515.0,185.0,145.0,0.6779999999999999,31.2,3727.0,50.0,54.0
6.5,1.0,7.0,9.0,4.0,12.0,1762.0,66.0,10.0,5000.0,850.0,6400.0,9999.0,10.48,9999.0,9999.0,14.8,1300.0,575.0,19.7,15.0,21.0,1.0,28.0,33.0,39.0,42.0,4740.0,1760.0,1502.0,2700.0,178.0,147.0,0.6659999999999999,39.5,2.9410000000000003,50.0,54.0
6.5,1.0,7.0,9.0,4.0,12.0,1598.0,88.0,10.0,6300.0,850.0,9999.0,9999.0,11.32,9999.0,9999.0,11.0,1280.0,515.0,14.5,15.0,21.0,2.0,28.0,33.0,38.0,42.0,4430.0,1745.0,1420.0,2595.0,200.0,144.0,639.0,32.1,3531.0,50.0,54.0
6.5,1.0,7.0,9.0,4.0,12.0,1396.0,55.0,9.0,5700.0,750.0,9999.0,9999.0,9.99,9999.0,9999.0,16.3,1115.0,495.0,20.3,15.0,21.0,1.0,28.0,33.0,39.0,42.0,4425.0,1695.0,1440.0,2620.0,162.0,111.0,9999.0,31.8,3.3280000000000003,50.0,54.0
6.5,1.0,7.0,9.0,4.0,12.0,1396.0,66.0,9.0,6400.0,9999.0,9999.0,9999.0,10.8,9999.0,9999.0,13.9,1115.0,495.0,16.9,15.0,21.0,1.0,28.0,33.0,39.0,42.0,4425.0,1695.0,1440.0,2620.0,172.0,120.0,9999.0,31.8,3.3280000000000003,50.0,54.0
6.5,1.0,7.0,9.0,4.0,12.0,2351.0,110.0,12.0,5500.0,9999.0,9999.0,9999.0,12.03,9999.0,9999.0,9.5,1370.0,595.0,12.5,15.0,21.0,2.0,28.0,34.0,38.0,48.0,4680.0,1740.0,1495.0,2635.0,205.0,225.0,9999.0,36.9,3.52,52.0,54.0
6.5,1.0,7.0,9.0,4.0,12.0,1597.0,66.0,10.0,6000.0,700.0,9999.0,9999.0,10.7,9999.0,9999.0,11.2,1045.0,525.0,15.8,15.0,18.0,2.0,28.0,33.0,38.0,42.0,4175.0,1665.0,1520.0,2400.0,181.0,136.0,9999.0,33.8,3153.0,52.0,54.0
6.5,1.0,7.0,9.0,4.0,12.0,1998.0,103.0,10.0,5800.0,750.0,9999.0,9999.0,11.38,9999.0,9999.0,10.5,1335.0,480.0,13.0,15.0,18.0,2.0,28.0,33.0,38.0,42.0,4579.0,1715.0,1450.0,2600.0,205.0,181.0,588.0,35.9,3157.0,52.0,54.0
6.5,1.0,7.0,9.0,4.0,12.0,1587.0,81.0,10.0,6000.0,600.0,9999.0,9999.0,11.48,9999.0,9999.0,11.9,1240.0,490.0,15.3,15.0,23.0,2.0,28.0,33.0,39.0,42.0,4570.0,1710.0,1500.0,2630.0,190.0,145.0,589.0,34.1,3.37,50.0,54.0
6.5,1.0,7.0,9.0,4.0,12.0,1598.0,81.0,11.0,6000.0,9999.0,9999.0,9999.0,11.8,9999.0,9999.0,11.6,1130.0,520.0,14.0,15.0,20.0,2.0,28.0,33.0,38.0,42.0,4340.0,1690.0,1490.0,2465.0,175.0,150.0,9999.0,36.7,2.99,50.0,54.0
6.5,1.0,8.0,11.0,4.0,12.0,2151.0,75.0,19.0,3800.0,750.0,4750.0,4800.0,14.61,9999.0,9999.0,20.6,2010.0,690.0,26.8,15.0,19.0,2.0,29.0,34.0,38.0,43.0,4660.0,1880.0,1844.0,3000.0,155.0,250.0,1081.0,40.8,2.9410000000000003,50.0,57.0
6.5,1.0,8.0,11.0,4.0,12.0,2151.0,90.0,19.0,3800.0,750.0,4750.0,4800.0,17.53,9999.0,9999.0,17.5,2010.0,690.0,22.3,15.0,19.0,2.0,29.0,34.0,38.0,43.0,4660.0,1880.0,1844.0,3000.0,164.0,300.0,1081.0,40.8,2.9410000000000003,50.0,57.0
6.5,1.0,8.0,11.0,4.0,12.0,1896.0,81.0,20.0,4150.0,850.0,9999.0,9999.0,15.58,9999.0,9999.0,19.1,1675.0,775.0,20.7,15.0,21.0,1.0,29.0,34.0,38.0,44.0,4620.0,1810.0,1730.0,2835.0,169.0,235.0,884.0,41.6,2.794,51.0,57.0
6.5,1.0,8.0,11.0,4.0,12.0,1896.0,81.0,20.0,4150.0,860.0,9999.0,9999.0,15.58,9999.0,11.9,17.4,1684.0,766.0,20.8,15.0,21.0,1.0,29.0,34.0,38.0,44.0,4620.0,1810.0,1730.0,2835.0,169.0,235.0,831.0,41.9,2786.0,51.0,57.0
6.5,1.0,8.0,11.0,4.0,12.0,2184.0,66.0,23.0,4000.0,9999.0,9999.0,9999.0,11.8,9999.0,9999.0,13.9,1380.0,630.0,20.9,15.0,21.0,1.0,29.0,35.0,39.0,44.0,4530.0,1695.0,1660.0,2735.0,165.0,205.0,9999.0,38.7,2883.0,51.0,57.0
6.5,1.0,8.0,11.0,4.0,12.0,2184.0,66.0,23.0,4000.0,9999.0,9999.0,9999.0,11.8,9999.0,9999.0,13.9,1380.0,630.0,20.9,15.0,21.0,1.0,29.0,35.0,39.0,44.0,4530.0,1695.0,1620.0,2735.0,165.0,205.0,9999.0,38.7,2883.0,51.0,57.0
6.6,1.0,7.0,9.0,4.0,12.0,1781.0,110.0,10.0,5700.0,750.0,6800.0,9999.0,14.82,9999.0,6.6,9.5,1405.0,580.0,12.8,15.0,22.0,2.0,29.0,33.0,38.0,42.0,4796.0,1810.0,1452.0,2760.0,217.0,210.0,613.0,37.3,3.11,50.0,54.0
6.6,3.0,8.0,9.0,6.0,13.0,2496.0,132.0,19.0,4000.0,9999.0,9999.0,9999.0,18.63,9999.0,9999.0,9.7,1680.0,580.0,12.7,15.0,23.0,4.0,29.0,34.0,38.0,46.0,4796.0,1810.0,1452.0,2759.0,219.0,370.0,698.0,52.3,2214.0,51.0,57.0
6.6,1.0,7.0,9.0,4.0,12.0,1595.0,74.0,10.0,5600.0,800.0,9999.0,9999.0,11.42,9999.0,9999.0,13.4,1180.0,550.0,15.9,15.0,21.0,1.0,28.0,33.0,39.0,42.0,4183.0,1742.0,1439.0,2511.0,184.0,145.0,9999.0,31.2,3736.0,50.0,54.0
6.6,1.0,7.0,9.0,4.0,12.0,1762.0,81.0,10.0,5500.0,850.0,9999.0,9999.0,11.05,9999.0,9999.0,14.7,1286.0,524.0,15.9,15.0,21.0,2.0,28.0,33.0,39.0,42.0,4524.0,1755.0,1400.0,2740.0,186.0,155.0,0.7,38.9,2.9160000000000004,50.0,54.0
6.6,1.0,7.0,9.0,4.0,12.0,1998.0,102.0,10.0,5500.0,9999.0,9999.0,9999.0,11.82,9999.0,9999.0,10.6,1320.0,525.0,12.9,15.0,21.0,2.0,28.0,33.0,39.0,42.0,4169.0,1698.0,1675.0,2580.0,196.0,188.0,9999.0,9999.0,9999.0,50.0,54.0
6.6,1.0,7.0,9.0,5.0,12.0,2435.0,103.0,10.0,5700.0,850.0,9999.0,9999.0,11.35,9999.0,9999.0,10.5,1480.0,540.0,14.4,15.0,21.0,2.0,28.0,33.0,38.0,42.0,4822.0,1832.0,1434.0,2791.0,205.0,220.0,9999.0,42.3,2.8,50.0,54.0
6.6,1.0,7.0,9.0,4.0,12.0,1969.0,114.0,10.0,6400.0,850.0,9999.0,9999.0,11.93,9999.0,9999.0,8.6,1250.0,520.0,11.0,15.0,21.0,2.0,28.0,33.0,38.0,42.0,4430.0,1745.0,1415.0,2595.0,216.0,187.0,639.0,34.3,3.3710000000000004,52.0,54.0
6.6,1.0,7.0,9.0,4.0,12.0,1370.0,76.0,11.0,6300.0,880.0,7400.0,9999.0,11.37,9999.0,9999.0,11.5,1160.0,520.0,15.3,15.0,21.0,2.0,28.0,33.0,38.0,42.0,4257.0,1712.0,1425.0,2540.0,187.0,124.0,9999.0,29.8,3553.0,52.0,54.0
6.6,1.0,7.0,9.0,4.0,12.0,1598.0,88.0,10.0,6300.0,840.0,7400.0,9999.0,11.32,9999.0,9999.0,10.5,1217.0,513.0,13.8,15.0,21.0,2.0,28.0,33.0,38.0,42.0,4257.0,1712.0,1425.0,2540.0,197.0,144.0,9999.0,30.6,3.459,52.0,54.0
6.6,1.0,7.0,9.0,4.0,12.0,1747.0,106.0,10.0,6500.0,850.0,9999.0,9999.0,12.16,9999.0,9999.0,9.3,1232.0,513.0,11.6,15.0,21.0,2.0,28.0,33.0,38.0,42.0,4257.0,1712.0,1425.0,2540.0,209.0,169.0,9999.0,32.3,3.4,50.0,54.0
6.6,1.0,7.0,9.0,4.0,12.0,1969.0,114.0,10.0,6400.0,800.0,7400.0,9999.0,11.87,9999.0,9999.0,8.4,1282.0,518.0,11.2,15.0,21.0,2.0,28.0,33.0,38.0,42.0,4257.0,1712.0,1425.0,2540.0,216.0,186.0,9999.0,34.3,3.172,52.0,54.0
6.6,1.0,7.0,9.0,4.0,12.0,1747.0,106.0,10.0,6500.0,850.0,9999.0,9999.0,12.16,9999.0,9999.0,9.1,1207.0,513.0,11.4,15.0,21.0,2.0,28.0,33.0,38.0,42.0,4093.0,1712.0,1431.0,2540.0,207.0,169.0,9999.0,30.8,3531.0,50.0,54.0
6.6,1.0,7.0,9.0,4.0,12.0,1969.0,114.0,10.0,6400.0,800.0,7400.0,9999.0,11.87,9999.0,9999.0,8.3,1247.0,518.0,10.9,15.0,21.0,2.0,28.0,33.0,38.0,42.0,4093.0,1712.0,1431.0,2540.0,211.0,186.0,9999.0,34.3,3.172,52.0,54.0
6.6,1.0,7.0,9.0,4.0,12.0,1969.0,114.0,10.0,6400.0,850.0,9999.0,9999.0,11.93,9999.0,9999.0,8.6,1270.0,500.0,11.1,15.0,21.0,2.0,28.0,33.0,38.0,42.0,4430.0,1745.0,1415.0,2595.0,216.0,187.0,639.0,34.0,3.3710000000000004,52.0,54.0
6.6,1.0,7.0,9.0,4.0,12.0,1581.0,76.0,10.0,5750.0,850.0,9999.0,9999.0,11.45,9999.0,9999.0,11.5,1090.0,540.0,14.3,15.0,21.0,2.0,28.0,33.0,39.0,42.0,4187.0,1741.0,1420.0,2540.0,180.0,144.0,9999.0,32.8,3.256,50.0,54.0
6.6,1.0,7.0,9.0,4.0,12.0,1747.0,96.0,10.0,6300.0,850.0,7150.0,7000.0,11.8,9999.0,9999.0,8.9,1060.0,250.0,11.0,15.0,21.0,2.0,28.0,33.0,38.0,42.0,3916.0,1640.0,1265.0,2275.0,200.0,164.0,9999.0,32.3,3.4,50.0,54.0
6.6,1.0,7.0,9.0,4.0,12.0,1747.0,96.0,10.0,6300.0,850.0,7150.0,7000.0,11.8,9999.0,9999.0,9.2,1180.0,420.0,12.3,15.0,21.0,2.0,28.0,33.0,41.0,42.0,4250.0,1768.0,1340.0,2540.0,205.0,164.0,9999.0,33.0,3.4,50.0,54.0
6.6,1.0,7.0,9.0,4.0,12.0,1581.0,76.0,10.0,5750.0,850.0,6700.0,9999.0,11.45,9999.0,9999.0,10.7,1140.0,590.0,15.0,15.0,21.0,2.0,28.0,33.0,39.0,42.0,4390.0,1741.0,1420.0,2540.0,187.0,144.0,9999.0,37.6,2924.0,50.0,54.0
6.6,1.0,7.0,9.0,4.0,12.0,1747.0,83.0,10.0,5800.0,850.0,6500.0,9999.0,11.08,9999.0,9999.0,10.0,1195.0,590.0,14.4,15.0,21.0,2.0,28.0,33.0,38.0,42.0,4390.0,1741.0,1420.0,2540.0,199.0,154.0,9999.0,32.3,3.4,50.0,54.0
6.6,1.0,7.0,9.0,4.0,12.0,1747.0,83.0,10.0,5800.0,850.0,6500.0,9999.0,11.08,9999.0,9999.0,10.3,1130.0,550.0,13.6,15.0,21.0,2.0,28.0,33.0,38.0,42.0,4187.0,1741.0,1420.0,2540.0,190.0,154.0,9999.0,32.5,3.256,50.0,54.0
6.6,2.0,7.0,9.0,4.0,12.0,1598.0,81.0,9.0,6500.0,850.0,9999.0,9999.0,10.54,9999.0,9999.0,9999.0,1015.0,240.0,12.5,15.0,21.0,2.0,28.0,33.0,38.0,42.0,3975.0,1680.0,1225.0,2265.0,191.0,134.0,9999.0,31.7,3.337,50.0,54.0
6.6,1.0,7.0,9.0,4.0,12.0,1998.0,94.0,10.0,5400.0,700.0,9999.0,9999.0,11.2,9999.0,9999.0,9.3,1245.0,555.0,13.2,15.0,21.0,2.0,28.0,33.0,39.0,42.0,4490.0,1710.0,1425.0,2630.0,205.0,178.0,532.0,34.8,3234.0,50.0,54.0
6.6,1.0,7.0,9.0,4.0,12.0,1998.0,94.0,10.0,5400.0,700.0,9999.0,9999.0,11.2,9999.0,9999.0,9.3,1265.0,535.0,13.5,15.0,21.0,2.0,28.0,33.0,39.0,42.0,4490.0,1710.0,1425.0,2630.0,205.0,178.0,532.0,34.8,3234.0,50.0,54.0
6.6,1.0,7.0,9.0,4.0,12.0,1834.0,99.0,11.0,6500.0,800.0,9999.0,9999.0,11.1,9999.0,9999.0,7.8,1040.0,528.0,10.5,15.0,21.0,2.0,28.0,33.0,38.0,42.0,3995.0,1710.0,1365.0,2440.0,210.0,162.0,9999.0,33.0,3267.0,52.0,54.0
6.6,3.0,8.0,9.0,6.0,13.0,2496.0,132.0,19.0,4000.0,9999.0,9999.0,9999.0,18.63,9999.0,9999.0,9.9,1735.0,580.0,13.1,15.0,23.0,4.0,29.0,34.0,38.0,46.0,4796.0,1810.0,1479.0,2759.0,217.0,370.0,723.0,52.3,2214.0,51.0,57.0
6.6,2.0,8.0,9.0,6.0,12.0,2926.0,135.0,18.0,4000.0,9999.0,9999.0,9999.0,16.75,9999.0,9999.0,8.9,1695.0,625.0,12.6,15.0,18.0,2.0,29.0,34.0,38.0,43.0,4808.0,1799.0,1445.0,2827.0,222.0,390.0,0.6940000000000001,55.8,2136.0,51.0,57.0
6.6,1.0,7.0,9.0,4.0,12.0,1597.0,66.0,10.0,5500.0,830.0,9999.0,9999.0,10.23,9999.0,9999.0,12.7,1145.0,540.0,17.3,15.0,21.0,2.0,28.0,33.0,38.0,42.0,4302.0,1700.0,1461.0,2523.0,177.0,130.0,0.64,36.6,2891.0,52.0,54.0
6.6,1.0,7.0,9.0,4.0,12.0,1781.0,110.0,10.0,5700.0,825.0,9999.0,9999.0,14.82,9999.0,6.3,9.1,1342.0,558.0,12.2,15.0,22.0,2.0,29.0,33.0,38.0,42.0,4669.0,1740.0,1496.0,2703.0,217.0,210.0,688.0,37.4,3.11,50.0,54.0
6.6,1.0,8.0,9.0,4.0,12.0,2088.0,80.0,22.0,4300.0,675.0,5150.0,9999.0,15.05,9999.0,9999.0,16.7,1557.0,633.0,19.5,15.0,21.0,1.0,29.0,35.0,40.0,44.0,4963.0,1794.0,1464.0,2850.0,180.0,250.0,741.0,41.3,2.8680000000000003,51.0,57.0
6.6,1.0,7.0,9.0,4.0,12.0,1997.0,99.0,11.0,6000.0,800.0,6500.0,9999.0,11.96,9999.0,9999.0,11.5,1400.0,575.0,14.1,15.0,21.0,2.0,28.0,33.0,39.0,42.0,4740.0,1760.0,1502.0,2700.0,201.0,190.0,728.0,35.1,3.36,50.0,54.0
6.6,1.0,7.0,9.0,4.0,12.0,1997.0,99.0,11.0,6000.0,800.0,6500.0,9999.0,11.96,9999.0,9999.0,11.5,1400.0,575.0,14.1,15.0,21.0,2.0,28.0,33.0,39.0,42.0,4740.0,1760.0,1502.0,2700.0,201.0,190.0,728.0,35.1,3.36,50.0,54.0
6.6,1.0,7.0,9.0,4.0,12.0,1587.0,77.0,10.0,5500.0,750.0,6800.0,6500.0,11.32,9999.0,9999.0,13.0,1285.0,485.0,16.7,15.0,21.0,2.0,28.0,33.0,39.0,42.0,4483.0,1717.0,1413.0,2550.0,185.0,143.0,9999.0,33.5,3.256,50.0,54.0
6.6,1.0,7.0,9.0,4.0,12.0,1581.0,76.0,10.0,5750.0,850.0,6700.0,9999.0,11.45,9999.0,9999.0,10.7,1200.0,595.0,15.8,15.0,21.0,2.0,28.0,33.0,39.0,42.0,4487.0,1741.0,1500.0,2540.0,187.0,144.0,9999.0,37.6,2924.0,50.0,54.0
6.6,1.0,7.0,9.0,4.0,12.0,1747.0,83.0,10.0,5800.0,850.0,6500.0,9999.0,11.08,9999.0,9999.0,10.0,1255.0,595.0,15.1,15.0,21.0,2.0,28.0,33.0,38.0,42.0,4487.0,1741.0,1500.0,2540.0,199.0,154.0,9999.0,32.3,3.4,50.0,54.0
6.6,1.0,7.0,9.0,4.0,12.0,1590.0,85.0,10.0,6300.0,700.0,9999.0,9999.0,11.3,9999.0,9999.0,11.3,1145.0,505.0,13.5,15.0,21.0,1.0,28.0,33.0,39.0,42.0,4425.0,1695.0,1440.0,2620.0,188.0,143.0,9999.0,30.8,3.4410000000000003,50.0,54.0
6.6,1.0,7.0,9.0,4.0,12.0,1597.0,83.0,10.0,6000.0,800.0,9999.0,9999.0,10.78,9999.0,9999.0,10.2,1035.0,565.0,12.5,15.0,21.0,1.0,28.0,33.0,38.0,42.0,4275.0,1690.0,1470.0,2500.0,185.0,137.0,9999.0,33.8,3.124,52.0,54.0
6.6,1.0,7.0,9.0,4.0,12.0,1840.0,74.0,10.0,5500.0,9999.0,9999.0,9999.0,10.38,9999.0,9999.0,12.9,1265.0,570.0,17.1,15.0,21.0,2.0,28.0,33.0,38.0,42.0,4675.0,1710.0,1515.0,2670.0,180.0,152.0,772.0,39.0,2.97,52.0,54.0
6.6,1.0,7.0,9.0,4.0,12.0,1498.0,55.0,9.0,5000.0,9999.0,9999.0,9999.0,9.73,9999.0,9999.0,16.1,990.0,490.0,18.0,15.0,21.0,1.0,28.0,33.0,38.0,42.0,3815.0,1670.0,1535.0,2390.0,150.0,116.0,9999.0,36.4,2847.0,50.0,54.0
6.7,2.0,7.0,9.0,4.0,12.0,1998.0,95.0,11.0,5300.0,750.0,6350.0,6200.0,11.95,9999.0,9999.0,11.0,1380.0,555.0,14.5,15.0,20.0,2.0,28.0,33.0,38.0,42.0,4526.0,1728.0,1426.0,2715.0,210.0,190.0,9999.0,39.9,2.96,50.0,56.0
6.7,2.0,7.0,9.0,4.0,12.0,1998.0,95.0,11.0,5300.0,750.0,6350.0,6200.0,11.95,9999.0,9999.0,11.6,1410.0,525.0,14.8,15.0,20.0,2.0,28.0,33.0,38.0,42.0,4526.0,1728.0,1426.0,2715.0,207.0,190.0,9999.0,38.1,3.46,50.0,56.0
6.7,1.0,7.0,9.0,4.0,12.0,1781.0,92.0,10.0,6000.0,800.0,6800.0,9999.0,11.99,9999.0,7.9,11.3,1185.0,560.0,12.9,15.0,22.0,2.0,28.0,33.0,38.0,42.0,4152.0,1735.0,1427.0,2513.0,197.0,170.0,639.0,32.8,3.5380000000000003,50.0,54.0
6.7,1.0,7.0,9.0,4.0,12.0,1781.0,110.0,10.0,5700.0,800.0,6800.0,9999.0,14.82,9999.0,6.6,9.2,1195.0,560.0,10.9,15.0,22.0,2.0,29.0,33.0,38.0,42.0,4152.0,1735.0,1427.0,2513.0,214.0,210.0,639.0,35.3,3.289,50.0,54.0
6.7,3.0,7.0,9.0,4.0,12.0,1781.0,132.0,10.0,5500.0,860.0,9999.0,9999.0,16.58,9999.0,5.2,7.5,1305.0,560.0,9.9,15.0,22.0,2.0,29.0,33.0,38.0,42.0,4152.0,1735.0,1426.0,2518.0,226.0,235.0,639.0,35.6,3217.0,50.0,54.0
6.7,1.0,7.0,9.0,4.0,12.0,1598.0,55.0,10.0,5200.0,830.0,9999.0,9999.0,10.07,9999.0,9999.0,17.0,1085.0,495.0,19.7,15.0,21.0,1.0,28.0,36.0,39.0,42.0,4239.0,1684.0,1386.0,2517.0,160.0,128.0,0.64,35.0,3.28,52.0,54.0
6.7,1.0,7.0,9.0,4.0,12.0,1595.0,74.0,10.0,5800.0,840.0,6500.0,9999.0,11.03,9999.0,8.8,13.8,1185.0,395.0,16.0,15.0,21.0,1.0,28.0,33.0,39.0,42.0,4081.0,1695.0,1425.0,2472.0,182.0,140.0,0.6509999999999999,32.2,3286.0,50.0,54.0
6.7,1.0,7.0,9.0,4.0,12.0,1595.0,74.0,10.0,5300.0,840.0,6500.0,9999.0,11.03,9999.0,9.9,14.5,1270.0,550.0,17.2,15.0,21.0,1.0,28.0,33.0,39.0,42.0,4675.0,1740.0,1459.0,2703.0,186.0,140.0,581.0,33.2,3498.0,50.0,54.0
6.7,1.0,7.0,9.0,4.0,12.0,1762.0,81.0,10.0,5500.0,850.0,9999.0,9999.0,11.05,9999.0,9999.0,11.9,1264.0,506.0,15.6,15.0,21.0,2.0,28.0,33.0,39.0,42.0,4524.0,1755.0,1400.0,2740.0,194.0,155.0,0.7,34.1,3.3280000000000003,50.0,54.0
6.7,1.0,7.0,9.0,4.0,12.0,1998.0,84.0,10.0,5400.0,770.0,9999.0,9999.0,10.57,9999.0,9999.0,9.5,1045.0,495.0,12.4,15.0,21.0,1.0,28.0,33.0,39.0,42.0,3931.0,1698.0,1366.0,2463.0,200.0,168.0,627.0,35.3,3.1,50.0,54.0
6.7,1.0,7.0,9.0,4.0,12.0,1998.0,84.0,10.0,5400.0,770.0,9999.0,9999.0,10.57,9999.0,9999.0,10.9,1115.0,570.0,13.3,15.0,21.0,1.0,28.0,33.0,39.0,42.0,4129.0,1696.0,1419.0,2575.0,191.0,168.0,637.0,39.1,2.712,50.0,54.0
6.7,1.0,7.0,9.0,4.0,12.0,1998.0,84.0,10.0,5400.0,820.0,9999.0,9999.0,10.57,9999.0,9999.0,11.6,1290.0,640.0,15.4,15.0,21.0,1.0,28.0,33.0,39.0,42.0,4508.0,1752.0,1442.0,2670.0,190.0,168.0,621.0,30.4,3818.0,50.0,54.0
6.7,1.0,7.0,9.0,4.0,12.0,1731.0,85.0,11.0,5500.0,750.0,6800.0,6500.0,11.98,9999.0,9999.0,11.0,1270.0,480.0,14.9,15.0,21.0,2.0,28.0,33.0,39.0,42.0,4483.0,1717.0,1411.0,2550.0,195.0,165.0,9999.0,37.0,2.9410000000000003,50.0,54.0
6.7,1.0,7.0,9.0,4.0,12.0,1795.0,86.0,11.0,5500.0,9999.0,9999.0,9999.0,11.2,9999.0,9999.0,10.3,1180.0,460.0,13.7,15.0,21.0,2.0,28.0,33.0,39.0,42.0,4517.0,1696.0,1394.0,2620.0,185.0,160.0,9999.0,61.3,1794.0,50.0,54.0
6.7,1.0,7.0,9.0,6.0,13.0,1997.0,110.0,11.0,6500.0,9999.0,9999.0,9999.0,11.64,9999.0,9999.0,9.5,1265.0,455.0,11.5,15.0,21.0,4.0,28.0,33.0,39.0,42.0,4517.0,1696.0,1394.0,2620.0,203.0,185.0,9999.0,40.5,2665.0,52.0,54.0
6.7,1.0,7.0,9.0,4.0,12.0,1795.0,86.0,11.0,5500.0,9999.0,9999.0,9999.0,11.2,9999.0,9999.0,10.3,1180.0,460.0,13.7,15.0,21.0,2.0,28.0,33.0,39.0,42.0,4517.0,1696.0,1394.0,2620.0,185.0,160.0,9999.0,61.3,1794.0,50.0,54.0
6.7,1.0,7.0,9.0,4.0,12.0,1489.0,65.0,9.0,5500.0,750.0,9999.0,9999.0,11.14,9999.0,9999.0,9999.0,1110.0,455.0,17.1,15.0,22.0,2.0,28.0,33.0,38.0,42.0,4040.0,1695.0,1405.0,2505.0,161.0,132.0,9999.0,38.3,2842.0,50.0,54.0
6.7,1.0,7.0,9.0,4.0,12.0,1840.0,84.0,10.0,6000.0,750.0,9999.0,9999.0,11.0,9999.0,9999.0,9.8,1190.0,435.0,14.2,15.0,21.0,2.0,28.0,33.0,38.0,42.0,4200.0,1705.0,1410.0,2610.0,194.0,161.0,0.5920000000000001,34.5,3157.0,52.0,54.0
6.7,1.0,7.0,9.0,4.0,12.0,1597.0,66.0,10.0,6000.0,800.0,9999.0,9999.0,10.62,9999.0,9999.0,13.1,1105.0,520.0,16.7,15.0,18.0,2.0,28.0,33.0,38.0,42.0,4340.0,1700.0,1395.0,2535.0,167.0,135.0,9999.0,38.4,2838.0,52.0,54.0
6.7,1.0,7.0,9.0,4.0,12.0,1600.0,85.0,10.0,6100.0,9999.0,9999.0,9999.0,11.23,9999.0,9999.0,12.9,1197.0,488.0,14.1,15.0,21.0,2.0,28.0,33.0,39.0,42.0,4448.0,1702.0,1393.0,2550.0,177.0,143.0,693.0,39.1,2.7260000000000004,50.0,54.0
6.7,1.0,7.0,9.0,4.0,12.0,1324.0,47.0,10.0,5200.0,9999.0,9999.0,9999.0,9.68,9999.0,9999.0,15.9,793.0,467.0,16.9,15.0,21.0,1.0,28.0,33.0,39.0,42.0,3565.0,1605.0,1460.0,2295.0,145.0,102.0,9999.0,30.8,3227.0,50.0,54.0
6.7,1.0,7.0,9.0,4.0,12.0,1324.0,47.0,10.0,5200.0,9999.0,9999.0,9999.0,9.68,9999.0,9999.0,15.9,848.0,422.0,18.0,15.0,21.0,1.0,28.0,33.0,39.0,42.0,3615.0,1605.0,1455.0,2345.0,145.0,102.0,9999.0,30.8,3227.0,50.0,54.0
6.7,1.0,7.0,9.0,4.0,12.0,1781.0,110.0,10.0,5700.0,750.0,6800.0,9999.0,14.82,9999.0,6.7,9.8,1460.0,580.0,13.3,15.0,22.0,2.0,29.0,33.0,38.0,42.0,4796.0,1810.0,1479.0,2760.0,215.0,210.0,679.0,37.3,3.11,50.0,54.0
6.7,1.0,7.0,9.0,4.0,12.0,1988.0,96.0,10.0,5600.0,830.0,6675.0,9999.0,11.25,9999.0,9999.0,12.1,1335.0,665.0,13.9,15.0,21.0,2.0,28.0,33.0,38.0,42.0,4671.0,1751.0,1480.0,2704.0,186.0,178.0,0.6970000000000001,41.4,2.75,52.0,56.0
6.7,1.0,7.0,9.0,4.0,12.0,1595.0,74.0,10.0,5600.0,800.0,6500.0,9999.0,11.42,9999.0,8.9,13.3,1152.0,460.0,15.6,15.0,21.0,1.0,28.0,33.0,39.0,42.0,4137.0,1640.0,1459.0,2444.0,183.0,145.0,706.0,32.2,3286.0,52.0,54.0
6.7,1.0,7.0,9.0,4.0,12.0,1762.0,81.0,10.0,5500.0,850.0,6400.0,9999.0,11.05,9999.0,9999.0,15.4,1330.0,575.0,16.4,15.0,21.0,2.0,28.0,33.0,39.0,42.0,4740.0,1760.0,1502.0,2700.0,184.0,155.0,0.6659999999999999,51.4,2.257,50.0,54.0
6.7,1.0,7.0,9.0,4.0,12.0,1731.0,85.0,11.0,5500.0,9999.0,9999.0,9999.0,11.98,9999.0,9999.0,11.0,1300.0,470.0,15.3,15.0,21.0,2.0,28.0,33.0,39.0,42.0,4483.0,1717.0,1413.0,2550.0,195.0,165.0,9999.0,37.0,2.9410000000000003,50.0,54.0
6.7,1.0,7.0,9.0,5.0,12.0,2446.0,129.0,10.0,6100.0,9999.0,9999.0,9999.0,11.82,9999.0,9999.0,8.9,1520.0,580.0,11.8,15.0,21.0,2.0,28.0,33.0,38.0,42.0,4687.0,1826.0,1464.0,2700.0,212.0,230.0,9999.0,35.1,3.3,50.0,54.0
6.7,1.0,7.0,9.0,4.0,12.0,1997.0,100.0,10.0,6000.0,9999.0,9999.0,9999.0,11.2,9999.0,9999.0,10.0,1310.0,595.0,13.1,15.0,21.0,1.0,28.0,33.0,38.0,42.0,4680.0,1740.0,1495.0,2635.0,200.0,178.0,9999.0,36.9,3.52,50.0,54.0
6.7,1.0,7.0,9.0,4.0,12.0,1991.0,85.0,10.0,6000.0,700.0,9999.0,9999.0,10.73,9999.0,9999.0,10.6,1275.0,565.0,15.0,15.0,21.0,2.0,28.0,33.0,38.0,42.0,4675.0,1710.0,1515.0,2670.0,192.0,170.0,772.0,39.0,2.97,52.0,54.0
6.7,1.0,7.0,9.0,4.0,12.0,1991.0,100.0,10.0,5800.0,9999.0,9999.0,9999.0,11.23,9999.0,9999.0,10.5,1280.0,560.0,12.8,15.0,21.0,2.0,28.0,33.0,38.0,42.0,4675.0,1710.0,1515.0,2670.0,202.0,178.0,772.0,36.4,3.99,52.0,54.0
6.7,1.0,7.0,9.0,4.0,12.0,1998.0,103.0,10.0,5800.0,750.0,9999.0,9999.0,11.38,9999.0,9999.0,12.0,1375.0,475.0,13.3,15.0,18.0,2.0,28.0,33.0,38.0,42.0,4579.0,1715.0,1450.0,2600.0,195.0,181.0,588.0,63.2,1796.0,52.0,54.0
6.7,1.0,7.0,9.0,4.0,12.0,1998.0,103.0,10.0,5800.0,750.0,9999.0,9999.0,11.38,9999.0,9999.0,12.0,1375.0,475.0,13.3,15.0,18.0,2.0,28.0,33.0,38.0,42.0,4579.0,1715.0,1450.0,2600.0,195.0,181.0,588.0,62.8,1796.0,52.0,54.0
6.7,1.0,7.0,9.0,4.0,12.0,1762.0,81.0,10.0,5600.0,600.0,9999.0,9999.0,11.05,9999.0,9999.0,11.2,1240.0,520.0,15.3,15.0,23.0,2.0,28.0,33.0,39.0,42.0,4570.0,1710.0,1500.0,2630.0,190.0,155.0,589.0,35.1,3.212,53.0,54.0
6.7,1.0,7.0,9.0,4.0,12.0,1998.0,98.0,10.0,5400.0,9999.0,9999.0,9999.0,11.57,9999.0,9999.0,9.0,1247.0,613.0,12.7,15.0,21.0,2.0,28.0,33.0,39.0,42.0,4550.0,1720.0,1430.0,2570.0,185.0,184.0,9999.0,43.3,2517.0,52.0,54.0
6.7,1.0,7.0,9.0,4.0,12.0,1600.0,85.0,10.0,6100.0,9999.0,9999.0,9999.0,11.23,9999.0,9999.0,12.9,1238.0,477.0,14.6,15.0,21.0,2.0,28.0,33.0,39.0,42.0,4459.0,1702.0,1457.0,2550.0,177.0,143.0,0.7440000000000001,39.1,2.7260000000000004,50.0,54.0
6.7,1.0,8.0,11.0,4.0,12.0,1905.0,66.0,22.0,4000.0,800.0,4500.0,9999.0,12.93,9999.0,9999.0,15.1,1565.0,795.0,23.7,15.0,21.0,1.0,29.0,35.0,39.0,44.0,4454.0,1834.0,1714.0,2824.0,160.0,196.0,0.942,38.9,3.42,51.0,57.0
6.7,1.0,8.0,11.0,4.0,12.0,2088.0,80.0,22.0,4300.0,675.0,5150.0,9999.0,15.05,9999.0,9999.0,14.1,1615.0,770.0,20.2,17.0,21.0,1.0,29.0,35.0,39.0,44.0,4454.0,1834.0,1714.0,2824.0,175.0,250.0,0.942,40.7,2911.0,51.0,57.0
6.7,1.0,8.0,11.0,4.0,12.0,2088.0,80.0,22.0,4300.0,675.0,5150.0,9999.0,15.05,9999.0,9999.0,14.1,1615.0,770.0,20.2,17.0,21.0,1.0,29.0,35.0,39.0,44.0,4454.0,1834.0,1714.0,2824.0,175.0,250.0,0.942,40.7,2911.0,51.0,57.0
6.7,1.0,8.0,11.0,4.0,12.0,2088.0,80.0,22.0,4300.0,675.0,5150.0,9999.0,15.05,9999.0,9999.0,14.1,1615.0,770.0,20.2,17.0,21.0,1.0,29.0,35.0,39.0,44.0,4454.0,1834.0,1714.0,2824.0,175.0,250.0,0.942,40.7,2911.0,51.0,57.0
6.7,1.0,8.0,11.0,4.0,12.0,2088.0,80.0,22.0,4300.0,675.0,5150.0,9999.0,15.05,9999.0,9999.0,14.1,1615.0,770.0,20.2,17.0,21.0,1.0,29.0,35.0,39.0,44.0,4454.0,1834.0,1714.0,2824.0,175.0,250.0,0.942,40.7,2911.0,51.0,57.0
6.7,3.0,8.0,10.0,4.0,12.0,1994.0,72.0,20.0,4200.0,9999.0,4500.0,9999.0,13.23,9999.0,9999.0,15.2,1525.0,525.0,21.2,15.0,21.0,1.0,29.0,34.0,38.0,44.0,4382.0,1805.0,1757.0,2555.0,155.0,210.0,1.01,52.9,2386.0,51.0,57.0
6.8,2.0,7.0,9.0,6.0,12.0,1991.0,110.0,11.0,5900.0,720.0,9999.0,6500.0,11.99,9999.0,9999.0,9.9,1365.0,500.0,12.4,15.0,24.0,2.0,28.0,33.0,38.0,42.0,4488.0,1757.0,1369.0,2725.0,221.0,190.0,594.0,33.5,3.5,50.0,56.0
6.8,1.0,7.0,9.0,4.0,12.0,1998.0,100.0,11.0,5600.0,850.0,9999.0,9999.0,11.82,9999.0,9999.0,11.0,1357.0,533.0,13.6,15.0,21.0,2.0,28.0,33.0,39.0,42.0,4495.0,1707.0,1425.0,2637.0,212.0,188.0,557.0,40.1,2.8,52.0,56.0
6.8,1.0,7.0,9.0,4.0,12.0,1595.0,74.0,10.0,5600.0,800.0,9999.0,9999.0,11.42,9999.0,9999.0,13.5,1213.0,517.0,16.4,15.0,21.0,1.0,28.0,33.0,39.0,42.0,4439.0,1742.0,1436.0,2513.0,184.0,145.0,654.0,31.2,3737.0,50.0,54.0
6.8,1.0,7.0,9.0,4.0,12.0,1595.0,74.0,10.0,5600.0,800.0,9999.0,9999.0,11.42,9999.0,9999.0,13.8,1250.0,545.0,16.9,15.0,21.0,1.0,28.0,33.0,39.0,42.0,4511.0,1731.0,1429.0,2512.0,182.0,145.0,0.6559999999999999,32.1,3617.0,50.0,54.0
6.8,1.0,7.0,9.0,4.0,12.0,1781.0,110.0,10.0,5700.0,820.0,6800.0,9999.0,14.82,9999.0,9999.0,10.0,1315.0,545.0,12.0,15.0,22.0,2.0,29.0,33.0,38.0,42.0,4511.0,1731.0,1429.0,2512.0,213.0,210.0,0.6559999999999999,34.1,3364.0,50.0,54.0
6.8,1.0,7.0,9.0,4.0,12.0,1984.0,85.0,10.0,5400.0,800.0,6500.0,9999.0,10.51,9999.0,8.5,12.3,1235.0,385.0,14.5,15.0,21.0,1.0,28.0,33.0,38.0,42.0,4081.0,1695.0,1425.0,2471.0,189.0,166.0,0.6509999999999999,34.6,3.64,50.0,54.0
6.8,1.0,7.0,9.0,4.0,12.0,1985.0,96.0,10.0,6100.0,900.0,6600.0,9999.0,11.21,9999.0,9999.0,11.0,1300.0,490.0,13.5,15.0,18.0,2.0,28.0,33.0,39.0,42.0,4629.0,1711.0,1428.0,2605.0,200.0,177.0,9999.0,38.4,2937.0,50.0,54.0
6.8,1.0,7.0,9.0,4.0,12.0,1985.0,96.0,10.0,6100.0,900.0,6600.0,9999.0,11.21,9999.0,9999.0,11.0,1300.0,490.0,13.5,15.0,18.0,2.0,28.0,33.0,39.0,42.0,4629.0,1711.0,1428.0,2605.0,200.0,177.0,9999.0,38.4,2937.0,50.0,54.0
6.8,1.0,7.0,9.0,4.0,12.0,1948.0,118.0,9.0,5100.0,750.0,6800.0,6500.0,14.84,9999.0,9999.0,8.5,1300.0,490.0,11.0,15.0,21.0,2.0,29.0,33.0,39.0,42.0,4483.0,1717.0,1411.0,2550.0,215.0,230.0,9999.0,38.9,2.8,50.0,54.0
6.8,1.0,7.0,9.0,4.0,12.0,1948.0,103.0,11.0,6000.0,750.0,6800.0,6500.0,11.81,9999.0,9999.0,9.7,1275.0,475.0,12.4,15.0,21.0,2.0,28.0,33.0,39.0,42.0,4483.0,1717.0,1411.0,2550.0,205.0,183.0,9999.0,35.2,3.93,50.0,54.0
6.8,1.0,7.0,9.0,5.0,12.0,2435.0,125.0,10.0,5700.0,850.0,9999.0,9999.0,11.87,9999.0,9999.0,9.0,1485.0,535.0,11.9,15.0,21.0,2.0,28.0,33.0,38.0,42.0,4822.0,1832.0,1434.0,2791.0,220.0,230.0,9999.0,39.8,2975.0,50.0,54.0
6.8,1.0,7.0,9.0,4.0,12.0,1597.0,66.0,10.0,5500.0,800.0,9999.0,9999.0,10.78,9999.0,9999.0,12.3,995.0,475.0,15.1,15.0,21.0,1.0,28.0,33.0,38.0,42.0,3880.0,1680.0,1365.0,2415.0,180.0,137.0,9999.0,36.7,2878.0,52.0,54.0
6.8,1.0,7.0,9.0,4.0,12.0,2351.0,110.0,12.0,5500.0,9999.0,9999.0,9999.0,12.03,9999.0,9999.0,11.1,1340.0,570.0,12.2,15.0,21.0,2.0,28.0,34.0,38.0,48.0,4630.0,1740.0,1415.0,2635.0,205.0,225.0,9999.0,39.2,2878.0,52.0,54.0
6.8,1.0,7.0,9.0,4.0,12.0,1498.0,65.0,9.0,5500.0,700.0,9999.0,9999.0,11.07,9999.0,9999.0,14.5,1160.0,440.0,17.8,15.0,22.0,2.0,28.0,33.0,38.0,42.0,4315.0,1705.0,1410.0,2610.0,164.0,132.0,9999.0,38.3,2847.0,50.0,54.0
6.8,1.0,7.0,9.0,4.0,12.0,1498.0,65.0,9.0,5500.0,700.0,9999.0,9999.0,11.07,9999.0,9999.0,14.5,1170.0,440.0,18.0,15.0,22.0,2.0,28.0,33.0,38.0,42.0,4200.0,1705.0,1410.0,2610.0,164.0,132.0,0.5920000000000001,38.3,2847.0,50.0,54.0
6.8,1.0,7.0,9.0,4.0,12.0,1991.0,85.0,10.0,6000.0,700.0,9999.0,9999.0,10.73,9999.0,9999.0,12.0,1210.0,505.0,14.2,15.0,21.0,2.0,28.0,33.0,38.0,42.0,4590.0,1710.0,1430.0,2610.0,185.0,170.0,0.6579999999999999,42.4,2676.0,52.0,54.0
6.8,1.0,7.0,9.0,4.0,12.0,1991.0,85.0,10.0,6000.0,700.0,9999.0,9999.0,10.73,9999.0,9999.0,12.0,1225.0,505.0,14.4,15.0,21.0,2.0,28.0,33.0,38.0,42.0,4590.0,1710.0,1430.0,2610.0,185.0,170.0,0.6579999999999999,42.4,2676.0,52.0,54.0
6.8,3.0,7.0,9.0,4.0,14.0,1597.0,70.0,10.0,5200.0,700.0,9999.0,9999.0,11.25,9999.0,9999.0,12.3,1150.0,490.0,16.4,15.0,21.0,2.0,28.0,33.0,38.0,42.0,4350.0,1690.0,1415.0,2520.0,175.0,143.0,0.6829999999999999,34.2,3218.0,50.0,54.0
6.8,3.0,7.0,9.0,4.0,14.0,1597.0,70.0,10.0,5200.0,700.0,9999.0,9999.0,11.25,9999.0,9999.0,12.9,1190.0,500.0,17.0,15.0,21.0,2.0,28.0,33.0,38.0,42.0,4350.0,1690.0,1420.0,2520.0,171.0,143.0,0.7040000000000001,34.2,3218.0,50.0,54.0
6.8,1.0,7.0,9.0,4.0,12.0,1762.0,81.0,10.0,5600.0,600.0,9999.0,9999.0,11.05,9999.0,9999.0,12.2,1235.0,525.0,15.2,15.0,23.0,2.0,28.0,33.0,39.0,42.0,4490.0,1710.0,1425.0,2630.0,185.0,155.0,532.0,38.8,2.96,53.0,54.0
6.8,1.0,7.0,9.0,4.0,12.0,1762.0,81.0,10.0,5600.0,600.0,9999.0,9999.0,11.05,9999.0,9999.0,12.2,1255.0,505.0,15.5,15.0,23.0,2.0,28.0,33.0,39.0,42.0,4490.0,1710.0,1425.0,2630.0,185.0,155.0,532.0,38.8,2.96,53.0,54.0
6.8,1.0,7.0,9.0,4.0,12.0,1998.0,98.0,10.0,5400.0,9999.0,9999.0,9999.0,11.57,9999.0,9999.0,11.0,1225.0,495.0,12.5,15.0,21.0,2.0,28.0,33.0,39.0,42.0,4495.0,1700.0,1430.0,2570.0,190.0,184.0,9999.0,28.4,3832.0,52.0,54.0
6.8,1.0,7.0,9.0,4.0,12.0,1498.0,59.0,9.0,5500.0,9999.0,6000.0,9999.0,10.07,9999.0,9999.0,12.8,1055.0,535.0,17.9,15.0,21.0,1.0,28.0,33.0,38.0,42.0,4360.0,1692.0,1390.0,2500.0,170.0,120.0,9999.0,34.3,3.75,50.0,54.0
6.8,1.0,7.0,9.0,4.0,12.0,1498.0,59.0,9.0,5500.0,9999.0,6000.0,9999.0,10.07,9999.0,9999.0,12.8,1055.0,535.0,17.9,15.0,21.0,1.0,28.0,33.0,38.0,42.0,4253.0,1692.0,1390.0,2500.0,170.0,120.0,9999.0,34.3,3.75,50.0,54.0
6.8,1.0,7.0,9.0,4.0,12.0,1498.0,65.0,9.0,5000.0,9999.0,6000.0,9999.0,11.32,9999.0,9999.0,15.4,1135.0,465.0,17.5,15.0,21.0,2.0,28.0,33.0,38.0,42.0,4427.0,1711.0,1413.0,2560.0,175.0,135.0,9999.0,41.7,2615.0,50.0,54.0
6.8,1.0,7.0,9.0,4.0,12.0,1834.0,99.0,10.0,6500.0,9999.0,9999.0,9999.0,11.1,9999.0,9999.0,9.0,1075.0,435.0,10.9,15.0,21.0,2.0,28.0,33.0,38.0,42.0,4220.0,1690.0,1365.0,2440.0,203.0,162.0,9999.0,37.9,2.797,52.0,54.0
6.8,1.0,7.0,9.0,4.0,12.0,1762.0,81.0,10.0,5500.0,850.0,6400.0,9999.0,11.05,9999.0,9999.0,12.6,1310.0,575.0,16.2,15.0,21.0,2.0,28.0,33.0,39.0,42.0,4740.0,1760.0,1502.0,2700.0,189.0,155.0,0.6659999999999999,39.5,2.9410000000000003,50.0,54.0
6.8,1.0,7.0,9.0,4.0,12.0,1969.0,114.0,10.0,6400.0,850.0,9999.0,9999.0,11.93,9999.0,9999.0,8.8,1300.0,515.0,11.4,15.0,21.0,2.0,28.0,33.0,38.0,42.0,4430.0,1745.0,1420.0,2595.0,216.0,187.0,639.0,34.7,3.3710000000000004,52.0,54.0
6.8,1.0,7.0,9.0,4.0,12.0,1969.0,114.0,10.0,6400.0,850.0,9999.0,9999.0,11.93,9999.0,9999.0,8.8,1300.0,515.0,11.4,15.0,21.0,2.0,28.0,33.0,38.0,42.0,4430.0,1745.0,1420.0,2595.0,216.0,187.0,639.0,34.3,3.3710000000000004,52.0,54.0
6.8,1.0,7.0,9.0,4.0,12.0,1597.0,83.0,10.0,6000.0,800.0,9999.0,9999.0,10.78,9999.0,9999.0,12.4,1060.0,540.0,12.8,15.0,21.0,1.0,28.0,33.0,38.0,42.0,4275.0,1690.0,1470.0,2500.0,175.0,137.0,9999.0,38.5,2.7,52.0,54.0
6.8,1.0,7.0,9.0,4.0,12.0,1324.0,47.0,10.0,5200.0,9999.0,9999.0,9999.0,9.68,9999.0,9999.0,15.9,873.0,467.0,18.6,15.0,21.0,1.0,28.0,33.0,39.0,42.0,3940.0,1605.0,1460.0,2345.0,145.0,102.0,9999.0,30.8,3227.0,50.0,54.0
6.8,1.0,7.0,11.0,4.0,12.0,1598.0,74.0,11.0,6000.0,780.0,9999.0,9999.0,11.8,9999.0,9999.0,13.5,1310.0,640.0,17.7,15.0,21.0,2.0,28.0,33.0,39.0,42.0,4317.0,1742.0,1634.0,2694.0,176.0,150.0,0.78,31.1,3.729,52.0,54.0
6.8,1.0,7.0,11.0,4.0,12.0,1796.0,85.0,11.0,5400.0,810.0,9999.0,9999.0,11.89,9999.0,9999.0,12.0,1320.0,640.0,15.5,15.0,21.0,2.0,28.0,33.0,38.0,42.0,4317.0,1742.0,1634.0,2694.0,184.0,170.0,0.78,31.1,3.729,52.0,54.0
6.8,1.0,8.0,11.0,5.0,12.0,2461.0,75.0,21.0,3500.0,780.0,9999.0,9999.0,12.77,9999.0,11.9,18.1,1810.0,890.0,24.1,15.0,21.0,1.0,29.0,34.0,38.0,44.0,4789.0,1840.0,1940.0,2920.0,157.0,250.0,1094.0,41.6,2847.0,51.0,57.0
6.8,1.0,8.0,11.0,5.0,12.0,2461.0,75.0,21.0,3500.0,780.0,9999.0,9999.0,12.77,9999.0,11.9,18.1,1850.0,850.0,24.7,15.0,21.0,1.0,29.0,34.0,38.0,44.0,5189.0,1840.0,1940.0,3320.0,157.0,250.0,1094.0,41.6,2847.0,51.0,57.0
6.8,1.0,8.0,11.0,4.0,12.0,2903.0,93.0,19.0,3600.0,9999.0,9999.0,9999.0,14.63,9999.0,9999.0,17.3,1880.0,665.0,20.2,15.0,21.0,2.0,29.0,34.0,39.0,43.0,4890.0,1900.0,1730.0,2905.0,168.0,338.0,9999.0,41.6,2912.0,51.0,0.0
6.9,2.0,7.0,9.0,4.0,12.0,1998.0,120.0,10.0,5300.0,750.0,6350.0,6200.0,14.47,3.9,6.1,8.5,1310.0,315.0,10.9,15.0,20.0,2.0,30.0,33.0,38.0,42.0,4010.0,1712.0,1274.0,2400.0,220.0,230.0,611.0,39.8,2.882,50.0,54.0
6.9,2.0,7.0,9.0,4.0,12.0,1998.0,120.0,10.0,5300.0,750.0,6350.0,6200.0,14.47,9999.0,9999.0,9.3,1415.0,555.0,11.8,15.0,20.0,2.0,30.0,33.0,38.0,42.0,4526.0,1728.0,1426.0,2715.0,230.0,230.0,9999.0,39.9,2.96,50.0,56.0
6.9,1.0,7.0,9.0,4.0,12.0,1781.0,92.0,10.0,5800.0,9999.0,9999.0,9999.0,12.21,9999.0,7.6,11.5,1370.0,400.0,14.9,15.0,22.0,2.0,28.0,33.0,38.0,42.0,4366.0,1716.0,1381.0,2554.0,195.0,173.0,0.7020000000000001,33.7,3445.0,50.0,54.0
6.9,1.0,7.0,9.0,4.0,12.0,1781.0,110.0,10.0,5700.0,860.0,6800.0,9999.0,14.82,9999.0,6.8,9.6,1300.0,550.0,11.8,15.0,22.0,2.0,29.0,33.0,38.0,42.0,4479.0,1733.0,1416.0,2617.0,214.0,210.0,0.65,47.5,2443.0,50.0,54.0
6.9,2.0,7.0,9.0,6.0,12.0,2494.0,125.0,11.0,5500.0,700.0,6500.0,6500.0,12.34,9999.0,9999.0,7.8,1255.0,460.0,10.0,15.0,18.0,2.0,28.0,33.0,38.0,42.0,4210.0,1698.0,1378.0,2696.0,230.0,245.0,0.6859999999999999,37.3,3.1,50.0,54.0
6.9,2.0,7.0,9.0,4.0,12.0,1895.0,87.0,10.0,5500.0,9999.0,9999.0,9999.0,11.94,9999.0,9999.0,9999.0,1320.0,500.0,15.2,15.0,24.0,1.0,28.0,33.0,38.0,42.0,4488.0,1757.0,1369.0,2725.0,202.0,180.0,574.0,36.0,3.2,50.0,56.0
6.9,2.0,7.0,9.0,6.0,12.0,2494.0,125.0,11.0,5500.0,720.0,9999.0,6500.0,12.34,9999.0,9999.0,8.0,1370.0,500.0,11.0,15.0,18.0,2.0,28.0,33.0,38.0,42.0,4488.0,1757.0,1369.0,2725.0,233.0,245.0,594.0,37.7,3.1,50.0,56.0
6.9,2.0,7.0,9.0,4.0,12.0,1895.0,87.0,10.0,5500.0,850.0,6000.0,6000.0,11.94,9999.0,8.6,12.2,1320.0,500.0,15.2,15.0,24.0,1.0,28.0,33.0,38.0,42.0,4471.0,1739.0,1415.0,2725.0,202.0,180.0,0.5770000000000001,36.2,3.2,50.0,56.0
6.9,2.0,7.0,9.0,6.0,12.0,1991.0,110.0,11.0,5900.0,700.0,9999.0,6500.0,11.99,9999.0,9999.0,10.2,1470.0,510.0,13.4,15.0,18.0,2.0,28.0,33.0,38.0,42.0,4775.0,1799.0,1439.0,2830.0,220.0,190.0,608.0,34.2,3.5,50.0,54.0
6.9,1.0,7.0,9.0,4.0,12.0,1781.0,92.0,10.0,6000.0,800.0,9999.0,9999.0,11.99,9999.0,9999.0,12.7,1264.0,521.0,13.7,15.0,22.0,2.0,28.0,33.0,38.0,42.0,4439.0,1742.0,1436.0,2513.0,197.0,170.0,654.0,32.8,3.5380000000000003,50.0,54.0
6.9,1.0,7.0,9.0,4.0,12.0,1984.0,85.0,10.0,5200.0,780.0,6500.0,9999.0,10.77,9999.0,8.5,12.4,1260.0,540.0,14.8,15.0,21.0,1.0,28.0,33.0,38.0,42.0,4376.0,1735.0,1446.0,2513.0,192.0,170.0,633.0,35.4,3278.0,50.0,54.0
6.9,3.0,7.0,9.0,4.0,12.0,1781.0,92.0,10.0,6000.0,800.0,6800.0,9999.0,11.99,9999.0,7.5,11.6,1335.0,540.0,14.5,15.0,22.0,2.0,28.0,33.0,38.0,42.0,4376.0,1735.0,1444.0,2519.0,198.0,170.0,633.0,32.8,3545.0,50.0,54.0
6.9,1.0,7.0,9.0,4.0,12.0,1762.0,74.0,9.0,6000.0,850.0,9999.0,9999.0,10.91,9999.0,9999.0,15.4,1099.0,521.0,14.9,15.0,21.0,1.0,28.0,33.0,39.0,42.0,4167.0,1698.0,1401.0,2540.0,177.0,153.0,657.0,38.5,2.8,50.0,54.0
6.9,1.0,7.0,9.0,4.0,12.0,1762.0,74.0,9.0,6000.0,850.0,9999.0,9999.0,10.91,9999.0,9999.0,15.4,1110.0,520.0,15.0,15.0,21.0,1.0,28.0,33.0,39.0,42.0,4167.0,1698.0,1405.0,2540.0,177.0,153.0,657.0,38.5,2.8,50.0,54.0
6.9,1.0,7.0,9.0,4.0,12.0,1762.0,74.0,9.0,6000.0,850.0,6500.0,9999.0,10.91,9999.0,9999.0,15.2,1185.0,430.0,16.0,15.0,21.0,1.0,28.0,33.0,39.0,42.0,4267.0,1689.0,1383.0,2580.0,175.0,153.0,0.6759999999999999,37.0,2.9410000000000003,50.0,54.0
6.9,1.0,7.0,9.0,4.0,12.0,1762.0,74.0,9.0,6000.0,850.0,6500.0,9999.0,10.91,9999.0,9999.0,15.1,1115.0,485.0,15.1,15.0,21.0,1.0,28.0,33.0,39.0,42.0,4030.0,1680.0,1368.0,2580.0,172.0,153.0,0.71,37.0,2.9410000000000003,50.0,54.0
6.9,1.0,7.0,9.0,4.0,12.0,1985.0,113.0,9.0,5500.0,900.0,9999.0,9999.0,13.86,9999.0,9999.0,10.0,1315.0,495.0,11.6,15.0,18.0,2.0,29.0,33.0,39.0,42.0,4629.0,1711.0,1428.0,2605.0,210.0,219.0,9999.0,42.2,2673.0,50.0,54.0
6.9,1.0,7.0,9.0,4.0,12.0,1985.0,113.0,9.0,5500.0,900.0,9999.0,9999.0,13.86,9999.0,9999.0,8.8,1315.0,495.0,11.6,15.0,18.0,2.0,29.0,33.0,39.0,42.0,4629.0,1711.0,1428.0,2605.0,210.0,219.0,9999.0,42.2,2673.0,50.0,54.0
6.9,1.0,7.0,9.0,5.0,12.0,2435.0,125.0,10.0,5700.0,9999.0,9999.0,9999.0,11.87,9999.0,9999.0,9.9,1512.0,528.0,12.1,15.0,21.0,2.0,28.0,33.0,38.0,42.0,4822.0,1832.0,1434.0,2791.0,215.0,230.0,9999.0,47.6,2489.0,50.0,54.0
6.9,1.0,7.0,9.0,4.0,12.0,1797.0,140.0,11.0,7900.0,750.0,8800.0,9999.0,12.45,9999.0,9999.0,6.7,1125.0,375.0,8.0,15.0,21.0,2.0,28.0,33.0,39.0,42.0,4400.0,1695.0,1320.0,2570.0,233.0,178.0,9999.0,28.9,3766.0,50.0,54.0
6.9,1.0,7.0,9.0,4.0,12.0,1850.0,100.0,10.0,6000.0,9999.0,9999.0,9999.0,11.89,9999.0,9999.0,10.4,1330.0,560.0,13.3,15.0,21.0,1.0,28.0,33.0,39.0,42.0,4595.0,1750.0,1430.0,2670.0,205.0,175.0,9999.0,33.6,3.357,52.0,54.0
6.9,1.0,7.0,9.0,4.0,12.0,1997.0,108.0,10.0,6000.0,9999.0,9999.0,9999.0,11.58,9999.0,9999.0,9.9,1330.0,560.0,12.3,15.0,21.0,1.0,28.0,33.0,39.0,42.0,4595.0,1750.0,1430.0,2670.0,210.0,184.0,9999.0,33.6,3.357,52.0,54.0
6.9,1.0,7.0,9.0,4.0,12.0,1595.0,118.0,10.0,7600.0,9999.0,9999.0,9999.0,11.82,9999.0,9999.0,8.2,1090.0,415.0,9.2,15.0,21.0,2.0,28.0,33.0,39.0,42.0,4190.0,1695.0,1375.0,2620.0,207.0,150.0,9999.0,29.6,3733.0,50.0,54.0
6.9,1.0,7.0,9.0,4.0,12.0,1997.0,100.0,10.0,5800.0,9999.0,9999.0,9999.0,11.33,9999.0,9999.0,9.6,1321.0,589.0,13.2,15.0,21.0,2.0,28.0,33.0,38.0,42.0,4710.0,1818.0,1410.0,2700.0,205.0,180.0,9999.0,36.2,3.169,50.0,56.0
6.9,1.0,7.0,9.0,4.0,12.0,1498.0,59.0,9.0,5500.0,9999.0,6000.0,9999.0,10.07,9999.0,9999.0,16.2,1090.0,500.0,18.5,15.0,21.0,1.0,28.0,33.0,38.0,42.0,4253.0,1692.0,1390.0,2500.0,160.0,120.0,9999.0,40.4,2615.0,50.0,54.0
6.9,1.0,7.0,9.0,4.0,12.0,1597.0,70.0,10.0,5500.0,800.0,9999.0,9999.0,10.62,9999.0,9999.0,11.3,1035.0,450.0,14.8,15.0,21.0,1.0,28.0,33.0,38.0,42.0,3990.0,1698.0,1365.0,2440.0,180.0,135.0,9999.0,35.6,2.979,50.0,54.0
6.9,2.0,7.0,9.0,6.0,12.0,1991.0,110.0,11.0,5900.0,720.0,9999.0,6500.0,11.99,9999.0,6.7,10.2,1425.0,540.0,13.0,15.0,24.0,2.0,28.0,33.0,38.0,42.0,4478.0,1739.0,1409.0,2725.0,214.0,190.0,659.0,28.7,4.0,50.0,56.0
6.9,1.0,7.0,9.0,6.0,13.0,2495.0,125.0,10.0,6250.0,725.0,9999.0,9999.0,11.08,9999.0,9999.0,8.5,1391.0,609.0,11.1,15.0,24.0,4.0,28.0,33.0,38.0,42.0,4671.0,1751.0,1480.0,2704.0,215.0,220.0,0.6970000000000001,38.2,2.9,52.0,54.0
6.9,1.0,7.0,9.0,4.0,12.0,1984.0,85.0,10.0,5200.0,780.0,6500.0,9999.0,10.77,9999.0,8.8,12.9,1310.0,525.0,15.4,15.0,21.0,1.0,28.0,33.0,38.0,42.0,4397.0,1735.0,1485.0,2515.0,192.0,170.0,0.6779999999999999,36.4,3.192,50.0,54.0
6.9,1.0,7.0,9.0,4.0,12.0,1998.0,84.0,10.0,5400.0,820.0,9999.0,9999.0,10.57,9999.0,9999.0,12.8,1335.0,745.0,15.9,15.0,21.0,1.0,28.0,33.0,39.0,42.0,4620.0,1748.0,1448.0,2670.0,182.0,168.0,696.0,30.4,3818.0,50.0,54.0
6.9,1.0,7.0,9.0,4.0,12.0,1731.0,85.0,11.0,5500.0,9999.0,9999.0,9999.0,11.98,9999.0,9999.0,12.8,1320.0,470.0,15.5,15.0,21.0,2.0,28.0,33.0,39.0,42.0,4483.0,1717.0,1413.0,2550.0,190.0,165.0,9999.0,34.5,3162.0,50.0,54.0
6.9,1.0,7.0,9.0,4.0,12.0,1991.0,85.0,10.0,6000.0,700.0,9999.0,9999.0,10.73,9999.0,9999.0,12.1,1310.0,565.0,15.4,15.0,21.0,2.0,28.0,33.0,38.0,42.0,4675.0,1710.0,1515.0,2670.0,179.0,170.0,772.0,42.4,2676.0,52.0,54.0
6.9,1.0,8.0,11.0,5.0,12.0,2461.0,65.0,21.0,3600.0,780.0,9999.0,9999.0,9.96,9999.0,13.2,21.5,1810.0,890.0,27.8,15.0,21.0,1.0,29.0,34.0,38.0,44.0,4789.0,1840.0,1940.0,2920.0,150.0,195.0,1094.0,39.9,2965.0,51.0,57.0
6.9,1.0,8.0,11.0,5.0,12.0,2461.0,65.0,21.0,3600.0,780.0,9999.0,9999.0,9.96,9999.0,13.2,21.5,1850.0,850.0,28.5,15.0,21.0,1.0,29.0,34.0,38.0,44.0,5189.0,1840.0,1940.0,3320.0,150.0,195.0,1094.0,39.9,2965.0,51.0,57.0
6.9,5.0,8.0,10.0,4.0,12.0,1998.0,64.0,21.0,4000.0,9999.0,9999.0,9999.0,13.59,9999.0,9999.0,9999.0,1475.0,520.0,23.0,15.0,21.0,1.0,29.0,35.0,39.0,44.0,4195.0,1780.0,1740.0,2480.0,142.0,216.0,9999.0,36.5,3449.0,51.0,0.0
7.0,2.0,7.0,9.0,4.0,12.0,1998.0,100.0,10.0,5500.0,750.0,6350.0,6200.0,11.95,4.8,7.4,10.8,1440.0,570.0,14.4,15.0,20.0,2.0,28.0,33.0,38.0,42.0,4818.0,1799.0,1440.0,2833.0,209.0,190.0,586.0,40.8,2.9,50.0,54.0
7.0,2.0,7.0,9.0,4.0,12.0,2295.0,145.0,9.0,5500.0,750.0,6350.0,6200.0,15.33,3.2,5.0,7.3,1330.0,315.0,9.2,15.0,20.0,2.0,30.0,33.0,38.0,42.0,4010.0,1712.0,1279.0,2400.0,237.0,280.0,632.0,42.5,2.724,50.0,54.0
7.0,2.0,7.0,9.0,4.0,12.0,1998.0,120.0,10.0,5300.0,750.0,6350.0,6200.0,14.47,9999.0,9999.0,9.7,1445.0,525.0,12.0,15.0,20.0,2.0,30.0,33.0,38.0,42.0,4526.0,1728.0,1426.0,2715.0,227.0,230.0,9999.0,42.8,2714.0,50.0,56.0
7.0,2.0,8.0,9.0,8.0,13.0,3996.0,184.0,19.0,4000.0,9999.0,9999.0,4750.0,17.61,9999.0,9999.0,7.8,1895.0,560.0,10.3,15.0,20.0,4.0,31.0,34.0,38.0,43.0,5038.0,1855.0,1444.0,2965.0,250.0,560.0,9999.0,60.2,2.53,50.0,57.0
7.0,2.0,8.0,9.0,8.0,13.0,3996.0,184.0,19.0,4000.0,9999.0,9999.0,4750.0,17.61,9999.0,9999.0,7.8,1920.0,550.0,10.4,15.0,20.0,4.0,31.0,34.0,38.0,43.0,5158.0,1855.0,1444.0,3085.0,250.0,560.0,9999.0,60.2,2.53,50.0,57.0
7.0,1.0,7.0,9.0,6.0,13.0,2393.0,121.0,11.0,6000.0,720.0,6800.0,9999.0,12.08,9999.0,6.1,8.6,1360.0,550.0,11.2,15.0,22.0,4.0,28.0,33.0,38.0,42.0,4479.0,1733.0,1416.0,2617.0,222.0,230.0,0.65,37.8,3.68,50.0,54.0
7.0,2.0,7.0,9.0,6.0,12.0,2793.0,142.0,10.0,5500.0,720.0,9999.0,6500.0,12.6,9999.0,9999.0,7.0,1395.0,500.0,9.8,15.0,18.0,2.0,28.0,33.0,38.0,42.0,4488.0,1757.0,1369.0,2725.0,242.0,280.0,594.0,39.5,2.9,50.0,56.0
7.0,2.0,7.0,9.0,6.0,12.0,2793.0,142.0,10.0,5500.0,720.0,9999.0,6500.0,12.6,9999.0,5.1,7.0,1395.0,500.0,9.8,15.0,18.0,2.0,28.0,33.0,38.0,42.0,4471.0,1739.0,1415.0,2725.0,240.0,280.0,597.0,39.5,2.9,50.0,56.0
7.0,2.0,8.0,9.0,8.0,13.0,3901.0,180.0,18.0,4000.0,620.0,4700.0,9999.0,18.04,9999.0,9999.0,8.4,1960.0,535.0,10.9,15.0,19.0,4.0,31.0,34.0,38.0,43.0,4984.0,1862.0,1435.0,2930.0,242.0,560.0,685.0,60.1,2.94,51.0,57.0
7.0,1.0,7.0,9.0,4.0,12.0,1998.0,100.0,11.0,5600.0,850.0,9999.0,9999.0,11.82,9999.0,9999.0,10.5,1215.0,520.0,12.2,15.0,21.0,2.0,28.0,33.0,39.0,42.0,4110.0,1709.0,1425.0,2606.0,200.0,188.0,629.0,41.3,2.8,50.0,54.0
7.0,1.0,7.0,9.0,4.0,12.0,1998.0,100.0,11.0,5600.0,850.0,9999.0,9999.0,11.82,9999.0,9999.0,10.5,1215.0,520.0,12.2,15.0,21.0,2.0,28.0,33.0,39.0,42.0,4252.0,1709.0,1425.0,2606.0,200.0,188.0,589.0,41.3,2.8,50.0,54.0
7.0,1.0,7.0,9.0,4.0,12.0,1984.0,85.0,10.0,5200.0,780.0,6500.0,9999.0,10.77,9999.0,9999.0,13.1,1290.0,545.0,15.2,15.0,21.0,1.0,28.0,33.0,38.0,42.0,4511.0,1731.0,1429.0,2512.0,192.0,170.0,0.6559999999999999,34.5,3364.0,50.0,54.0
7.0,1.0,7.0,9.0,4.0,12.0,1781.0,92.0,10.0,5800.0,860.0,7100.0,9999.0,11.85,9999.0,8.5,12.5,1310.0,550.0,14.2,15.0,22.0,2.0,28.0,33.0,38.0,42.0,4675.0,1740.0,1459.0,2703.0,201.0,168.0,581.0,33.2,3498.0,50.0,54.0
7.0,3.0,7.0,9.0,4.0,12.0,1781.0,92.0,10.0,5800.0,860.0,7100.0,9999.0,11.85,9999.0,7.3,11.3,1381.0,559.0,15.0,15.0,22.0,2.0,28.0,33.0,38.0,42.0,4675.0,1740.0,1461.0,2702.0,202.0,168.0,602.0,32.3,3.599,50.0,54.0
7.0,1.0,7.0,9.0,4.0,12.0,1781.0,110.0,10.0,5700.0,825.0,9999.0,9999.0,14.82,9999.0,7.1,10.3,1370.0,550.0,12.5,15.0,22.0,2.0,29.0,33.0,38.0,42.0,4675.0,1740.0,1459.0,2703.0,217.0,210.0,581.0,47.5,2443.0,50.0,54.0
7.0,1.0,7.0,9.0,4.0,12.0,1998.0,97.0,10.0,5500.0,800.0,9999.0,9999.0,11.32,9999.0,9999.0,12.9,1340.0,510.0,13.8,15.0,21.0,2.0,28.0,33.0,39.0,42.0,4524.0,1755.0,1400.0,2740.0,195.0,180.0,0.7,38.9,2.9160000000000004,50.0,54.0
7.0,1.0,7.0,9.0,4.0,12.0,1762.0,74.0,9.0,6000.0,850.0,6500.0,9999.0,10.91,9999.0,9999.0,15.9,1220.0,435.0,16.5,15.0,21.0,1.0,28.0,33.0,39.0,42.0,4179.0,1689.0,1356.0,2540.0,170.0,153.0,691.0,37.0,2.9410000000000003,50.0,54.0
7.0,1.0,7.0,9.0,4.0,12.0,1985.0,96.0,10.0,6100.0,900.0,6600.0,9999.0,11.21,9999.0,9999.0,11.0,1300.0,490.0,13.5,15.0,18.0,2.0,28.0,33.0,39.0,42.0,4629.0,1711.0,1423.0,2604.0,200.0,177.0,9999.0,38.4,2937.0,50.0,54.0
7.0,1.0,7.0,9.0,4.0,12.0,1985.0,136.0,9.0,5500.0,900.0,6190.0,9999.0,16.65,9999.0,9999.0,8.5,1315.0,495.0,9.7,15.0,18.0,2.0,29.0,33.0,39.0,42.0,4629.0,1711.0,1428.0,2605.0,230.0,263.0,9999.0,42.2,2673.0,50.0,54.0
7.0,1.0,7.0,9.0,4.0,12.0,1985.0,136.0,9.0,5500.0,900.0,6190.0,9999.0,16.65,9999.0,9999.0,8.0,1315.0,495.0,9.7,15.0,18.0,2.0,29.0,33.0,39.0,42.0,4629.0,1711.0,1428.0,2605.0,230.0,263.0,9999.0,42.2,2673.0,50.0,54.0
7.0,1.0,7.0,9.0,4.0,12.0,1855.0,147.0,9.0,5500.0,750.0,6700.0,6500.0,20.32,9999.0,9999.0,7.3,1300.0,490.0,8.8,15.0,21.0,2.0,29.0,33.0,39.0,42.0,4483.0,1717.0,1411.0,2550.0,235.0,300.0,9999.0,41.9,2763.0,50.0,54.0
7.0,1.0,7.0,9.0,5.0,12.0,2435.0,125.0,10.0,6100.0,850.0,9999.0,9999.0,11.87,9999.0,9999.0,8.6,1422.0,468.0,11.4,15.0,21.0,2.0,28.0,33.0,38.0,42.0,4716.0,1817.0,1414.0,2664.0,215.0,230.0,624.0,41.3,2.8,50.0,54.0
7.0,1.0,7.0,9.0,4.0,12.0,1969.0,114.0,10.0,6400.0,800.0,7400.0,9999.0,11.87,9999.0,9999.0,8.4,1370.0,260.0,12.0,15.0,21.0,2.0,28.0,33.0,38.0,42.0,4285.0,1780.0,1315.0,2540.0,210.0,186.0,9999.0,33.4,3.4,52.0,54.0
7.0,1.0,7.0,9.0,4.0,12.0,1969.0,114.0,10.0,6400.0,800.0,7400.0,9999.0,11.87,9999.0,9999.0,8.4,1370.0,410.0,12.0,15.0,21.0,2.0,28.0,33.0,38.0,42.0,4285.0,1780.0,1318.0,2540.0,215.0,186.0,9999.0,33.4,3.4,52.0,54.0
7.0,1.0,7.0,9.0,4.0,12.0,1850.0,100.0,10.0,6000.0,9999.0,9999.0,9999.0,11.89,9999.0,9999.0,11.3,1355.0,535.0,13.6,15.0,21.0,1.0,28.0,33.0,39.0,42.0,4595.0,1750.0,1430.0,2670.0,195.0,175.0,9999.0,38.6,2.9160000000000004,52.0,54.0
7.0,1.0,7.0,9.0,6.0,13.0,2498.0,120.0,10.0,5750.0,9999.0,9999.0,9999.0,11.22,9999.0,9999.0,8.2,1290.0,590.0,10.8,15.0,21.0,4.0,28.0,33.0,38.0,42.0,4630.0,1740.0,1415.0,2635.0,225.0,223.0,9999.0,37.5,3.52,52.0,54.0
7.0,1.0,7.0,9.0,6.0,13.0,1995.0,105.0,10.0,6000.0,670.0,9999.0,9999.0,11.09,9999.0,9999.0,10.7,1410.0,530.0,13.4,15.0,23.0,4.0,28.0,33.0,38.0,42.0,4825.0,1770.0,1395.0,2750.0,202.0,176.0,0.61,36.9,3.26,52.0,54.0
7.0,1.0,7.0,9.0,4.0,12.0,1998.0,94.0,10.0,5400.0,700.0,9999.0,9999.0,11.2,9999.0,9999.0,10.6,1270.0,530.0,13.5,15.0,21.0,2.0,28.0,33.0,39.0,42.0,4490.0,1710.0,1425.0,2630.0,200.0,178.0,532.0,39.8,2835.0,50.0,54.0
7.0,1.0,7.0,9.0,4.0,12.0,1998.0,94.0,10.0,5400.0,700.0,9999.0,9999.0,11.2,9999.0,9999.0,10.6,1290.0,510.0,13.7,15.0,21.0,2.0,28.0,33.0,39.0,42.0,4490.0,1710.0,1425.0,2630.0,200.0,178.0,532.0,39.8,2835.0,50.0,54.0
7.0,1.0,7.0,9.0,4.0,12.0,1793.0,81.0,10.0,5750.0,9999.0,9999.0,9999.0,10.65,9999.0,9999.0,10.6,1106.0,524.0,13.7,15.0,21.0,2.0,28.0,33.0,39.0,42.0,4475.0,1711.0,1415.0,2560.0,196.0,152.0,9999.0,33.4,3264.0,50.0,54.0
7.0,1.0,7.0,9.0,4.0,12.0,1597.0,70.0,10.0,5500.0,800.0,9999.0,9999.0,10.62,9999.0,9999.0,13.5,1065.0,420.0,15.2,15.0,21.0,1.0,28.0,33.0,38.0,42.0,3990.0,1698.0,1365.0,2440.0,169.0,135.0,9999.0,43.4,2.4,50.0,54.0
7.0,1.0,7.0,9.0,6.0,13.0,2393.0,121.0,11.0,6000.0,720.0,6800.0,9999.0,12.08,9999.0,6.1,8.6,1360.0,550.0,11.2,15.0,22.0,4.0,28.0,33.0,38.0,42.0,4479.0,1733.0,1416.0,2617.0,222.0,230.0,632.0,37.8,3.68,50.0,54.0
7.0,3.0,8.0,9.0,6.0,13.0,2496.0,132.0,19.0,4000.0,9999.0,9999.0,9999.0,18.63,9999.0,9999.0,9.5,1790.0,630.0,13.6,15.0,23.0,4.0,29.0,34.0,38.0,46.0,4810.0,1852.0,1551.0,2757.0,207.0,370.0,9999.0,9999.0,2625.0,51.0,57.0
7.0,2.0,7.0,9.0,4.0,12.0,1895.0,87.0,10.0,5500.0,9999.0,9999.0,9999.0,11.94,9999.0,8.6,12.6,1380.0,540.0,15.9,15.0,24.0,1.0,28.0,33.0,38.0,42.0,4478.0,1739.0,1409.0,2725.0,196.0,180.0,639.0,37.4,3.18,50.0,56.0
7.0,1.0,7.0,9.0,4.0,12.0,1762.0,81.0,10.0,5500.0,850.0,9999.0,9999.0,11.05,9999.0,9999.0,12.6,1312.0,558.0,16.2,15.0,21.0,2.0,28.0,33.0,39.0,42.0,4712.0,1755.0,1420.0,2740.0,189.0,155.0,0.7040000000000001,34.1,3.3280000000000003,50.0,54.0
7.0,1.0,7.0,9.0,4.0,12.0,1762.0,74.0,9.0,6000.0,850.0,9999.0,9999.0,10.91,9999.0,9999.0,15.8,1145.0,485.0,15.5,15.0,21.0,1.0,28.0,33.0,39.0,42.0,4354.0,1698.0,1420.0,2540.0,178.0,153.0,623.0,36.3,2997.0,50.0,54.0
7.0,1.0,7.0,9.0,4.0,12.0,1762.0,74.0,9.0,6000.0,850.0,6500.0,9999.0,10.91,9999.0,9999.0,15.7,1185.0,460.0,16.0,15.0,21.0,1.0,28.0,33.0,39.0,42.0,4344.0,1680.0,1449.0,2580.0,172.0,153.0,0.6829999999999999,37.0,2.9410000000000003,50.0,54.0
7.0,1.0,7.0,9.0,4.0,12.0,1855.0,147.0,9.0,5500.0,750.0,6700.0,6500.0,20.32,9999.0,9999.0,7.3,1320.0,490.0,9.0,15.0,21.0,2.0,29.0,33.0,39.0,42.0,4483.0,1717.0,1413.0,2550.0,235.0,300.0,9999.0,41.9,2763.0,50.0,54.0
7.0,1.0,7.0,9.0,6.0,13.0,2498.0,120.0,10.0,5750.0,9999.0,9999.0,9999.0,11.22,9999.0,9999.0,8.5,1340.0,595.0,11.2,15.0,21.0,4.0,28.0,33.0,38.0,42.0,4680.0,1740.0,1495.0,2635.0,215.0,223.0,9999.0,37.5,3.52,52.0,54.0
7.0,1.0,7.0,9.0,4.0,12.0,1762.0,81.0,10.0,5600.0,600.0,9999.0,9999.0,11.05,9999.0,9999.0,12.4,1270.0,490.0,15.7,15.0,23.0,2.0,28.0,33.0,39.0,42.0,4570.0,1710.0,1500.0,2630.0,180.0,155.0,589.0,38.8,2.96,53.0,54.0
7.0,1.0,7.0,11.0,4.0,12.0,1796.0,85.0,11.0,5400.0,810.0,9999.0,9999.0,11.89,9999.0,9999.0,14.0,1355.0,630.0,15.9,15.0,21.0,2.0,28.0,33.0,38.0,42.0,4317.0,1742.0,1634.0,2694.0,175.0,170.0,0.78,38.3,3.28,52.0,54.0
7.0,1.0,7.0,11.0,4.0,12.0,1840.0,84.0,10.0,6000.0,750.0,9999.0,9999.0,11.0,9999.0,9999.0,11.4,1320.0,440.0,15.7,15.0,21.0,2.0,28.0,33.0,38.0,42.0,4295.0,1705.0,1600.0,2670.0,180.0,161.0,772.0,34.0,3.26,52.0,54.0
7.1,2.0,7.0,9.0,4.0,12.0,1998.0,100.0,10.0,5500.0,750.0,6350.0,6200.0,11.95,4.7,7.1,11.0,1300.0,500.0,13.0,15.0,20.0,2.0,28.0,33.0,38.0,42.0,4567.0,1722.0,1371.0,2690.0,208.0,190.0,597.0,36.4,3175.0,50.0,54.0
7.1,1.0,7.0,9.0,4.0,12.0,1781.0,92.0,10.0,5800.0,800.0,9999.0,9999.0,11.85,9999.0,8.8,13.1,1380.0,580.0,15.0,15.0,22.0,2.0,28.0,33.0,38.0,42.0,4796.0,1810.0,1452.0,2760.0,198.0,168.0,613.0,33.1,3498.0,50.0,54.0
7.1,1.0,7.0,9.0,4.0,12.0,1781.0,110.0,10.0,5700.0,750.0,9999.0,9999.0,14.82,9999.0,7.7,10.7,1450.0,580.0,13.2,15.0,22.0,2.0,29.0,33.0,38.0,42.0,4796.0,1810.0,1452.0,2760.0,213.0,210.0,613.0,45.7,2531.0,50.0,54.0
7.1,2.0,7.0,9.0,4.0,12.0,1895.0,77.0,10.0,5300.0,850.0,6000.0,6000.0,10.94,9999.0,9999.0,13.3,1215.0,460.0,15.8,15.0,24.0,1.0,28.0,33.0,38.0,42.0,4210.0,1698.0,1393.0,2696.0,185.0,165.0,647.0,35.6,3.2,50.0,54.0
7.1,2.0,7.0,9.0,6.0,12.0,2793.0,142.0,10.0,5500.0,720.0,9999.0,6500.0,12.6,9999.0,9999.0,8.1,1430.0,500.0,10.1,15.0,18.0,2.0,28.0,33.0,38.0,42.0,4488.0,1757.0,1369.0,2725.0,237.0,280.0,594.0,50.8,2278.0,50.0,56.0
7.1,2.0,7.0,9.0,6.0,12.0,2793.0,142.0,10.0,5500.0,720.0,9999.0,6500.0,12.6,9999.0,5.9,8.1,1430.0,500.0,10.1,15.0,18.0,2.0,28.0,33.0,38.0,42.0,4471.0,1739.0,1415.0,2725.0,235.0,280.0,597.0,50.8,2278.0,50.0,56.0
7.1,1.0,7.0,9.0,4.0,12.0,1762.0,66.0,10.0,5000.0,850.0,9999.0,9999.0,10.48,9999.0,9999.0,14.4,1170.0,610.0,17.7,15.0,21.0,1.0,28.0,33.0,39.0,42.0,4108.0,1719.0,1802.0,2690.0,160.0,147.0,973.0,39.0,2.8,50.0,54.0
7.1,1.0,7.0,9.0,4.0,12.0,1998.0,120.0,11.0,6500.0,800.0,7300.0,9999.0,12.14,9999.0,9999.0,8.7,1190.0,480.0,9.9,15.0,21.0,2.0,28.0,33.0,39.0,42.0,4167.0,1698.0,1401.0,2540.0,220.0,193.0,617.0,33.1,3295.0,50.0,54.0
7.1,1.0,7.0,9.0,4.0,12.0,1998.0,120.0,10.0,6500.0,800.0,7300.0,9999.0,12.14,9999.0,9999.0,8.8,1215.0,415.0,10.1,15.0,21.0,2.0,28.0,33.0,39.0,42.0,4030.0,1680.0,1354.0,2580.0,218.0,193.0,684.0,33.8,3.2230000000000003,50.0,54.0
7.1,1.0,7.0,9.0,4.0,12.0,1998.0,97.0,11.0,5500.0,800.0,6500.0,9999.0,11.32,9999.0,9999.0,11.1,1270.0,410.0,13.1,15.0,21.0,2.0,28.0,33.0,39.0,42.0,4179.0,1689.0,1358.0,2540.0,196.0,180.0,695.0,33.4,3.3,50.0,54.0
7.1,1.0,7.0,9.0,4.0,12.0,1948.0,100.0,11.0,6000.0,800.0,9999.0,9999.0,11.74,9999.0,9999.0,10.5,1450.0,575.0,14.5,15.0,21.0,2.0,28.0,33.0,39.0,42.0,4768.0,1816.0,1435.0,2765.0,207.0,182.0,654.0,48.4,2.41,50.0,54.0
7.1,1.0,7.0,9.0,4.0,12.0,1948.0,102.0,11.0,6000.0,9999.0,9999.0,9999.0,11.74,9999.0,9999.0,9.8,1310.0,620.0,12.8,15.0,21.0,2.0,28.0,33.0,39.0,42.0,4508.0,1752.0,1442.0,2670.0,210.0,182.0,0.6659999999999999,32.0,3628.0,50.0,54.0
7.1,1.0,7.0,9.0,4.0,12.0,1948.0,103.0,11.0,6000.0,750.0,6800.0,6500.0,11.81,9999.0,9999.0,10.8,1295.0,475.0,12.6,15.0,21.0,2.0,28.0,33.0,39.0,42.0,4483.0,1717.0,1411.0,2550.0,200.0,183.0,9999.0,34.5,3162.0,50.0,54.0
7.1,1.0,7.0,9.0,4.0,12.0,1581.0,76.0,10.0,5750.0,850.0,6700.0,9999.0,11.45,9999.0,9999.0,13.6,1165.0,590.0,15.3,15.0,21.0,2.0,28.0,33.0,39.0,42.0,4390.0,1741.0,1420.0,2540.0,187.0,144.0,9999.0,40.9,2.692,50.0,54.0
7.1,1.0,7.0,9.0,4.0,12.0,1997.0,108.0,10.0,6000.0,9999.0,9999.0,9999.0,11.58,9999.0,9999.0,10.9,1355.0,535.0,12.5,15.0,21.0,1.0,28.0,33.0,39.0,42.0,4595.0,1750.0,1430.0,2670.0,200.0,184.0,9999.0,38.6,2.9160000000000004,52.0,54.0
7.1,1.0,7.0,9.0,4.0,12.0,1850.0,100.0,10.0,6000.0,9999.0,9999.0,9999.0,11.89,9999.0,9999.0,11.6,1410.0,520.0,14.1,15.0,21.0,1.0,28.0,33.0,39.0,42.0,4595.0,1750.0,1430.0,2670.0,198.0,175.0,9999.0,38.6,2.9160000000000004,52.0,54.0
7.1,1.0,7.0,9.0,4.0,12.0,1997.0,108.0,10.0,6000.0,9999.0,9999.0,9999.0,11.58,9999.0,9999.0,10.0,1310.0,540.0,12.1,15.0,21.0,1.0,28.0,33.0,39.0,42.0,4765.0,1785.0,1395.0,2670.0,208.0,184.0,9999.0,33.5,3464.0,52.0,54.0
7.1,1.0,7.0,9.0,4.0,12.0,1840.0,84.0,10.0,6000.0,750.0,9999.0,9999.0,11.0,9999.0,9999.0,12.2,1210.0,435.0,14.4,15.0,21.0,2.0,28.0,33.0,38.0,42.0,4200.0,1705.0,1410.0,2610.0,175.0,161.0,9999.0,40.3,2.71,52.0,54.0
7.1,1.0,7.0,9.0,4.0,12.0,1991.0,100.0,10.0,5800.0,9999.0,9999.0,9999.0,11.23,9999.0,9999.0,12.4,1220.0,510.0,12.2,15.0,21.0,2.0,28.0,33.0,38.0,42.0,4590.0,1710.0,1430.0,2610.0,195.0,178.0,0.6579999999999999,42.1,2676.0,52.0,54.0
7.1,1.0,7.0,9.0,4.0,12.0,1998.0,98.0,10.0,5400.0,9999.0,9999.0,9999.0,11.64,9999.0,9999.0,10.2,1325.0,505.0,13.5,15.0,21.0,2.0,28.0,33.0,39.0,42.0,4671.0,1779.0,1437.0,2670.0,206.0,185.0,9999.0,35.4,3298.0,50.0,54.0
7.1,1.0,7.0,9.0,4.0,12.0,1998.0,98.0,10.0,5400.0,9999.0,9999.0,9999.0,11.64,9999.0,9999.0,10.2,1325.0,505.0,13.5,15.0,21.0,2.0,28.0,33.0,39.0,42.0,4671.0,1779.0,1437.0,2670.0,206.0,185.0,9999.0,35.4,3298.0,50.0,54.0
7.1,1.0,7.0,9.0,4.0,12.0,1975.0,102.0,10.0,6000.0,9999.0,9999.0,9999.0,11.58,9999.0,9999.0,10.8,1202.0,483.0,11.8,15.0,22.0,2.0,28.0,33.0,38.0,42.0,4448.0,1702.0,1393.0,2550.0,187.0,182.0,693.0,39.5,2.7260000000000004,50.0,54.0
7.1,1.0,7.0,9.0,4.0,12.0,2392.0,104.0,10.0,5800.0,9999.0,9999.0,9999.0,10.45,9999.0,9999.0,10.6,1405.0,450.0,13.5,15.0,24.0,2.0,28.0,33.0,39.0,42.0,4742.0,1780.0,1399.0,2718.0,200.0,199.0,9999.0,50.2,2326.0,50.0,54.0
7.1,1.0,7.0,9.0,4.0,12.0,1781.0,110.0,10.0,5700.0,750.0,9999.0,9999.0,14.82,9999.0,7.9,11.0,1505.0,580.0,13.7,15.0,22.0,2.0,29.0,33.0,38.0,42.0,4796.0,1810.0,1479.0,2760.0,211.0,210.0,679.0,45.7,2531.0,50.0,54.0
7.1,1.0,7.0,9.0,6.0,13.0,2771.0,142.0,11.0,6000.0,9999.0,6600.0,9999.0,12.7,9999.0,5.8,8.3,1560.0,580.0,11.0,15.0,22.0,4.0,28.0,33.0,38.0,42.0,4796.0,1810.0,1479.0,2760.0,228.0,280.0,679.0,11.4,1125.0,50.0,54.0
7.1,1.0,7.0,9.0,6.0,13.0,2393.0,121.0,11.0,6000.0,650.0,6800.0,9999.0,12.08,9999.0,9999.0,9999.0,1570.0,550.0,13.0,15.0,22.0,4.0,28.0,33.0,38.0,42.0,4796.0,1810.0,1479.0,2760.0,9999.0,230.0,657.0,10.1,11467.0,50.0,54.0
7.1,2.0,7.0,9.0,6.0,12.0,2793.0,142.0,10.0,5500.0,720.0,9999.0,6500.0,12.6,9999.0,5.2,7.3,1465.0,540.0,10.3,15.0,18.0,2.0,28.0,33.0,38.0,42.0,4478.0,1739.0,1409.0,2725.0,237.0,280.0,659.0,30.1,3.9,50.0,56.0
7.1,1.0,7.0,9.0,4.0,12.0,1988.0,96.0,10.0,5500.0,9999.0,9999.0,9999.0,11.25,9999.0,9999.0,9.6,1197.0,518.0,12.5,15.0,21.0,2.0,28.0,33.0,38.0,42.0,4438.0,1702.0,1484.0,2615.0,201.0,178.0,645.0,36.2,3114.0,50.0,54.0
7.1,1.0,7.0,9.0,4.0,12.0,1998.0,97.0,10.0,5500.0,800.0,9999.0,9999.0,11.32,9999.0,9999.0,13.3,1388.0,522.0,14.3,15.0,21.0,2.0,28.0,33.0,39.0,42.0,4712.0,1755.0,1420.0,2740.0,193.0,180.0,0.7040000000000001,38.9,2.9160000000000004,50.0,54.0
7.1,1.0,7.0,9.0,4.0,12.0,1948.0,103.0,11.0,6000.0,9999.0,9999.0,9999.0,11.81,9999.0,9999.0,10.8,1320.0,470.0,12.8,15.0,21.0,2.0,28.0,33.0,39.0,42.0,4483.0,1717.0,1413.0,2550.0,200.0,183.0,9999.0,34.5,3162.0,50.0,54.0
7.1,1.0,7.0,9.0,5.0,12.0,2319.0,184.0,9.0,5200.0,670.0,9999.0,9999.0,17.88,9999.0,9999.0,7.1,1537.0,573.0,8.4,15.0,21.0,2.0,29.0,33.0,39.0,42.0,4710.0,1804.0,1488.0,2755.0,250.0,330.0,669.0,42.0,2.8,50.0,54.0
7.1,1.0,7.0,9.0,4.0,12.0,1581.0,76.0,10.0,5750.0,850.0,6700.0,9999.0,11.45,9999.0,9999.0,13.6,1225.0,595.0,16.1,15.0,21.0,2.0,28.0,33.0,39.0,42.0,4487.0,1741.0,1500.0,2540.0,187.0,144.0,9999.0,40.9,2.692,50.0,54.0
7.1,1.0,7.0,9.0,4.0,12.0,1975.0,102.0,10.0,6000.0,9999.0,9999.0,9999.0,11.58,9999.0,9999.0,10.8,1247.0,468.0,12.2,15.0,22.0,2.0,28.0,33.0,38.0,42.0,4459.0,1702.0,1457.0,2550.0,188.0,182.0,0.7440000000000001,43.0,2.57,50.0,54.0
7.1,5.0,7.0,10.0,4.0,12.0,1299.0,59.0,10.0,6000.0,750.0,9999.0,9999.0,10.06,9999.0,9999.0,9999.0,1030.0,390.0,17.5,15.0,21.0,1.0,28.0,33.0,38.0,42.0,3625.0,1600.0,1705.0,2250.0,140.0,104.0,9999.0,36.3,3377.0,52.0,54.0
7.2,2.0,7.0,9.0,4.0,12.0,1998.0,100.0,10.0,5500.0,750.0,6350.0,6200.0,11.95,5.1,7.7,11.5,1335.0,465.0,13.4,15.0,20.0,2.0,28.0,33.0,38.0,42.0,4567.0,1722.0,1371.0,2690.0,205.0,190.0,597.0,40.3,2872.0,50.0,54.0
7.2,2.0,7.0,9.0,6.0,13.0,3199.0,160.0,10.0,5700.0,550.0,6000.0,6000.0,12.1,3.5,5.3,7.4,1420.0,500.0,8.9,15.0,20.0,2.0,28.0,33.0,38.0,42.0,4567.0,1722.0,1371.0,2690.0,240.0,308.0,617.0,45.4,2548.0,52.0,54.0
7.2,3.0,7.0,9.0,4.0,12.0,1781.0,154.0,10.0,5800.0,9999.0,9999.0,9999.0,19.05,9999.0,4.8,6.8,1400.0,560.0,9.1,15.0,21.0,2.0,29.0,33.0,38.0,42.0,4159.0,1763.0,1415.0,2519.0,238.0,270.0,639.0,38.3,3.24,50.0,56.0
7.2,3.0,7.0,9.0,4.0,12.0,1781.0,132.0,10.0,6000.0,860.0,6800.0,9999.0,16.58,9999.0,5.4,7.9,1380.0,550.0,10.5,15.0,22.0,2.0,29.0,33.0,38.0,42.0,4479.0,1733.0,1416.0,2607.0,230.0,235.0,0.65,35.5,3259.0,50.0,54.0
7.2,2.0,7.0,9.0,6.0,12.0,2793.0,142.0,10.0,5500.0,700.0,9999.0,6500.0,12.6,9999.0,9999.0,7.5,1500.0,540.0,10.6,15.0,18.0,2.0,28.0,33.0,38.0,42.0,4775.0,1799.0,1439.0,2830.0,240.0,280.0,0.6509999999999999,40.7,2.9,50.0,54.0
7.2,2.0,7.0,9.0,6.0,12.0,1991.0,110.0,11.0,5900.0,720.0,9999.0,6500.0,11.99,9999.0,9999.0,10.9,1400.0,500.0,12.7,15.0,24.0,2.0,28.0,33.0,38.0,42.0,4488.0,1757.0,1369.0,2725.0,218.0,190.0,594.0,45.2,2.6,50.0,56.0
7.2,2.0,7.0,9.0,6.0,12.0,2494.0,125.0,11.0,5500.0,720.0,9999.0,6500.0,12.34,9999.0,9999.0,9.0,1410.0,500.0,11.3,15.0,18.0,2.0,28.0,33.0,38.0,42.0,4488.0,1757.0,1369.0,2725.0,230.0,245.0,594.0,50.8,2278.0,50.0,56.0
7.2,2.0,7.0,9.0,6.0,12.0,1991.0,110.0,11.0,5900.0,720.0,9999.0,6500.0,11.99,9999.0,8.9,10.9,1400.0,500.0,12.7,15.0,24.0,2.0,28.0,33.0,38.0,42.0,4471.0,1739.0,1415.0,2725.0,216.0,190.0,597.0,45.4,2.6,50.0,56.0
7.2,2.0,7.0,9.0,6.0,12.0,2494.0,125.0,11.0,5500.0,720.0,9999.0,6500.0,12.34,9999.0,6.5,9.0,1410.0,500.0,11.3,15.0,18.0,2.0,28.0,33.0,38.0,42.0,4471.0,1739.0,1415.0,2725.0,228.0,245.0,597.0,51.0,2278.0,50.0,56.0
7.2,2.0,7.0,9.0,6.0,12.0,1991.0,110.0,11.0,5900.0,700.0,6500.0,6500.0,11.99,9999.0,9999.0,8.9,1270.0,270.0,11.5,15.0,18.0,2.0,28.0,33.0,38.0,42.0,4050.0,1740.0,1293.0,2446.0,210.0,190.0,769.0,33.5,3.5,50.0,54.0
7.2,2.0,7.0,9.0,6.0,12.0,2494.0,125.0,11.0,5500.0,700.0,9999.0,6500.0,12.34,9999.0,9999.0,8.5,1475.0,510.0,11.8,15.0,18.0,2.0,28.0,33.0,38.0,42.0,4775.0,1799.0,1439.0,2830.0,228.0,245.0,629.0,38.6,3.1,50.0,54.0
7.2,2.0,7.0,9.0,4.0,12.0,2198.0,106.0,11.0,5400.0,9999.0,9999.0,9999.0,11.72,9999.0,9999.0,10.5,1605.0,475.0,15.1,15.0,21.0,2.0,28.0,33.0,39.0,42.0,4898.0,1776.0,1455.0,2730.0,210.0,205.0,685.0,35.0,3315.0,50.0,54.0
7.2,1.0,7.0,9.0,5.0,13.0,2324.0,110.0,10.0,6000.0,700.0,6600.0,9999.0,11.08,9999.0,6.4,9.1,1302.0,523.0,11.8,15.0,18.0,2.0,28.0,33.0,38.0,42.0,4376.0,1735.0,1446.0,2513.0,216.0,205.0,633.0,35.0,3.3,50.0,56.0
7.2,1.0,7.0,9.0,5.0,13.0,2324.0,110.0,10.0,6000.0,700.0,6600.0,9999.0,11.08,9999.0,7.7,10.7,1394.0,556.0,12.7,15.0,18.0,2.0,28.0,33.0,38.0,42.0,4675.0,1740.0,1459.0,2703.0,217.0,205.0,581.0,50.6,2294.0,50.0,56.0
7.2,1.0,7.0,9.0,4.0,12.0,1998.0,108.0,10.0,6000.0,850.0,9999.0,9999.0,11.64,9999.0,9999.0,8.6,1095.0,480.0,10.1,15.0,21.0,2.0,28.0,33.0,39.0,42.0,3931.0,1698.0,1365.0,2463.0,215.0,185.0,608.0,33.0,3339.0,52.0,54.0
7.2,1.0,7.0,9.0,4.0,12.0,1985.0,110.0,9.0,5500.0,825.0,9999.0,9999.0,15.19,9999.0,9999.0,9.8,1515.0,540.0,13.8,15.0,18.0,2.0,29.0,33.0,38.0,42.0,4805.0,1792.0,1449.0,2703.0,215.0,240.0,9999.0,44.3,2673.0,50.0,54.0
7.2,1.0,7.0,9.0,4.0,12.0,1985.0,136.0,9.0,5500.0,900.0,6190.0,9999.0,16.65,9999.0,9999.0,8.0,1315.0,495.0,9.7,15.0,18.0,2.0,29.0,33.0,39.0,42.0,4629.0,1711.0,1423.0,2604.0,230.0,263.0,9999.0,42.2,2673.0,50.0,54.0
7.2,1.0,7.0,9.0,4.0,12.0,2290.0,165.0,9.0,5500.0,9999.0,9999.0,9999.0,18.77,9999.0,9999.0,7.1,1320.0,490.0,8.0,15.0,18.0,2.0,29.0,33.0,39.0,42.0,4629.0,1711.0,1423.0,2604.0,245.0,342.0,9999.0,42.9,2673.0,50.0,54.0
7.2,1.0,7.0,9.0,4.0,12.0,2290.0,165.0,9.0,5500.0,9999.0,9999.0,9999.0,18.77,9999.0,9999.0,6.8,1320.0,490.0,8.0,15.0,18.0,2.0,29.0,33.0,39.0,42.0,4629.0,1711.0,1428.0,2605.0,250.0,342.0,9999.0,42.9,2673.0,50.0,54.0
7.2,1.0,7.0,9.0,5.0,12.0,2435.0,103.0,10.0,5700.0,9999.0,9999.0,9999.0,11.35,9999.0,9999.0,11.4,1507.0,533.0,14.6,15.0,21.0,2.0,28.0,33.0,38.0,42.0,4822.0,1832.0,1434.0,2791.0,200.0,220.0,9999.0,46.8,2.5,50.0,54.0
7.2,1.0,7.0,9.0,6.0,12.0,2922.0,147.0,11.0,6000.0,650.0,9999.0,9999.0,12.04,9999.0,9999.0,8.2,1554.0,506.0,10.6,15.0,21.0,2.0,28.0,33.0,38.0,42.0,4822.0,1832.0,1434.0,2791.0,235.0,280.0,9999.0,39.5,2975.0,50.0,54.0
7.2,1.0,7.0,9.0,5.0,12.0,1998.0,113.0,11.0,6500.0,750.0,7000.0,9999.0,11.7,9999.0,9999.0,8.0,1190.0,500.0,10.5,15.0,21.0,2.0,28.0,33.0,39.0,42.0,4031.0,1755.0,1420.0,2540.0,213.0,186.0,9999.0,32.3,3.4,50.0,54.0
7.2,3.0,7.0,9.0,4.0,14.0,1994.0,92.0,10.0,5600.0,700.0,9999.0,9999.0,11.6,9999.0,9999.0,9.4,1180.0,500.0,12.8,15.0,21.0,2.0,28.0,33.0,38.0,42.0,4350.0,1690.0,1415.0,2520.0,191.0,184.0,0.6629999999999999,35.0,3218.0,50.0,54.0
7.2,3.0,7.0,9.0,4.0,14.0,1994.0,92.0,10.0,5600.0,700.0,9999.0,9999.0,11.6,9999.0,9999.0,9.7,1225.0,495.0,13.3,15.0,21.0,2.0,28.0,33.0,38.0,42.0,4350.0,1690.0,1420.0,2520.0,187.0,184.0,0.7040000000000001,35.0,3218.0,50.0,54.0
7.2,3.0,7.0,9.0,4.0,14.0,1994.0,92.0,10.0,5600.0,700.0,9999.0,9999.0,11.6,9999.0,9999.0,9.7,1215.0,505.0,13.2,15.0,21.0,2.0,28.0,33.0,38.0,42.0,4350.0,1690.0,1420.0,2520.0,187.0,184.0,0.7040000000000001,33.2,3.393,50.0,54.0
7.2,3.0,7.0,9.0,4.0,14.0,1994.0,92.0,10.0,5600.0,700.0,9999.0,9999.0,11.6,9999.0,9999.0,10.7,1375.0,460.0,14.9,15.0,21.0,2.0,28.0,33.0,38.0,42.0,4605.0,1695.0,1415.0,2650.0,194.0,184.0,9999.0,34.8,3237.0,50.0,54.0
7.2,1.0,7.0,9.0,4.0,12.0,1793.0,81.0,10.0,5750.0,9999.0,9999.0,9999.0,10.65,9999.0,9999.0,12.5,1141.0,489.0,14.1,15.0,21.0,2.0,28.0,33.0,39.0,42.0,4475.0,1711.0,1415.0,2560.0,188.0,152.0,9999.0,40.6,2.6830000000000003,50.0,54.0
7.2,2.0,7.0,9.0,4.0,12.0,1799.0,90.0,10.0,5500.0,750.0,6350.0,6200.0,11.87,5.3,8.0,12.5,1340.0,580.0,14.9,15.0,20.0,2.0,28.0,33.0,38.0,42.0,4516.0,1723.0,1458.0,2690.0,190.0,170.0,0.68,36.7,3167.0,50.0,54.0
7.2,2.0,7.0,9.0,4.0,12.0,1998.0,100.0,10.0,5500.0,750.0,6350.0,6200.0,11.95,4.9,7.3,11.3,1350.0,580.0,13.5,15.0,20.0,2.0,28.0,33.0,38.0,42.0,4516.0,1723.0,1458.0,2690.0,200.0,190.0,0.68,36.6,3175.0,50.0,54.0
7.2,3.0,7.0,9.0,4.0,12.0,1781.0,132.0,10.0,6000.0,860.0,6800.0,9999.0,16.58,9999.0,9999.0,8.0,1415.0,550.0,10.7,15.0,22.0,2.0,29.0,33.0,38.0,42.0,4479.0,1733.0,1416.0,2607.0,227.0,235.0,0.6729999999999999,35.5,3259.0,50.0,54.0
7.2,1.0,7.0,9.0,4.0,12.0,1781.0,92.0,10.0,5800.0,800.0,9999.0,9999.0,11.85,9999.0,9.0,13.5,1435.0,580.0,15.6,15.0,22.0,2.0,28.0,33.0,38.0,42.0,4796.0,1810.0,1479.0,2760.0,195.0,168.0,657.0,33.1,3498.0,50.0,54.0
7.2,2.0,7.0,9.0,6.0,12.0,1991.0,110.0,11.0,5900.0,700.0,9999.0,6500.0,11.99,9999.0,9999.0,10.6,1570.0,625.0,14.3,15.0,18.0,2.0,28.0,33.0,38.0,42.0,4808.0,1799.0,1445.0,2827.0,212.0,190.0,0.6509999999999999,32.5,3.6,50.0,54.0
7.2,2.0,8.0,9.0,6.0,12.0,2497.0,96.0,23.0,4500.0,750.0,9999.0,9999.0,12.58,9999.0,9999.0,13.5,1733.0,557.0,18.1,15.0,24.0,1.0,29.0,33.0,39.0,44.0,4898.0,1776.0,1505.0,2730.0,190.0,250.0,726.0,47.4,2494.0,51.0,57.0
7.2,1.0,7.0,9.0,4.0,12.0,1781.0,92.0,10.0,5800.0,860.0,7100.0,9999.0,11.85,9999.0,8.7,12.7,1340.0,550.0,14.6,15.0,22.0,2.0,28.0,33.0,38.0,42.0,4669.0,1740.0,1496.0,2703.0,195.0,168.0,667.0,33.2,3498.0,50.0,54.0
7.2,3.0,7.0,9.0,4.0,12.0,1781.0,92.0,10.0,5800.0,860.0,7100.0,9999.0,11.85,9999.0,7.5,11.5,1422.0,558.0,15.5,15.0,22.0,2.0,28.0,33.0,38.0,42.0,4669.0,1740.0,1498.0,2702.0,196.0,168.0,667.0,32.3,3.599,50.0,54.0
7.2,1.0,7.0,9.0,4.0,12.0,1998.0,97.0,10.0,5500.0,800.0,9999.0,9999.0,11.32,9999.0,9999.0,11.4,1368.0,572.0,14.1,15.0,21.0,2.0,28.0,33.0,39.0,42.0,4712.0,1755.0,1420.0,2740.0,198.0,180.0,0.7040000000000001,34.1,3.3280000000000003,50.0,54.0
7.2,1.0,7.0,9.0,4.0,12.0,1985.0,110.0,9.0,5500.0,825.0,9999.0,9999.0,15.19,9999.0,9999.0,9.8,1510.0,620.0,13.7,15.0,18.0,2.0,29.0,33.0,38.0,42.0,4805.0,1792.0,1497.0,2703.0,215.0,240.0,9999.0,44.3,2673.0,50.0,54.0
7.2,1.0,7.0,9.0,5.0,12.0,2435.0,147.0,9.0,6000.0,670.0,9999.0,9999.0,14.71,9999.0,9999.0,7.9,1529.0,581.0,10.4,15.0,21.0,2.0,29.0,33.0,39.0,42.0,4710.0,1804.0,1488.0,2755.0,225.0,285.0,669.0,41.3,2.8,50.0,54.0
7.2,1.0,7.0,9.0,4.0,12.0,1396.0,66.0,9.0,6400.0,9999.0,9999.0,9999.0,10.8,9999.0,9999.0,15.1,1135.0,475.0,17.2,15.0,21.0,1.0,28.0,33.0,39.0,42.0,4425.0,1695.0,1440.0,2620.0,172.0,120.0,9999.0,31.5,3364.0,50.0,54.0
7.2,1.0,7.0,9.0,4.0,12.0,1991.0,100.0,10.0,5800.0,9999.0,9999.0,9999.0,11.23,9999.0,9999.0,12.5,1315.0,560.0,13.2,15.0,21.0,2.0,28.0,33.0,38.0,42.0,4675.0,1710.0,1515.0,2670.0,189.0,178.0,772.0,42.1,2676.0,52.0,54.0
7.2,1.0,7.0,9.0,4.0,12.0,1998.0,94.0,10.0,5400.0,700.0,9999.0,9999.0,11.2,9999.0,9999.0,10.8,1305.0,495.0,13.9,15.0,21.0,2.0,28.0,33.0,39.0,42.0,4570.0,1710.0,1500.0,2630.0,195.0,178.0,589.0,39.8,2835.0,50.0,54.0
7.2,1.0,7.0,9.0,4.0,12.0,1997.0,100.0,10.0,5800.0,9999.0,9999.0,9999.0,11.52,9999.0,9999.0,13.1,1737.0,663.0,17.4,15.0,21.0,2.0,28.0,33.0,38.0,42.0,4695.0,1840.0,1760.0,2830.0,179.0,183.0,0.952,36.9,3.276,50.0,56.0
7.2,1.0,8.0,11.0,4.0,12.0,1896.0,50.0,23.0,3700.0,850.0,4800.0,9999.0,9.28,9999.0,16.8,28.5,1705.0,895.0,34.1,15.0,21.0,1.0,29.0,35.0,40.0,44.0,4789.0,1840.0,1940.0,2920.0,132.0,140.0,1094.0,34.0,3486.0,51.0,57.0
7.2,1.0,8.0,11.0,4.0,12.0,1896.0,50.0,23.0,3700.0,850.0,4800.0,9999.0,9.28,9999.0,16.8,28.5,1745.0,855.0,34.9,15.0,21.0,1.0,29.0,35.0,40.0,44.0,5189.0,1840.0,1940.0,3320.0,132.0,140.0,1094.0,34.0,3486.0,51.0,57.0
7.2,1.0,7.0,11.0,4.0,12.0,1581.0,76.0,11.0,5750.0,850.0,9999.0,9999.0,11.45,9999.0,9999.0,12.6,1300.0,570.0,17.1,15.0,21.0,2.0,28.0,33.0,39.0,42.0,3994.0,1871.0,1695.0,2666.0,170.0,144.0,0.7390000000000001,30.5,3721.0,50.0,54.0
7.2,1.0,7.0,10.0,4.0,12.0,1590.0,77.0,10.0,6200.0,750.0,9999.0,9999.0,10.67,9999.0,9999.0,11.2,1180.0,350.0,15.3,15.0,21.0,1.0,28.0,33.0,39.0,42.0,4010.0,1695.0,1575.0,2350.0,165.0,135.0,9999.0,30.2,3969.0,50.0,54.0
7.2,1.0,7.0,10.0,4.0,12.0,1590.0,77.0,10.0,6200.0,750.0,9999.0,9999.0,10.67,9999.0,9999.0,11.7,1257.0,383.0,16.3,15.0,21.0,1.0,28.0,33.0,39.0,42.0,4110.0,1695.0,1580.0,2450.0,165.0,135.0,9999.0,30.2,3969.0,50.0,54.0
7.2,5.0,7.0,10.0,4.0,12.0,1299.0,59.0,10.0,6000.0,750.0,9999.0,9999.0,10.06,9999.0,9999.0,9999.0,1050.0,370.0,17.8,15.0,21.0,1.0,28.0,33.0,38.0,42.0,3625.0,1600.0,1705.0,2250.0,135.0,104.0,9999.0,40.6,3.18,52.0,54.0
7.2,1.0,8.0,11.0,4.0,12.0,2903.0,93.0,19.0,3600.0,9999.0,9999.0,9999.0,14.63,9999.0,9999.0,19.0,1880.0,665.0,20.2,15.0,21.0,2.0,29.0,34.0,39.0,43.0,4890.0,1900.0,1730.0,2905.0,167.0,338.0,9999.0,48.2,2.58,51.0,0.0
7.2,1.0,8.0,11.0,4.0,12.0,2500.0,85.0,21.0,4000.0,875.0,9999.0,9999.0,13.57,9999.0,9999.0,13.8,1810.0,695.0,21.3,16.0,25.0,1.0,29.0,37.0,39.0,44.0,4733.0,1950.0,1802.0,2878.0,175.0,270.0,9999.0,43.9,2755.0,51.0,59.0
7.2,1.0,8.0,11.0,4.0,12.0,2500.0,85.0,21.0,4000.0,875.0,9999.0,9999.0,13.57,9999.0,9999.0,13.8,1870.0,645.0,22.0,16.0,25.0,1.0,29.0,37.0,39.0,44.0,5070.0,1950.0,1802.0,3030.0,175.0,270.0,9999.0,43.9,2755.0,51.0,59.0
7.3,2.0,7.0,9.0,4.0,12.0,2295.0,142.0,9.0,5300.0,750.0,6350.0,5800.0,15.33,4.1,5.9,8.4,1350.0,500.0,9.5,15.0,20.0,2.0,30.0,33.0,38.0,42.0,4567.0,1722.0,1371.0,2690.0,234.0,280.0,617.0,41.8,2.768,50.0,54.0
7.3,2.0,7.0,9.0,4.0,12.0,2295.0,145.0,9.0,5500.0,750.0,6350.0,6200.0,15.33,3.5,4.9,7.2,1310.0,335.0,9.0,15.0,20.0,2.0,30.0,33.0,38.0,42.0,4010.0,1712.0,1279.0,2400.0,240.0,280.0,632.0,42.2,2.7,50.0,54.0
7.3,3.0,7.0,9.0,4.0,12.0,1781.0,165.0,9.0,5900.0,860.0,6800.0,9999.0,19.76,9999.0,4.3,6.4,1395.0,385.0,8.5,15.0,21.0,2.0,29.0,33.0,38.0,42.0,4041.0,1764.0,1345.0,2429.0,243.0,280.0,677.0,38.3,3.24,50.0,56.0
7.3,3.0,8.0,9.0,8.0,13.0,3328.0,165.0,19.0,4000.0,9999.0,9999.0,9999.0,18.12,9999.0,5.9,8.2,1860.0,600.0,11.3,15.0,23.0,4.0,31.0,34.0,38.0,43.0,5034.0,1880.0,1438.0,2880.0,242.0,480.0,653.0,56.4,2193.0,51.0,57.0
7.3,3.0,7.0,9.0,4.0,12.0,1781.0,110.0,10.0,5700.0,800.0,6800.0,9999.0,14.82,9999.0,5.8,8.6,1375.0,550.0,12.5,15.0,22.0,2.0,29.0,33.0,38.0,42.0,4479.0,1733.0,1416.0,2607.0,219.0,210.0,0.65,35.6,3259.0,50.0,54.0
7.3,1.0,7.0,9.0,6.0,13.0,2498.0,125.0,11.0,5800.0,720.0,9999.0,9999.0,11.57,9999.0,9999.0,8.5,1356.0,569.0,10.8,15.0,21.0,4.0,28.0,33.0,38.0,42.0,4495.0,1707.0,1425.0,2637.0,230.0,230.0,557.0,37.3,3.1,52.0,56.0
7.3,3.0,7.0,9.0,4.0,12.0,1781.0,132.0,10.0,5500.0,860.0,6800.0,9999.0,16.58,9999.0,9999.0,9999.0,1387.0,525.0,10.5,15.0,21.0,2.0,29.0,33.0,38.0,42.0,4183.0,1742.0,1439.0,2511.0,224.0,235.0,9999.0,38.3,3.0,52.0,58.0
7.3,1.0,7.0,9.0,5.0,13.0,2324.0,110.0,10.0,6000.0,700.0,9999.0,9999.0,11.08,9999.0,9999.0,9.2,1303.0,502.0,11.8,15.0,18.0,2.0,28.0,33.0,38.0,42.0,4439.0,1742.0,1436.0,2513.0,216.0,205.0,654.0,35.1,3.31,50.0,56.0
7.3,1.0,7.0,9.0,4.0,12.0,1998.0,108.0,10.0,6000.0,850.0,9999.0,9999.0,11.64,9999.0,9999.0,8.7,1185.0,470.0,11.0,15.0,21.0,2.0,28.0,33.0,39.0,42.0,4028.0,1698.0,1368.0,2463.0,215.0,185.0,563.0,33.0,3333.0,52.0,54.0
7.3,1.0,7.0,9.0,4.0,12.0,1998.0,108.0,10.0,6000.0,850.0,9999.0,9999.0,11.64,9999.0,9999.0,8.7,1185.0,470.0,11.0,15.0,21.0,2.0,28.0,33.0,39.0,42.0,4028.0,1698.0,1368.0,2463.0,215.0,185.0,563.0,33.0,3333.0,52.0,54.0
7.3,1.0,7.0,9.0,4.0,12.0,2290.0,125.0,9.0,5500.0,825.0,9999.0,9999.0,15.37,9999.0,9999.0,8.7,1520.0,535.0,12.2,15.0,18.0,2.0,29.0,33.0,38.0,42.0,4805.0,1792.0,1449.0,2703.0,225.0,280.0,9999.0,44.3,2673.0,50.0,54.0
7.3,1.0,7.0,9.0,4.0,12.0,1985.0,147.0,9.0,5500.0,900.0,9999.0,9999.0,17.92,9999.0,9999.0,7.3,1325.0,485.0,9.0,15.0,18.0,2.0,28.0,33.0,39.0,42.0,4629.0,1711.0,1423.0,2604.0,235.0,283.0,9999.0,9999.0,9999.0,50.0,54.0
7.3,1.0,7.0,9.0,4.0,12.0,1985.0,147.0,9.0,5500.0,900.0,9999.0,9999.0,17.92,9999.0,9999.0,11.0,1325.0,485.0,9.0,15.0,18.0,2.0,28.0,33.0,39.0,42.0,4629.0,1711.0,1428.0,2605.0,235.0,283.0,9999.0,42.2,2673.0,50.0,54.0
7.3,1.0,7.0,9.0,4.0,12.0,1985.0,147.0,9.0,5500.0,900.0,9999.0,9999.0,17.92,9999.0,9999.0,7.3,1325.0,485.0,9.0,15.0,18.0,2.0,29.0,33.0,39.0,42.0,4629.0,1711.0,1428.0,2605.0,235.0,283.0,9999.0,42.2,2673.0,50.0,54.0
7.3,1.0,7.0,9.0,4.0,12.0,1969.0,114.0,10.0,6400.0,850.0,9999.0,9999.0,11.93,9999.0,9999.0,9.6,1420.0,510.0,12.5,15.0,21.0,2.0,28.0,33.0,38.0,42.0,4723.0,1810.0,1415.0,2702.0,213.0,187.0,9999.0,32.1,3.599,52.0,54.0
7.3,1.0,7.0,9.0,5.0,12.0,1998.0,113.0,10.0,6700.0,750.0,7000.0,9999.0,11.7,9999.0,9999.0,8.9,1270.0,410.0,11.2,15.0,21.0,2.0,28.0,33.0,39.0,42.0,4250.0,1768.0,1340.0,2540.0,212.0,186.0,9999.0,32.8,3.274,50.0,54.0
7.3,1.0,7.0,9.0,5.0,12.0,1998.0,113.0,11.0,6500.0,750.0,7000.0,9999.0,11.7,9999.0,9999.0,8.6,1255.0,575.0,11.1,15.0,21.0,2.0,28.0,33.0,39.0,42.0,4390.0,1741.0,1420.0,2540.0,210.0,186.0,9999.0,31.8,3431.0,50.0,54.0
7.3,1.0,7.0,9.0,5.0,12.0,1998.0,113.0,11.0,6500.0,750.0,7000.0,9999.0,11.7,9999.0,9999.0,9.6,1350.0,520.0,11.9,15.0,21.0,2.0,28.0,33.0,39.0,42.0,4466.0,1743.0,1462.0,2593.0,210.0,186.0,9999.0,32.9,3531.0,50.0,54.0
7.3,1.0,7.0,9.0,4.0,12.0,1997.0,98.0,10.0,5300.0,770.0,9999.0,9999.0,11.26,9999.0,9999.0,9.2,1215.0,465.0,12.4,15.0,21.0,1.0,28.0,33.0,39.0,42.0,4545.0,1750.0,1315.0,2585.0,201.0,179.0,9999.0,33.6,3.357,52.0,54.0
7.3,1.0,7.0,9.0,4.0,12.0,1997.0,104.0,10.0,6000.0,750.0,9999.0,9999.0,11.26,9999.0,9999.0,9.5,1320.0,430.0,12.7,15.0,21.0,2.0,28.0,33.0,38.0,42.0,4385.0,1745.0,1295.0,2510.0,217.0,179.0,9999.0,33.8,3388.0,50.0,54.0
7.3,1.0,7.0,9.0,6.0,13.0,1995.0,103.0,10.0,6400.0,9999.0,9999.0,9999.0,11.28,9999.0,9999.0,11.3,1415.0,600.0,13.7,15.0,20.0,4.0,28.0,33.0,38.0,42.0,4920.0,1780.0,1435.0,2750.0,203.0,179.0,9999.0,33.3,3554.0,52.0,56.0
7.3,3.0,7.0,9.0,4.0,14.0,1994.0,92.0,10.0,5600.0,700.0,9999.0,9999.0,11.6,9999.0,9999.0,10.7,1230.0,450.0,13.4,15.0,21.0,2.0,28.0,33.0,38.0,42.0,4350.0,1690.0,1415.0,2520.0,181.0,184.0,0.6629999999999999,39.5,2852.0,50.0,54.0
7.3,3.0,7.0,9.0,4.0,14.0,1994.0,92.0,10.0,5600.0,700.0,9999.0,9999.0,11.6,9999.0,9999.0,11.0,1275.0,445.0,13.9,15.0,21.0,2.0,28.0,33.0,38.0,42.0,4350.0,1690.0,1420.0,2520.0,175.0,184.0,0.7040000000000001,39.5,2852.0,50.0,54.0
7.3,3.0,7.0,9.0,4.0,14.0,2457.0,115.0,10.0,5600.0,700.0,9999.0,9999.0,11.41,9999.0,9999.0,9.0,1395.0,480.0,12.1,15.0,23.0,4.0,28.0,33.0,38.0,42.0,4605.0,1695.0,1415.0,2650.0,208.0,223.0,9999.0,36.5,3.71,50.0,54.0
7.3,1.0,7.0,9.0,4.0,12.0,1590.0,71.0,10.0,6000.0,750.0,9999.0,9999.0,10.59,9999.0,9999.0,14.0,990.0,510.0,13.9,15.0,21.0,1.0,28.0,33.0,38.0,42.0,4225.0,1690.0,1390.0,2480.0,165.0,134.0,9999.0,37.3,2.8280000000000003,50.0,54.0
7.3,1.0,7.0,9.0,4.0,12.0,1997.0,100.0,10.0,5800.0,9999.0,9999.0,9999.0,11.33,9999.0,9999.0,10.5,1338.0,572.0,13.4,15.0,21.0,2.0,28.0,33.0,38.0,42.0,4710.0,1818.0,1410.0,2700.0,194.0,180.0,9999.0,39.8,2878.0,50.0,56.0
7.3,1.0,7.0,9.0,4.0,12.0,1975.0,102.0,10.0,6000.0,800.0,9999.0,9999.0,11.58,9999.0,9999.0,9.2,1175.0,425.0,11.5,15.0,22.0,2.0,28.0,33.0,38.0,42.0,4345.0,1730.0,1303.0,2475.0,200.0,182.0,677.0,33.4,3216.0,50.0,54.0
7.3,1.0,7.0,9.0,4.0,12.0,1793.0,82.0,10.0,5800.0,9999.0,9999.0,9999.0,10.65,9999.0,9999.0,12.3,1149.0,441.0,14.0,15.0,21.0,2.0,28.0,0.0,39.0,42.0,4253.0,1692.0,1390.0,2500.0,185.0,152.0,9999.0,39.3,2.6830000000000003,50.0,54.0
7.3,2.0,7.0,9.0,4.0,12.0,1799.0,90.0,10.0,5500.0,750.0,6350.0,6200.0,11.87,5.7,8.8,13.3,1375.0,545.0,15.3,15.0,20.0,2.0,28.0,33.0,38.0,42.0,4516.0,1723.0,1458.0,2690.0,187.0,170.0,0.68,38.4,3.21,50.0,54.0
7.3,2.0,7.0,9.0,4.0,12.0,1998.0,100.0,10.0,5500.0,750.0,6350.0,6200.0,11.95,5.2,7.9,12.1,1385.0,545.0,13.9,15.0,20.0,2.0,28.0,33.0,38.0,42.0,4516.0,1723.0,1458.0,2690.0,197.0,190.0,0.68,40.4,2872.0,50.0,54.0
7.3,2.0,7.0,9.0,4.0,12.0,1998.0,100.0,10.0,5500.0,750.0,6350.0,6200.0,11.95,5.0,8.1,11.0,1540.0,650.0,15.4,15.0,20.0,2.0,28.0,33.0,38.0,42.0,4839.0,1799.0,1505.0,2833.0,198.0,190.0,0.71,40.8,2.9,50.0,54.0
7.3,3.0,7.0,9.0,4.0,12.0,1781.0,110.0,10.0,5700.0,800.0,6800.0,9999.0,14.82,9999.0,5.9,8.7,1410.0,550.0,12.8,15.0,22.0,2.0,29.0,33.0,38.0,42.0,4479.0,1733.0,1416.0,2607.0,215.0,210.0,653.0,35.6,3259.0,50.0,54.0
7.3,1.0,7.0,9.0,6.0,13.0,2771.0,142.0,11.0,6000.0,9999.0,6600.0,9999.0,12.7,9999.0,6.1,8.4,1515.0,580.0,10.7,15.0,22.0,4.0,28.0,33.0,38.0,42.0,4796.0,1810.0,1479.0,2760.0,234.0,280.0,679.0,39.6,2.919,50.0,54.0
7.3,1.0,7.0,9.0,6.0,13.0,2495.0,125.0,10.0,6250.0,725.0,9999.0,9999.0,11.08,9999.0,9999.0,10.3,1414.0,596.0,11.3,15.0,24.0,4.0,28.0,33.0,38.0,42.0,4671.0,1751.0,1480.0,2704.0,200.0,220.0,0.6970000000000001,43.0,2.61,52.0,54.0
7.3,1.0,7.0,9.0,4.0,12.0,1998.0,100.0,11.0,5600.0,850.0,9999.0,9999.0,11.82,9999.0,9999.0,11.0,1250.0,550.0,12.5,15.0,21.0,2.0,28.0,33.0,39.0,42.0,4288.0,1709.0,1465.0,2611.0,195.0,188.0,645.0,41.3,2.8,50.0,54.0
7.3,1.0,7.0,9.0,5.0,13.0,2324.0,110.0,10.0,6000.0,700.0,6600.0,9999.0,11.08,9999.0,6.6,9.4,1361.0,494.0,12.4,15.0,18.0,2.0,28.0,33.0,38.0,42.0,4409.0,1735.0,1485.0,2515.0,216.0,205.0,0.6779999999999999,35.0,3.3,50.0,56.0
7.3,1.0,7.0,9.0,4.0,12.0,1948.0,102.0,11.0,6000.0,9999.0,9999.0,9999.0,11.74,9999.0,9999.0,9.9,1360.0,750.0,13.3,15.0,21.0,2.0,28.0,33.0,39.0,42.0,4620.0,1748.0,1448.0,2670.0,200.0,182.0,693.0,32.0,3628.0,50.0,54.0
7.3,1.0,7.0,9.0,4.0,12.0,2290.0,125.0,9.0,5500.0,825.0,9999.0,9999.0,15.37,9999.0,9999.0,8.7,1510.0,620.0,12.1,15.0,18.0,2.0,29.0,33.0,38.0,42.0,4805.0,1792.0,1497.0,2703.0,225.0,280.0,9999.0,44.3,2673.0,50.0,54.0
7.3,1.0,7.0,9.0,5.0,12.0,1998.0,113.0,11.0,6500.0,750.0,7000.0,9999.0,11.7,9999.0,9999.0,8.6,1315.0,580.0,11.6,15.0,21.0,2.0,28.0,33.0,39.0,42.0,4487.0,1741.0,1500.0,2540.0,210.0,186.0,9999.0,31.8,3431.0,50.0,54.0
7.3,1.0,7.0,9.0,5.0,12.0,1998.0,113.0,11.0,6500.0,750.0,7000.0,9999.0,11.7,9999.0,9999.0,9.9,1390.0,525.0,12.3,15.0,21.0,2.0,28.0,33.0,39.0,42.0,4466.0,1743.0,1470.0,2593.0,210.0,186.0,9999.0,32.9,3531.0,50.0,54.0
7.3,1.0,7.0,9.0,4.0,12.0,1590.0,71.0,10.0,6000.0,750.0,9999.0,9999.0,10.59,9999.0,9999.0,9999.0,1035.0,525.0,14.6,15.0,21.0,1.0,28.0,33.0,38.0,42.0,4375.0,1690.0,1460.0,2480.0,165.0,134.0,9999.0,37.3,2.8280000000000003,50.0,54.0
7.3,1.0,7.0,11.0,4.0,12.0,1998.0,103.0,10.0,5400.0,9999.0,9999.0,9999.0,11.82,9999.0,9999.0,11.6,1530.0,770.0,14.9,15.0,21.0,2.0,28.0,33.0,39.0,42.0,4787.0,1810.0,1690.0,2874.0,187.0,188.0,9999.0,36.6,3233.0,50.0,54.0
7.3,3.0,7.0,10.0,4.0,12.0,1296.0,61.0,10.0,6100.0,850.0,9999.0,9999.0,10.18,9999.0,9999.0,16.1,1060.0,490.0,17.4,15.0,21.0,1.0,28.0,33.0,39.0,42.0,3845.0,1555.0,1695.0,2420.0,145.0,105.0,9999.0,26.2,4.7,50.0,54.0
7.3,3.0,7.0,10.0,4.0,12.0,1296.0,61.0,10.0,6100.0,850.0,9999.0,9999.0,10.18,9999.0,9999.0,16.1,1060.0,490.0,17.4,15.0,21.0,1.0,28.0,33.0,39.0,42.0,3845.0,1555.0,1715.0,2420.0,145.0,105.0,9999.0,26.2,4.7,50.0,54.0
7.3,2.0,7.0,10.0,4.0,12.0,1299.0,59.0,10.0,6000.0,750.0,9999.0,9999.0,10.06,9999.0,9999.0,9999.0,985.0,380.0,16.7,15.0,21.0,1.0,28.0,33.0,38.0,42.0,3610.0,1600.0,1665.0,2250.0,140.0,104.0,9999.0,9999.0,3377.0,52.0,54.0
7.3,5.0,8.0,10.0,4.0,12.0,2500.0,85.0,21.0,3900.0,750.0,9999.0,9999.0,15.08,9999.0,9999.0,9999.0,1602.0,628.0,18.8,16.0,25.0,1.0,29.0,35.0,38.0,44.0,4251.0,1790.0,1700.0,2576.0,165.0,300.0,9999.0,41.4,3174.0,51.0,57.0
7.4,2.0,7.0,9.0,4.0,12.0,2295.0,142.0,9.0,5300.0,750.0,6350.0,5800.0,15.33,3.7,5.8,8.4,1375.0,475.0,9.7,15.0,20.0,2.0,30.0,33.0,38.0,42.0,4567.0,1722.0,1371.0,2690.0,231.0,280.0,617.0,42.6,2714.0,50.0,54.0
7.4,1.0,7.0,9.0,4.0,12.0,1781.0,92.0,10.0,5800.0,9999.0,9999.0,9999.0,12.21,9999.0,9.3,13.9,1390.0,400.0,15.1,15.0,22.0,2.0,28.0,33.0,38.0,42.0,4366.0,1716.0,1381.0,2554.0,192.0,173.0,0.7020000000000001,33.1,3.53,50.0,54.0
7.4,3.0,7.0,9.0,4.0,12.0,1781.0,132.0,10.0,5500.0,860.0,6800.0,9999.0,16.58,9999.0,5.1,7.4,1340.0,385.0,10.2,15.0,22.0,2.0,29.0,33.0,38.0,42.0,4041.0,1764.0,1345.0,2429.0,226.0,235.0,677.0,35.5,3259.0,50.0,54.0
7.4,1.0,7.0,9.0,6.0,13.0,2771.0,142.0,11.0,6000.0,750.0,6500.0,9999.0,12.7,9999.0,6.1,8.4,1540.0,600.0,10.8,15.0,22.0,4.0,28.0,33.0,38.0,42.0,5041.0,1880.0,1440.0,2882.0,236.0,280.0,675.0,40.3,3.68,50.0,54.0
7.4,3.0,7.0,9.0,4.0,12.0,1781.0,110.0,10.0,5700.0,750.0,6800.0,9999.0,14.82,9999.0,6.5,9.6,1510.0,580.0,13.7,15.0,22.0,2.0,29.0,33.0,38.0,42.0,4796.0,1810.0,1452.0,2759.0,216.0,210.0,613.0,35.5,3259.0,50.0,54.0
7.4,2.0,7.0,9.0,6.0,12.0,2793.0,141.0,10.0,5300.0,700.0,9999.0,6500.0,12.37,9999.0,9999.0,6.8,1300.0,270.0,9.2,15.0,18.0,2.0,28.0,33.0,38.0,42.0,4025.0,1740.0,1306.0,2446.0,231.0,275.0,677.0,36.7,3.2,50.0,54.0
7.4,2.0,7.0,9.0,6.0,12.0,2793.0,142.0,10.0,5500.0,700.0,6500.0,6500.0,12.6,9999.0,9999.0,6.9,1285.0,270.0,9.0,15.0,18.0,2.0,28.0,33.0,38.0,42.0,4050.0,1740.0,1293.0,2446.0,225.0,280.0,769.0,36.7,3.2,50.0,54.0
7.4,2.0,7.0,9.0,6.0,12.0,1991.0,110.0,11.0,5900.0,700.0,9999.0,6500.0,11.99,9999.0,9999.0,11.5,1500.0,510.0,13.6,15.0,18.0,2.0,28.0,33.0,38.0,42.0,4775.0,1799.0,1439.0,2830.0,210.0,190.0,608.0,43.9,2694.0,50.0,54.0
7.4,1.0,7.0,9.0,6.0,13.0,2498.0,125.0,11.0,5800.0,720.0,9999.0,9999.0,11.57,9999.0,9999.0,8.5,1382.0,528.0,11.1,15.0,21.0,4.0,28.0,33.0,38.0,42.0,4495.0,1707.0,1425.0,2637.0,230.0,230.0,557.0,37.3,3.1,52.0,56.0
7.4,2.0,7.0,9.0,6.0,14.0,2687.0,162.0,11.0,6400.0,9999.0,9999.0,9999.0,12.16,9999.0,9999.0,6.6,1260.0,310.0,7.8,15.0,20.0,4.0,28.0,33.0,38.0,42.0,4315.0,1780.0,1290.0,2415.0,250.0,260.0,598.0,41.1,2812.0,50.0,56.0
7.4,1.0,7.0,9.0,5.0,13.0,2324.0,110.0,10.0,6000.0,700.0,6600.0,9999.0,11.08,9999.0,6.4,8.9,1335.0,555.0,12.1,15.0,18.0,2.0,28.0,33.0,38.0,42.0,4675.0,1740.0,1459.0,2703.0,223.0,205.0,581.0,35.5,3267.0,50.0,56.0
7.4,1.0,7.0,9.0,4.0,12.0,1985.0,96.0,10.0,6100.0,900.0,6600.0,9999.0,11.21,9999.0,9999.0,13.0,1300.0,490.0,13.5,15.0,18.0,2.0,28.0,33.0,39.0,42.0,4629.0,1711.0,1423.0,2604.0,190.0,177.0,9999.0,39.4,2.9,50.0,54.0
7.4,1.0,7.0,9.0,4.0,12.0,1985.0,96.0,10.0,6100.0,900.0,6600.0,9999.0,11.21,9999.0,9999.0,13.0,1300.0,490.0,13.5,15.0,18.0,2.0,28.0,33.0,39.0,42.0,4629.0,1711.0,1428.0,2605.0,190.0,177.0,9999.0,39.4,2.9,50.0,54.0
7.4,1.0,7.0,9.0,4.0,12.0,1985.0,96.0,10.0,6100.0,900.0,6600.0,9999.0,11.21,9999.0,9999.0,13.0,1300.0,490.0,13.5,15.0,18.0,2.0,28.0,33.0,39.0,42.0,4629.0,1711.0,1428.0,2605.0,190.0,177.0,9999.0,39.4,2.9,50.0,54.0
7.4,1.0,7.0,9.0,5.0,12.0,2435.0,125.0,10.0,6100.0,9999.0,9999.0,9999.0,11.87,9999.0,9999.0,9.6,1443.0,467.0,11.5,15.0,21.0,2.0,28.0,33.0,38.0,42.0,4716.0,1817.0,1414.0,2664.0,210.0,230.0,624.0,46.6,2484.0,50.0,54.0
7.4,1.0,7.0,9.0,4.0,12.0,1797.0,124.0,10.0,7600.0,750.0,8400.0,9999.0,11.61,9999.0,9999.0,8.3,1185.0,415.0,9.6,15.0,21.0,2.0,28.0,33.0,39.0,42.0,4325.0,1695.0,1390.0,2620.0,223.0,166.0,9999.0,30.1,3.618,50.0,54.0
7.4,1.0,7.0,9.0,6.0,13.0,2988.0,147.0,10.0,6400.0,9999.0,9999.0,9999.0,11.4,9999.0,9999.0,8.2,1425.0,610.0,9.7,15.0,20.0,4.0,28.0,33.0,38.0,42.0,4920.0,1780.0,1435.0,2750.0,230.0,271.0,9999.0,38.7,3.37,52.0,56.0
7.4,1.0,7.0,9.0,4.0,12.0,1299.0,63.0,10.0,6000.0,9999.0,9999.0,9999.0,10.25,9999.0,9999.0,15.0,920.0,480.0,14.6,15.0,21.0,1.0,28.0,33.0,38.0,42.0,3900.0,1680.0,1395.0,2380.0,155.0,106.0,9999.0,29.2,3611.0,50.0,54.0
7.4,1.0,7.0,9.0,4.0,12.0,1299.0,63.0,10.0,6000.0,9999.0,9999.0,9999.0,10.25,9999.0,9999.0,15.0,960.0,490.0,15.2,15.0,21.0,1.0,28.0,33.0,38.0,42.0,4225.0,1690.0,1390.0,2480.0,155.0,106.0,9999.0,29.2,3611.0,50.0,54.0
7.4,1.0,7.0,9.0,4.0,12.0,1597.0,70.0,10.0,5500.0,800.0,9999.0,9999.0,10.62,9999.0,9999.0,12.2,1100.0,415.0,15.7,15.0,21.0,1.0,28.0,33.0,38.0,42.0,4350.0,1680.0,1385.0,2500.0,169.0,135.0,9999.0,43.4,2.4,50.0,54.0
7.4,1.0,7.0,9.0,4.0,12.0,1597.0,70.0,10.0,5500.0,800.0,9999.0,9999.0,10.62,9999.0,9999.0,12.2,1100.0,430.0,15.7,15.0,21.0,1.0,28.0,33.0,38.0,42.0,4270.0,1680.0,1385.0,2500.0,169.0,135.0,9999.0,43.4,2.4,50.0,54.0
7.4,2.0,7.0,9.0,4.0,12.0,2295.0,142.0,9.0,5300.0,750.0,5800.0,5800.0,15.33,4.1,5.7,8.4,1430.0,550.0,10.1,15.0,20.0,2.0,30.0,33.0,38.0,42.0,4516.0,1723.0,1458.0,2690.0,230.0,280.0,0.68,41.9,2.768,50.0,54.0
7.4,2.0,7.0,9.0,6.0,13.0,2799.0,145.0,10.0,5800.0,700.0,6000.0,6000.0,11.9,3.9,5.7,8.5,1410.0,560.0,9.7,15.0,20.0,2.0,28.0,33.0,38.0,42.0,4516.0,1723.0,1458.0,2690.0,230.0,265.0,0.68,39.5,2.9360000000000004,52.0,54.0
7.4,2.0,7.0,9.0,6.0,12.0,2793.0,142.0,10.0,5500.0,720.0,9999.0,6500.0,12.6,9999.0,6.0,8.4,1490.0,540.0,10.5,15.0,18.0,2.0,28.0,33.0,38.0,42.0,4478.0,1739.0,1409.0,2725.0,232.0,280.0,659.0,38.0,3.42,50.0,56.0
7.4,1.0,7.0,9.0,4.0,12.0,1998.0,97.0,10.0,5500.0,800.0,6300.0,9999.0,11.32,9999.0,9999.0,11.8,1472.0,638.0,15.2,15.0,21.0,2.0,28.0,33.0,39.0,42.0,4963.0,1794.0,1464.0,2850.0,198.0,180.0,741.0,34.7,3344.0,50.0,54.0
7.4,1.0,7.0,9.0,4.0,12.0,1797.0,124.0,10.0,7600.0,750.0,8400.0,9999.0,11.61,9999.0,9999.0,8.8,1235.0,475.0,10.0,15.0,21.0,2.0,28.0,33.0,39.0,42.0,4425.0,1695.0,1440.0,2620.0,215.0,166.0,9999.0,30.1,3.618,50.0,54.0
7.4,1.0,7.0,9.0,4.0,12.0,1998.0,98.0,10.0,5400.0,9999.0,9999.0,9999.0,11.57,9999.0,9999.0,11.0,1283.0,577.0,13.1,15.0,21.0,2.0,28.0,33.0,39.0,42.0,4550.0,1720.0,1430.0,2570.0,180.0,184.0,9999.0,28.4,3832.0,52.0,54.0
7.4,1.0,8.0,11.0,5.0,12.0,2461.0,75.0,21.0,3500.0,780.0,9999.0,9999.0,12.77,9999.0,12.9,19.5,1840.0,860.0,24.5,15.0,21.0,1.0,29.0,34.0,38.0,44.0,4789.0,1840.0,1940.0,2920.0,153.0,250.0,1094.0,40.8,2.899,51.0,57.0
7.4,1.0,8.0,11.0,5.0,12.0,2461.0,75.0,21.0,3500.0,780.0,9999.0,9999.0,12.77,9999.0,12.9,19.5,1880.0,820.0,25.1,15.0,21.0,1.0,29.0,34.0,38.0,44.0,5189.0,1840.0,1940.0,3320.0,153.0,250.0,1094.0,40.8,2.899,51.0,57.0
7.4,1.0,7.0,11.0,4.0,12.0,2351.0,110.0,12.0,5500.0,9999.0,9999.0,9999.0,12.03,9999.0,9999.0,10.4,1420.0,500.0,12.9,15.0,21.0,2.0,28.0,34.0,38.0,48.0,4290.0,1695.0,1680.0,2550.0,190.0,225.0,0.916,33.5,3536.0,52.0,54.0
7.4,1.0,7.0,11.0,4.0,12.0,1840.0,84.0,10.0,6000.0,750.0,9999.0,9999.0,11.0,9999.0,9999.0,12.7,1330.0,440.0,15.8,15.0,21.0,2.0,28.0,33.0,38.0,42.0,4295.0,1705.0,1600.0,2670.0,170.0,161.0,772.0,38.3,2847.0,52.0,54.0
7.4,3.0,7.0,10.0,4.0,14.0,1994.0,92.0,10.0,5600.0,700.0,9999.0,9999.0,11.6,9999.0,9999.0,10.7,1365.0,510.0,14.8,15.0,21.0,2.0,28.0,33.0,39.0,42.0,4460.0,1735.0,1595.0,2525.0,179.0,184.0,855.0,35.0,3576.0,50.0,54.0
7.4,5.0,8.0,10.0,4.0,12.0,1998.0,64.0,21.0,4000.0,9999.0,9999.0,9999.0,13.59,9999.0,9999.0,9999.0,1495.0,500.0,23.4,15.0,21.0,1.0,29.0,35.0,39.0,44.0,4195.0,1780.0,1740.0,2480.0,138.0,216.0,9999.0,40.1,3139.0,51.0,0.0
7.4,1.0,7.0,11.0,4.0,12.0,1998.0,94.0,10.0,5400.0,9999.0,9999.0,9999.0,11.2,9999.0,9999.0,10.8,1335.0,675.0,14.2,15.0,21.0,2.0,28.0,33.0,39.0,42.0,4530.0,1695.0,1620.0,2735.0,180.0,178.0,9999.0,34.5,3234.0,52.0,54.0
7.5,2.0,7.0,9.0,4.0,12.0,1998.0,100.0,10.0,5500.0,750.0,6350.0,6200.0,11.95,5.3,8.2,12.3,1470.0,540.0,14.7,15.0,20.0,2.0,28.0,33.0,38.0,42.0,4818.0,1799.0,1440.0,2833.0,202.0,190.0,586.0,41.2,2872.0,50.0,54.0
7.5,2.0,7.0,9.0,4.0,12.0,1998.0,100.0,10.0,5500.0,750.0,6350.0,6200.0,11.95,5.0,7.7,12.0,1500.0,480.0,15.0,15.0,20.0,2.0,28.0,33.0,38.0,42.0,4567.0,1722.0,1380.0,2690.0,204.0,190.0,0.64,36.4,3175.0,50.0,54.0
7.5,2.0,7.0,9.0,4.0,12.0,1998.0,100.0,10.0,5500.0,750.0,6350.0,6200.0,11.95,5.6,8.5,12.5,1535.0,445.0,15.4,15.0,20.0,2.0,28.0,33.0,38.0,42.0,4567.0,1722.0,1380.0,2690.0,201.0,190.0,0.64,40.3,2872.0,50.0,54.0
7.5,3.0,7.0,9.0,4.0,12.0,1781.0,132.0,10.0,5500.0,860.0,6800.0,9999.0,16.58,9999.0,9999.0,7.9,1430.0,300.0,10.8,15.0,22.0,2.0,29.0,33.0,38.0,42.0,4041.0,1764.0,1348.0,2429.0,220.0,235.0,716.0,35.5,3259.0,50.0,54.0
7.5,1.0,7.0,9.0,6.0,13.0,2771.0,142.0,11.0,6000.0,750.0,6500.0,9999.0,12.7,9999.0,6.9,9.9,1600.0,600.0,11.3,15.0,22.0,4.0,28.0,33.0,38.0,42.0,5041.0,1880.0,1440.0,2882.0,233.0,280.0,675.0,50.6,2443.0,50.0,54.0
7.5,1.0,7.0,9.0,6.0,13.0,2393.0,121.0,11.0,6000.0,720.0,6800.0,9999.0,12.08,9999.0,7.3,10.1,1410.0,550.0,11.7,15.0,22.0,4.0,28.0,33.0,38.0,42.0,4479.0,1733.0,1416.0,2617.0,216.0,230.0,0.65,47.5,2443.0,50.0,54.0
7.5,1.0,7.0,9.0,6.0,13.0,2393.0,121.0,11.0,6000.0,650.0,6800.0,9999.0,12.08,9999.0,6.5,9.2,1450.0,580.0,12.0,15.0,22.0,4.0,28.0,33.0,38.0,42.0,4796.0,1810.0,1452.0,2760.0,222.0,230.0,613.0,36.6,3162.0,50.0,54.0
7.5,2.0,7.0,9.0,6.0,12.0,2494.0,125.0,11.0,5500.0,700.0,9999.0,6500.0,12.34,9999.0,9999.0,9.7,1505.0,510.0,12.0,15.0,18.0,2.0,28.0,33.0,38.0,42.0,4775.0,1799.0,1439.0,2830.0,226.0,245.0,629.0,50.8,2331.0,50.0,54.0
7.5,1.0,7.0,9.0,6.0,13.0,2498.0,143.0,11.0,6500.0,720.0,9999.0,9999.0,12.07,9999.0,9999.0,7.9,1415.0,505.0,9.9,15.0,21.0,4.0,28.0,33.0,38.0,42.0,4495.0,1707.0,1425.0,2637.0,233.0,240.0,557.0,36.7,3.119,52.0,54.0
7.5,1.0,7.0,9.0,4.0,12.0,1998.0,97.0,10.0,5500.0,800.0,6300.0,9999.0,11.32,9999.0,9999.0,14.2,9999.0,587.0,9999.0,15.0,21.0,2.0,28.0,33.0,39.0,42.0,4708.0,1794.0,1389.0,2850.0,203.0,180.0,636.0,37.2,3.119,50.0,54.0
7.5,1.0,7.0,9.0,4.0,12.0,1948.0,100.0,11.0,6000.0,800.0,9999.0,9999.0,11.74,9999.0,9999.0,12.6,1490.0,575.0,14.9,15.0,21.0,2.0,28.0,33.0,39.0,42.0,4768.0,1816.0,1435.0,2765.0,200.0,182.0,654.0,36.8,3156.0,50.0,54.0
7.5,1.0,7.0,9.0,4.0,12.0,1997.0,98.0,10.0,5300.0,770.0,9999.0,9999.0,11.26,9999.0,9999.0,10.8,1245.0,435.0,12.7,15.0,21.0,1.0,28.0,33.0,39.0,42.0,4545.0,1750.0,1315.0,2585.0,201.0,179.0,9999.0,38.6,2.9160000000000004,52.0,54.0
7.5,1.0,7.0,9.0,4.0,12.0,1396.0,66.0,9.0,6400.0,750.0,9999.0,9999.0,10.8,9999.0,9999.0,14.4,1085.0,465.0,16.4,15.0,21.0,1.0,28.0,33.0,39.0,42.0,4325.0,1695.0,1390.0,2620.0,175.0,120.0,9999.0,31.7,3364.0,50.0,54.0
7.5,1.0,7.0,9.0,6.0,13.0,2498.0,120.0,10.0,5750.0,9999.0,9999.0,9999.0,11.22,9999.0,9999.0,9.6,1310.0,570.0,10.9,15.0,21.0,4.0,28.0,33.0,38.0,42.0,4630.0,1740.0,1415.0,2635.0,215.0,223.0,9999.0,42.7,2.684,52.0,54.0
7.5,1.0,7.0,9.0,6.0,13.0,1995.0,103.0,10.0,6400.0,9999.0,9999.0,9999.0,11.28,9999.0,9999.0,14.1,1440.0,575.0,14.0,15.0,20.0,4.0,28.0,33.0,38.0,42.0,4920.0,1780.0,1435.0,2750.0,184.0,179.0,9999.0,38.3,3.68,52.0,56.0
7.5,1.0,7.0,9.0,4.0,12.0,1998.0,98.0,10.0,5400.0,9999.0,9999.0,9999.0,11.64,9999.0,9999.0,12.5,1336.0,494.0,13.6,15.0,21.0,2.0,28.0,33.0,39.0,42.0,4671.0,1779.0,1437.0,2670.0,192.0,185.0,9999.0,39.7,2.9410000000000003,50.0,54.0
7.5,2.0,7.0,9.0,6.0,13.0,2398.0,125.0,10.0,5900.0,550.0,6000.0,6000.0,11.79,4.4,6.5,9.5,1400.0,570.0,11.2,15.0,20.0,2.0,28.0,33.0,38.0,42.0,4516.0,1723.0,1458.0,2690.0,216.0,225.0,0.68,39.5,2.9360000000000004,52.0,54.0
7.5,3.0,7.0,9.0,4.0,12.0,1781.0,110.0,10.0,5700.0,750.0,6800.0,9999.0,14.82,9999.0,6.8,9.9,1565.0,580.0,14.2,15.0,22.0,2.0,29.0,33.0,38.0,42.0,4796.0,1810.0,1479.0,2759.0,214.0,210.0,679.0,35.5,3259.0,50.0,54.0
7.5,1.0,7.0,9.0,6.0,13.0,2393.0,121.0,11.0,6000.0,650.0,6800.0,9999.0,12.08,9999.0,6.7,9.4,1505.0,580.0,12.4,15.0,22.0,4.0,28.0,33.0,38.0,42.0,4796.0,1810.0,1479.0,2760.0,220.0,230.0,657.0,36.6,3162.0,50.0,54.0
7.5,3.0,8.0,9.0,6.0,13.0,2496.0,132.0,19.0,4000.0,9999.0,9999.0,9999.0,18.63,9999.0,9999.0,9.6,1825.0,630.0,13.8,15.0,23.0,4.0,29.0,34.0,38.0,46.0,4810.0,1852.0,1551.0,2757.0,205.0,370.0,9999.0,9999.0,2.1590000000000003,51.0,57.0
7.5,1.0,7.0,9.0,6.0,13.0,2495.0,151.0,10.0,6500.0,725.0,6750.0,9999.0,11.84,9999.0,9999.0,7.8,1391.0,609.0,9.2,15.0,24.0,4.0,28.0,33.0,38.0,42.0,4671.0,1751.0,1480.0,2704.0,227.0,235.0,0.6970000000000001,39.1,2.9,52.0,54.0
7.5,1.0,7.0,9.0,5.0,13.0,2324.0,110.0,10.0,6000.0,700.0,6600.0,9999.0,11.08,9999.0,6.6,9.1,1382.0,558.0,12.6,15.0,18.0,2.0,28.0,33.0,38.0,42.0,4669.0,1740.0,1496.0,2703.0,217.0,205.0,645.0,45.3,2563.0,50.0,56.0
7.5,1.0,7.0,9.0,6.0,13.0,2498.0,120.0,10.0,5750.0,9999.0,9999.0,9999.0,11.22,9999.0,9999.0,9.9,1360.0,575.0,11.3,15.0,21.0,4.0,28.0,33.0,38.0,42.0,4680.0,1740.0,1495.0,2635.0,205.0,223.0,9999.0,42.7,2.684,52.0,54.0
7.5,6.0,7.0,10.0,4.0,12.0,1590.0,77.0,10.0,6200.0,750.0,9999.0,9999.0,10.67,9999.0,9999.0,13.7,1282.0,358.0,16.6,15.0,21.0,1.0,28.0,33.0,39.0,42.0,4110.0,1695.0,1580.0,2450.0,152.0,135.0,9999.0,56.6,2117.0,50.0,54.0
7.5,1.0,7.0,11.0,4.0,12.0,1997.0,100.0,10.0,6000.0,9999.0,9999.0,9999.0,11.2,9999.0,9999.0,11.0,1380.0,500.0,13.8,15.0,21.0,1.0,28.0,33.0,38.0,42.0,4290.0,1695.0,1680.0,2550.0,185.0,178.0,0.916,33.5,3536.0,52.0,54.0
7.5,3.0,7.0,10.0,4.0,14.0,1994.0,92.0,10.0,5600.0,700.0,9999.0,9999.0,11.6,9999.0,9999.0,12.0,1420.0,470.0,15.4,15.0,21.0,2.0,28.0,33.0,39.0,42.0,4460.0,1735.0,1595.0,2525.0,167.0,184.0,855.0,40.6,3.81,50.0,54.0
7.5,1.0,7.0,11.0,4.0,12.0,1997.0,102.0,9.0,5800.0,9999.0,9999.0,9999.0,11.2,9999.0,9999.0,12.8,1350.0,720.0,13.2,15.0,21.0,2.0,28.0,33.0,38.0,42.0,4515.0,1695.0,1620.0,2720.0,175.0,178.0,9999.0,33.6,3352.0,50.0,54.0
7.5,1.0,7.0,11.0,4.0,12.0,1997.0,102.0,9.0,5800.0,9999.0,9999.0,9999.0,11.33,9999.0,9999.0,12.8,1350.0,720.0,13.2,15.0,21.0,2.0,28.0,33.0,38.0,42.0,4570.0,1720.0,1715.0,2720.0,175.0,180.0,9999.0,33.8,3415.0,50.0,54.0
7.6,2.0,7.0,9.0,6.0,13.0,3199.0,165.0,10.0,5600.0,575.0,6000.0,6000.0,12.37,3.4,5.3,7.9,1560.0,600.0,9.5,15.0,20.0,2.0,28.0,33.0,38.0,42.0,4818.0,1799.0,1441.0,2833.0,238.0,315.0,629.0,46.2,2548.0,52.0,54.0
7.6,2.0,7.0,9.0,6.0,13.0,3199.0,160.0,10.0,5700.0,550.0,6000.0,6000.0,12.1,3.7,5.6,8.3,1620.0,450.0,10.1,15.0,20.0,2.0,28.0,33.0,38.0,42.0,4567.0,1722.0,1380.0,2690.0,236.0,308.0,0.64,45.4,2548.0,52.0,54.0
7.6,2.0,7.0,9.0,6.0,13.0,3199.0,160.0,10.0,5700.0,9999.0,6000.0,6000.0,12.18,9999.0,9999.0,7.8,1490.0,555.0,9.3,15.0,20.0,2.0,28.0,33.0,38.0,42.0,4526.0,1728.0,1426.0,2715.0,245.0,310.0,9999.0,42.6,2714.0,52.0,54.0
7.6,3.0,7.0,9.0,4.0,12.0,1781.0,165.0,9.0,5900.0,860.0,6800.0,9999.0,19.76,9999.0,4.8,6.7,1475.0,300.0,8.9,15.0,21.0,2.0,29.0,33.0,38.0,42.0,4041.0,1764.0,1348.0,2429.0,237.0,280.0,716.0,38.3,3.24,50.0,56.0
7.6,2.0,7.0,9.0,6.0,12.0,1991.0,110.0,11.0,5900.0,700.0,6500.0,6500.0,11.99,9999.0,9999.0,9.9,1310.0,270.0,11.9,15.0,18.0,2.0,28.0,33.0,38.0,42.0,4050.0,1740.0,1293.0,2446.0,206.0,190.0,769.0,36.0,3.2,50.0,54.0
7.6,1.0,7.0,9.0,6.0,13.0,2498.0,125.0,11.0,5800.0,720.0,9999.0,9999.0,11.57,9999.0,9999.0,9.5,1382.0,528.0,11.1,15.0,21.0,4.0,28.0,33.0,38.0,42.0,4495.0,1707.0,1425.0,2637.0,227.0,230.0,557.0,41.3,2.8,52.0,56.0
7.6,1.0,7.0,9.0,5.0,13.0,2324.0,110.0,10.0,6000.0,700.0,6600.0,9999.0,11.08,9999.0,7.1,10.1,1326.0,519.0,12.1,15.0,18.0,2.0,28.0,33.0,38.0,42.0,4376.0,1735.0,1446.0,2513.0,212.0,205.0,633.0,36.3,3.2,50.0,56.0
7.6,1.0,7.0,9.0,5.0,12.0,2435.0,121.0,11.0,6000.0,750.0,9999.0,9999.0,10.89,9999.0,9999.0,9.1,1495.0,585.0,12.4,15.0,21.0,2.0,28.0,33.0,38.0,42.0,4768.0,1816.0,1435.0,2765.0,220.0,211.0,639.0,48.4,2.41,50.0,54.0
7.6,1.0,7.0,9.0,4.0,12.0,1855.0,147.0,9.0,5500.0,750.0,6700.0,6500.0,20.32,9999.0,9999.0,8.4,1300.0,490.0,8.8,15.0,21.0,2.0,29.0,33.0,39.0,42.0,4483.0,1717.0,1411.0,2550.0,225.0,300.0,9999.0,44.3,2611.0,50.0,54.0
7.6,1.0,7.0,9.0,5.0,12.0,2435.0,142.0,9.0,5100.0,850.0,9999.0,9999.0,13.93,9999.0,9999.0,7.8,1443.0,447.0,10.2,15.0,21.0,2.0,29.0,33.0,38.0,42.0,4716.0,1817.0,1414.0,2664.0,230.0,270.0,624.0,41.3,2.8,50.0,54.0
7.6,1.0,7.0,9.0,5.0,12.0,2319.0,176.0,9.0,5100.0,850.0,9999.0,9999.0,17.88,9999.0,9999.0,6.9,1450.0,440.0,8.2,15.0,21.0,2.0,29.0,33.0,38.0,42.0,4716.0,1817.0,1414.0,2664.0,250.0,330.0,624.0,41.3,2.8,50.0,54.0
7.6,1.0,7.0,9.0,5.0,12.0,2435.0,142.0,9.0,5100.0,850.0,9999.0,9999.0,13.93,9999.0,9999.0,8.5,1595.0,415.0,11.2,15.0,21.0,2.0,29.0,33.0,38.0,42.0,4716.0,1817.0,1429.0,2664.0,220.0,270.0,738.0,41.3,2.8,50.0,54.0
7.6,1.0,7.0,9.0,5.0,12.0,2319.0,176.0,9.0,5100.0,850.0,9999.0,9999.0,17.88,9999.0,9999.0,7.5,1599.0,411.0,9.1,15.0,21.0,2.0,29.0,33.0,38.0,42.0,4716.0,1817.0,1429.0,2664.0,235.0,330.0,738.0,41.3,2.8,50.0,54.0
7.6,1.0,7.0,9.0,6.0,12.0,2922.0,147.0,11.0,6000.0,9999.0,9999.0,9999.0,12.04,9999.0,9999.0,8.9,1587.0,503.0,10.8,15.0,21.0,2.0,28.0,33.0,38.0,42.0,4822.0,1832.0,1434.0,2791.0,225.0,280.0,9999.0,40.3,2915.0,50.0,54.0
7.6,1.0,7.0,9.0,6.0,13.0,1997.0,148.0,8.0,6000.0,9999.0,6500.0,9999.0,17.05,9999.0,9999.0,7.4,1430.0,390.0,9.7,15.0,21.0,2.0,29.0,33.0,38.0,42.0,4285.0,1780.0,1318.0,2540.0,235.0,271.0,9999.0,36.4,3.75,52.0,54.0
7.6,1.0,7.0,9.0,5.0,12.0,1998.0,162.0,9.0,5750.0,9999.0,9999.0,9999.0,19.5,9999.0,9999.0,6.5,1310.0,410.0,8.1,15.0,21.0,2.0,29.0,33.0,38.0,42.0,4250.0,1768.0,1340.0,2540.0,250.0,310.0,9999.0,39.4,2844.0,52.0,54.0
7.6,1.0,7.0,9.0,5.0,12.0,1998.0,162.0,9.0,5750.0,9999.0,9999.0,9999.0,19.5,9999.0,9999.0,6.5,1310.0,410.0,8.1,15.0,21.0,2.0,29.0,33.0,38.0,42.0,4250.0,1768.0,1340.0,2540.0,250.0,310.0,9999.0,44.1,2539.0,52.0,54.0
7.6,2.0,7.0,9.0,6.0,12.0,3239.0,250.0,8.0,5750.0,9999.0,9999.0,9999.0,19.01,9999.0,9999.0,6.0,1775.0,225.0,7.1,15.0,20.0,2.0,30.0,33.0,38.0,42.0,4646.0,1830.0,1265.0,2591.0,250.0,490.0,9999.0,44.7,2673.0,50.0,54.0
7.6,2.0,7.0,9.0,6.0,12.0,3239.0,250.0,8.0,5750.0,9999.0,9999.0,9999.0,19.01,9999.0,9999.0,6.0,1825.0,175.0,7.3,15.0,20.0,2.0,30.0,33.0,38.0,42.0,4646.0,1830.0,1265.0,2591.0,250.0,490.0,9999.0,45.0,2655.0,50.0,54.0
7.6,1.0,7.0,9.0,4.0,12.0,1590.0,85.0,10.0,6300.0,700.0,9999.0,9999.0,11.3,9999.0,9999.0,11.8,1125.0,475.0,13.2,15.0,21.0,1.0,28.0,33.0,39.0,42.0,4325.0,1695.0,1390.0,2620.0,190.0,143.0,9999.0,31.5,3364.0,50.0,54.0
7.6,1.0,7.0,9.0,4.0,12.0,1997.0,108.0,10.0,6000.0,9999.0,9999.0,9999.0,11.58,9999.0,9999.0,11.1,1340.0,510.0,12.4,15.0,21.0,1.0,28.0,33.0,39.0,42.0,4765.0,1785.0,1395.0,2670.0,197.0,184.0,9999.0,39.8,2.9160000000000004,52.0,54.0
7.6,1.0,7.0,9.0,6.0,13.0,2497.0,123.0,9.0,6000.0,650.0,9999.0,9999.0,10.67,9999.0,9999.0,8.6,1415.0,525.0,11.5,15.0,23.0,4.0,28.0,33.0,38.0,42.0,4825.0,1770.0,1395.0,2750.0,220.0,212.0,0.61,36.9,3.26,52.0,54.0
7.6,3.0,7.0,9.0,4.0,14.0,2457.0,115.0,10.0,5600.0,700.0,9999.0,9999.0,11.41,9999.0,9999.0,10.1,1405.0,470.0,12.2,15.0,23.0,4.0,28.0,33.0,38.0,42.0,4605.0,1695.0,1415.0,2650.0,205.0,223.0,9999.0,39.2,2852.0,50.0,54.0
7.6,3.0,7.0,9.0,4.0,14.0,1994.0,92.0,10.0,5600.0,700.0,9999.0,9999.0,11.6,9999.0,9999.0,11.8,1385.0,450.0,15.1,15.0,21.0,2.0,28.0,33.0,38.0,42.0,4605.0,1695.0,1415.0,2650.0,188.0,184.0,9999.0,39.5,2852.0,50.0,54.0
7.6,1.0,7.0,9.0,4.0,12.0,1840.0,89.0,10.0,6200.0,800.0,9999.0,9999.0,10.38,9999.0,9999.0,9999.0,1035.0,485.0,11.6,15.0,24.0,2.0,28.0,33.0,39.0,42.0,4225.0,1690.0,1390.0,2480.0,175.0,152.0,9999.0,37.5,2.8280000000000003,50.0,54.0
7.6,1.0,7.0,9.0,6.0,13.0,2494.0,118.0,10.0,6000.0,9999.0,9999.0,9999.0,11.59,9999.0,9999.0,9.3,1336.0,574.0,11.3,15.0,21.0,4.0,28.0,33.0,38.0,42.0,4710.0,1818.0,1410.0,2700.0,205.0,230.0,9999.0,42.7,2.684,50.0,54.0
7.6,2.0,7.0,9.0,4.0,12.0,2295.0,142.0,9.0,5300.0,750.0,5800.0,5800.0,15.33,3.9,6.0,8.4,1454.0,526.0,10.2,15.0,20.0,2.0,30.0,33.0,38.0,42.0,4516.0,1723.0,1458.0,2690.0,227.0,280.0,0.68,42.8,2714.0,50.0,54.0
7.6,2.0,7.0,9.0,6.0,12.0,1991.0,110.0,11.0,5900.0,720.0,9999.0,6500.0,11.99,9999.0,8.2,11.4,1460.0,540.0,13.3,15.0,24.0,2.0,28.0,33.0,38.0,42.0,4478.0,1739.0,1409.0,2725.0,211.0,190.0,659.0,38.2,3.42,50.0,56.0
7.6,1.0,7.0,9.0,5.0,13.0,2324.0,110.0,10.0,6000.0,700.0,6600.0,9999.0,11.08,9999.0,7.9,10.9,1441.0,559.0,13.1,15.0,18.0,2.0,28.0,33.0,38.0,42.0,4669.0,1740.0,1496.0,2703.0,211.0,205.0,645.0,47.5,2443.0,50.0,56.0
7.6,1.0,7.0,9.0,4.0,12.0,1855.0,147.0,9.0,5500.0,750.0,6700.0,6500.0,20.32,9999.0,9999.0,8.4,1320.0,490.0,9.0,15.0,21.0,2.0,29.0,33.0,39.0,42.0,4483.0,1717.0,1413.0,2550.0,225.0,300.0,9999.0,44.3,2611.0,50.0,54.0
7.6,1.0,7.0,9.0,4.0,12.0,1590.0,85.0,10.0,6300.0,700.0,9999.0,9999.0,11.3,9999.0,9999.0,12.8,1175.0,475.0,13.8,15.0,21.0,1.0,28.0,33.0,39.0,42.0,4425.0,1695.0,1440.0,2620.0,186.0,143.0,9999.0,31.5,3364.0,50.0,54.0
7.6,6.0,7.0,10.0,4.0,12.0,1590.0,77.0,10.0,6200.0,750.0,9999.0,9999.0,10.67,9999.0,9999.0,12.7,1257.0,383.0,16.3,15.0,21.0,1.0,28.0,33.0,39.0,42.0,4110.0,1695.0,1580.0,2450.0,162.0,135.0,9999.0,30.2,3969.0,50.0,54.0
7.6,5.0,7.0,10.0,4.0,12.0,1299.0,51.0,10.0,6000.0,800.0,9999.0,9999.0,9.96,9999.0,9999.0,9999.0,990.0,410.0,19.4,15.0,21.0,1.0,28.0,36.0,39.0,42.0,4040.0,1530.0,1675.0,2375.0,130.0,103.0,9999.0,41.5,2951.0,50.0,54.0
7.6,5.0,7.0,10.0,4.0,12.0,1299.0,51.0,10.0,6000.0,800.0,9999.0,9999.0,9.96,9999.0,9999.0,9999.0,975.0,365.0,19.1,15.0,21.0,1.0,28.0,36.0,39.0,42.0,3470.0,1530.0,1675.0,2030.0,130.0,103.0,9999.0,41.5,2951.0,50.0,54.0
7.6,5.0,8.0,10.0,4.0,12.0,1905.0,46.0,22.0,4300.0,800.0,9999.0,9999.0,7.52,9999.0,9999.0,9999.0,1105.0,365.0,24.0,15.0,21.0,1.0,29.0,35.0,39.0,44.0,3470.0,1530.0,1675.0,2030.0,130.0,114.0,9999.0,41.5,2951.0,51.0,59.0
7.6,5.0,8.0,10.0,5.0,12.0,2874.0,88.0,22.0,4000.0,700.0,9999.0,9999.0,10.93,9999.0,9999.0,9999.0,1858.0,662.0,21.1,15.0,20.0,1.0,29.0,37.0,40.0,49.0,4656.0,1864.0,1755.0,2630.0,156.0,250.0,0.979,34.7,3.868,51.0,57.0
7.7,2.0,7.0,9.0,6.0,13.0,2398.0,125.0,10.0,5900.0,550.0,6000.0,6000.0,11.79,4.9,7.5,10.8,1530.0,550.0,12.2,15.0,20.0,2.0,28.0,33.0,38.0,42.0,4818.0,1799.0,1440.0,2833.0,222.0,225.0,608.0,38.9,3.46,52.0,54.0
7.7,2.0,7.0,9.0,4.0,12.0,2295.0,142.0,9.0,5300.0,750.0,6350.0,5800.0,15.33,4.1,5.9,8.8,1550.0,480.0,10.9,15.0,20.0,2.0,30.0,33.0,38.0,42.0,4567.0,1722.0,1380.0,2690.0,230.0,280.0,0.64,41.8,2.768,50.0,54.0
7.7,2.0,7.0,9.0,6.0,13.0,3199.0,160.0,10.0,5700.0,550.0,6000.0,6000.0,12.18,3.2,4.8,6.9,1350.0,315.0,8.4,15.0,20.0,2.0,28.0,33.0,38.0,42.0,4010.0,1712.0,1279.0,2400.0,242.0,310.0,632.0,42.5,2.724,52.0,54.0
7.7,2.0,7.0,9.0,6.0,13.0,2597.0,125.0,11.0,5500.0,9999.0,6000.0,6000.0,11.61,9999.0,9999.0,9.5,1490.0,525.0,11.9,15.0,20.0,2.0,28.0,33.0,38.0,42.0,4526.0,1728.0,1426.0,2715.0,232.0,240.0,9999.0,40.3,2872.0,52.0,54.0
7.7,2.0,7.0,9.0,6.0,12.0,2494.0,125.0,11.0,5500.0,700.0,6500.0,6500.0,12.34,9999.0,9999.0,8.6,1290.0,460.0,10.3,15.0,18.0,2.0,28.0,33.0,38.0,42.0,4210.0,1698.0,1378.0,2696.0,225.0,245.0,0.6859999999999999,47.8,2397.0,50.0,54.0
7.7,2.0,7.0,9.0,4.0,12.0,1998.0,108.0,10.0,6000.0,9999.0,9999.0,9999.0,11.64,9999.0,9999.0,6.9,930.0,200.0,8.6,15.0,21.0,2.0,28.0,33.0,39.0,42.0,3795.0,1830.0,1250.0,2343.0,215.0,185.0,9999.0,32.0,3613.0,52.0,54.0
7.7,1.0,7.0,9.0,4.0,12.0,1985.0,113.0,9.0,5500.0,900.0,9999.0,9999.0,13.86,9999.0,9999.0,10.4,1315.0,495.0,11.6,15.0,18.0,2.0,29.0,33.0,39.0,42.0,4629.0,1711.0,1423.0,2604.0,205.0,219.0,9999.0,39.4,2.9,50.0,54.0
7.7,1.0,7.0,9.0,4.0,12.0,1985.0,113.0,9.0,5500.0,900.0,9999.0,9999.0,13.86,9999.0,9999.0,11.0,1315.0,495.0,11.6,15.0,18.0,2.0,29.0,33.0,39.0,42.0,4629.0,1711.0,1428.0,2605.0,205.0,219.0,9999.0,39.4,2.9,50.0,54.0
7.7,1.0,7.0,9.0,4.0,12.0,1985.0,113.0,9.0,5500.0,900.0,9999.0,9999.0,13.86,9999.0,9999.0,10.4,1315.0,495.0,11.6,15.0,18.0,2.0,29.0,33.0,39.0,42.0,4629.0,1711.0,1428.0,2605.0,205.0,219.0,9999.0,39.4,2.9,50.0,54.0
7.7,1.0,7.0,9.0,6.0,13.0,2959.0,141.0,10.0,5600.0,9999.0,9999.0,9999.0,11.04,9999.0,9999.0,7.3,1420.0,260.0,10.1,15.0,21.0,2.0,28.0,33.0,38.0,42.0,4285.0,1780.0,1315.0,2540.0,225.0,260.0,9999.0,39.2,2853.0,52.0,54.0
7.7,2.0,7.0,9.0,6.0,12.0,1988.0,114.0,10.0,6200.0,9999.0,9999.0,6500.0,12.33,9999.0,9999.0,11.2,1365.0,460.0,12.0,15.0,23.0,2.0,28.0,33.0,38.0,42.0,4400.0,1720.0,1420.0,2670.0,205.0,195.0,9999.0,38.7,2.9930000000000003,52.0,54.0
7.7,2.0,7.0,9.0,6.0,12.0,1988.0,114.0,10.0,6200.0,9999.0,9999.0,6500.0,12.33,9999.0,9999.0,11.2,1365.0,460.0,12.0,15.0,23.0,2.0,28.0,33.0,38.0,42.0,4400.0,1720.0,1420.0,2670.0,205.0,195.0,9999.0,38.3,2.9930000000000003,52.0,54.0
7.7,2.0,7.0,9.0,6.0,13.0,2398.0,125.0,10.0,5900.0,550.0,6000.0,6000.0,11.79,4.6,6.9,10.1,1425.0,545.0,11.4,15.0,20.0,2.0,28.0,33.0,38.0,42.0,4516.0,1723.0,1458.0,2690.0,212.0,225.0,0.68,42.8,2714.0,52.0,54.0
7.7,2.0,7.0,9.0,4.0,12.0,1998.0,100.0,10.0,5500.0,750.0,6350.0,6200.0,11.95,5.5,8.7,13.1,1570.0,620.0,15.7,15.0,20.0,2.0,28.0,33.0,38.0,42.0,4839.0,1799.0,1505.0,2833.0,195.0,190.0,0.71,41.2,2872.0,50.0,54.0
7.7,2.0,7.0,9.0,6.0,12.0,2494.0,125.0,11.0,5500.0,700.0,9999.0,6500.0,12.34,9999.0,9999.0,8.9,1580.0,625.0,12.6,15.0,18.0,2.0,28.0,33.0,38.0,42.0,4808.0,1799.0,1445.0,2827.0,224.0,245.0,0.6729999999999999,36.9,3.2,50.0,54.0
7.7,3.0,7.0,9.0,5.0,13.0,2324.0,110.0,10.0,6000.0,700.0,6600.0,9999.0,11.08,9999.0,6.6,9.6,1461.0,559.0,13.3,15.0,18.0,2.0,28.0,33.0,38.0,42.0,4669.0,1740.0,1498.0,2702.0,215.0,205.0,667.0,35.6,3259.0,50.0,56.0
7.7,1.0,7.0,9.0,5.0,13.0,2324.0,110.0,10.0,6000.0,700.0,6600.0,9999.0,11.08,9999.0,7.3,10.5,1383.0,497.0,12.6,15.0,18.0,2.0,28.0,33.0,38.0,42.0,4409.0,1735.0,1485.0,2515.0,212.0,205.0,0.6779999999999999,36.3,3.192,50.0,56.0
7.7,3.0,7.0,9.0,4.0,14.0,1994.0,92.0,10.0,5600.0,700.0,9999.0,9999.0,11.6,9999.0,9999.0,11.1,1410.0,485.0,15.3,15.0,21.0,2.0,28.0,33.0,38.0,42.0,4680.0,1695.0,1515.0,2650.0,188.0,184.0,9999.0,34.8,3237.0,50.0,54.0
7.7,3.0,7.0,9.0,4.0,14.0,2457.0,115.0,10.0,5600.0,700.0,9999.0,9999.0,11.41,9999.0,9999.0,9.3,1470.0,475.0,12.8,15.0,23.0,4.0,28.0,33.0,38.0,42.0,4680.0,1695.0,1515.0,2650.0,203.0,223.0,9999.0,36.5,3.71,50.0,54.0
7.7,3.0,7.0,9.0,4.0,14.0,2457.0,115.0,10.0,5600.0,700.0,9999.0,9999.0,11.41,9999.0,9999.0,9.5,1505.0,475.0,13.1,15.0,23.0,4.0,28.0,33.0,38.0,42.0,4720.0,1745.0,1580.0,2650.0,197.0,223.0,9999.0,37.5,3237.0,50.0,54.0
7.7,3.0,8.0,10.0,5.0,12.0,2688.0,120.0,18.0,4200.0,680.0,4750.0,4600.0,17.3,5.0,8.2,11.9,2045.0,705.0,17.0,15.0,19.0,2.0,29.0,34.0,38.0,43.0,4587.0,1833.0,1820.0,2820.0,185.0,370.0,1061.0,47.5,2865.0,50.0,57.0
7.7,5.0,8.0,10.0,4.0,12.0,2172.0,85.0,19.0,3800.0,9999.0,9999.0,4750.0,15.04,9999.0,9999.0,13.9,1720.0,580.0,20.2,15.0,18.0,1.0,29.0,34.0,38.0,46.0,4268.0,1787.0,1692.0,2462.0,155.0,260.0,9999.0,36.3,3694.0,51.0,56.0
7.7,1.0,7.0,11.0,4.0,12.0,1984.0,85.0,10.0,5000.0,800.0,9999.0,9999.0,10.77,9999.0,10.6,15.4,1639.0,761.0,19.3,15.0,21.0,1.0,28.0,33.0,38.0,42.0,4620.0,1810.0,1730.0,2846.0,177.0,170.0,831.0,34.1,3.49,50.0,54.0
7.7,1.0,7.0,11.0,4.0,12.0,2351.0,110.0,12.0,5500.0,9999.0,9999.0,9999.0,12.03,9999.0,9999.0,10.7,1510.0,670.0,13.7,15.0,21.0,2.0,28.0,34.0,38.0,48.0,4600.0,1775.0,1690.0,2780.0,190.0,225.0,1004.0,38.0,3113.0,52.0,54.0
7.7,5.0,8.0,10.0,4.0,12.0,1998.0,61.0,21.0,4000.0,9999.0,9999.0,9999.0,12.26,9999.0,9999.0,20.5,1468.0,460.0,24.1,15.0,21.0,1.0,29.0,35.0,39.0,44.0,4405.0,1764.0,1650.0,2650.0,145.0,195.0,9999.0,34.3,3573.0,51.0,57.0
7.7,5.0,8.0,10.0,4.0,12.0,2299.0,74.0,22.0,4000.0,700.0,9999.0,9999.0,11.64,9999.0,9999.0,9999.0,1858.0,662.0,25.1,15.0,20.0,1.0,29.0,37.0,40.0,49.0,4656.0,1864.0,1755.0,2630.0,143.0,213.0,0.979,34.7,3.868,51.0,57.0
7.7,1.0,7.0,11.0,4.0,12.0,1996.0,98.0,10.0,5900.0,9999.0,9999.0,9999.0,11.27,9999.0,9999.0,9999.0,1705.0,680.0,17.4,15.0,21.0,1.0,28.0,33.0,39.0,42.0,4733.0,1950.0,1802.0,2878.0,175.0,179.0,9999.0,36.6,3.35,52.0,54.0
7.8,2.0,7.0,9.0,6.0,13.0,2398.0,125.0,10.0,5900.0,550.0,6000.0,6000.0,11.79,4.2,6.5,9.8,1510.0,570.0,12.1,15.0,20.0,2.0,28.0,33.0,38.0,42.0,4818.0,1799.0,1440.0,2833.0,224.0,225.0,608.0,43.2,2.7,52.0,54.0
7.8,2.0,7.0,9.0,6.0,13.0,2398.0,125.0,10.0,5900.0,550.0,6000.0,6000.0,11.79,4.2,6.5,9.8,1510.0,570.0,12.1,15.0,20.0,2.0,28.0,33.0,38.0,42.0,4818.0,1799.0,1440.0,2833.0,224.0,225.0,608.0,43.2,2.7,52.0,54.0
7.8,2.0,7.0,9.0,6.0,13.0,2799.0,150.0,10.0,5700.0,560.0,6000.0,6000.0,12.12,4.0,6.2,9.1,1560.0,580.0,10.4,15.0,20.0,2.0,28.0,33.0,38.0,42.0,4818.0,1799.0,1440.0,2833.0,230.0,270.0,0.6509999999999999,41.1,2864.0,52.0,54.0
7.8,2.0,7.0,9.0,4.0,12.0,2295.0,142.0,9.0,5300.0,750.0,6350.0,5800.0,15.33,4.2,6.5,9.1,1575.0,455.0,11.1,15.0,20.0,2.0,30.0,33.0,38.0,42.0,4567.0,1722.0,1380.0,2690.0,227.0,280.0,0.64,42.6,2714.0,50.0,54.0
7.8,2.0,7.0,9.0,6.0,13.0,2597.0,125.0,11.0,5500.0,9999.0,6000.0,6000.0,11.61,9999.0,9999.0,9.2,1460.0,555.0,11.7,15.0,20.0,2.0,28.0,33.0,38.0,42.0,4526.0,1728.0,1426.0,2715.0,235.0,240.0,9999.0,39.8,2.96,52.0,54.0
7.8,1.0,7.0,9.0,6.0,13.0,2671.0,169.0,9.0,5800.0,700.0,6800.0,9999.0,14.58,9999.0,5.7,7.5,1540.0,550.0,9.1,15.0,22.0,4.0,31.0,33.0,38.0,42.0,4796.0,1810.0,1452.0,2759.0,247.0,310.0,613.0,50.6,2325.0,50.0,54.0
7.8,2.0,7.0,9.0,4.0,12.0,2198.0,106.0,11.0,5400.0,9999.0,9999.0,9999.0,11.72,9999.0,9999.0,11.5,1625.0,465.0,15.3,15.0,21.0,2.0,28.0,33.0,39.0,42.0,4898.0,1776.0,1455.0,2730.0,206.0,205.0,685.0,38.1,3.51,50.0,54.0
7.8,2.0,7.0,9.0,6.0,14.0,3179.0,185.0,11.0,6250.0,9999.0,9999.0,9999.0,12.06,9999.0,9999.0,5.9,1295.0,320.0,7.0,15.0,20.0,4.0,28.0,33.0,38.0,42.0,4315.0,1780.0,1290.0,2415.0,260.0,305.0,618.0,40.3,2.893,50.0,56.0
7.8,1.0,7.0,9.0,4.0,12.0,1985.0,110.0,9.0,5500.0,825.0,9999.0,9999.0,15.19,9999.0,9999.0,11.6,1540.0,540.0,14.0,15.0,18.0,2.0,29.0,33.0,38.0,42.0,4805.0,1792.0,1449.0,2703.0,210.0,240.0,9999.0,46.2,2.6,50.0,54.0
7.8,1.0,7.0,9.0,4.0,12.0,2290.0,125.0,9.0,5500.0,825.0,9999.0,9999.0,15.37,9999.0,9999.0,9.9,1545.0,535.0,12.4,15.0,18.0,2.0,29.0,33.0,38.0,42.0,4805.0,1792.0,1449.0,2703.0,220.0,280.0,9999.0,46.2,2.6,50.0,54.0
7.8,1.0,7.0,9.0,4.0,12.0,1985.0,136.0,9.0,5750.0,900.0,6190.0,9999.0,14.56,9999.0,9999.0,8.5,1315.0,495.0,9.7,15.0,18.0,2.0,29.0,33.0,39.0,42.0,4629.0,1711.0,1423.0,2604.0,230.0,230.0,9999.0,39.4,2.9,50.0,54.0
7.8,1.0,7.0,9.0,4.0,12.0,1985.0,136.0,9.0,5500.0,900.0,9999.0,9999.0,14.56,9999.0,9999.0,8.5,1315.0,495.0,9.7,15.0,18.0,2.0,29.0,33.0,39.0,42.0,4629.0,1711.0,1428.0,2605.0,230.0,230.0,9999.0,39.4,2.9,50.0,54.0
7.8,1.0,7.0,9.0,4.0,12.0,1948.0,118.0,9.0,5100.0,750.0,6800.0,6500.0,14.84,9999.0,9999.0,9.0,1300.0,490.0,11.0,15.0,21.0,2.0,29.0,33.0,39.0,42.0,4483.0,1717.0,1411.0,2550.0,210.0,230.0,9999.0,38.7,2815.0,50.0,54.0
7.8,1.0,7.0,9.0,4.0,12.0,2157.0,136.0,10.0,7000.0,790.0,9999.0,9999.0,12.0,9999.0,9999.0,9.0,1310.0,430.0,9.6,15.0,21.0,2.0,28.0,33.0,39.0,42.0,4545.0,1750.0,1315.0,2585.0,223.0,206.0,9999.0,34.4,3125.0,52.0,54.0
7.8,1.0,7.0,9.0,4.0,12.0,2157.0,156.0,11.0,7200.0,9999.0,9999.0,9999.0,12.53,9999.0,9999.0,7.2,1330.0,490.0,8.5,15.0,21.0,2.0,28.0,33.0,39.0,42.0,4585.0,1750.0,1430.0,2675.0,228.0,215.0,9999.0,30.9,3.711,52.0,54.0
7.8,1.0,7.0,9.0,6.0,13.0,2497.0,123.0,9.0,6000.0,650.0,9999.0,9999.0,10.67,9999.0,9999.0,11.0,1451.0,504.0,11.8,15.0,23.0,4.0,28.0,33.0,38.0,42.0,4825.0,1770.0,1395.0,2750.0,210.0,212.0,0.61,40.5,2926.0,52.0,54.0
7.8,1.0,7.0,9.0,6.0,13.0,2988.0,147.0,10.0,6400.0,9999.0,9999.0,9999.0,11.4,9999.0,9999.0,9.6,1450.0,585.0,9.9,15.0,20.0,4.0,28.0,33.0,38.0,42.0,4920.0,1780.0,1435.0,2750.0,212.0,271.0,9999.0,44.7,2.6,52.0,56.0
7.8,2.0,7.0,9.0,6.0,12.0,1988.0,114.0,10.0,6200.0,9999.0,9999.0,6500.0,12.33,9999.0,9999.0,9.5,1360.0,460.0,11.9,15.0,23.0,2.0,28.0,33.0,38.0,42.0,4400.0,1720.0,1420.0,2670.0,215.0,195.0,9999.0,34.1,3397.0,52.0,54.0
7.8,1.0,7.0,9.0,4.0,12.0,1793.0,85.0,10.0,5750.0,9999.0,9999.0,9999.0,10.65,9999.0,9999.0,10.7,1220.0,530.0,14.4,15.0,21.0,2.0,28.0,33.0,39.0,42.0,4731.0,1770.0,1420.0,2659.0,185.0,152.0,9999.0,34.2,3264.0,50.0,54.0
7.8,2.0,7.0,9.0,6.0,12.0,1991.0,110.0,11.0,5900.0,700.0,9999.0,6500.0,11.99,9999.0,9999.0,12.2,1600.0,625.0,14.5,15.0,18.0,2.0,28.0,33.0,38.0,42.0,4808.0,1799.0,1445.0,2827.0,209.0,190.0,0.6509999999999999,43.9,2694.0,50.0,54.0
7.8,1.0,7.0,9.0,4.0,12.0,1985.0,110.0,9.0,5500.0,9999.0,9999.0,9999.0,15.19,9999.0,9999.0,11.6,1535.0,620.0,14.0,15.0,18.0,2.0,29.0,33.0,38.0,42.0,4805.0,1792.0,1497.0,2703.0,210.0,240.0,9999.0,44.6,2.652,50.0,54.0
7.8,1.0,7.0,9.0,4.0,12.0,1948.0,118.0,9.0,5100.0,750.0,6800.0,6500.0,14.84,9999.0,9999.0,9.0,1320.0,490.0,11.2,15.0,21.0,2.0,29.0,33.0,39.0,42.0,4483.0,1717.0,1413.0,2550.0,210.0,230.0,9999.0,38.7,2815.0,50.0,54.0
7.8,3.0,7.0,9.0,4.0,14.0,1994.0,92.0,10.0,5600.0,700.0,9999.0,9999.0,11.6,9999.0,9999.0,12.2,1430.0,465.0,15.5,15.0,21.0,2.0,28.0,33.0,38.0,42.0,4680.0,1695.0,1515.0,2650.0,180.0,184.0,9999.0,39.5,2852.0,50.0,54.0
7.8,1.0,7.0,9.0,4.0,12.0,1793.0,85.0,10.0,5750.0,9999.0,9999.0,9999.0,10.65,9999.0,9999.0,10.7,1274.0,566.0,15.0,15.0,21.0,2.0,28.0,33.0,39.0,42.0,4750.0,1785.0,1495.0,2659.0,185.0,152.0,9999.0,34.2,3264.0,50.0,54.0
7.8,1.0,7.0,11.0,4.0,12.0,2295.0,107.0,10.0,5500.0,875.0,9999.0,9999.0,11.12,9999.0,9999.0,10.7,1649.0,730.0,15.4,15.0,18.0,2.0,28.0,33.0,38.0,42.0,4620.0,1810.0,1730.0,2835.0,192.0,203.0,884.0,33.6,3.49,52.0,54.0
7.8,5.0,8.0,10.0,4.0,12.0,2172.0,85.0,19.0,3800.0,9999.0,9999.0,4750.0,15.04,9999.0,9999.0,14.6,1781.0,669.0,21.0,15.0,18.0,1.0,29.0,34.0,38.0,46.0,4658.0,1787.0,1740.0,2702.0,154.0,260.0,9999.0,36.3,3694.0,51.0,56.0
7.8,1.0,8.0,11.0,5.0,12.0,2370.0,55.0,23.0,3700.0,850.0,4800.0,9999.0,8.48,9999.0,14.9,24.7,1780.0,920.0,32.4,15.0,21.0,1.0,28.0,35.0,40.0,44.0,4789.0,1840.0,1940.0,2920.0,136.0,160.0,1094.0,34.0,3486.0,0.0,57.0
7.8,1.0,8.0,11.0,5.0,12.0,2370.0,55.0,23.0,3700.0,850.0,4800.0,9999.0,8.48,9999.0,14.9,24.7,1820.0,880.0,33.1,15.0,21.0,1.0,28.0,35.0,40.0,44.0,5189.0,1840.0,1940.0,3320.0,136.0,160.0,1094.0,34.0,3486.0,0.0,57.0
7.8,1.0,7.0,11.0,4.0,12.0,2351.0,110.0,12.0,5500.0,9999.0,9999.0,9999.0,12.03,9999.0,9999.0,12.9,1440.0,480.0,13.1,15.0,21.0,2.0,28.0,34.0,38.0,48.0,4290.0,1695.0,1680.0,2550.0,180.0,225.0,0.916,38.2,3.97,52.0,54.0
7.8,3.0,7.0,10.0,4.0,12.0,1834.0,88.0,12.0,5250.0,600.0,9999.0,9999.0,11.92,9999.0,9999.0,10.2,1285.0,405.0,14.6,15.0,21.0,2.0,28.0,34.0,38.0,48.0,3735.0,1695.0,1735.0,2280.0,168.0,174.0,9999.0,31.3,4.7,52.0,54.0
7.8,3.0,8.0,10.0,4.0,12.0,3200.0,121.0,17.0,3800.0,9999.0,9999.0,9999.0,14.65,9999.0,9999.0,11.5,1925.0,585.0,15.9,15.0,21.0,2.0,29.0,34.0,39.0,44.0,4280.0,1875.0,1845.0,2545.0,170.0,373.0,1088.0,9999.0,3.1,51.0,59.0
7.8,1.0,7.0,11.0,4.0,12.0,1998.0,94.0,10.0,5400.0,9999.0,9999.0,9999.0,11.2,9999.0,9999.0,11.7,1360.0,650.0,14.5,15.0,21.0,2.0,28.0,33.0,39.0,42.0,4530.0,1695.0,1660.0,2735.0,180.0,178.0,9999.0,39.4,2835.0,52.0,54.0
7.9,2.0,7.0,9.0,6.0,13.0,2799.0,150.0,10.0,5700.0,560.0,6000.0,6000.0,12.12,4.0,5.8,8.9,1540.0,600.0,10.3,15.0,20.0,2.0,28.0,33.0,38.0,42.0,4818.0,1799.0,1440.0,2833.0,230.0,270.0,0.6509999999999999,45.7,2573.0,52.0,54.0
7.9,2.0,7.0,9.0,6.0,13.0,2799.0,150.0,10.0,5700.0,700.0,6000.0,6000.0,12.12,4.2,6.5,9.5,1760.0,370.0,11.7,15.0,20.0,2.0,28.0,33.0,38.0,42.0,4499.0,1809.0,1288.0,2515.0,228.0,270.0,0.65,39.1,3.46,52.0,54.0
7.9,3.0,7.0,9.0,6.0,13.0,2771.0,142.0,11.0,6000.0,750.0,6000.0,9999.0,12.7,9999.0,5.2,7.3,1430.0,550.0,10.1,15.0,22.0,4.0,28.0,33.0,38.0,42.0,4479.0,1733.0,1416.0,2607.0,238.0,280.0,0.65,37.3,3.68,50.0,54.0
7.9,3.0,7.0,9.0,6.0,13.0,2771.0,142.0,11.0,6000.0,750.0,6000.0,9999.0,12.7,9999.0,6.6,9.3,1490.0,550.0,10.5,15.0,22.0,4.0,28.0,33.0,38.0,42.0,4479.0,1733.0,1416.0,2607.0,233.0,280.0,0.65,50.0,2294.0,50.0,54.0
7.9,1.0,7.0,9.0,6.0,13.0,2671.0,169.0,9.0,5800.0,700.0,6800.0,9999.0,14.58,9999.0,5.9,8.3,1580.0,550.0,9.3,15.0,22.0,4.0,31.0,33.0,38.0,42.0,4796.0,1810.0,1452.0,2760.0,244.0,310.0,613.0,54.5,2.1590000000000003,50.0,54.0
7.9,2.0,7.0,9.0,6.0,12.0,3201.0,236.0,11.0,7400.0,9999.0,7600.0,7600.0,13.74,9999.0,9999.0,5.4,1350.0,270.0,5.7,15.0,20.0,2.0,28.0,33.0,38.0,42.0,4025.0,1740.0,1266.0,2459.0,250.0,350.0,773.0,36.5,3.2,50.0,56.0
7.9,2.0,7.0,9.0,6.0,12.0,2793.0,142.0,10.0,5500.0,700.0,9999.0,9999.0,12.6,9999.0,9999.0,8.6,1710.0,535.0,12.0,15.0,18.0,2.0,28.0,33.0,39.0,42.0,4984.0,1862.0,1435.0,2930.0,228.0,280.0,0.6629999999999999,38.9,3.2,50.0,56.0
7.9,2.0,7.0,9.0,6.0,13.0,2498.0,125.0,11.0,6000.0,650.0,9999.0,9999.0,11.42,9999.0,9999.0,9.5,1675.0,495.0,13.4,15.0,21.0,4.0,28.0,33.0,38.0,42.0,4898.0,1776.0,1455.0,2730.0,228.0,227.0,685.0,35.7,3315.0,52.0,54.0
7.9,2.0,7.0,9.0,6.0,13.0,2962.0,155.0,11.0,6000.0,650.0,9999.0,9999.0,11.45,9999.0,9999.0,8.5,1675.0,495.0,10.8,15.0,21.0,4.0,28.0,33.0,38.0,42.0,4898.0,1776.0,1455.0,2730.0,243.0,270.0,685.0,39.4,2997.0,52.0,54.0
7.9,2.0,7.0,9.0,4.0,12.0,1997.0,177.0,11.0,8300.0,9999.0,9000.0,9999.0,13.09,9999.0,9999.0,6.2,1260.0,275.0,7.1,15.0,26.0,2.0,28.0,33.0,39.0,42.0,4135.0,1750.0,1285.0,2405.0,240.0,208.0,0.6920000000000001,34.8,3321.0,50.0,54.0
7.9,1.0,7.0,9.0,4.0,12.0,1975.0,102.0,10.0,6000.0,800.0,9999.0,9999.0,11.58,9999.0,9999.0,11.0,1205.0,395.0,11.8,15.0,22.0,2.0,28.0,33.0,38.0,42.0,4345.0,1730.0,1303.0,2475.0,195.0,182.0,677.0,36.1,2.9760000000000004,50.0,54.0
7.9,2.0,7.0,9.0,6.0,13.0,3199.0,165.0,10.0,5600.0,575.0,6000.0,6000.0,12.37,3.9,5.9,8.7,1650.0,650.0,10.0,15.0,20.0,2.0,28.0,33.0,38.0,42.0,4839.0,1799.0,1505.0,2833.0,230.0,315.0,745.0,46.2,2548.0,52.0,54.0
7.9,3.0,7.0,9.0,6.0,13.0,2771.0,142.0,11.0,6000.0,750.0,6000.0,9999.0,12.7,9999.0,5.3,7.5,1465.0,550.0,10.3,15.0,22.0,4.0,28.0,33.0,38.0,42.0,4479.0,1733.0,1416.0,2607.0,234.0,280.0,653.0,37.3,3.68,50.0,54.0
7.9,3.0,7.0,9.0,6.0,13.0,2771.0,142.0,11.0,6000.0,750.0,6000.0,9999.0,12.7,9999.0,6.7,9.5,1525.0,550.0,10.7,15.0,22.0,4.0,28.0,33.0,38.0,42.0,4479.0,1733.0,1416.0,2607.0,229.0,280.0,653.0,50.0,2294.0,50.0,54.0
7.9,1.0,7.0,9.0,6.0,13.0,2671.0,169.0,9.0,5800.0,700.0,6800.0,9999.0,14.58,9999.0,5.9,7.7,1600.0,550.0,9.5,15.0,22.0,4.0,31.0,33.0,38.0,42.0,4796.0,1810.0,1479.0,2760.0,245.0,310.0,635.0,50.6,2325.0,50.0,54.0
7.9,1.0,7.0,9.0,6.0,13.0,2671.0,169.0,9.0,5800.0,700.0,6800.0,9999.0,14.58,9999.0,6.1,8.5,1635.0,550.0,9.7,15.0,22.0,4.0,31.0,33.0,38.0,42.0,4796.0,1810.0,1479.0,2760.0,242.0,310.0,635.0,54.5,2.1590000000000003,50.0,54.0
7.9,2.0,7.0,9.0,6.0,12.0,2494.0,125.0,11.0,5500.0,700.0,9999.0,6500.0,12.34,9999.0,9999.0,10.2,1610.0,625.0,12.9,15.0,18.0,2.0,28.0,33.0,38.0,42.0,4808.0,1799.0,1445.0,2827.0,222.0,245.0,0.6729999999999999,49.8,2.4,50.0,54.0
7.9,2.0,7.0,9.0,4.0,12.0,2198.0,106.0,11.0,5400.0,9999.0,9999.0,9999.0,11.72,9999.0,9999.0,12.5,1685.0,525.0,15.9,15.0,21.0,2.0,28.0,33.0,39.0,42.0,4898.0,1776.0,1505.0,2730.0,198.0,205.0,726.0,38.1,3.51,50.0,54.0
7.9,3.0,7.0,9.0,4.0,14.0,2457.0,115.0,10.0,5600.0,700.0,9999.0,9999.0,11.41,9999.0,9999.0,10.4,1505.0,465.0,13.1,15.0,23.0,4.0,28.0,33.0,38.0,42.0,4680.0,1695.0,1515.0,2650.0,200.0,223.0,9999.0,39.2,2852.0,50.0,54.0
7.9,1.0,7.0,11.0,4.0,12.0,1998.0,85.0,10.0,5500.0,9999.0,9999.0,9999.0,10.69,9999.0,9999.0,13.1,1649.0,751.0,19.4,15.0,18.0,2.0,28.0,33.0,38.0,42.0,4620.0,1810.0,1730.0,2835.0,177.0,170.0,884.0,34.1,3.49,52.0,54.0
7.9,1.0,7.0,11.0,4.0,12.0,1781.0,110.0,10.0,5500.0,820.0,9999.0,9999.0,14.82,9999.0,8.1,12.0,1660.0,740.0,15.1,15.0,22.0,2.0,29.0,33.0,38.0,42.0,4620.0,1810.0,1730.0,2846.0,194.0,210.0,831.0,33.6,3.49,50.0,54.0
7.9,1.0,7.0,11.0,4.0,12.0,1998.0,84.0,10.0,5400.0,770.0,9999.0,9999.0,10.57,9999.0,9999.0,13.7,1490.0,760.0,17.7,15.0,21.0,1.0,28.0,33.0,39.0,42.0,4517.0,1810.0,1692.0,2702.0,175.0,168.0,0.85,35.9,3233.0,50.0,54.0
7.9,1.0,7.0,11.0,4.0,12.0,1998.0,84.0,10.0,5400.0,770.0,9999.0,9999.0,10.57,9999.0,9999.0,13.7,1530.0,720.0,18.2,15.0,21.0,1.0,28.0,33.0,39.0,42.0,4787.0,1810.0,1690.0,2874.0,177.0,168.0,9999.0,35.9,3233.0,50.0,54.0
7.9,2.0,7.0,11.0,4.0,12.0,1597.0,71.0,10.0,5600.0,700.0,9999.0,9999.0,10.31,9999.0,9999.0,17.3,1405.0,685.0,19.8,15.0,18.0,2.0,28.0,33.0,38.0,42.0,4320.0,1695.0,1855.0,2735.0,150.0,131.0,9999.0,30.3,3.85,52.0,54.0
7.9,3.0,7.0,10.0,4.0,12.0,1998.0,94.0,10.0,5400.0,800.0,9999.0,9999.0,11.2,9999.0,9999.0,10.1,1200.0,440.0,12.8,15.0,23.0,2.0,28.0,33.0,39.0,42.0,3715.0,1695.0,1655.0,2200.0,170.0,178.0,9999.0,9999.0,3823.0,52.0,54.0
7.9,3.0,7.0,10.0,4.0,12.0,1998.0,94.0,10.0,5400.0,800.0,9999.0,9999.0,11.2,9999.0,9999.0,10.4,1265.0,505.0,13.5,15.0,23.0,2.0,28.0,33.0,39.0,42.0,4125.0,1695.0,1660.0,2410.0,170.0,178.0,9999.0,9999.0,3823.0,52.0,54.0
8.0,2.0,7.0,9.0,8.0,13.0,4266.0,205.0,10.0,5750.0,650.0,6000.0,6000.0,11.78,3.2,4.6,6.6,1610.0,600.0,7.9,15.0,20.0,2.0,28.0,33.0,38.0,42.0,4818.0,1799.0,1443.0,2833.0,250.0,400.0,629.0,50.3,2343.0,52.0,54.0
8.0,2.0,7.0,9.0,8.0,13.0,4266.0,205.0,10.0,5750.0,650.0,6000.0,6000.0,11.78,3.2,4.7,6.4,1480.0,480.0,7.2,15.0,20.0,2.0,28.0,33.0,38.0,42.0,4567.0,1722.0,1371.0,2690.0,250.0,400.0,617.0,52.6,2.2,52.0,54.0
8.0,2.0,7.0,9.0,6.0,13.0,3199.0,165.0,10.0,5600.0,700.0,6000.0,6000.0,12.37,3.7,5.7,8.4,1760.0,390.0,10.7,15.0,20.0,2.0,28.0,33.0,38.0,42.0,4499.0,1809.0,1288.0,2515.0,238.0,315.0,0.65,41.6,2864.0,52.0,54.0
8.0,2.0,7.0,9.0,6.0,13.0,3199.0,160.0,10.0,5700.0,550.0,6000.0,6000.0,12.18,3.5,4.9,6.9,1330.0,335.0,8.3,15.0,20.0,2.0,28.0,33.0,38.0,42.0,4010.0,1712.0,1279.0,2400.0,245.0,310.0,632.0,42.2,2.7,52.0,54.0
8.0,2.0,7.0,9.0,6.0,12.0,2793.0,142.0,10.0,5500.0,700.0,9999.0,9999.0,12.6,9999.0,9999.0,9.6,1730.0,535.0,12.2,15.0,18.0,2.0,28.0,33.0,39.0,42.0,4984.0,1862.0,1435.0,2930.0,226.0,280.0,0.6629999999999999,52.5,2.4,50.0,56.0
8.0,2.0,7.0,9.0,6.0,12.0,2793.0,142.0,10.0,5500.0,700.0,9999.0,9999.0,12.6,9999.0,9999.0,9.6,1765.0,535.0,12.4,15.0,18.0,2.0,28.0,33.0,39.0,42.0,5124.0,1862.0,1426.0,3070.0,226.0,280.0,0.6629999999999999,52.5,2.4,50.0,56.0
8.0,2.0,7.0,9.0,6.0,14.0,2687.0,162.0,11.0,6400.0,9999.0,9999.0,9999.0,12.16,9999.0,9999.0,7.4,1310.0,310.0,8.1,15.0,20.0,4.0,28.0,33.0,38.0,42.0,4315.0,1780.0,1290.0,2415.0,245.0,260.0,598.0,38.9,2975.0,50.0,56.0
8.0,1.0,7.0,9.0,6.0,13.0,2946.0,140.0,11.0,5500.0,650.0,6800.0,9999.0,11.39,9999.0,9999.0,8.1,1468.0,482.0,10.5,15.0,21.0,4.0,28.0,33.0,39.0,42.0,4524.0,1755.0,1400.0,2740.0,230.0,267.0,0.6859999999999999,38.0,3.17,50.0,54.0
8.0,1.0,7.0,9.0,4.0,12.0,1998.0,108.0,8.0,5300.0,800.0,6300.0,9999.0,14.78,9999.0,9999.0,11.2,1487.0,548.0,13.8,15.0,21.0,1.0,29.0,33.0,39.0,42.0,4708.0,1794.0,1385.0,2850.0,208.0,235.0,639.0,40.2,2.8510000000000004,50.0,54.0
8.0,1.0,7.0,9.0,6.0,13.0,2946.0,140.0,11.0,5500.0,650.0,6800.0,9999.0,11.39,9999.0,9999.0,8.4,1550.0,530.0,11.1,15.0,21.0,4.0,28.0,33.0,39.0,42.0,4708.0,1794.0,1385.0,2850.0,233.0,267.0,639.0,37.4,3.64,50.0,54.0
8.0,1.0,7.0,9.0,5.0,12.0,2319.0,176.0,9.0,5100.0,9999.0,9999.0,9999.0,17.88,9999.0,9999.0,7.2,1473.0,437.0,8.4,15.0,21.0,2.0,29.0,33.0,38.0,42.0,4716.0,1817.0,1414.0,2664.0,240.0,330.0,624.0,46.0,2.514,50.0,54.0
8.0,1.0,7.0,9.0,5.0,12.0,2319.0,176.0,9.0,5100.0,9999.0,9999.0,9999.0,17.88,9999.0,9999.0,8.0,1621.0,409.0,9.2,15.0,21.0,2.0,29.0,33.0,38.0,42.0,4716.0,1817.0,1429.0,2664.0,225.0,330.0,738.0,29.5,3928.0,50.0,54.0
8.0,1.0,7.0,9.0,6.0,12.0,2783.0,200.0,9.0,5400.0,650.0,9999.0,9999.0,17.16,9999.0,9999.0,7.2,1614.0,486.0,8.1,15.0,21.0,2.0,31.0,33.0,39.0,42.0,4822.0,1832.0,1434.0,2791.0,250.0,380.0,9999.0,51.2,2336.0,50.0,54.0
8.0,3.0,7.0,9.0,4.0,14.0,1994.0,160.0,8.0,5600.0,9999.0,9999.0,9999.0,18.28,9999.0,9999.0,6.4,1315.0,485.0,8.2,15.0,21.0,4.0,29.0,33.0,38.0,42.0,4350.0,1690.0,1435.0,2520.0,229.0,290.0,0.7040000000000001,41.3,2886.0,50.0,54.0
8.0,1.0,7.0,9.0,6.0,13.0,2972.0,138.0,10.0,6000.0,9999.0,9999.0,9999.0,10.78,9999.0,9999.0,8.9,1679.0,491.0,12.2,15.0,21.0,4.0,28.0,33.0,38.0,42.0,4865.0,1825.0,1420.0,2750.0,225.0,255.0,9999.0,48.6,2436.0,50.0,54.0
8.0,2.0,7.0,9.0,6.0,13.0,2498.0,125.0,11.0,6000.0,650.0,9999.0,9999.0,11.42,9999.0,9999.0,10.0,1713.0,567.0,13.7,15.0,21.0,4.0,28.0,33.0,38.0,42.0,4898.0,1776.0,1505.0,2730.0,220.0,227.0,726.0,35.7,3315.0,52.0,54.0
8.0,2.0,7.0,9.0,6.0,13.0,2962.0,155.0,11.0,6000.0,650.0,9999.0,9999.0,11.45,9999.0,9999.0,8.5,1713.0,567.0,11.1,15.0,21.0,4.0,28.0,33.0,38.0,42.0,4898.0,1776.0,1505.0,2730.0,235.0,270.0,726.0,39.4,2997.0,52.0,54.0
8.0,3.0,7.0,9.0,6.0,13.0,2771.0,142.0,11.0,6000.0,700.0,9999.0,9999.0,12.7,9999.0,6.9,10.0,1579.0,551.0,11.1,15.0,22.0,4.0,28.0,33.0,38.0,42.0,4669.0,1740.0,1498.0,2702.0,227.0,280.0,667.0,50.5,2294.0,50.0,54.0
8.0,3.0,7.0,9.0,5.0,13.0,2324.0,110.0,10.0,6000.0,700.0,6600.0,9999.0,11.08,9999.0,7.0,10.5,1478.0,487.0,13.4,15.0,18.0,2.0,28.0,33.0,38.0,42.0,4409.0,1735.0,1473.0,2518.0,211.0,205.0,0.6779999999999999,36.0,3217.0,50.0,56.0
8.0,1.0,7.0,9.0,4.0,12.0,1998.0,108.0,8.0,5300.0,800.0,6300.0,9999.0,14.78,9999.0,9999.0,10.5,1527.0,643.0,14.1,15.0,21.0,1.0,29.0,33.0,39.0,42.0,4963.0,1794.0,1464.0,2850.0,204.0,235.0,738.0,35.4,3233.0,50.0,54.0
8.0,1.0,7.0,9.0,6.0,13.0,2946.0,140.0,11.0,5500.0,650.0,6800.0,9999.0,11.39,9999.0,9999.0,8.9,1615.0,605.0,11.5,15.0,21.0,4.0,28.0,33.0,39.0,42.0,4963.0,1794.0,1464.0,2850.0,228.0,267.0,741.0,37.4,3.64,50.0,54.0
8.0,1.0,7.0,9.0,6.0,13.0,2962.0,147.0,10.0,5000.0,700.0,9999.0,9999.0,13.15,9999.0,9999.0,8.3,1535.0,620.0,10.4,15.0,21.0,4.0,29.0,33.0,38.0,42.0,4805.0,1792.0,1497.0,2703.0,235.0,310.0,9999.0,44.3,2.652,50.0,54.0
8.0,3.0,7.0,9.0,4.0,14.0,2457.0,115.0,10.0,5600.0,700.0,9999.0,9999.0,11.41,9999.0,9999.0,10.6,1520.0,460.0,13.2,15.0,23.0,4.0,28.0,33.0,38.0,42.0,4720.0,1745.0,1580.0,2650.0,195.0,223.0,9999.0,39.4,3.81,50.0,54.0
8.0,3.0,8.0,10.0,5.0,12.0,2688.0,120.0,18.0,4200.0,680.0,4750.0,4600.0,18.7,4.7,7.7,11.4,2045.0,705.0,17.0,15.0,19.0,2.0,29.0,34.0,38.0,43.0,4587.0,1833.0,1820.0,2820.0,183.0,400.0,1061.0,47.3,2875.0,50.0,57.0
8.0,5.0,7.0,10.0,4.0,12.0,2198.0,100.0,10.0,5200.0,9999.0,9999.0,9999.0,11.55,9999.0,9999.0,13.4,1660.0,640.0,16.6,15.0,21.0,2.0,28.0,33.0,39.0,42.0,4268.0,1787.0,1692.0,2462.0,165.0,202.0,9999.0,34.7,3872.0,50.0,54.0
8.0,5.0,8.0,10.0,4.0,12.0,2172.0,85.0,19.0,4300.0,9999.0,9999.0,4750.0,15.04,9999.0,9999.0,15.0,1735.0,565.0,20.4,15.0,18.0,1.0,29.0,34.0,38.0,46.0,4268.0,1787.0,1692.0,2462.0,156.0,260.0,9999.0,40.9,3283.0,51.0,56.0
8.0,1.0,7.0,11.0,4.0,12.0,1984.0,85.0,10.0,5000.0,800.0,9999.0,9999.0,10.77,9999.0,10.6,15.4,1634.0,766.0,19.2,15.0,21.0,1.0,28.0,33.0,38.0,42.0,4620.0,1810.0,1730.0,2835.0,177.0,170.0,831.0,34.1,3.49,50.0,54.0
8.0,3.0,8.0,11.0,5.0,12.0,2461.0,75.0,21.0,3500.0,780.0,9999.0,9999.0,12.77,9999.0,12.1,18.4,1910.0,790.0,25.5,15.0,21.0,1.0,29.0,34.0,38.0,44.0,4789.0,1840.0,1940.0,2920.0,155.0,250.0,1094.0,35.7,3315.0,51.0,57.0
8.0,3.0,8.0,11.0,5.0,12.0,2461.0,75.0,21.0,3500.0,780.0,9999.0,9999.0,12.77,9999.0,12.1,18.4,1950.0,750.0,26.0,15.0,21.0,1.0,29.0,34.0,38.0,44.0,5189.0,1840.0,1940.0,3320.0,155.0,250.0,1094.0,35.7,3315.0,51.0,57.0
8.0,3.0,8.0,10.0,4.0,12.0,3200.0,121.0,17.0,3800.0,9999.0,9999.0,9999.0,14.65,9999.0,9999.0,12.0,2080.0,730.0,17.2,15.0,21.0,2.0,29.0,34.0,39.0,44.0,4795.0,1875.0,1855.0,2780.0,170.0,373.0,1088.0,9999.0,3.1,51.0,59.0
8.0,5.0,7.0,10.0,4.0,12.0,1995.0,94.0,9.0,6000.0,9999.0,9999.0,9999.0,10.96,9999.0,9999.0,9999.0,1330.0,420.0,14.1,15.0,24.0,2.0,28.0,33.0,38.0,42.0,3875.0,1710.0,1690.0,2200.0,160.0,174.0,9999.0,32.4,3.876,50.0,54.0
8.0,5.0,7.0,10.0,4.0,12.0,1995.0,94.0,9.0,6000.0,9999.0,9999.0,9999.0,10.96,9999.0,9999.0,9999.0,1335.0,415.0,14.2,15.0,24.0,2.0,28.0,33.0,38.0,42.0,3885.0,1695.0,1685.0,2200.0,160.0,174.0,9999.0,32.4,3.876,50.0,54.0
8.0,1.0,7.0,11.0,4.0,12.0,2362.0,115.0,10.0,5600.0,9999.0,9999.0,9999.0,11.97,9999.0,9999.0,10.9,1555.0,815.0,13.5,15.0,23.0,2.0,28.0,33.0,38.0,42.0,4750.0,1790.0,1770.0,2900.0,185.0,225.0,9999.0,39.2,3.21,50.0,54.0
8.0,1.0,7.0,11.0,4.0,12.0,2362.0,115.0,10.0,5600.0,9999.0,9999.0,9999.0,11.97,9999.0,9999.0,10.9,1565.0,760.0,13.6,15.0,23.0,2.0,28.0,33.0,38.0,42.0,4750.0,1790.0,1810.0,2900.0,185.0,225.0,9999.0,39.2,3.21,50.0,54.0
8.0,1.0,7.0,11.0,4.0,12.0,2362.0,115.0,10.0,5600.0,9999.0,9999.0,9999.0,11.97,9999.0,9999.0,10.9,1570.0,670.0,13.7,15.0,23.0,2.0,28.0,33.0,38.0,42.0,4750.0,1790.0,1820.0,2900.0,185.0,225.0,9999.0,40.2,3.21,50.0,54.0
8.0,5.0,8.0,10.0,5.0,12.0,2874.0,88.0,22.0,4000.0,700.0,9999.0,9999.0,11.19,9999.0,9999.0,9999.0,1830.0,685.0,20.8,15.0,20.0,1.0,29.0,37.0,40.0,49.0,4330.0,1841.0,1840.0,2480.0,148.0,256.0,9999.0,34.7,3.868,51.0,59.0
8.1,3.0,7.0,9.0,6.0,13.0,2393.0,121.0,11.0,6000.0,650.0,6800.0,9999.0,12.08,9999.0,7.9,10.9,1610.0,580.0,13.3,15.0,22.0,4.0,28.0,33.0,38.0,42.0,4796.0,1810.0,1452.0,2760.0,214.0,230.0,613.0,47.4,2443.0,50.0,54.0
8.1,2.0,7.0,9.0,6.0,12.0,2793.0,141.0,10.0,5300.0,700.0,9999.0,6500.0,12.37,9999.0,9999.0,7.1,1340.0,270.0,9.5,15.0,18.0,2.0,28.0,33.0,38.0,42.0,4025.0,1740.0,1306.0,2446.0,229.0,275.0,677.0,39.0,2964.0,50.0,54.0
8.1,2.0,7.0,9.0,6.0,12.0,2793.0,142.0,10.0,5500.0,700.0,6500.0,6500.0,12.6,9999.0,9999.0,7.2,1325.0,270.0,9.3,15.0,18.0,2.0,28.0,33.0,39.0,42.0,4050.0,1740.0,1293.0,2446.0,223.0,280.0,769.0,39.0,2964.0,50.0,54.0
8.1,2.0,7.0,9.0,6.0,13.0,2498.0,125.0,11.0,6000.0,650.0,9999.0,9999.0,11.42,9999.0,9999.0,10.5,1695.0,485.0,13.6,15.0,21.0,4.0,28.0,33.0,38.0,42.0,4898.0,1776.0,1455.0,2730.0,223.0,227.0,685.0,38.8,3.51,52.0,54.0
8.1,1.0,7.0,9.0,6.0,13.0,2946.0,140.0,11.0,5750.0,650.0,6800.0,9999.0,11.39,9999.0,9999.0,7.7,1395.0,590.0,10.0,15.0,21.0,4.0,28.0,33.0,39.0,42.0,4508.0,1752.0,1442.0,2670.0,235.0,267.0,0.6659999999999999,37.2,3.81,50.0,54.0
8.1,1.0,7.0,9.0,5.0,12.0,2435.0,142.0,9.0,5100.0,9999.0,9999.0,9999.0,13.93,9999.0,9999.0,8.2,1460.0,450.0,10.3,15.0,21.0,2.0,29.0,33.0,38.0,42.0,4716.0,1817.0,1414.0,2664.0,225.0,270.0,624.0,46.0,2.514,50.0,54.0
8.1,1.0,7.0,9.0,5.0,12.0,2435.0,142.0,9.0,5100.0,9999.0,9999.0,9999.0,13.93,9999.0,9999.0,9.0,1611.0,419.0,11.3,15.0,21.0,2.0,29.0,33.0,38.0,42.0,4716.0,1817.0,1429.0,2664.0,210.0,270.0,738.0,29.5,3928.0,50.0,54.0
8.1,1.0,7.0,9.0,4.0,12.0,1998.0,98.0,10.0,5900.0,9999.0,9999.0,9999.0,10.76,9999.0,9999.0,10.9,1234.0,536.0,12.6,15.0,21.0,2.0,28.0,33.0,39.0,42.0,4731.0,1770.0,1420.0,2659.0,195.0,171.0,9999.0,34.2,3264.0,50.0,54.0
8.1,3.0,7.0,9.0,6.0,13.0,2393.0,121.0,11.0,6000.0,650.0,6800.0,9999.0,12.08,9999.0,8.2,11.2,1660.0,580.0,13.7,15.0,22.0,4.0,28.0,33.0,38.0,42.0,4796.0,1810.0,1479.0,2759.0,212.0,230.0,657.0,47.4,2443.0,50.0,54.0
8.1,1.0,7.0,9.0,5.0,12.0,2435.0,147.0,9.0,6000.0,670.0,9999.0,9999.0,14.71,9999.0,9999.0,8.3,9999.0,9999.0,9999.0,15.0,21.0,2.0,29.0,33.0,39.0,42.0,4710.0,1804.0,1488.0,2755.0,220.0,285.0,669.0,46.6,2484.0,50.0,54.0
8.1,1.0,7.0,9.0,5.0,12.0,2435.0,147.0,9.0,6000.0,670.0,9999.0,9999.0,14.71,9999.0,9999.0,8.3,9999.0,9999.0,9999.0,15.0,21.0,2.0,29.0,33.0,39.0,42.0,4710.0,1804.0,1488.0,2755.0,220.0,285.0,669.0,46.6,2484.0,50.0,54.0
8.1,1.0,7.0,9.0,5.0,12.0,2319.0,176.0,9.0,5400.0,670.0,9999.0,9999.0,17.88,9999.0,9999.0,7.5,9999.0,9999.0,9999.0,15.0,21.0,2.0,29.0,33.0,39.0,42.0,4710.0,1804.0,1488.0,2755.0,240.0,330.0,669.0,47.3,2484.0,50.0,54.0
8.1,1.0,7.0,9.0,5.0,12.0,2319.0,176.0,9.0,5400.0,670.0,9999.0,9999.0,17.88,9999.0,9999.0,7.5,9999.0,9999.0,9999.0,15.0,21.0,2.0,29.0,33.0,39.0,42.0,4710.0,1804.0,1488.0,2755.0,240.0,330.0,669.0,47.3,2484.0,50.0,54.0
8.1,1.0,7.0,9.0,4.0,12.0,1998.0,98.0,10.0,5900.0,9999.0,9999.0,9999.0,10.76,9999.0,9999.0,10.9,1298.0,566.0,13.2,15.0,21.0,2.0,28.0,33.0,39.0,42.0,4750.0,1785.0,1495.0,2659.0,195.0,171.0,9999.0,34.2,3264.0,50.0,54.0
8.1,1.0,7.0,11.0,4.0,12.0,1781.0,110.0,10.0,5500.0,820.0,9999.0,9999.0,14.82,9999.0,9999.0,10.5,1654.0,796.0,15.0,15.0,22.0,2.0,29.0,33.0,38.0,42.0,4620.0,1810.0,1730.0,2835.0,194.0,210.0,831.0,34.3,3.49,50.0,54.0
8.1,1.0,7.0,11.0,4.0,12.0,1998.0,89.0,10.0,5750.0,800.0,6500.0,9999.0,10.69,9999.0,9999.0,13.1,1510.0,790.0,17.0,15.0,21.0,1.0,28.0,33.0,39.0,42.0,4454.0,1834.0,1714.0,2824.0,177.0,170.0,0.942,34.6,3352.0,50.0,54.0
8.1,3.0,7.0,10.0,4.0,12.0,1296.0,61.0,10.0,6100.0,850.0,9999.0,9999.0,10.18,9999.0,9999.0,18.8,1070.0,490.0,17.5,15.0,21.0,1.0,28.0,33.0,39.0,42.0,3845.0,1555.0,1695.0,2420.0,140.0,105.0,9999.0,27.8,4.4,50.0,54.0
8.1,3.0,7.0,10.0,4.0,12.0,1296.0,61.0,10.0,6100.0,850.0,9999.0,9999.0,10.18,9999.0,9999.0,18.8,1070.0,490.0,17.5,15.0,21.0,1.0,28.0,33.0,39.0,42.0,3845.0,1555.0,1715.0,2420.0,140.0,105.0,9999.0,27.8,4.4,50.0,54.0
8.1,1.0,7.0,11.0,4.0,12.0,2351.0,110.0,12.0,5500.0,9999.0,9999.0,9999.0,12.03,9999.0,9999.0,13.0,1530.0,650.0,13.9,15.0,21.0,2.0,28.0,34.0,38.0,48.0,4600.0,1775.0,1690.0,2780.0,180.0,225.0,1004.0,41.1,2878.0,52.0,54.0
8.1,3.0,7.0,10.0,4.0,12.0,1998.0,94.0,10.0,5400.0,800.0,9999.0,9999.0,11.2,9999.0,9999.0,12.1,1295.0,475.0,13.8,15.0,23.0,2.0,28.0,33.0,39.0,42.0,4125.0,1695.0,1660.0,2410.0,167.0,178.0,9999.0,9999.0,3145.0,52.0,54.0
8.2,2.0,7.0,9.0,6.0,13.0,3199.0,165.0,10.0,5600.0,700.0,6000.0,6000.0,12.37,3.7,5.8,8.2,1695.0,605.0,10.3,15.0,20.0,2.0,28.0,33.0,38.0,42.0,5038.0,1855.0,1444.0,2965.0,240.0,315.0,621.0,48.5,2548.0,52.0,56.0
8.2,2.0,7.0,9.0,6.0,13.0,3199.0,165.0,10.0,5600.0,700.0,6000.0,6000.0,12.37,3.7,5.8,8.2,1725.0,605.0,10.5,15.0,20.0,2.0,28.0,33.0,38.0,42.0,5158.0,1855.0,1444.0,3085.0,240.0,315.0,621.0,48.5,2548.0,52.0,56.0
8.2,2.0,7.0,9.0,6.0,14.0,3179.0,185.0,11.0,6250.0,9999.0,9999.0,9999.0,12.06,9999.0,9999.0,6.5,1335.0,320.0,7.2,15.0,20.0,4.0,28.0,33.0,38.0,42.0,4315.0,1780.0,1290.0,2415.0,255.0,305.0,618.0,42.2,2.8,50.0,56.0
8.2,1.0,7.0,9.0,5.0,12.0,2435.0,121.0,11.0,6000.0,750.0,9999.0,9999.0,10.89,9999.0,9999.0,10.2,1535.0,575.0,12.7,15.0,21.0,2.0,28.0,33.0,38.0,42.0,4768.0,1816.0,1435.0,2765.0,215.0,211.0,639.0,38.1,3.44,50.0,54.0
8.2,2.0,7.0,9.0,6.0,13.0,2967.0,175.0,11.0,6800.0,9999.0,9999.0,7000.0,12.41,9999.0,9999.0,7.5,1553.0,475.0,8.9,15.0,18.0,4.0,28.0,33.0,38.0,42.0,4861.0,1819.0,1444.0,2909.0,234.0,293.0,726.0,38.9,3.1,50.0,54.0
8.2,1.0,7.0,9.0,6.0,13.0,2997.0,147.0,9.0,5500.0,9999.0,9999.0,9999.0,11.11,9999.0,9999.0,8.5,1455.0,465.0,9.9,15.0,21.0,2.0,28.0,33.0,39.0,42.0,4765.0,1785.0,1405.0,2670.0,225.0,265.0,9999.0,40.5,2.9,52.0,54.0
8.2,2.0,7.0,9.0,4.0,12.0,1998.0,147.0,9.0,6400.0,9999.0,7000.0,9999.0,16.67,9999.0,9999.0,8.3,1285.0,495.0,8.7,15.0,18.0,2.0,29.0,33.0,38.0,42.0,4560.0,1730.0,1295.0,2525.0,223.0,265.0,9999.0,42.8,2.72,52.0,54.0
8.2,3.0,7.0,9.0,6.0,13.0,2771.0,142.0,11.0,6000.0,9999.0,6600.0,9999.0,12.7,9999.0,5.9,8.3,1615.0,580.0,11.4,15.0,22.0,4.0,28.0,33.0,38.0,42.0,4796.0,1810.0,1479.0,2759.0,232.0,280.0,679.0,37.7,3.68,50.0,54.0
8.2,1.0,7.0,9.0,6.0,13.0,2946.0,140.0,11.0,5500.0,650.0,6800.0,9999.0,11.39,9999.0,9999.0,8.5,1505.0,575.0,10.8,15.0,21.0,4.0,28.0,33.0,39.0,42.0,4740.0,1760.0,1500.0,2700.0,227.0,267.0,735.0,37.8,3.28,50.0,54.0
8.2,5.0,8.0,10.0,4.0,12.0,2172.0,85.0,19.0,4300.0,9999.0,9999.0,4750.0,15.04,9999.0,9999.0,15.8,1796.0,654.0,21.1,15.0,18.0,1.0,29.0,34.0,38.0,46.0,4658.0,1787.0,1740.0,2702.0,157.0,260.0,9999.0,40.9,3283.0,51.0,56.0
8.2,1.0,7.0,11.0,4.0,12.0,1998.0,84.0,10.0,5400.0,770.0,9999.0,9999.0,10.57,9999.0,9999.0,15.0,1520.0,780.0,18.1,15.0,21.0,1.0,28.0,33.0,39.0,42.0,4517.0,1810.0,1692.0,2702.0,170.0,168.0,0.85,41.5,2.8,50.0,54.0
8.2,3.0,8.0,10.0,5.0,12.0,2496.0,101.0,20.0,4200.0,9999.0,9999.0,9999.0,15.1,9999.0,9999.0,15.3,2150.0,600.0,21.3,15.0,24.0,1.0,29.0,34.0,39.0,45.0,4705.0,9999.0,1940.0,2540.0,157.0,300.0,9999.0,49.4,2.724,0.0,0.0
8.2,3.0,7.0,10.0,4.0,12.0,1834.0,88.0,12.0,5250.0,600.0,9999.0,9999.0,11.92,9999.0,9999.0,11.3,1305.0,395.0,14.8,15.0,21.0,2.0,28.0,34.0,38.0,48.0,3735.0,1695.0,1735.0,2280.0,163.0,174.0,9999.0,35.3,3.559,52.0,54.0
8.2,5.0,7.0,10.0,4.0,12.0,2295.0,105.0,10.0,5600.0,750.0,9999.0,9999.0,11.44,9999.0,9999.0,9999.0,1790.0,725.0,17.0,15.0,20.0,2.0,28.0,33.0,39.0,42.0,4330.0,1841.0,1840.0,2480.0,165.0,209.0,9999.0,34.7,3.868,50.0,54.0
8.2,1.0,7.0,11.0,4.0,12.0,2429.0,110.0,9.0,5250.0,750.0,9999.0,9999.0,11.85,9999.0,9999.0,12.5,1720.0,680.0,15.6,15.0,21.0,2.0,28.0,33.0,39.0,42.0,4733.0,1950.0,1802.0,2878.0,180.0,229.0,9999.0,43.9,2755.0,52.0,54.0
8.2,1.0,7.0,11.0,4.0,12.0,2429.0,110.0,9.0,5250.0,750.0,9999.0,9999.0,11.85,9999.0,9999.0,12.5,1765.0,655.0,16.0,15.0,21.0,2.0,28.0,33.0,39.0,42.0,5070.0,1950.0,1802.0,3030.0,180.0,229.0,9999.0,43.9,2755.0,52.0,54.0
8.3,3.0,7.0,9.0,6.0,13.0,3199.0,165.0,10.0,5600.0,575.0,6000.0,6000.0,12.37,3.5,5.7,8.3,1650.0,600.0,10.0,15.0,20.0,2.0,28.0,33.0,38.0,42.0,4818.0,1799.0,1451.0,2833.0,234.0,315.0,632.0,46.2,2548.0,52.0,54.0
8.3,3.0,7.0,9.0,6.0,13.0,2393.0,121.0,11.0,6000.0,650.0,6800.0,9999.0,12.08,9999.0,6.4,9.3,1555.0,580.0,12.9,15.0,22.0,4.0,28.0,33.0,38.0,42.0,4796.0,1810.0,1452.0,2760.0,220.0,230.0,613.0,35.7,3.244,50.0,54.0
8.3,2.0,7.0,9.0,6.0,13.0,2962.0,155.0,11.0,6000.0,650.0,9999.0,9999.0,11.45,9999.0,9999.0,9.5,1695.0,485.0,10.9,15.0,21.0,4.0,28.0,33.0,38.0,42.0,4898.0,1776.0,1455.0,2730.0,238.0,270.0,685.0,41.8,2.8,52.0,54.0
8.3,1.0,7.0,9.0,6.0,13.0,2946.0,140.0,11.0,5750.0,650.0,6800.0,9999.0,11.39,9999.0,9999.0,7.9,1415.0,595.0,10.1,15.0,21.0,4.0,28.0,33.0,39.0,42.0,4508.0,1752.0,1442.0,2670.0,230.0,267.0,0.6659999999999999,29.9,3886.0,50.0,54.0
8.3,1.0,7.0,9.0,4.0,12.0,1581.0,76.0,10.0,5750.0,850.0,9999.0,9999.0,11.45,9999.0,9999.0,12.2,1120.0,540.0,14.7,15.0,21.0,2.0,28.0,33.0,39.0,42.0,4187.0,1741.0,1420.0,2540.0,180.0,144.0,9999.0,39.7,2687.0,50.0,54.0
8.3,1.0,7.0,9.0,4.0,12.0,1581.0,76.0,10.0,5750.0,850.0,9999.0,9999.0,11.45,9999.0,9999.0,12.0,1090.0,500.0,14.3,15.0,21.0,2.0,28.0,33.0,39.0,42.0,4025.0,1755.0,1420.0,2540.0,184.0,144.0,9999.0,39.4,2687.0,50.0,54.0
8.3,1.0,7.0,9.0,5.0,12.0,1998.0,114.0,10.0,6500.0,9999.0,9999.0,9999.0,11.7,9999.0,9999.0,9.2,1440.0,550.0,12.6,15.0,21.0,2.0,28.0,33.0,38.0,42.0,4687.0,1826.0,1462.0,2700.0,212.0,186.0,9999.0,32.3,3.5980000000000003,50.0,54.0
8.3,1.0,7.0,9.0,5.0,12.0,1998.0,113.0,11.0,6500.0,750.0,7000.0,9999.0,11.7,9999.0,9999.0,11.7,1380.0,520.0,12.2,15.0,21.0,2.0,28.0,33.0,39.0,42.0,4466.0,1743.0,1462.0,2593.0,205.0,186.0,9999.0,44.5,2.66,50.0,54.0
8.3,2.0,7.0,9.0,6.0,13.0,2398.0,125.0,10.0,5900.0,550.0,6000.0,6000.0,11.79,4.4,7.1,10.7,1600.0,650.0,12.8,15.0,20.0,2.0,28.0,33.0,38.0,42.0,4839.0,1799.0,1505.0,2833.0,215.0,225.0,682.0,43.2,2.7,52.0,54.0
8.3,3.0,7.0,9.0,6.0,13.0,2393.0,121.0,11.0,6000.0,650.0,6800.0,9999.0,12.08,9999.0,6.6,9.5,1610.0,580.0,13.3,15.0,22.0,4.0,28.0,33.0,38.0,42.0,4796.0,1810.0,1479.0,2759.0,218.0,230.0,657.0,35.7,3.244,50.0,54.0
8.3,2.0,7.0,9.0,6.0,13.0,2498.0,125.0,11.0,6000.0,650.0,9999.0,9999.0,11.42,9999.0,9999.0,11.0,1733.0,557.0,13.9,15.0,21.0,4.0,28.0,33.0,38.0,42.0,4898.0,1776.0,1505.0,2730.0,212.0,227.0,726.0,38.8,3.51,52.0,54.0
8.3,1.0,7.0,9.0,6.0,13.0,2946.0,140.0,11.0,5750.0,650.0,6800.0,9999.0,11.39,9999.0,9999.0,8.0,1455.0,695.0,10.4,15.0,21.0,4.0,28.0,33.0,39.0,42.0,4620.0,1748.0,1448.0,2670.0,225.0,267.0,693.0,37.2,3.81,50.0,54.0
8.3,1.0,7.0,9.0,5.0,12.0,1998.0,162.0,9.0,5750.0,9999.0,9999.0,9999.0,19.43,9999.0,9999.0,7.7,1520.0,580.0,9.4,15.0,21.0,2.0,29.0,33.0,38.0,42.0,4687.0,1826.0,1464.0,2700.0,235.0,309.0,9999.0,43.8,2.644,52.0,54.0
8.3,5.0,8.0,10.0,4.0,12.0,2765.0,72.0,21.0,3200.0,9999.0,9999.0,9999.0,11.13,9999.0,9999.0,18.1,1650.0,860.0,22.9,16.0,25.0,1.0,29.0,35.0,40.0,44.0,4185.0,1780.0,1925.0,2530.0,135.0,245.0,9999.0,49.1,2758.0,51.0,59.0
8.3,5.0,7.0,10.0,4.0,12.0,1995.0,94.0,9.0,6000.0,9999.0,9999.0,9999.0,10.96,9999.0,9999.0,9999.0,1350.0,400.0,14.4,15.0,24.0,2.0,28.0,33.0,38.0,42.0,3875.0,1710.0,1690.0,2200.0,150.0,174.0,9999.0,35.5,3531.0,50.0,54.0
8.3,5.0,7.0,10.0,4.0,12.0,1995.0,94.0,9.0,6000.0,9999.0,9999.0,9999.0,10.96,9999.0,9999.0,9999.0,1355.0,395.0,14.4,15.0,24.0,2.0,28.0,33.0,38.0,42.0,3885.0,1695.0,1685.0,2200.0,150.0,174.0,9999.0,35.5,3531.0,50.0,54.0
8.3,3.0,7.0,10.0,4.0,12.0,1998.0,94.0,10.0,5400.0,800.0,9999.0,9999.0,11.2,9999.0,9999.0,12.0,1230.0,410.0,13.1,15.0,23.0,2.0,28.0,33.0,39.0,42.0,3715.0,1695.0,1655.0,2200.0,167.0,178.0,9999.0,9999.0,3145.0,52.0,54.0
8.4,3.0,7.0,9.0,6.0,13.0,2799.0,150.0,10.0,5700.0,560.0,6000.0,6000.0,12.12,4.2,6.5,9.4,1650.0,600.0,11.0,15.0,20.0,2.0,28.0,33.0,38.0,42.0,4818.0,1799.0,1451.0,2833.0,223.0,270.0,632.0,41.1,2864.0,52.0,54.0
8.4,1.0,7.0,9.0,6.0,13.0,2598.0,110.0,10.0,5500.0,790.0,9999.0,9999.0,10.88,9999.0,8.2,11.4,1430.0,400.0,13.0,15.0,21.0,2.0,28.0,33.0,39.0,42.0,4366.0,1716.0,1381.0,2554.0,207.0,225.0,0.7020000000000001,36.0,3185.0,50.0,54.0
8.4,3.0,7.0,9.0,6.0,13.0,2771.0,142.0,11.0,6000.0,750.0,6500.0,9999.0,12.7,9999.0,5.9,8.5,1620.0,600.0,11.4,15.0,22.0,4.0,28.0,33.0,38.0,42.0,5041.0,1880.0,1440.0,2882.0,235.0,280.0,675.0,38.1,3.244,50.0,54.0
8.4,3.0,7.0,9.0,6.0,13.0,2771.0,142.0,11.0,6000.0,750.0,6500.0,9999.0,12.7,9999.0,7.0,10.1,1660.0,600.0,11.7,15.0,22.0,4.0,28.0,33.0,38.0,42.0,5041.0,1880.0,1440.0,2882.0,232.0,280.0,675.0,50.6,2443.0,50.0,54.0
8.4,1.0,7.0,9.0,8.0,13.0,3697.0,191.0,11.0,6000.0,630.0,6600.0,7200.0,11.9,9999.0,6.1,8.1,1645.0,600.0,8.6,15.0,22.0,4.0,28.0,33.0,38.0,42.0,5041.0,1880.0,1440.0,2882.0,250.0,350.0,675.0,53.9,2294.0,50.0,56.0
8.4,1.0,7.0,9.0,6.0,13.0,2946.0,140.0,11.0,5500.0,650.0,6800.0,9999.0,11.39,9999.0,9999.0,9.6,1496.0,464.0,10.7,15.0,21.0,4.0,28.0,33.0,39.0,42.0,4524.0,1755.0,1400.0,2740.0,225.0,267.0,0.7070000000000001,42.6,2.6910000000000003,50.0,54.0
8.4,1.0,7.0,9.0,6.0,13.0,2946.0,140.0,11.0,5500.0,650.0,6800.0,9999.0,11.39,9999.0,9999.0,10.2,1591.0,534.0,11.4,15.0,21.0,4.0,28.0,33.0,39.0,42.0,4708.0,1794.0,1394.0,2850.0,230.0,267.0,639.0,40.1,2.9,50.0,54.0
8.4,1.0,7.0,9.0,6.0,13.0,2492.0,140.0,10.0,6300.0,9999.0,9999.0,9999.0,11.19,9999.0,9999.0,7.3,1330.0,490.0,9.5,15.0,21.0,4.0,28.0,33.0,38.0,42.0,4430.0,1745.0,1415.0,2595.0,230.0,222.0,639.0,35.3,3242.0,50.0,54.0
8.4,2.0,7.0,9.0,8.0,13.0,3996.0,209.0,11.0,6100.0,9999.0,6950.0,9999.0,11.79,9999.0,9999.0,7.0,1705.0,395.0,8.2,15.0,18.0,4.0,28.0,33.0,38.0,42.0,4760.0,1829.0,1306.0,2588.0,248.0,375.0,9999.0,50.7,2448.0,50.0,54.0
8.4,2.0,7.0,9.0,6.0,13.0,2799.0,150.0,10.0,5700.0,560.0,6000.0,6000.0,12.12,4.3,6.5,9.5,1630.0,650.0,10.9,15.0,20.0,2.0,28.0,33.0,38.0,42.0,4839.0,1799.0,1505.0,2833.0,225.0,270.0,726.0,45.7,2573.0,52.0,54.0
8.4,1.0,7.0,9.0,6.0,13.0,2946.0,140.0,11.0,5500.0,650.0,6800.0,9999.0,11.39,9999.0,9999.0,10.7,1655.0,605.0,11.8,15.0,21.0,4.0,28.0,33.0,39.0,42.0,4963.0,1794.0,1464.0,2850.0,225.0,267.0,741.0,40.1,2.9,50.0,54.0
8.4,1.0,7.0,9.0,6.0,13.0,2946.0,140.0,11.0,5500.0,650.0,6800.0,9999.0,11.39,9999.0,9999.0,9.9,1525.0,575.0,10.9,15.0,21.0,4.0,28.0,33.0,39.0,42.0,4740.0,1760.0,1500.0,2700.0,220.0,267.0,735.0,42.6,2688.0,50.0,54.0
8.4,1.0,7.0,9.0,5.0,12.0,1998.0,114.0,10.0,6500.0,9999.0,9999.0,9999.0,11.7,9999.0,9999.0,10.0,1510.0,580.0,13.2,15.0,21.0,2.0,28.0,33.0,38.0,42.0,4687.0,1826.0,1464.0,2700.0,205.0,186.0,9999.0,32.3,3.5980000000000003,50.0,54.0
8.4,1.0,7.0,9.0,5.0,12.0,1998.0,113.0,11.0,6500.0,750.0,7000.0,9999.0,11.7,9999.0,9999.0,12.0,1420.0,525.0,12.6,15.0,21.0,2.0,28.0,33.0,39.0,42.0,4466.0,1743.0,1470.0,2593.0,205.0,186.0,9999.0,44.5,2.66,50.0,54.0
8.4,6.0,7.0,10.0,4.0,12.0,1973.0,108.0,10.0,6300.0,750.0,9999.0,9999.0,11.59,9999.0,9999.0,10.5,1385.0,515.0,12.8,15.0,21.0,2.0,28.0,33.0,39.0,42.0,4530.0,1750.0,1675.0,2620.0,177.0,182.0,9999.0,33.1,3.74,50.0,54.0
8.4,6.0,7.0,10.0,4.0,12.0,1973.0,108.0,10.0,6300.0,750.0,9999.0,9999.0,11.59,9999.0,9999.0,12.5,1395.0,505.0,12.9,15.0,21.0,2.0,28.0,33.0,39.0,42.0,4530.0,1750.0,1675.0,2620.0,170.0,182.0,9999.0,36.4,3364.0,50.0,54.0
8.4,3.0,8.0,10.0,4.0,12.0,3200.0,121.0,17.0,3800.0,9999.0,9999.0,9999.0,14.65,9999.0,9999.0,13.2,1950.0,560.0,16.1,15.0,21.0,2.0,29.0,34.0,39.0,44.0,4280.0,1875.0,1845.0,2545.0,170.0,373.0,1088.0,9999.0,2863.0,51.0,59.0
8.4,5.0,7.0,10.0,4.0,12.0,1998.0,94.0,10.0,5500.0,750.0,9999.0,9999.0,11.26,9999.0,9999.0,9999.0,1715.0,800.0,18.2,15.0,20.0,2.0,28.0,33.0,39.0,42.0,4330.0,1841.0,1840.0,2480.0,154.0,179.0,9999.0,34.7,3.868,50.0,54.0
8.5,2.0,7.0,9.0,8.0,13.0,5439.0,255.0,11.0,5500.0,650.0,6000.0,6000.0,11.78,3.0,4.1,5.4,1545.0,415.0,6.1,15.0,20.0,2.0,28.0,33.0,38.0,42.0,4567.0,1722.0,1371.0,2690.0,250.0,510.0,649.0,49.1,2.341,52.0,54.0
8.5,3.0,7.0,9.0,6.0,13.0,2771.0,142.0,11.0,6000.0,9999.0,6600.0,9999.0,12.7,9999.0,7.4,10.1,1620.0,580.0,11.4,15.0,22.0,4.0,28.0,33.0,38.0,42.0,4796.0,1810.0,1452.0,2760.0,229.0,280.0,613.0,48.8,2372.0,50.0,54.0
8.5,2.0,7.0,9.0,8.0,13.0,3498.0,180.0,10.0,5800.0,600.0,9999.0,6500.0,12.39,9999.0,9999.0,6.9,1610.0,540.0,8.9,15.0,18.0,4.0,28.0,33.0,38.0,42.0,4775.0,1799.0,1439.0,2830.0,250.0,345.0,0.6729999999999999,40.8,2.9,50.0,56.0
8.5,2.0,7.0,9.0,6.0,14.0,3387.0,221.0,11.0,6800.0,700.0,7300.0,9999.0,12.99,9999.0,9999.0,5.2,1320.0,400.0,6.0,15.0,20.0,4.0,28.0,33.0,38.0,42.0,4430.0,1765.0,1305.0,2350.0,280.0,350.0,0.5820000000000001,40.3,2.893,50.0,54.0
8.5,2.0,7.0,9.0,6.0,14.0,3387.0,221.0,11.0,6800.0,700.0,7300.0,9999.0,12.99,9999.0,9999.0,5.4,1395.0,400.0,6.3,15.0,20.0,4.0,28.0,33.0,38.0,42.0,4430.0,1765.0,1305.0,2350.0,280.0,350.0,0.5820000000000001,40.3,2.893,50.0,54.0
8.5,2.0,7.0,9.0,6.0,13.0,2799.0,150.0,10.0,5700.0,560.0,6000.0,6000.0,12.12,4.3,6.6,9.5,1650.0,630.0,11.0,15.0,20.0,2.0,28.0,33.0,38.0,42.0,4839.0,1799.0,1505.0,2833.0,223.0,270.0,726.0,41.1,2864.0,52.0,54.0
8.5,2.0,7.0,9.0,6.0,13.0,2962.0,155.0,11.0,6000.0,650.0,9999.0,9999.0,11.45,9999.0,9999.0,10.0,1733.0,557.0,11.2,15.0,21.0,4.0,28.0,33.0,38.0,42.0,4898.0,1776.0,1505.0,2730.0,230.0,270.0,726.0,41.8,2.8,52.0,54.0
8.5,1.0,7.0,9.0,6.0,13.0,2946.0,140.0,11.0,5500.0,650.0,6800.0,9999.0,11.39,9999.0,9999.0,10.0,1442.0,558.0,10.3,15.0,21.0,4.0,28.0,33.0,39.0,42.0,4712.0,1755.0,1420.0,2740.0,222.0,267.0,0.7040000000000001,42.6,2.6910000000000003,50.0,54.0
8.5,1.0,7.0,9.0,6.0,13.0,2946.0,140.0,11.0,5750.0,650.0,6800.0,9999.0,11.39,9999.0,9999.0,9.1,1475.0,700.0,10.5,15.0,21.0,4.0,28.0,33.0,39.0,42.0,4620.0,1748.0,1448.0,2670.0,220.0,267.0,693.0,29.5,3886.0,50.0,54.0
8.5,1.0,7.0,11.0,4.0,12.0,1998.0,97.0,10.0,5500.0,800.0,9999.0,9999.0,11.32,9999.0,9999.0,12.1,1555.0,805.0,16.0,15.0,21.0,2.0,28.0,33.0,39.0,42.0,4454.0,1834.0,1714.0,2824.0,186.0,180.0,0.942,36.6,3237.0,50.0,54.0
8.5,1.0,7.0,11.0,4.0,12.0,1998.0,97.0,10.0,5500.0,800.0,9999.0,9999.0,11.32,9999.0,9999.0,12.1,1555.0,805.0,16.0,15.0,21.0,2.0,28.0,33.0,39.0,42.0,4454.0,1834.0,1714.0,2824.0,186.0,180.0,0.942,36.6,3237.0,50.0,54.0
8.5,1.0,7.0,11.0,4.0,12.0,1998.0,97.0,11.0,5500.0,800.0,9999.0,9999.0,11.32,9999.0,9999.0,13.4,1555.0,805.0,16.0,15.0,21.0,2.0,28.0,33.0,39.0,42.0,4454.0,1834.0,1714.0,2824.0,186.0,180.0,915.0,35.3,3352.0,50.0,54.0
8.5,1.0,7.0,11.0,4.0,12.0,1998.0,97.0,11.0,5500.0,800.0,9999.0,9999.0,11.32,9999.0,9999.0,13.4,1555.0,805.0,16.0,15.0,21.0,2.0,28.0,33.0,39.0,42.0,4454.0,1834.0,1714.0,2824.0,186.0,180.0,915.0,35.3,3352.0,50.0,54.0
8.5,1.0,7.0,11.0,4.0,12.0,1998.0,97.0,11.0,5500.0,800.0,9999.0,9999.0,11.32,9999.0,9999.0,13.4,1555.0,805.0,16.0,15.0,21.0,2.0,28.0,33.0,39.0,42.0,4470.0,1832.0,1714.0,2824.0,186.0,180.0,888.0,34.8,3.43,50.0,54.0
8.5,2.0,7.0,11.0,4.0,12.0,1998.0,93.0,10.0,6000.0,9999.0,9999.0,9999.0,10.63,9999.0,9999.0,12.2,1505.0,630.0,16.2,15.0,18.0,2.0,28.0,33.0,38.0,42.0,4320.0,1695.0,1855.0,2735.0,170.0,169.0,9999.0,32.3,3575.0,52.0,54.0
8.5,3.0,7.0,10.0,4.0,14.0,1994.0,125.0,9.0,5600.0,700.0,9999.0,9999.0,15.13,9999.0,9999.0,9.3,1485.0,485.0,11.9,15.0,21.0,2.0,29.0,33.0,38.0,42.0,4460.0,1735.0,1580.0,2525.0,189.0,240.0,0.901,42.6,2852.0,52.0,54.0
8.6,1.0,7.0,9.0,6.0,13.0,2771.0,128.0,10.0,5500.0,750.0,6500.0,6700.0,11.34,9999.0,6.8,9.8,1430.0,400.0,11.2,15.0,21.0,2.0,28.0,33.0,38.0,42.0,4366.0,1716.0,1381.0,2554.0,218.0,250.0,0.7020000000000001,37.0,3.11,50.0,54.0
8.6,1.0,7.0,9.0,6.0,13.0,2492.0,140.0,10.0,6300.0,9999.0,9999.0,9999.0,11.19,9999.0,9999.0,8.4,1490.0,510.0,10.6,15.0,21.0,4.0,28.0,33.0,38.0,42.0,4723.0,1810.0,1415.0,2702.0,225.0,222.0,9999.0,35.5,3.257,50.0,54.0
8.6,1.0,7.0,9.0,6.0,13.0,2492.0,140.0,10.0,6300.0,9999.0,9999.0,9999.0,11.19,9999.0,9999.0,8.5,1350.0,500.0,9.6,15.0,21.0,4.0,28.0,33.0,38.0,42.0,4430.0,1745.0,1415.0,2595.0,227.0,222.0,639.0,37.7,3.42,50.0,54.0
8.6,1.0,7.0,9.0,4.0,12.0,1998.0,98.0,10.0,5900.0,9999.0,9999.0,9999.0,10.76,9999.0,9999.0,13.8,1272.0,498.0,13.0,15.0,21.0,2.0,28.0,33.0,39.0,42.0,4731.0,1770.0,1420.0,2659.0,180.0,171.0,9999.0,43.1,2.6,50.0,54.0
8.6,3.0,7.0,9.0,6.0,13.0,2799.0,150.0,10.0,5700.0,560.0,6000.0,6000.0,12.12,4.5,7.0,10.2,1740.0,620.0,11.6,15.0,20.0,2.0,28.0,33.0,38.0,42.0,4839.0,1799.0,1505.0,2833.0,217.0,270.0,0.7070000000000001,41.1,2864.0,52.0,54.0
8.6,2.0,7.0,9.0,8.0,13.0,4266.0,205.0,10.0,5750.0,650.0,6000.0,6000.0,11.78,3.3,4.9,6.9,1700.0,630.0,8.3,15.0,20.0,2.0,28.0,33.0,38.0,42.0,4839.0,1799.0,1509.0,2833.0,243.0,400.0,0.7070000000000001,50.3,2343.0,52.0,54.0
8.6,3.0,7.0,9.0,6.0,13.0,2771.0,142.0,11.0,6000.0,9999.0,6600.0,9999.0,12.7,9999.0,7.6,10.5,1675.0,580.0,11.8,15.0,22.0,4.0,28.0,33.0,38.0,42.0,4796.0,1810.0,1479.0,2759.0,227.0,280.0,679.0,48.8,2372.0,50.0,54.0
8.6,1.0,7.0,9.0,6.0,13.0,2492.0,140.0,10.0,6300.0,9999.0,9999.0,9999.0,11.19,9999.0,9999.0,7.4,1370.0,495.0,9.8,15.0,21.0,4.0,28.0,33.0,38.0,42.0,4430.0,1745.0,1420.0,2595.0,230.0,222.0,639.0,36.0,3242.0,50.0,54.0
8.6,1.0,7.0,9.0,4.0,12.0,1998.0,98.0,10.0,5900.0,9999.0,9999.0,9999.0,10.76,9999.0,9999.0,13.8,1336.0,528.0,13.6,15.0,21.0,2.0,28.0,33.0,39.0,42.0,4750.0,1785.0,1495.0,2659.0,180.0,171.0,9999.0,43.1,2.6,50.0,54.0
8.6,1.0,7.0,11.0,4.0,12.0,2295.0,107.0,10.0,5500.0,875.0,9999.0,9999.0,11.12,9999.0,9999.0,11.9,1679.0,771.0,15.7,15.0,18.0,2.0,28.0,33.0,38.0,42.0,4620.0,1810.0,1730.0,2835.0,187.0,203.0,884.0,33.7,3.3960000000000004,52.0,54.0
8.6,1.0,7.0,11.0,4.0,12.0,1984.0,85.0,10.0,5000.0,800.0,9999.0,9999.0,10.77,9999.0,11.3,17.2,1669.0,781.0,19.6,15.0,21.0,1.0,28.0,33.0,38.0,42.0,4620.0,1810.0,1730.0,2846.0,172.0,170.0,831.0,31.8,3.7,50.0,54.0
8.6,1.0,7.0,11.0,4.0,12.0,1998.0,89.0,10.0,5750.0,800.0,6500.0,9999.0,10.69,9999.0,9999.0,13.1,1510.0,790.0,17.0,15.0,21.0,1.0,28.0,33.0,39.0,42.0,4454.0,1834.0,1714.0,2824.0,177.0,170.0,0.942,34.6,3352.0,50.0,54.0
8.6,1.0,7.0,11.0,4.0,12.0,1998.0,97.0,10.0,5500.0,800.0,9999.0,9999.0,11.32,9999.0,9999.0,12.1,1555.0,805.0,16.0,15.0,21.0,2.0,28.0,33.0,39.0,42.0,4454.0,1834.0,1714.0,2824.0,186.0,180.0,0.942,34.6,3352.0,50.0,54.0
8.6,1.0,7.0,11.0,4.0,12.0,1998.0,89.0,10.0,5750.0,800.0,6500.0,9999.0,10.69,9999.0,9999.0,13.1,1510.0,790.0,17.0,15.0,21.0,1.0,28.0,33.0,39.0,42.0,4454.0,1834.0,1714.0,2824.0,177.0,170.0,915.0,34.6,3352.0,50.0,54.0
8.6,3.0,7.0,10.0,4.0,12.0,1795.0,88.0,11.0,5550.0,9999.0,6500.0,9999.0,11.55,9999.0,9999.0,11.9,1380.0,580.0,15.7,15.0,21.0,2.0,28.0,33.0,39.0,42.0,4382.0,1805.0,1757.0,2555.0,165.0,165.0,1.02,46.3,2.7260000000000004,50.0,54.0
8.6,3.0,7.0,10.0,4.0,12.0,1795.0,88.0,11.0,5550.0,9999.0,6500.0,9999.0,11.55,9999.0,9999.0,11.9,1425.0,535.0,16.2,15.0,21.0,2.0,28.0,33.0,39.0,42.0,4382.0,1805.0,1757.0,2555.0,165.0,165.0,1.01,46.3,2.7260000000000004,50.0,54.0
8.6,3.0,8.0,10.0,4.0,12.0,3200.0,121.0,17.0,3800.0,9999.0,9999.0,9999.0,14.65,9999.0,9999.0,13.8,2080.0,730.0,17.2,15.0,21.0,2.0,29.0,34.0,39.0,44.0,4795.0,1875.0,1855.0,2780.0,170.0,373.0,1088.0,9999.0,2863.0,51.0,59.0
8.6,1.0,7.0,11.0,4.0,12.0,1991.0,90.0,10.0,5800.0,9999.0,9999.0,9999.0,11.05,9999.0,9999.0,14.2,1600.0,630.0,17.8,15.0,21.0,2.0,28.0,33.0,38.0,42.0,4750.0,1830.0,1775.0,2840.0,180.0,175.0,9999.0,34.2,3464.0,52.0,54.0
8.6,5.0,8.0,10.0,4.0,12.0,2664.0,92.0,22.0,3600.0,9999.0,9999.0,9999.0,13.11,9999.0,9999.0,15.7,1745.0,765.0,19.0,16.0,27.0,1.0,29.0,35.0,39.0,44.0,4217.0,1755.0,1830.0,2450.0,155.0,278.0,9999.0,37.9,3548.0,51.0,59.0
8.6,2.0,8.0,11.0,4.0,12.0,2477.0,59.0,21.0,3900.0,9999.0,9999.0,9999.0,10.65,9999.0,9999.0,21.5,1847.0,703.0,31.3,15.0,21.0,1.0,29.0,0.0,40.0,44.0,4695.0,1820.0,1885.0,2810.0,145.0,210.0,1151.0,36.4,3342.0,51.0,0.0
8.6,2.0,8.0,11.0,4.0,12.0,2477.0,59.0,21.0,3900.0,9999.0,9999.0,9999.0,10.65,9999.0,9999.0,21.5,1817.0,833.0,30.8,15.0,21.0,1.0,29.0,0.0,40.0,44.0,4695.0,1820.0,1885.0,2810.0,145.0,210.0,1151.0,36.4,3342.0,51.0,0.0
8.7,3.0,7.0,9.0,6.0,13.0,2671.0,195.0,9.0,5800.0,9999.0,6800.0,9999.0,18.82,9999.0,3.9,5.7,1540.0,550.0,7.9,15.0,22.0,4.0,31.0,33.0,38.0,42.0,4483.0,1733.0,1396.0,2607.0,250.0,400.0,629.0,41.2,2812.0,50.0,54.0
8.7,1.0,7.0,9.0,6.0,13.0,2959.0,162.0,10.0,6300.0,700.0,7000.0,9999.0,11.47,9999.0,9999.0,6.7,1415.0,405.0,8.7,15.0,21.0,4.0,28.0,33.0,38.0,42.0,4285.0,1780.0,1318.0,2540.0,240.0,270.0,9999.0,40.7,2.8,52.0,54.0
8.7,1.0,7.0,9.0,6.0,13.0,2959.0,162.0,10.0,6300.0,700.0,7000.0,9999.0,11.47,9999.0,9999.0,6.7,1405.0,405.0,8.7,15.0,21.0,4.0,28.0,33.0,38.0,42.0,4285.0,1780.0,1318.0,2540.0,250.0,270.0,9999.0,40.7,2.8,52.0,54.0
8.7,2.0,7.0,9.0,8.0,13.0,3996.0,209.0,11.0,6100.0,9999.0,6950.0,9999.0,11.79,9999.0,9999.0,6.7,1615.0,395.0,7.7,15.0,18.0,4.0,28.0,33.0,38.0,42.0,4760.0,1829.0,1296.0,2588.0,251.0,375.0,9999.0,50.7,2448.0,50.0,54.0
8.7,1.0,7.0,9.0,4.0,12.0,1793.0,85.0,10.0,5750.0,9999.0,9999.0,9999.0,10.65,9999.0,9999.0,13.9,1258.0,492.0,14.8,15.0,21.0,2.0,28.0,33.0,39.0,42.0,4731.0,1770.0,1420.0,2659.0,178.0,152.0,9999.0,28.8,3878.0,50.0,54.0
8.7,2.0,7.0,9.0,6.0,13.0,2398.0,125.0,10.0,5900.0,550.0,6000.0,6000.0,11.79,5.0,7.9,11.4,1625.0,625.0,13.0,15.0,20.0,2.0,28.0,33.0,38.0,42.0,4839.0,1799.0,1505.0,2833.0,212.0,225.0,682.0,38.9,3.46,52.0,54.0
8.7,3.0,7.0,9.0,6.0,13.0,3199.0,165.0,10.0,5600.0,575.0,6000.0,6000.0,12.37,3.8,6.1,9.2,1740.0,620.0,10.5,15.0,20.0,2.0,28.0,33.0,38.0,42.0,4839.0,1799.0,1505.0,2833.0,225.0,315.0,0.7070000000000001,46.2,2548.0,52.0,54.0
8.7,1.0,7.0,9.0,6.0,13.0,2492.0,140.0,10.0,6300.0,9999.0,9999.0,9999.0,11.19,9999.0,9999.0,8.5,1400.0,495.0,10.0,15.0,21.0,4.0,28.0,33.0,38.0,42.0,4430.0,1745.0,1420.0,2595.0,227.0,222.0,639.0,38.4,3.42,50.0,54.0
8.7,1.0,7.0,9.0,4.0,12.0,1793.0,85.0,10.0,5750.0,9999.0,9999.0,9999.0,10.65,9999.0,9999.0,13.9,1312.0,528.0,15.4,15.0,21.0,2.0,28.0,33.0,39.0,42.0,4750.0,1785.0,1495.0,2659.0,178.0,152.0,9999.0,40.4,2764.0,50.0,54.0
8.7,5.0,8.0,10.0,4.0,12.0,2664.0,92.0,22.0,3600.0,9999.0,9999.0,9999.0,13.11,9999.0,9999.0,16.7,1875.0,705.0,20.4,16.0,27.0,1.0,29.0,35.0,39.0,44.0,4697.0,1755.0,1850.0,2650.0,155.0,278.0,9999.0,37.9,3548.0,51.0,59.0
8.7,1.0,7.0,11.0,4.0,12.0,2362.0,115.0,10.0,5600.0,9999.0,9999.0,9999.0,11.97,9999.0,9999.0,11.2,1585.0,815.0,13.8,15.0,23.0,2.0,28.0,33.0,38.0,42.0,4750.0,1790.0,1770.0,2900.0,180.0,225.0,9999.0,39.7,2.982,50.0,54.0
8.7,1.0,7.0,11.0,4.0,12.0,2362.0,115.0,10.0,5600.0,9999.0,9999.0,9999.0,11.97,9999.0,9999.0,11.2,1595.0,760.0,13.9,15.0,23.0,2.0,28.0,33.0,38.0,42.0,4750.0,1790.0,1810.0,2900.0,180.0,225.0,9999.0,39.7,2.982,50.0,54.0
8.7,5.0,8.0,10.0,4.0,12.0,2999.0,117.0,19.0,3900.0,9999.0,9999.0,9999.0,13.95,9999.0,9999.0,18.8,2039.0,771.0,17.4,15.0,21.0,2.0,29.0,34.0,39.0,43.0,4365.0,1835.0,1835.0,2330.0,160.0,333.0,9999.0,40.5,3388.0,51.0,57.0
8.7,5.0,8.0,10.0,4.0,12.0,2999.0,117.0,19.0,3900.0,9999.0,9999.0,9999.0,13.95,9999.0,9999.0,16.5,2145.0,665.0,18.3,15.0,21.0,2.0,29.0,34.0,39.0,43.0,4795.0,1835.0,1840.0,2760.0,160.0,333.0,9999.0,40.5,3388.0,51.0,57.0
8.7,1.0,7.0,11.0,4.0,12.0,2429.0,110.0,9.0,5250.0,750.0,9999.0,9999.0,11.85,9999.0,9999.0,9999.0,1740.0,675.0,15.8,15.0,21.0,2.0,28.0,33.0,39.0,42.0,4733.0,1950.0,1802.0,2878.0,175.0,229.0,9999.0,46.6,2594.0,52.0,54.0
8.7,1.0,7.0,11.0,4.0,12.0,2429.0,110.0,9.0,5250.0,750.0,9999.0,9999.0,11.85,9999.0,9999.0,9999.0,1785.0,655.0,16.2,15.0,21.0,2.0,28.0,33.0,39.0,42.0,5070.0,1950.0,1802.0,3030.0,175.0,229.0,9999.0,46.6,2594.0,52.0,54.0
8.8,2.0,7.0,9.0,8.0,13.0,4966.0,225.0,10.0,5600.0,650.0,6000.0,6000.0,11.64,3.2,4.7,6.5,1820.0,390.0,8.1,15.0,20.0,2.0,28.0,33.0,38.0,42.0,4499.0,1809.0,1288.0,2515.0,250.0,460.0,0.65,54.2,2.2,52.0,54.0
8.8,2.0,7.0,9.0,8.0,13.0,5439.0,260.0,11.0,5500.0,650.0,6000.0,6000.0,12.25,2.9,4.2,5.7,1640.0,570.0,6.3,15.0,20.0,2.0,28.0,33.0,38.0,42.0,4818.0,1799.0,1411.0,2833.0,250.0,530.0,629.0,50.2,2.341,52.0,54.0
8.8,1.0,7.0,9.0,6.0,13.0,2771.0,128.0,10.0,5500.0,750.0,6500.0,6700.0,11.34,9999.0,7.8,11.1,1445.0,400.0,11.3,15.0,21.0,2.0,28.0,33.0,38.0,42.0,4366.0,1716.0,1381.0,2554.0,217.0,250.0,0.7020000000000001,38.6,3.0,50.0,54.0
8.8,3.0,7.0,9.0,6.0,13.0,2671.0,169.0,9.0,5800.0,700.0,6800.0,9999.0,14.58,9999.0,5.6,8.2,1675.0,580.0,9.9,15.0,22.0,4.0,31.0,33.0,38.0,42.0,4796.0,1810.0,1452.0,2759.0,242.0,310.0,613.0,51.3,2294.0,50.0,54.0
8.8,2.0,7.0,9.0,8.0,13.0,3498.0,180.0,10.0,5800.0,600.0,9999.0,6500.0,12.39,9999.0,9999.0,7.6,1655.0,540.0,9.2,15.0,18.0,4.0,28.0,33.0,38.0,42.0,4775.0,1799.0,1439.0,2830.0,247.0,345.0,0.6729999999999999,51.0,2344.0,50.0,56.0
8.8,3.0,7.0,9.0,6.0,14.0,3387.0,221.0,11.0,6800.0,700.0,7300.0,9999.0,12.99,9999.0,9999.0,5.2,1375.0,400.0,6.2,15.0,20.0,4.0,28.0,33.0,38.0,42.0,4430.0,1765.0,1305.0,2350.0,280.0,350.0,0.5820000000000001,40.3,2.893,50.0,54.0
8.8,3.0,7.0,9.0,6.0,14.0,3387.0,221.0,11.0,6800.0,700.0,7300.0,9999.0,12.99,9999.0,9999.0,6.0,1420.0,400.0,6.4,15.0,20.0,4.0,28.0,33.0,38.0,42.0,4430.0,1765.0,1305.0,2350.0,275.0,350.0,0.5820000000000001,42.8,2.7,50.0,54.0
8.8,3.0,7.0,9.0,6.0,14.0,3387.0,221.0,11.0,6800.0,700.0,7300.0,9999.0,12.99,9999.0,9999.0,5.4,1450.0,400.0,6.6,15.0,20.0,4.0,28.0,33.0,38.0,42.0,4430.0,1765.0,1305.0,2350.0,280.0,350.0,0.5820000000000001,40.3,2.893,50.0,54.0
8.8,3.0,7.0,9.0,6.0,14.0,3387.0,221.0,11.0,6800.0,700.0,7300.0,9999.0,12.99,9999.0,9999.0,6.2,1495.0,400.0,6.8,15.0,20.0,4.0,28.0,33.0,38.0,42.0,4430.0,1765.0,1305.0,2350.0,275.0,350.0,0.5820000000000001,42.8,2.7,50.0,54.0
8.8,1.0,7.0,9.0,5.0,12.0,1998.0,114.0,10.0,6500.0,9999.0,9999.0,9999.0,11.7,9999.0,9999.0,9999.0,1470.0,550.0,12.9,15.0,21.0,2.0,28.0,33.0,38.0,42.0,4687.0,1826.0,1462.0,2700.0,210.0,186.0,9999.0,44.6,2.64,50.0,54.0
8.8,2.0,7.0,9.0,8.0,13.0,3996.0,209.0,11.0,6100.0,9999.0,6950.0,9999.0,11.79,9999.0,9999.0,7.3,1710.0,550.0,8.2,15.0,18.0,4.0,28.0,33.0,38.0,42.0,5024.0,1799.0,1314.0,2870.0,240.0,375.0,9999.0,50.7,2448.0,50.0,54.0
8.8,2.0,7.0,9.0,8.0,13.0,3996.0,209.0,11.0,6100.0,9999.0,6950.0,9999.0,11.79,9999.0,9999.0,7.3,1800.0,460.0,8.6,15.0,18.0,4.0,28.0,33.0,38.0,42.0,5149.0,1799.0,1333.0,2995.0,240.0,375.0,9999.0,50.5,2448.0,50.0,54.0
8.8,2.0,7.0,9.0,8.0,13.0,3996.0,209.0,11.0,6100.0,9999.0,6950.0,9999.0,11.79,9999.0,9999.0,7.4,1730.0,530.0,8.3,15.0,18.0,4.0,28.0,33.0,38.0,42.0,5149.0,1799.0,1333.0,2995.0,240.0,375.0,9999.0,50.5,2448.0,50.0,54.0
8.8,2.0,7.0,9.0,6.0,13.0,2977.0,188.0,10.0,6800.0,750.0,7800.0,7500.0,11.99,9999.0,9999.0,9999.0,1410.0,200.0,7.5,15.0,21.0,4.0,28.0,33.0,39.0,42.0,4425.0,1810.0,1175.0,2530.0,260.0,284.0,0.57,36.4,3159.0,52.0,54.0
8.8,2.0,7.0,9.0,6.0,13.0,2977.0,188.0,10.0,6800.0,750.0,7800.0,7500.0,11.99,9999.0,9999.0,9999.0,1455.0,175.0,7.7,15.0,21.0,4.0,28.0,33.0,39.0,42.0,4425.0,1810.0,1175.0,2530.0,260.0,284.0,0.57,36.4,3159.0,52.0,54.0
8.8,2.0,7.0,9.0,6.0,12.0,2997.0,163.0,11.0,5800.0,9999.0,9999.0,9999.0,12.5,9999.0,9999.0,8.2,1665.0,455.0,10.2,15.0,23.0,2.0,28.0,33.0,38.0,42.0,4805.0,1800.0,1445.0,2800.0,230.0,298.0,9999.0,42.2,2722.0,52.0,54.0
8.8,3.0,7.0,9.0,6.0,13.0,2671.0,195.0,9.0,5800.0,9999.0,6800.0,9999.0,18.82,9999.0,4.0,5.8,1570.0,550.0,8.1,15.0,22.0,4.0,31.0,33.0,38.0,42.0,4488.0,1733.0,1396.0,2607.0,250.0,400.0,653.0,41.2,2812.0,50.0,54.0
8.8,3.0,7.0,9.0,6.0,13.0,2671.0,169.0,9.0,5800.0,700.0,6800.0,9999.0,14.58,9999.0,5.7,8.4,1730.0,580.0,10.2,15.0,22.0,4.0,31.0,33.0,38.0,42.0,4796.0,1810.0,1479.0,2759.0,240.0,310.0,679.0,51.3,2294.0,50.0,54.0
8.8,3.0,7.0,9.0,5.0,12.0,2435.0,142.0,9.0,5100.0,9999.0,9999.0,9999.0,13.93,9999.0,9999.0,8.5,1652.0,508.0,11.6,15.0,21.0,2.0,29.0,33.0,38.0,42.0,4722.0,1761.0,1452.0,2654.0,220.0,270.0,9999.0,38.9,2975.0,50.0,54.0
8.8,3.0,7.0,9.0,5.0,12.0,2435.0,142.0,9.0,5100.0,9999.0,9999.0,9999.0,13.93,9999.0,9999.0,8.7,1631.0,489.0,11.5,15.0,21.0,2.0,29.0,33.0,38.0,42.0,4722.0,1761.0,1481.0,2661.0,215.0,270.0,687.0,38.9,2975.0,50.0,54.0
8.8,1.0,7.0,11.0,4.0,12.0,1984.0,85.0,10.0,5000.0,800.0,9999.0,9999.0,10.77,9999.0,11.3,17.2,1664.0,786.0,19.6,15.0,21.0,1.0,28.0,33.0,38.0,42.0,4620.0,1810.0,1730.0,2835.0,172.0,170.0,831.0,32.0,3.649,50.0,54.0
8.8,1.0,7.0,11.0,6.0,13.0,2792.0,128.0,10.0,5800.0,700.0,9999.0,9999.0,10.58,9999.0,7.9,11.8,1709.0,741.0,13.4,15.0,24.0,2.0,28.0,33.0,38.0,42.0,4620.0,1810.0,1762.0,2846.0,199.0,235.0,831.0,35.1,3.268,50.0,54.0
8.8,1.0,7.0,11.0,4.0,12.0,2254.0,110.0,9.0,5700.0,9999.0,9999.0,9999.0,11.15,9999.0,9999.0,12.0,1490.0,710.0,13.5,15.0,21.0,1.0,28.0,33.0,39.0,42.0,4760.0,1790.0,1675.0,2830.0,185.0,200.0,9999.0,37.9,3125.0,52.0,54.0
8.8,1.0,7.0,11.0,4.0,12.0,2254.0,110.0,9.0,5700.0,9999.0,9999.0,9999.0,11.15,9999.0,9999.0,12.0,1490.0,710.0,13.5,15.0,21.0,1.0,28.0,33.0,39.0,42.0,4760.0,1790.0,1640.0,2830.0,185.0,200.0,9999.0,37.9,3125.0,52.0,54.0
8.8,5.0,8.0,10.0,4.0,12.0,2953.0,116.0,18.0,3600.0,9999.0,9999.0,9999.0,13.75,9999.0,9999.0,15.0,2200.0,650.0,19.0,15.0,24.0,2.0,29.0,34.0,39.0,48.0,4395.0,1840.0,1840.0,2398.0,160.0,323.0,9999.0,9999.0,3.723,51.0,0.0
8.8,5.0,8.0,10.0,4.0,12.0,2953.0,116.0,18.0,3600.0,9999.0,9999.0,9999.0,13.75,9999.0,9999.0,15.0,2200.0,650.0,19.0,15.0,24.0,2.0,29.0,34.0,39.0,48.0,4440.0,1930.0,1840.0,2398.0,160.0,323.0,9999.0,38.3,3.723,51.0,0.0
8.8,5.0,8.0,10.0,4.0,12.0,2953.0,116.0,18.0,3600.0,9999.0,9999.0,9999.0,15.06,9999.0,9999.0,15.0,2335.0,745.0,20.1,15.0,24.0,2.0,29.0,34.0,39.0,48.0,4965.0,1840.0,1855.0,2968.0,160.0,354.0,9999.0,9999.0,3.723,51.0,0.0
8.8,5.0,8.0,10.0,4.0,12.0,2953.0,116.0,18.0,3600.0,9999.0,9999.0,9999.0,15.06,9999.0,9999.0,15.0,2335.0,745.0,20.1,15.0,24.0,2.0,29.0,34.0,39.0,48.0,5010.0,1930.0,1855.0,2398.0,160.0,354.0,9999.0,38.3,3.723,51.0,0.0
8.9,2.0,7.0,9.0,8.0,13.0,4966.0,220.0,10.0,5500.0,650.0,6000.0,6000.0,11.64,3.1,4.6,6.5,1790.0,530.0,8.1,15.0,20.0,2.0,28.0,33.0,38.0,42.0,4993.0,1857.0,1398.0,2885.0,250.0,460.0,616.0,9999.0,2.341,52.0,56.0
8.9,3.0,7.0,9.0,8.0,13.0,3697.0,191.0,11.0,6000.0,630.0,6600.0,7200.0,11.9,9999.0,6.2,8.6,1725.0,600.0,9.0,15.0,22.0,4.0,28.0,33.0,38.0,42.0,5041.0,1880.0,1440.0,2880.0,250.0,350.0,675.0,53.9,2294.0,50.0,56.0
8.9,3.0,7.0,9.0,6.0,13.0,2671.0,169.0,9.0,5800.0,700.0,6800.0,9999.0,14.58,9999.0,5.1,7.1,1630.0,580.0,9.6,15.0,22.0,4.0,31.0,33.0,38.0,42.0,4796.0,1810.0,1452.0,2759.0,245.0,310.0,613.0,41.8,2812.0,50.0,54.0
8.9,2.0,7.0,9.0,8.0,13.0,4398.0,210.0,10.0,5400.0,600.0,9999.0,9999.0,12.57,9999.0,9999.0,6.2,1630.0,540.0,7.8,15.0,18.0,4.0,28.0,33.0,38.0,42.0,4775.0,1799.0,1439.0,2830.0,250.0,440.0,0.6729999999999999,51.2,2332.0,50.0,56.0
8.9,2.0,7.0,9.0,6.0,14.0,3600.0,265.0,12.0,7200.0,700.0,7600.0,9999.0,12.92,9999.0,9999.0,4.8,1350.0,280.0,5.1,15.0,20.0,4.0,28.0,33.0,38.0,42.0,4430.0,1765.0,1270.0,2350.0,302.0,370.0,0.5820000000000001,40.4,2859.0,50.0,54.0
8.9,1.0,7.0,9.0,6.0,13.0,2959.0,150.0,10.0,6300.0,9999.0,9999.0,9999.0,11.47,9999.0,9999.0,8.0,1510.0,510.0,10.1,15.0,21.0,2.0,28.0,33.0,38.0,42.0,4687.0,1826.0,1462.0,2700.0,225.0,270.0,9999.0,46.5,2488.0,50.0,54.0
8.9,2.0,7.0,9.0,8.0,13.0,5665.0,253.0,10.0,5400.0,9999.0,9999.0,9999.0,10.71,9999.0,9999.0,5.2,1469.0,276.0,5.8,16.0,24.0,1.0,28.0,33.0,38.0,42.0,4560.0,1869.0,1214.0,2656.0,274.0,483.0,9999.0,9999.0,1.7,50.0,56.0
8.9,3.0,7.0,9.0,6.0,13.0,2671.0,169.0,9.0,5800.0,700.0,6800.0,9999.0,14.58,9999.0,5.3,7.3,1690.0,580.0,10.0,15.0,22.0,4.0,31.0,33.0,38.0,42.0,4796.0,1810.0,1479.0,2759.0,243.0,310.0,679.0,41.8,2812.0,50.0,54.0
8.9,1.0,7.0,11.0,6.0,13.0,2792.0,128.0,10.0,5800.0,700.0,9999.0,9999.0,10.58,9999.0,9999.0,10.5,1691.0,709.0,13.2,15.0,24.0,2.0,28.0,33.0,38.0,42.0,4620.0,1810.0,1730.0,2835.0,199.0,235.0,884.0,35.1,3.268,50.0,54.0
8.9,1.0,7.0,11.0,6.0,13.0,2792.0,128.0,10.0,5800.0,700.0,9999.0,9999.0,10.58,9999.0,9999.0,11.0,1721.0,729.0,13.4,15.0,24.0,2.0,28.0,33.0,38.0,42.0,4620.0,1810.0,1730.0,2835.0,195.0,235.0,884.0,33.7,3.3960000000000004,50.0,54.0
8.9,1.0,7.0,11.0,6.0,13.0,2946.0,140.0,11.0,5750.0,650.0,9999.0,9999.0,11.39,9999.0,9999.0,10.6,1680.0,830.0,12.0,15.0,21.0,4.0,28.0,33.0,39.0,42.0,4517.0,1810.0,1692.0,2702.0,203.0,267.0,0.85,48.5,2496.0,50.0,54.0
8.9,1.0,7.0,11.0,6.0,13.0,2946.0,140.0,11.0,5750.0,650.0,9999.0,9999.0,11.39,9999.0,9999.0,10.6,1720.0,790.0,12.3,15.0,21.0,4.0,28.0,33.0,39.0,42.0,4787.0,1810.0,1690.0,2874.0,206.0,267.0,9999.0,48.5,2496.0,50.0,54.0
8.9,3.0,8.0,10.0,6.0,12.0,2497.0,100.0,23.0,4400.0,9999.0,9999.0,9999.0,13.59,9999.0,9999.0,14.3,2100.0,680.0,21.0,15.0,21.0,1.0,29.0,35.0,39.0,44.0,4713.0,1855.0,1817.0,2745.0,162.0,270.0,9999.0,52.1,2.584,51.0,57.0
8.9,1.0,7.0,11.0,6.0,13.0,2497.0,121.0,10.0,6500.0,725.0,9999.0,9999.0,11.17,9999.0,9999.0,13.8,1761.0,664.0,14.6,15.0,21.0,4.0,28.0,33.0,38.0,42.0,4890.0,1900.0,1730.0,2905.0,185.0,222.0,9999.0,37.4,3235.0,50.0,54.0
9.0,2.0,7.0,9.0,12.0,13.0,5786.0,270.0,10.0,5500.0,650.0,6000.0,6000.0,11.51,3.0,4.5,6.3,1880.0,500.0,7.0,15.0,20.0,2.0,28.0,33.0,38.0,42.0,4993.0,1857.0,1398.0,2885.0,250.0,530.0,616.0,9999.0,2.341,50.0,54.0
9.0,2.0,7.0,9.0,12.0,13.0,5786.0,270.0,10.0,5500.0,650.0,6000.0,6000.0,11.51,3.0,4.5,6.3,1960.0,500.0,7.3,15.0,20.0,2.0,28.0,33.0,38.0,42.0,5158.0,1855.0,1447.0,3085.0,250.0,530.0,621.0,50.1,2.341,50.0,54.0
9.0,3.0,7.0,9.0,6.0,13.0,2671.0,280.0,9.0,6100.0,9999.0,9999.0,9999.0,20.7,9999.0,9999.0,4.9,1620.0,550.0,5.8,15.0,22.0,4.0,31.0,33.0,38.0,42.0,4525.0,1799.0,1400.0,2607.0,250.0,440.0,0.6940000000000001,41.3,2812.0,50.0,54.0
9.0,3.0,7.0,9.0,5.0,12.0,2435.0,142.0,9.0,5100.0,9999.0,9999.0,9999.0,13.93,9999.0,9999.0,8.9,1617.0,503.0,11.4,15.0,21.0,2.0,29.0,33.0,38.0,42.0,4722.0,1761.0,1452.0,2654.0,210.0,270.0,9999.0,46.0,2.514,50.0,54.0
9.0,3.0,7.0,9.0,5.0,12.0,2435.0,142.0,9.0,5100.0,9999.0,9999.0,9999.0,13.93,9999.0,9999.0,9.1,1650.0,480.0,11.6,15.0,21.0,2.0,29.0,33.0,38.0,42.0,4722.0,1761.0,1481.0,2661.0,205.0,270.0,687.0,46.0,2.514,50.0,54.0
9.0,5.0,7.0,10.0,4.0,12.0,2198.0,100.0,10.0,5200.0,9999.0,9999.0,9999.0,11.55,9999.0,9999.0,13.6,1720.0,680.0,17.2,15.0,21.0,2.0,28.0,33.0,39.0,42.0,4658.0,1787.0,1740.0,2702.0,161.0,202.0,9999.0,34.7,3872.0,50.0,54.0
9.0,1.0,7.0,11.0,4.0,12.0,1781.0,110.0,10.0,5500.0,820.0,9999.0,9999.0,14.82,9999.0,9999.0,12.8,1690.0,760.0,15.4,15.0,22.0,2.0,29.0,33.0,38.0,42.0,4620.0,1810.0,1730.0,2846.0,189.0,210.0,831.0,29.2,3.9,50.0,54.0
9.0,1.0,7.0,11.0,4.0,12.0,1998.0,108.0,8.0,5300.0,800.0,6200.0,9999.0,14.78,9999.0,9999.0,10.1,1575.0,785.0,14.6,15.0,21.0,1.0,29.0,33.0,39.0,42.0,4454.0,1834.0,1714.0,2824.0,195.0,235.0,0.942,36.6,3237.0,50.0,54.0
9.0,1.0,7.0,11.0,4.0,12.0,1998.0,108.0,8.0,5300.0,800.0,6200.0,9999.0,14.78,9999.0,9999.0,10.1,1575.0,765.0,14.6,15.0,21.0,1.0,29.0,33.0,39.0,42.0,4470.0,1832.0,1714.0,2824.0,195.0,235.0,888.0,36.6,3.232,50.0,54.0
9.0,1.0,7.0,11.0,4.0,12.0,1998.0,108.0,8.0,5300.0,800.0,6200.0,9999.0,14.78,9999.0,9999.0,10.1,1575.0,765.0,14.6,15.0,21.0,1.0,29.0,33.0,39.0,42.0,4470.0,1832.0,1714.0,2824.0,195.0,235.0,888.0,36.6,3.232,50.0,54.0
9.0,3.0,8.0,10.0,5.0,12.0,2496.0,101.0,20.0,4200.0,9999.0,9999.0,9999.0,15.86,9999.0,9999.0,17.1,2150.0,600.0,21.3,15.0,24.0,1.0,29.0,34.0,39.0,45.0,4705.0,9999.0,1940.0,2540.0,157.0,315.0,9999.0,52.1,2583.0,0.0,0.0
9.0,5.0,8.0,10.0,4.0,12.0,2953.0,116.0,18.0,3600.0,9999.0,9999.0,9999.0,15.06,9999.0,9999.0,16.2,2270.0,710.0,19.6,15.0,24.0,2.0,29.0,34.0,39.0,48.0,5010.0,1930.0,1855.0,2968.0,160.0,354.0,9999.0,47.1,3.22,51.0,0.0
9.0,5.0,7.0,10.0,4.0,12.0,1998.0,94.0,9.0,5300.0,9999.0,9999.0,9999.0,11.01,9999.0,9999.0,14.7,1378.0,472.0,14.7,15.0,21.0,2.0,28.0,33.0,39.0,42.0,4025.0,1764.0,1650.0,2360.0,172.0,175.0,9999.0,31.9,3842.0,50.0,54.0
9.0,5.0,7.0,10.0,4.0,12.0,1998.0,94.0,9.0,5400.0,9999.0,9999.0,9999.0,11.01,9999.0,9999.0,15.5,1501.0,559.0,16.0,15.0,21.0,2.0,28.0,33.0,39.0,42.0,4435.0,1764.0,1695.0,2650.0,172.0,175.0,9999.0,31.9,3842.0,50.0,54.0
9.1,3.0,7.0,9.0,8.0,13.0,4172.0,228.0,11.0,6000.0,630.0,6600.0,7200.0,12.35,9999.0,4.9,6.9,1750.0,600.0,7.7,15.0,22.0,4.0,28.0,33.0,38.0,42.0,5041.0,1880.0,1440.0,2882.0,250.0,410.0,675.0,52.9,2339.0,50.0,56.0
9.1,2.0,7.0,9.0,8.0,13.0,3498.0,175.0,10.0,5800.0,600.0,6500.0,9999.0,12.39,9999.0,9999.0,8.2,1810.0,535.0,10.3,15.0,18.0,4.0,28.0,33.0,38.0,42.0,4984.0,1862.0,1435.0,2930.0,243.0,345.0,0.6629999999999999,50.0,2.5,50.0,56.0
9.1,2.0,7.0,9.0,8.0,13.0,3498.0,175.0,10.0,5800.0,600.0,6500.0,9999.0,12.39,9999.0,9999.0,8.2,1845.0,535.0,10.5,15.0,18.0,4.0,28.0,33.0,38.0,42.0,5124.0,1862.0,1426.0,3070.0,243.0,345.0,0.6629999999999999,50.0,2.5,50.0,56.0
9.1,1.0,7.0,9.0,6.0,13.0,2492.0,140.0,10.0,6300.0,9999.0,9999.0,9999.0,11.19,9999.0,9999.0,9.5,1520.0,510.0,10.9,15.0,21.0,4.0,28.0,33.0,38.0,42.0,4723.0,1810.0,1415.0,2702.0,220.0,222.0,9999.0,32.0,3613.0,50.0,54.0
9.1,1.0,7.0,9.0,6.0,13.0,2959.0,166.0,10.0,6200.0,700.0,7000.0,9999.0,11.68,9999.0,9999.0,7.8,1510.0,510.0,9.1,15.0,21.0,4.0,28.0,33.0,38.0,42.0,4723.0,1810.0,1415.0,2702.0,243.0,275.0,9999.0,38.0,3.46,52.0,54.0
9.1,2.0,7.0,9.0,6.0,13.0,2967.0,175.0,11.0,6800.0,9999.0,9999.0,7000.0,12.41,9999.0,9999.0,8.5,1621.0,475.0,9.3,15.0,18.0,4.0,28.0,33.0,38.0,42.0,4861.0,1819.0,1444.0,2909.0,226.0,293.0,726.0,48.1,2483.0,50.0,54.0
9.1,2.0,7.0,9.0,8.0,13.0,3253.0,174.0,11.0,6350.0,9999.0,6950.0,9999.0,11.98,9999.0,9999.0,8.5,1710.0,550.0,9.8,15.0,18.0,4.0,28.0,33.0,38.0,42.0,5024.0,1799.0,1314.0,2870.0,225.0,310.0,9999.0,47.3,2616.0,50.0,54.0
9.1,2.0,7.0,9.0,8.0,13.0,3253.0,174.0,11.0,6350.0,9999.0,6950.0,9999.0,11.98,9999.0,9999.0,8.5,1800.0,460.0,10.3,15.0,18.0,4.0,28.0,33.0,38.0,42.0,5149.0,1799.0,1333.0,2995.0,225.0,310.0,9999.0,47.3,2616.0,50.0,54.0
9.1,2.0,7.0,9.0,6.0,13.0,3179.0,206.0,10.0,7300.0,9999.0,9999.0,9999.0,11.78,9999.0,9999.0,9999.0,1370.0,240.0,6.7,15.0,21.0,4.0,28.0,33.0,39.0,42.0,4425.0,1810.0,1175.0,2530.0,270.0,298.0,0.57,39.5,2.9130000000000003,52.0,54.0
9.1,2.0,7.0,9.0,8.0,13.0,3969.0,203.0,11.0,5900.0,9999.0,9999.0,9999.0,12.25,9999.0,9999.0,7.1,1780.0,465.0,8.8,15.0,23.0,4.0,28.0,33.0,38.0,42.0,5005.0,1830.0,1435.0,2850.0,250.0,387.0,581.0,50.3,2459.0,52.0,54.0
9.1,2.0,7.0,9.0,8.0,13.0,4398.0,210.0,10.0,5400.0,600.0,9999.0,9999.0,12.57,9999.0,9999.0,6.3,1740.0,540.0,8.3,15.0,18.0,4.0,28.0,33.0,38.0,42.0,4808.0,1799.0,1435.0,2827.0,250.0,440.0,716.0,51.2,2332.0,50.0,56.0
9.1,1.0,7.0,11.0,4.0,12.0,2295.0,105.0,10.0,5000.0,750.0,6200.0,6000.0,11.77,9999.0,9999.0,15.1,1970.0,730.0,18.8,15.0,20.0,2.0,28.0,33.0,38.0,42.0,4660.0,1880.0,1844.0,3000.0,170.0,215.0,1081.0,34.3,3491.0,50.0,54.0
9.1,5.0,7.0,10.0,6.0,13.0,2494.0,106.0,10.0,6200.0,9999.0,9999.0,9999.0,10.48,9999.0,9999.0,10.9,1405.0,545.0,13.3,15.0,20.0,4.0,28.0,33.0,38.0,42.0,4195.0,1780.0,1740.0,2480.0,165.0,208.0,9999.0,36.5,3449.0,52.0,54.0
9.1,1.0,7.0,11.0,6.0,13.0,2497.0,121.0,10.0,6500.0,725.0,9999.0,9999.0,11.17,9999.0,9999.0,15.5,1761.0,664.0,14.6,15.0,21.0,4.0,28.0,33.0,38.0,42.0,4890.0,1900.0,1730.0,2905.0,170.0,222.0,9999.0,43.1,2.89,50.0,54.0
9.1,5.0,8.0,10.0,4.0,12.0,1998.0,61.0,21.0,4000.0,9999.0,9999.0,9999.0,12.26,9999.0,9999.0,20.5,1435.0,468.0,23.5,15.0,21.0,1.0,29.0,35.0,39.0,44.0,4000.0,1745.0,1835.0,2360.0,124.0,195.0,9999.0,36.0,3573.0,51.0,57.0
9.1,5.0,8.0,10.0,4.0,12.0,2999.0,117.0,19.0,3900.0,9999.0,9999.0,9999.0,13.95,9999.0,9999.0,13.8,2039.0,771.0,17.4,15.0,21.0,2.0,29.0,34.0,39.0,43.0,4365.0,1835.0,1835.0,2330.0,160.0,333.0,9999.0,44.9,3.53,51.0,57.0
9.1,5.0,8.0,10.0,4.0,12.0,2999.0,117.0,19.0,3900.0,9999.0,9999.0,9999.0,13.95,9999.0,9999.0,14.0,2145.0,665.0,18.3,15.0,21.0,2.0,29.0,34.0,39.0,43.0,4795.0,1835.0,1840.0,2760.0,160.0,333.0,9999.0,44.9,3.53,51.0,57.0
9.1,5.0,8.0,10.0,5.0,12.0,2874.0,88.0,22.0,4000.0,700.0,9999.0,9999.0,10.93,9999.0,9999.0,9999.0,1881.0,639.0,21.4,15.0,20.0,1.0,29.0,37.0,40.0,49.0,4656.0,1864.0,1755.0,2630.0,156.0,250.0,0.979,32.6,4.1,51.0,57.0
9.2,2.0,7.0,9.0,8.0,13.0,4266.0,205.0,10.0,5700.0,650.0,6000.0,6000.0,11.78,3.6,5.3,7.3,1780.0,600.0,8.7,15.0,20.0,2.0,28.0,33.0,38.0,42.0,5038.0,1855.0,1444.0,2965.0,250.0,400.0,621.0,52.8,2.341,52.0,56.0
9.2,2.0,7.0,9.0,8.0,13.0,4266.0,205.0,10.0,5700.0,650.0,6000.0,6000.0,11.78,3.6,5.3,7.3,1800.0,600.0,8.8,15.0,20.0,2.0,28.0,33.0,38.0,42.0,5158.0,1855.0,1444.0,3085.0,250.0,400.0,621.0,52.8,2.341,52.0,56.0
9.2,3.0,7.0,9.0,8.0,13.0,4266.0,205.0,10.0,5750.0,650.0,6000.0,6000.0,11.78,3.2,4.8,6.8,1700.0,580.0,8.3,15.0,20.0,2.0,28.0,33.0,38.0,42.0,4818.0,1799.0,1455.0,2833.0,250.0,400.0,632.0,46.2,2551.0,52.0,54.0
9.2,3.0,7.0,9.0,8.0,13.0,4172.0,228.0,11.0,6000.0,630.0,6600.0,7200.0,12.35,9999.0,5.0,7.0,1790.0,600.0,7.9,15.0,22.0,4.0,28.0,33.0,38.0,42.0,5164.0,1880.0,1438.0,3010.0,250.0,410.0,675.0,52.9,2339.0,50.0,56.0
9.2,2.0,7.0,9.0,8.0,13.0,4398.0,210.0,10.0,5400.0,600.0,9999.0,9999.0,12.57,9999.0,9999.0,6.4,1660.0,540.0,7.9,15.0,18.0,4.0,28.0,33.0,38.0,42.0,4775.0,1799.0,1439.0,2830.0,250.0,440.0,0.6729999999999999,53.2,2248.0,50.0,56.0
9.2,3.0,7.0,9.0,6.0,14.0,3600.0,309.0,9.0,6000.0,9999.0,9999.0,9999.0,19.55,9999.0,9999.0,4.2,1540.0,345.0,5.0,15.0,20.0,4.0,31.0,33.0,38.0,42.0,4435.0,1830.0,1295.0,2350.0,305.0,560.0,9999.0,9999.0,2583.0,52.0,54.0
9.2,1.0,7.0,9.0,5.0,12.0,2446.0,129.0,10.0,6100.0,9999.0,9999.0,9999.0,11.82,9999.0,9999.0,10.7,1450.0,570.0,11.2,15.0,21.0,2.0,28.0,33.0,38.0,42.0,4687.0,1826.0,1462.0,2700.0,210.0,230.0,9999.0,47.2,2426.0,50.0,54.0
9.2,2.0,7.0,9.0,8.0,13.0,3996.0,267.0,9.0,6150.0,9999.0,6950.0,9999.0,15.88,9999.0,9999.0,5.4,1640.0,370.0,6.1,15.0,18.0,4.0,30.0,33.0,38.0,42.0,4760.0,1829.0,1296.0,2588.0,250.0,505.0,9999.0,49.4,2.5,50.0,54.0
9.2,2.0,7.0,9.0,8.0,13.0,5665.0,253.0,10.0,5400.0,9999.0,9999.0,9999.0,10.71,9999.0,9999.0,5.6,1483.0,262.0,5.9,16.0,24.0,1.0,28.0,33.0,38.0,42.0,4560.0,1869.0,1214.0,2656.0,274.0,483.0,9999.0,9999.0,2.192,50.0,56.0
9.2,2.0,7.0,9.0,8.0,13.0,5665.0,253.0,10.0,5400.0,9999.0,9999.0,9999.0,10.71,9999.0,9999.0,5.6,1489.0,256.0,5.9,16.0,24.0,1.0,28.0,33.0,38.0,42.0,4560.0,1869.0,1214.0,2656.0,274.0,483.0,9999.0,9999.0,2.192,50.0,56.0
9.2,1.0,7.0,9.0,5.0,12.0,2446.0,129.0,10.0,6100.0,9999.0,9999.0,9999.0,11.82,9999.0,9999.0,10.7,1550.0,580.0,12.0,15.0,21.0,2.0,28.0,33.0,38.0,42.0,4687.0,1826.0,1464.0,2700.0,210.0,230.0,9999.0,47.2,2426.0,50.0,54.0
9.2,1.0,7.0,11.0,4.0,12.0,1781.0,110.0,10.0,5500.0,820.0,9999.0,9999.0,14.82,9999.0,9999.0,12.3,1684.0,766.0,15.3,15.0,22.0,2.0,29.0,33.0,38.0,42.0,4620.0,1810.0,1730.0,2835.0,189.0,210.0,831.0,41.9,2.8,50.0,54.0
9.2,1.0,7.0,11.0,4.0,12.0,1968.0,62.0,9.0,4300.0,800.0,5300.0,9999.0,10.15,9999.0,12.9,21.7,1705.0,895.0,27.5,15.0,21.0,1.0,28.0,33.0,39.0,42.0,4789.0,1840.0,1940.0,2920.0,144.0,159.0,1094.0,34.0,3486.0,50.0,54.0
9.2,1.0,7.0,11.0,4.0,12.0,1968.0,62.0,9.0,4300.0,800.0,5300.0,9999.0,10.15,9999.0,12.9,21.7,1745.0,855.0,28.1,15.0,21.0,1.0,28.0,33.0,39.0,42.0,5189.0,1840.0,1940.0,3320.0,144.0,159.0,1094.0,34.0,3486.0,50.0,54.0
9.2,5.0,8.0,10.0,4.0,12.0,2664.0,92.0,22.0,3600.0,9999.0,9999.0,9999.0,13.11,9999.0,9999.0,16.5,1780.0,730.0,19.3,16.0,27.0,1.0,29.0,35.0,39.0,44.0,4217.0,1755.0,1830.0,2450.0,158.0,278.0,9999.0,44.3,3.0,51.0,59.0
9.3,1.0,7.0,9.0,6.0,13.0,2959.0,166.0,10.0,6200.0,700.0,7000.0,9999.0,11.68,9999.0,9999.0,8.5,1550.0,510.0,9.3,15.0,21.0,4.0,28.0,33.0,38.0,42.0,4723.0,1810.0,3415.0,2702.0,237.0,275.0,9999.0,33.6,3446.0,52.0,54.0
9.3,2.0,7.0,9.0,6.0,13.0,2790.0,206.0,7.0,6000.0,9999.0,9999.0,9999.0,17.88,9999.0,9999.0,5.9,1543.0,417.0,7.5,15.0,22.0,4.0,31.0,33.0,39.0,42.0,4550.0,1810.0,1380.0,2650.0,260.0,397.0,9999.0,41.6,2763.0,50.0,54.0
9.3,2.0,7.0,9.0,8.0,13.0,3506.0,260.0,8.0,6500.0,850.0,9999.0,7000.0,14.34,9999.0,9999.0,4.8,1380.0,9999.0,5.3,15.0,22.0,4.0,31.0,33.0,39.0,42.0,4414.0,1883.0,1150.0,2420.0,282.0,400.0,9999.0,40.9,2.9,52.0,56.0
9.3,1.0,7.0,11.0,6.0,13.0,2792.0,128.0,10.0,5800.0,700.0,9999.0,9999.0,10.58,9999.0,9.1,13.2,1739.0,711.0,13.6,15.0,24.0,2.0,28.0,33.0,38.0,42.0,4620.0,1810.0,1762.0,2846.0,195.0,235.0,831.0,33.7,3.399,50.0,54.0
9.3,5.0,8.0,10.0,4.0,12.0,2664.0,92.0,22.0,3600.0,9999.0,9999.0,9999.0,13.11,9999.0,9999.0,17.4,1910.0,670.0,20.8,16.0,27.0,1.0,29.0,35.0,39.0,44.0,4697.0,1755.0,1850.0,2650.0,158.0,278.0,9999.0,44.3,3.0,51.0,59.0
9.3,2.0,8.0,11.0,4.0,12.0,2477.0,59.0,21.0,3900.0,9999.0,9999.0,9999.0,10.65,9999.0,9999.0,31.7,1847.0,703.0,31.3,15.0,21.0,1.0,29.0,0.0,40.0,44.0,4695.0,1820.0,1855.0,2810.0,135.0,210.0,1151.0,42.7,2.854,51.0,0.0
9.3,2.0,8.0,11.0,4.0,12.0,2477.0,59.0,21.0,3900.0,9999.0,9999.0,9999.0,10.65,9999.0,9999.0,31.7,1817.0,833.0,30.8,15.0,21.0,1.0,29.0,0.0,40.0,44.0,4695.0,1820.0,1885.0,2810.0,135.0,210.0,1151.0,42.7,2.854,51.0,0.0
9.3,2.0,7.0,10.0,4.0,12.0,1998.0,94.0,9.0,5300.0,9999.0,9999.0,9999.0,11.01,9999.0,9999.0,15.0,1408.0,442.0,15.0,15.0,21.0,2.0,28.0,33.0,39.0,42.0,4025.0,1764.0,1650.0,2360.0,163.0,175.0,9999.0,35.1,3488.0,50.0,54.0
9.3,5.0,7.0,10.0,4.0,12.0,1998.0,94.0,9.0,5300.0,9999.0,9999.0,9999.0,11.01,9999.0,9999.0,15.0,1468.0,460.0,15.6,15.0,21.0,2.0,28.0,33.0,39.0,42.0,4405.0,1764.0,1650.0,2650.0,163.0,175.0,9999.0,35.1,3488.0,50.0,54.0
9.3,5.0,7.0,10.0,4.0,12.0,1998.0,94.0,9.0,5400.0,9999.0,9999.0,9999.0,11.01,9999.0,9999.0,15.8,1521.0,539.0,16.2,15.0,21.0,2.0,28.0,33.0,39.0,42.0,4435.0,1764.0,1695.0,2650.0,163.0,175.0,9999.0,35.1,3488.0,50.0,54.0
9.3,1.0,7.0,11.0,6.0,13.0,3301.0,116.0,9.0,4700.0,750.0,9999.0,9999.0,10.47,9999.0,9999.0,13.3,1775.0,685.0,15.3,16.0,18.0,1.0,28.0,33.0,38.0,42.0,4733.0,1950.0,1802.0,2878.0,175.0,275.0,9999.0,50.4,2.41,52.0,54.0
9.3,1.0,7.0,11.0,6.0,13.0,3301.0,116.0,9.0,4700.0,750.0,9999.0,9999.0,10.47,9999.0,9999.0,13.3,1875.0,640.0,16.2,16.0,18.0,1.0,28.0,33.0,38.0,42.0,5070.0,1950.0,1802.0,3030.0,175.0,275.0,9999.0,52.3,2.41,52.0,54.0
9.4,2.0,7.0,9.0,8.0,13.0,4398.0,210.0,10.0,5400.0,600.0,6500.0,9999.0,12.57,9999.0,9999.0,7.0,1890.0,535.0,9.0,15.0,18.0,4.0,28.0,33.0,38.0,42.0,5124.0,1862.0,1426.0,3070.0,250.0,440.0,0.6629999999999999,53.7,2344.0,50.0,56.0
9.4,1.0,7.0,9.0,6.0,13.0,2959.0,150.0,10.0,6300.0,9999.0,9999.0,9999.0,11.47,9999.0,9999.0,9.8,1515.0,540.0,10.1,15.0,21.0,2.0,28.0,33.0,38.0,42.0,4567.0,1830.0,1432.0,2580.0,220.0,270.0,9999.0,46.6,2484.0,50.0,54.0
9.4,1.0,7.0,9.0,6.0,13.0,3474.0,153.0,10.0,5200.0,600.0,9999.0,9999.0,10.96,9999.0,9999.0,9.3,1725.0,455.0,11.3,15.0,21.0,2.0,28.0,33.0,39.0,42.0,4995.0,1820.0,1430.0,2905.0,215.0,303.0,9999.0,54.6,2156.0,52.0,56.0
9.4,3.0,7.0,9.0,8.0,13.0,4266.0,205.0,10.0,5750.0,650.0,6000.0,6000.0,11.78,3.3,4.9,7.2,1790.0,620.0,8.7,15.0,20.0,2.0,28.0,33.0,38.0,42.0,4839.0,1799.0,1509.0,2833.0,243.0,400.0,0.7070000000000001,46.2,2551.0,52.0,54.0
9.4,2.0,7.0,9.0,8.0,13.0,5439.0,260.0,11.0,5500.0,650.0,6000.0,6000.0,12.25,3.0,4.2,5.9,1740.0,570.0,6.7,15.0,20.0,2.0,28.0,33.0,38.0,42.0,4839.0,1799.0,1477.0,2833.0,250.0,530.0,0.71,50.2,2.341,52.0,54.0
9.4,1.0,7.0,11.0,6.0,13.0,2792.0,103.0,10.0,4500.0,700.0,9999.0,9999.0,10.8,9999.0,9.1,13.7,1810.0,810.0,17.6,15.0,24.0,2.0,28.0,33.0,38.0,42.0,4789.0,1840.0,1920.0,2920.0,174.0,240.0,1094.0,41.6,2847.0,52.0,54.0
9.4,1.0,7.0,11.0,6.0,13.0,2792.0,103.0,10.0,4500.0,700.0,9999.0,9999.0,10.8,9999.0,9.1,13.7,1850.0,850.0,18.0,15.0,24.0,2.0,28.0,33.0,38.0,42.0,5189.0,1840.0,1940.0,3320.0,174.0,240.0,1094.0,41.6,2847.0,52.0,54.0
9.4,2.0,7.0,11.0,4.0,12.0,1997.0,83.0,10.0,5250.0,9999.0,9999.0,9999.0,10.38,9999.0,9999.0,15.8,1605.0,835.0,19.3,15.0,21.0,1.0,28.0,33.0,38.0,42.0,4655.0,1695.0,1855.0,2800.0,154.0,165.0,9999.0,29.0,4173.0,50.0,54.0
9.4,3.0,8.0,10.0,6.0,12.0,4164.0,150.0,19.0,3400.0,9999.0,9999.0,9999.0,12.98,9999.0,9999.0,13.6,2420.0,840.0,16.1,15.0,21.0,2.0,29.0,34.0,39.0,48.0,4890.0,1940.0,1880.0,2850.0,170.0,430.0,9999.0,9999.0,3444.0,51.0,0.0
9.4,3.0,8.0,10.0,6.0,12.0,4164.0,150.0,19.0,3400.0,9999.0,9999.0,9999.0,12.98,9999.0,9999.0,13.6,2420.0,840.0,16.1,15.0,21.0,2.0,29.0,34.0,39.0,48.0,4890.0,1940.0,1880.0,2850.0,170.0,430.0,9999.0,9999.0,3444.0,51.0,0.0
9.4,5.0,7.0,10.0,4.0,12.0,1998.0,94.0,9.0,5300.0,9999.0,9999.0,9999.0,11.01,9999.0,9999.0,14.7,1438.0,490.0,15.3,15.0,21.0,2.0,28.0,33.0,39.0,42.0,4405.0,1764.0,1650.0,2650.0,172.0,175.0,9999.0,31.9,3842.0,50.0,54.0
9.4,1.0,7.0,11.0,4.0,12.0,1997.0,102.0,9.0,5800.0,9999.0,9999.0,9999.0,11.33,9999.0,9999.0,14.6,1370.0,700.0,13.4,15.0,21.0,2.0,28.0,33.0,38.0,42.0,4570.0,1720.0,1715.0,2720.0,170.0,180.0,9999.0,38.7,3.0,50.0,54.0
9.4,5.0,7.0,10.0,4.0,12.0,2295.0,103.0,10.0,5300.0,9999.0,9999.0,9999.0,11.17,9999.0,9999.0,9999.0,1835.0,685.0,17.8,15.0,20.0,2.0,28.0,33.0,39.0,42.0,4656.0,1864.0,1755.0,2630.0,176.0,204.0,0.979,36.0,3.723,50.0,54.0
9.4,5.0,8.0,10.0,5.0,12.0,2874.0,88.0,22.0,4000.0,700.0,9999.0,9999.0,11.19,9999.0,9999.0,9999.0,1860.0,655.0,21.1,15.0,20.0,1.0,29.0,37.0,40.0,49.0,4330.0,1841.0,1840.0,2480.0,140.0,256.0,9999.0,36.0,3.7,51.0,59.0
9.4,5.0,8.0,10.0,5.0,12.0,2874.0,88.0,22.0,4000.0,700.0,9999.0,9999.0,11.19,9999.0,9999.0,9999.0,1860.0,655.0,21.1,15.0,20.0,1.0,29.0,37.0,40.0,49.0,4330.0,1841.0,1840.0,2480.0,140.0,256.0,9999.0,36.0,3.7,51.0,59.0
9.5,3.0,7.0,9.0,8.0,13.0,4172.0,265.0,11.0,7000.0,9999.0,9999.0,9999.0,12.95,9999.0,4.8,6.6,1750.0,600.0,6.6,15.0,22.0,4.0,28.0,33.0,38.0,42.0,5034.0,1880.0,1418.0,2880.0,250.0,430.0,653.0,41.4,2.999,50.0,54.0
9.5,3.0,7.0,9.0,8.0,13.0,4172.0,220.0,11.0,6200.0,9999.0,7200.0,9999.0,12.05,9999.0,4.8,6.9,1750.0,540.0,8.0,15.0,22.0,4.0,28.0,33.0,38.0,42.0,4833.0,1850.0,1453.0,2760.0,250.0,400.0,613.0,53.6,2193.0,50.0,56.0
9.5,2.0,7.0,9.0,8.0,13.0,3996.0,267.0,9.0,6150.0,9999.0,6950.0,9999.0,15.88,9999.0,9999.0,5.6,1750.0,350.0,6.6,15.0,18.0,4.0,30.0,33.0,38.0,42.0,4760.0,1829.0,1306.0,2588.0,250.0,505.0,9999.0,49.4,2.5,50.0,54.0
9.5,3.0,7.0,9.0,6.0,13.0,2972.0,210.0,8.0,6000.0,700.0,9999.0,9999.0,17.21,9999.0,9999.0,5.7,1730.0,390.0,8.2,15.0,21.0,4.0,31.0,33.0,38.0,42.0,4570.0,1840.0,1285.0,2470.0,250.0,407.0,0.65,51.4,2339.0,50.0,54.0
9.5,5.0,8.0,10.0,4.0,12.0,2477.0,73.0,21.0,3900.0,9999.0,9999.0,9999.0,12.78,9999.0,9999.0,19.3,1745.0,765.0,23.9,15.0,21.0,1.0,29.0,35.0,40.0,44.0,4035.0,1770.0,1870.0,2350.0,136.0,252.0,9999.0,33.9,3.959,51.0,0.0
9.5,5.0,8.0,10.0,4.0,12.0,2477.0,73.0,21.0,3900.0,9999.0,9999.0,9999.0,12.78,9999.0,9999.0,19.3,1785.0,765.0,24.5,15.0,21.0,1.0,29.0,35.0,40.0,44.0,4085.0,1770.0,1860.0,2350.0,136.0,252.0,9999.0,34.2,3.959,51.0,0.0
9.5,1.0,7.0,11.0,4.0,12.0,1997.0,102.0,9.0,5800.0,9999.0,9999.0,9999.0,11.2,9999.0,9999.0,14.8,1370.0,700.0,13.4,15.0,21.0,2.0,28.0,33.0,38.0,42.0,4515.0,1695.0,1620.0,2720.0,170.0,178.0,9999.0,37.8,3.0,50.0,54.0
9.5,5.0,7.0,10.0,4.0,12.0,2463.0,87.0,9.0,5200.0,9999.0,9999.0,9999.0,9.49,9999.0,9999.0,15.0,1430.0,495.0,16.4,16.0,24.0,1.0,28.0,33.0,39.0,42.0,3883.0,1740.0,1782.0,2373.0,142.0,186.0,9999.0,40.5,3174.0,50.0,54.0
9.6,3.0,7.0,9.0,6.0,14.0,3600.0,309.0,9.0,6000.0,9999.0,9999.0,9999.0,19.55,9999.0,9999.0,4.9,1585.0,345.0,5.1,15.0,18.0,4.0,31.0,33.0,38.0,42.0,4435.0,1830.0,1295.0,2350.0,298.0,560.0,9999.0,9999.0,2399.0,52.0,54.0
9.6,3.0,7.0,9.0,8.0,13.0,4172.0,220.0,11.0,6200.0,9999.0,7200.0,9999.0,12.05,9999.0,5.1,7.1,1815.0,540.0,8.3,15.0,22.0,4.0,28.0,33.0,38.0,42.0,4833.0,1850.0,1475.0,2759.0,250.0,400.0,748.0,53.6,2193.0,50.0,56.0
9.6,1.0,7.0,11.0,6.0,13.0,3350.0,137.0,10.0,5200.0,9999.0,9999.0,9999.0,10.69,9999.0,9999.0,11.2,1774.0,661.0,12.9,16.0,24.0,1.0,28.0,33.0,39.0,42.0,5114.0,1847.0,1801.0,3047.0,177.0,285.0,9999.0,51.4,2.33,52.0,54.0
9.7,3.0,7.0,9.0,8.0,13.0,4172.0,265.0,11.0,7000.0,9999.0,9999.0,9999.0,12.95,9999.0,4.0,5.4,1730.0,600.0,6.5,15.0,22.0,4.0,28.0,33.0,38.0,42.0,5034.0,1880.0,1418.0,2880.0,250.0,430.0,653.0,41.3,3.1,50.0,54.0
9.7,1.0,7.0,9.0,6.0,13.0,2959.0,150.0,10.0,6300.0,9999.0,9999.0,9999.0,11.47,9999.0,9999.0,9.8,1540.0,510.0,10.3,15.0,21.0,2.0,28.0,33.0,38.0,42.0,4687.0,1826.0,1462.0,2700.0,220.0,270.0,9999.0,46.1,2484.0,50.0,54.0
9.7,1.0,7.0,9.0,5.0,12.0,1998.0,162.0,9.0,5750.0,9999.0,9999.0,9999.0,19.43,9999.0,9999.0,7.3,1500.0,520.0,9.3,15.0,21.0,2.0,29.0,33.0,38.0,42.0,4687.0,1826.0,1462.0,2700.0,243.0,309.0,9999.0,43.8,2.644,52.0,54.0
9.7,2.0,7.0,9.0,8.0,13.0,3996.0,267.0,9.0,6150.0,9999.0,6950.0,9999.0,15.88,9999.0,9999.0,5.6,1775.0,485.0,6.6,15.0,18.0,4.0,30.0,33.0,38.0,42.0,5024.0,1799.0,1314.0,2870.0,250.0,505.0,9999.0,47.6,2.5,50.0,54.0
9.7,2.0,7.0,9.0,8.0,13.0,3996.0,267.0,9.0,6150.0,9999.0,6950.0,9999.0,15.88,9999.0,9999.0,5.7,1800.0,460.0,6.7,15.0,18.0,4.0,30.0,33.0,38.0,42.0,5149.0,1799.0,1333.0,2995.0,250.0,505.0,9999.0,48.8,2.5,50.0,54.0
9.7,3.0,7.0,9.0,6.0,13.0,2671.0,184.0,9.0,5800.0,9999.0,9999.0,9999.0,16.47,9999.0,9999.0,7.7,1825.0,630.0,9.9,15.0,22.0,4.0,31.0,33.0,38.0,42.0,4810.0,1852.0,1551.0,2757.0,234.0,350.0,9999.0,9999.0,2294.0,50.0,54.0
9.7,2.0,7.0,9.0,8.0,13.0,4398.0,210.0,10.0,5400.0,600.0,9999.0,9999.0,12.57,9999.0,9999.0,6.7,1770.0,540.0,8.4,15.0,18.0,4.0,28.0,33.0,38.0,42.0,4808.0,1799.0,1435.0,2827.0,250.0,440.0,716.0,53.2,2248.0,50.0,56.0
9.7,3.0,8.0,10.0,5.0,12.0,3124.0,103.0,21.0,3600.0,700.0,4750.0,9999.0,15.45,9999.0,9999.0,9999.0,1898.0,607.0,18.4,16.0,25.0,1.0,29.0,35.0,38.0,44.0,4611.0,1858.0,1805.0,2690.0,170.0,384.0,9999.0,50.4,2698.0,51.0,57.0
9.8,2.0,7.0,9.0,8.0,13.0,4941.0,294.0,11.0,6600.0,600.0,7000.0,7000.0,12.72,9999.0,3.8,5.3,1720.0,570.0,5.9,15.0,20.0,4.0,28.0,33.0,39.0,42.0,4784.0,1800.0,1437.0,2830.0,250.0,500.0,0.6729999999999999,45.4,2615.0,50.0,56.0
9.8,1.0,7.0,9.0,8.0,13.0,4565.0,205.0,10.0,5600.0,700.0,9999.0,9999.0,11.2,9999.0,9999.0,7.8,1847.0,427.0,9.0,15.0,18.0,4.0,28.0,33.0,39.0,42.0,4997.0,1897.0,1428.0,2850.0,203.0,407.0,9999.0,59.4,2.1180000000000003,52.0,54.0
9.8,3.0,7.0,9.0,6.0,13.0,2671.0,184.0,9.0,5800.0,9999.0,9999.0,9999.0,16.47,9999.0,9999.0,7.4,1795.0,630.0,9.8,15.0,22.0,4.0,31.0,33.0,38.0,42.0,4810.0,1852.0,1551.0,2757.0,236.0,350.0,9999.0,9999.0,3194.0,50.0,54.0
9.8,1.0,7.0,9.0,6.0,13.0,2959.0,150.0,10.0,6300.0,9999.0,9999.0,9999.0,11.47,9999.0,9999.0,9.9,1610.0,580.0,10.7,15.0,21.0,2.0,28.0,33.0,38.0,42.0,4687.0,1826.0,1464.0,2700.0,218.0,270.0,9999.0,46.6,2484.0,50.0,54.0
9.8,1.0,7.0,11.0,5.0,12.0,2461.0,85.0,10.0,4500.0,800.0,9999.0,9999.0,10.21,9999.0,12.1,17.7,1780.0,920.0,20.9,15.0,21.0,1.0,28.0,33.0,39.0,42.0,4789.0,1840.0,1940.0,2920.0,164.0,200.0,1094.0,33.7,3.59,50.0,54.0
9.8,3.0,8.0,10.0,4.0,12.0,2982.0,92.0,21.0,3600.0,700.0,4600.0,9999.0,12.43,9999.0,9999.0,14.0,1750.0,760.0,19.0,15.0,21.0,1.0,29.0,35.0,39.0,44.0,4305.0,1730.0,1855.0,2365.0,160.0,295.0,9999.0,42.1,3.4360000000000004,51.0,59.0
9.8,3.0,8.0,10.0,4.0,12.0,2982.0,92.0,21.0,3600.0,700.0,4600.0,9999.0,12.43,9999.0,9999.0,14.0,1750.0,760.0,19.0,15.0,21.0,1.0,29.0,35.0,39.0,44.0,4330.0,1820.0,1870.0,2365.0,160.0,295.0,9999.0,39.5,3.63,51.0,59.0
9.8,3.0,8.0,10.0,4.0,12.0,2982.0,92.0,21.0,3600.0,700.0,4600.0,9999.0,12.43,9999.0,9999.0,14.9,1850.0,960.0,20.1,15.0,21.0,1.0,29.0,35.0,39.0,44.0,4745.0,1730.0,1860.0,2665.0,160.0,295.0,9999.0,42.1,3.4360000000000004,51.0,59.0
9.8,3.0,8.0,10.0,4.0,12.0,2982.0,92.0,21.0,3600.0,700.0,4600.0,9999.0,12.43,9999.0,9999.0,14.9,1850.0,960.0,20.1,15.0,21.0,1.0,29.0,35.0,39.0,44.0,4770.0,1820.0,1875.0,2665.0,160.0,295.0,9999.0,39.5,3.63,51.0,59.0
9.8,3.0,7.0,11.0,4.0,12.0,1997.0,102.0,9.0,5800.0,9999.0,9999.0,9999.0,11.2,9999.0,9999.0,14.0,1460.0,610.0,14.3,15.0,21.0,2.0,28.0,33.0,38.0,42.0,4515.0,1695.0,1620.0,2720.0,170.0,178.0,9999.0,31.4,3594.0,50.0,54.0
9.9,2.0,7.0,9.0,8.0,13.0,4966.0,225.0,10.0,5500.0,650.0,6000.0,6000.0,11.64,3.2,4.7,6.5,1780.0,600.0,7.9,15.0,20.0,2.0,28.0,33.0,38.0,42.0,5038.0,1855.0,1444.0,2965.0,250.0,460.0,621.0,52.8,2.341,52.0,56.0
9.9,2.0,7.0,9.0,8.0,13.0,4966.0,225.0,10.0,5500.0,650.0,6000.0,6000.0,11.64,3.2,4.7,6.5,1800.0,600.0,8.0,15.0,20.0,2.0,28.0,33.0,38.0,42.0,5158.0,1855.0,1444.0,3085.0,250.0,460.0,621.0,52.8,2.341,52.0,56.0
9.9,2.0,7.0,9.0,8.0,13.0,4966.0,225.0,10.0,5600.0,650.0,6000.0,6000.0,11.64,3.1,4.6,6.5,1790.0,530.0,8.0,15.0,20.0,2.0,28.0,33.0,38.0,42.0,4993.0,1857.0,1398.0,2885.0,250.0,460.0,616.0,9999.0,2.341,52.0,56.0
9.9,5.0,7.0,10.0,6.0,13.0,2494.0,106.0,10.0,6200.0,9999.0,9999.0,9999.0,10.48,9999.0,9999.0,12.5,1425.0,525.0,13.4,15.0,20.0,4.0,28.0,33.0,38.0,42.0,4195.0,1780.0,1740.0,2480.0,155.0,208.0,9999.0,37.5,3359.0,52.0,54.0
9.9,2.0,7.0,11.0,4.0,12.0,2351.0,82.0,9.0,4500.0,9999.0,9999.0,9999.0,9.62,9999.0,9999.0,20.6,1790.0,760.0,21.8,15.0,21.0,1.0,28.0,0.0,39.0,42.0,4695.0,1820.0,1885.0,2810.0,155.0,180.0,1151.0,33.7,3.6,50.0,54.0
9.9,2.0,7.0,11.0,4.0,12.0,2351.0,82.0,9.0,4500.0,9999.0,9999.0,9999.0,9.62,9999.0,9999.0,20.6,1760.0,890.0,21.5,15.0,21.0,1.0,28.0,0.0,39.0,42.0,4695.0,1820.0,1885.0,2810.0,155.0,180.0,1151.0,33.7,3.6,50.0,54.0
9.9,5.0,8.0,10.0,4.0,12.0,2477.0,73.0,21.0,3900.0,9999.0,9999.0,9999.0,12.78,9999.0,9999.0,21.7,1845.0,705.0,25.3,15.0,21.0,1.0,29.0,35.0,40.0,44.0,4635.0,1770.0,1900.0,2695.0,136.0,252.0,9999.0,33.9,3.959,51.0,0.0
9.9,5.0,8.0,10.0,4.0,12.0,2477.0,73.0,21.0,3900.0,9999.0,9999.0,9999.0,12.78,9999.0,9999.0,21.7,1885.0,665.0,25.8,15.0,21.0,1.0,29.0,35.0,40.0,44.0,4685.0,1785.0,1890.0,2695.0,136.0,252.0,9999.0,34.2,3.959,51.0,0.0
9.9,5.0,7.0,10.0,4.0,12.0,2295.0,105.0,10.0,5600.0,750.0,9999.0,9999.0,11.44,9999.0,9999.0,9999.0,1820.0,695.0,17.3,15.0,20.0,2.0,28.0,33.0,39.0,42.0,4330.0,1841.0,1840.0,2480.0,160.0,209.0,9999.0,31.4,4.3,50.0,54.0
10.0,3.0,7.0,10.0,6.0,12.0,2979.0,170.0,10.0,5900.0,700.0,6500.0,6500.0,12.65,9999.0,9999.0,8.5,1990.0,610.0,11.7,15.0,18.0,2.0,28.0,33.0,38.0,42.0,4667.0,1872.0,1715.0,2820.0,202.0,300.0,9999.0,9999.0,4.1,50.0,54.0
10.0,3.0,7.0,11.0,5.0,12.0,2461.0,85.0,10.0,4500.0,800.0,9999.0,9999.0,10.21,9999.0,12.5,18.8,1880.0,820.0,22.1,15.0,21.0,1.0,28.0,33.0,39.0,42.0,4789.0,1840.0,1940.0,2920.0,162.0,200.0,1094.0,33.7,3.59,50.0,54.0
10.0,3.0,7.0,11.0,5.0,12.0,2461.0,85.0,10.0,4500.0,800.0,9999.0,9999.0,10.21,9999.0,12.5,18.8,1920.0,780.0,22.6,15.0,21.0,1.0,28.0,33.0,39.0,42.0,5189.0,1840.0,1940.0,3320.0,162.0,200.0,1094.0,33.7,3.59,50.0,54.0
10.1,3.0,7.0,9.0,8.0,13.0,4172.0,250.0,11.0,7000.0,780.0,7200.0,9999.0,12.65,9999.0,4.9,6.7,1760.0,540.0,7.0,15.0,22.0,4.0,28.0,33.0,38.0,42.0,4833.0,1850.0,1443.0,2759.0,250.0,420.0,748.0,41.3,2823.0,50.0,56.0
10.1,2.0,7.0,9.0,12.0,13.0,5379.0,240.0,10.0,5000.0,600.0,9999.0,6000.0,11.45,9999.0,9999.0,6.8,1980.0,535.0,8.3,15.0,18.0,2.0,28.0,33.0,38.0,42.0,4984.0,1862.0,1426.0,2930.0,250.0,490.0,0.7070000000000001,56.7,2.2,50.0,56.0
10.1,5.0,8.0,10.0,5.0,12.0,2874.0,88.0,20.0,3800.0,680.0,4200.0,4200.0,12.24,9999.0,9999.0,16.0,1980.0,620.0,22.5,15.0,20.0,1.0,29.0,34.0,38.0,44.0,4130.0,1700.0,1940.0,2400.0,137.0,280.0,1482.0,36.1,3.7,51.0,59.0
10.1,5.0,8.0,10.0,5.0,12.0,2874.0,88.0,20.0,3800.0,680.0,4200.0,4200.0,12.24,9999.0,9999.0,17.0,2105.0,795.0,23.9,15.0,20.0,1.0,29.0,34.0,38.0,44.0,4580.0,1700.0,1945.0,2850.0,137.0,280.0,1482.0,36.1,3.7,51.0,59.0
10.1,5.0,7.0,10.0,6.0,13.0,3165.0,151.0,9.0,5400.0,9999.0,9999.0,9999.0,11.51,9999.0,9999.0,9.7,1782.0,668.0,11.8,15.0,21.0,4.0,28.0,33.0,39.0,42.0,4658.0,1787.0,1740.0,2702.0,192.0,290.0,9999.0,39.4,3483.0,50.0,54.0
10.1,5.0,7.0,10.0,4.0,12.0,2389.0,85.0,9.0,4800.0,9999.0,9999.0,9999.0,10.05,9999.0,9999.0,13.7,1630.0,880.0,19.2,15.0,24.0,1.0,28.0,33.0,38.0,42.0,4217.0,1755.0,1830.0,2450.0,160.0,191.0,9999.0,35.4,3.81,52.0,54.0
10.2,5.0,7.0,10.0,6.0,12.0,3954.0,130.0,9.0,4600.0,9999.0,9999.0,9999.0,9.41,9999.0,9999.0,9.4,1495.0,480.0,11.5,16.0,24.0,1.0,28.0,33.0,39.0,42.0,3883.0,1740.0,1782.0,2373.0,174.0,296.0,9999.0,53.0,2425.0,50.0,54.0
10.3,3.0,7.0,9.0,8.0,13.0,4172.0,250.0,11.0,7000.0,780.0,7200.0,9999.0,12.65,9999.0,4.2,5.8,1790.0,540.0,7.2,15.0,22.0,4.0,28.0,33.0,38.0,42.0,4833.0,1850.0,1465.0,2759.0,250.0,420.0,748.0,38.8,3.1,50.0,56.0
10.3,3.0,7.0,9.0,8.0,13.0,4172.0,250.0,11.0,7000.0,780.0,7200.0,9999.0,12.65,9999.0,5.0,6.8,1815.0,540.0,7.3,15.0,22.0,4.0,28.0,33.0,38.0,42.0,4833.0,1850.0,1465.0,2759.0,250.0,420.0,748.0,41.3,2823.0,50.0,56.0
10.3,3.0,7.0,10.0,6.0,12.0,2979.0,170.0,10.0,5900.0,700.0,6500.0,6500.0,12.65,9999.0,9999.0,8.8,2015.0,610.0,11.9,15.0,18.0,2.0,28.0,33.0,38.0,42.0,4667.0,1872.0,1715.0,2820.0,202.0,300.0,9999.0,9999.0,3.75,50.0,54.0
10.3,3.0,7.0,11.0,6.0,13.0,2792.0,128.0,10.0,5800.0,700.0,9999.0,9999.0,10.8,9999.0,9999.0,11.6,1811.0,689.0,14.1,15.0,24.0,2.0,28.0,33.0,38.0,42.0,4620.0,1810.0,1730.0,2835.0,193.0,240.0,884.0,33.7,3.3960000000000004,50.0,54.0
10.3,5.0,7.0,10.0,4.0,12.0,2389.0,87.0,9.0,4800.0,9999.0,9999.0,9999.0,10.05,9999.0,9999.0,14.3,1760.0,820.0,20.2,15.0,24.0,1.0,28.0,33.0,38.0,42.0,4697.0,1755.0,1850.0,2650.0,160.0,191.0,9999.0,35.4,3.81,52.0,54.0
10.4,2.0,7.0,9.0,12.0,13.0,5379.0,240.0,10.0,5000.0,600.0,9999.0,6000.0,11.45,9999.0,9999.0,6.8,2035.0,535.0,8.5,15.0,18.0,2.0,28.0,33.0,38.0,42.0,5124.0,1862.0,1426.0,3070.0,250.0,490.0,0.7070000000000001,56.7,2.2,50.0,56.0
10.4,1.0,7.0,9.0,8.0,13.0,4565.0,224.0,10.0,6000.0,700.0,9999.0,9999.0,11.01,9999.0,9999.0,6.8,1857.0,427.0,8.3,15.0,18.0,4.0,28.0,33.0,39.0,42.0,4997.0,1897.0,1428.0,2850.0,240.0,400.0,9999.0,49.8,2.527,52.0,54.0
10.4,1.0,7.0,11.0,6.0,13.0,2986.0,108.0,9.0,5000.0,9999.0,9999.0,9999.0,10.65,9999.0,9999.0,12.6,1856.0,671.0,17.2,16.0,24.0,1.0,28.0,33.0,38.0,42.0,5147.0,1944.0,1782.0,3066.0,168.0,253.0,0.942,44.1,2.7460000000000004,50.0,54.0
10.4,1.0,7.0,11.0,6.0,13.0,2792.0,103.0,10.0,4500.0,700.0,9999.0,9999.0,10.8,9999.0,9.8,14.9,1840.0,780.0,17.9,15.0,24.0,2.0,28.0,33.0,38.0,42.0,4789.0,1840.0,1920.0,2920.0,170.0,240.0,1094.0,43.3,2.7310000000000003,52.0,54.0
10.4,1.0,7.0,11.0,6.0,13.0,2792.0,103.0,10.0,4500.0,700.0,9999.0,9999.0,10.8,9999.0,9.8,14.9,1880.0,820.0,18.3,15.0,24.0,2.0,28.0,33.0,38.0,42.0,5189.0,1840.0,1940.0,3320.0,170.0,240.0,1094.0,43.3,2.7310000000000003,52.0,54.0
10.4,3.0,7.0,10.0,6.0,13.0,3497.0,149.0,10.0,5000.0,9999.0,9999.0,9999.0,11.43,9999.0,9999.0,11.7,1915.0,595.0,12.9,15.0,21.0,4.0,28.0,34.0,38.0,42.0,4280.0,1875.0,1845.0,2545.0,185.0,318.0,1088.0,45.3,3.143,50.0,54.0
10.4,5.0,7.0,10.0,6.0,13.0,3275.0,110.0,9.0,4800.0,9999.0,9999.0,9999.0,10.21,9999.0,9999.0,13.1,1940.0,420.0,17.6,15.0,21.0,2.0,28.0,33.0,38.0,42.0,4640.0,1820.0,1750.0,2700.0,172.0,266.0,9999.0,38.2,3532.0,52.0,54.0
10.4,3.0,8.0,10.0,4.0,12.0,2982.0,92.0,21.0,3600.0,700.0,4600.0,9999.0,12.43,9999.0,9999.0,14.0,1760.0,750.0,19.1,15.0,21.0,1.0,29.0,35.0,39.0,44.0,4330.0,1820.0,1870.0,2365.0,160.0,295.0,9999.0,44.0,3238.0,51.0,59.0
10.4,3.0,8.0,10.0,4.0,12.0,2982.0,92.0,21.0,3600.0,700.0,4600.0,9999.0,12.43,9999.0,9999.0,14.9,1860.0,950.0,20.2,15.0,21.0,1.0,29.0,35.0,39.0,44.0,4770.0,1820.0,1875.0,2665.0,160.0,295.0,9999.0,44.0,3238.0,51.0,59.0
10.5,3.0,7.0,10.0,6.0,13.0,3497.0,149.0,10.0,5000.0,9999.0,9999.0,9999.0,11.43,9999.0,9999.0,10.0,1915.0,595.0,12.9,15.0,21.0,4.0,28.0,34.0,38.0,42.0,4280.0,1875.0,1845.0,2545.0,190.0,318.0,1088.0,40.5,3522.0,50.0,54.0
10.6,3.0,8.0,10.0,6.0,12.0,2996.0,130.0,22.0,4400.0,610.0,5400.0,5300.0,13.84,9999.0,9999.0,14.2,2245.0,565.0,17.3,15.0,19.0,2.0,29.0,37.0,38.0,49.0,4212.0,1760.0,1931.0,2400.0,164.0,330.0,1.65,34.1,4.31,50.0,57.0
10.6,3.0,8.0,10.0,6.0,12.0,2996.0,130.0,22.0,4400.0,610.0,5400.0,5300.0,13.84,9999.0,9999.0,15.7,2350.0,750.0,18.1,15.0,19.0,2.0,29.0,37.0,38.0,49.0,4662.0,1760.0,1931.0,2850.0,163.0,330.0,1.65,34.1,4.31,50.0,57.0
10.6,3.0,8.0,10.0,6.0,12.0,2996.0,130.0,22.0,4400.0,610.0,5400.0,5300.0,13.84,9999.0,9999.0,14.2,2145.0,665.0,16.5,15.0,19.0,2.0,29.0,37.0,38.0,49.0,4257.0,1760.0,1941.0,2400.0,164.0,330.0,1.65,34.1,4.31,50.0,57.0
10.6,5.0,7.0,10.0,6.0,13.0,3165.0,151.0,9.0,5400.0,9999.0,9999.0,9999.0,11.51,9999.0,9999.0,10.0,1797.0,653.0,11.9,15.0,21.0,4.0,28.0,33.0,39.0,42.0,4658.0,1787.0,1740.0,2702.0,188.0,290.0,9999.0,46.5,2952.0,50.0,54.0
10.6,2.0,7.0,11.0,4.0,12.0,2351.0,82.0,9.0,4500.0,9999.0,9999.0,9999.0,9.62,9999.0,9999.0,22.3,1790.0,760.0,21.8,15.0,21.0,1.0,28.0,0.0,39.0,42.0,4695.0,1820.0,1885.0,2810.0,142.0,180.0,1151.0,39.5,3.82,50.0,54.0
10.6,5.0,7.0,10.0,6.0,13.0,2972.0,104.0,9.0,5000.0,9999.0,9999.0,9999.0,9.3,9999.0,9999.0,13.6,1830.0,520.0,17.6,15.0,21.0,2.0,28.0,33.0,38.0,42.0,4085.0,1770.0,1860.0,2350.0,157.0,220.0,9999.0,40.1,3.3760000000000003,50.0,54.0
10.6,5.0,7.0,10.0,6.0,13.0,2972.0,104.0,9.0,5000.0,9999.0,9999.0,9999.0,9.3,9999.0,9999.0,15.1,2040.0,610.0,19.6,15.0,21.0,2.0,28.0,33.0,38.0,42.0,4685.0,1785.0,1890.0,2695.0,157.0,220.0,9999.0,40.1,3.3760000000000003,50.0,54.0
10.7,2.0,7.0,9.0,8.0,13.0,3495.0,280.0,11.0,8250.0,9999.0,9999.0,9999.0,13.05,9999.0,9999.0,4.7,1350.0,330.0,4.8,15.0,21.0,4.0,28.0,33.0,39.0,42.0,4250.0,1900.0,1170.0,2450.0,295.0,363.0,9999.0,41.1,2983.0,50.0,54.0
10.7,2.0,7.0,9.0,8.0,13.0,3495.0,280.0,11.0,8250.0,9999.0,9999.0,9999.0,13.05,9999.0,9999.0,4.7,1350.0,330.0,4.8,15.0,21.0,4.0,28.0,33.0,39.0,42.0,4250.0,1900.0,1170.0,2450.0,295.0,363.0,9999.0,41.1,2983.0,50.0,54.0
10.7,2.0,7.0,9.0,8.0,13.0,3495.0,280.0,11.0,8250.0,9999.0,9999.0,9999.0,13.05,9999.0,9999.0,4.7,1350.0,330.0,4.8,15.0,21.0,4.0,28.0,33.0,39.0,42.0,4250.0,1900.0,1170.0,2450.0,295.0,363.0,9999.0,41.1,2983.0,50.0,54.0
10.7,5.0,7.0,10.0,6.0,13.0,2972.0,104.0,9.0,5000.0,9999.0,9999.0,9999.0,9.3,9999.0,9999.0,14.2,1830.0,520.0,17.6,15.0,21.0,2.0,28.0,33.0,38.0,42.0,4085.0,1770.0,1860.0,2350.0,157.0,220.0,9999.0,34.2,3.959,50.0,54.0
10.7,5.0,7.0,10.0,6.0,13.0,2972.0,104.0,9.0,5000.0,9999.0,9999.0,9999.0,9.3,9999.0,9999.0,14.3,2045.0,605.0,19.7,15.0,21.0,2.0,28.0,33.0,38.0,42.0,4685.0,1785.0,1890.0,2695.0,157.0,220.0,9999.0,34.2,3.959,50.0,54.0
10.8,2.0,7.0,9.0,8.0,13.0,3217.0,247.0,7.0,6400.0,9999.0,9999.0,9999.0,17.58,9999.0,9999.0,5.8,1647.0,398.0,6.7,15.0,22.0,4.0,31.0,33.0,39.0,42.0,4550.0,1810.0,1380.0,2650.0,270.0,450.0,9999.0,41.6,2763.0,50.0,54.0
10.8,1.0,7.0,11.0,5.0,12.0,2461.0,85.0,10.0,4500.0,800.0,9999.0,9999.0,10.21,9999.0,12.7,19.1,1810.0,890.0,21.3,15.0,21.0,1.0,28.0,33.0,39.0,42.0,4789.0,1840.0,1940.0,2920.0,160.0,200.0,1094.0,37.6,3.1460000000000004,50.0,54.0
10.8,1.0,7.0,11.0,5.0,12.0,2461.0,85.0,10.0,4500.0,800.0,9999.0,9999.0,10.21,9999.0,12.7,19.1,1850.0,850.0,21.8,15.0,21.0,1.0,28.0,33.0,39.0,42.0,5189.0,1840.0,1940.0,3320.0,160.0,200.0,1094.0,37.6,3.1460000000000004,50.0,54.0
10.8,3.0,8.0,10.0,6.0,12.0,4164.0,150.0,19.0,3400.0,9999.0,9999.0,9999.0,12.98,9999.0,9999.0,13.1,2450.0,810.0,16.3,15.0,21.0,2.0,29.0,34.0,39.0,48.0,4890.0,1940.0,1880.0,2850.0,175.0,430.0,9999.0,9999.0,3137.0,51.0,0.0
10.8,3.0,8.0,10.0,6.0,12.0,4164.0,150.0,19.0,3400.0,9999.0,9999.0,9999.0,12.98,9999.0,9999.0,13.1,2450.0,810.0,16.3,15.0,21.0,2.0,29.0,34.0,39.0,48.0,4890.0,1940.0,1880.0,2850.0,175.0,430.0,9999.0,9999.0,3137.0,51.0,0.0
10.8,3.0,7.0,11.0,6.0,13.0,3778.0,131.0,10.0,4300.0,750.0,9999.0,9999.0,10.81,9999.0,9999.0,9999.0,2020.0,620.0,15.4,16.0,18.0,1.0,28.0,33.0,38.0,42.0,5070.0,1950.0,1802.0,3030.0,180.0,325.0,9999.0,54.8,2291.0,52.0,54.0
10.9,2.0,7.0,9.0,12.0,13.0,5987.0,290.0,10.0,5200.0,650.0,6200.0,6000.0,11.96,3.2,4.5,6.1,1980.0,340.0,6.8,15.0,20.0,4.0,28.0,33.0,38.0,42.0,4499.0,1809.0,1288.0,2515.0,250.0,570.0,0.63,54.2,2.2,50.0,54.0
10.9,3.0,7.0,10.0,6.0,13.0,2972.0,130.0,9.0,5000.0,9999.0,9999.0,9999.0,10.78,9999.0,9999.0,10.9,1725.0,785.0,13.3,15.0,21.0,2.0,28.0,33.0,38.0,42.0,4145.0,1785.0,1845.0,2420.0,175.0,255.0,9999.0,35.2,4.46,50.0,54.0
11.0,2.0,7.0,9.0,6.0,13.0,2790.0,206.0,7.0,6000.0,9999.0,9999.0,9999.0,17.88,9999.0,9999.0,5.9,1571.0,389.0,7.6,15.0,22.0,4.0,31.0,33.0,39.0,42.0,4550.0,1810.0,1380.0,2650.0,255.0,397.0,9999.0,40.4,2847.0,50.0,54.0
11.0,5.0,7.0,10.0,6.0,13.0,2972.0,130.0,9.0,5000.0,9999.0,9999.0,9999.0,10.78,9999.0,9999.0,14.4,1865.0,645.0,14.3,15.0,21.0,2.0,28.0,33.0,38.0,42.0,4610.0,1775.0,1730.0,2725.0,175.0,255.0,9999.0,43.1,3182.0,50.0,54.0
11.0,5.0,7.0,10.0,6.0,13.0,3494.0,158.0,9.0,5400.0,9999.0,9999.0,9999.0,11.15,9999.0,9999.0,11.3,1939.0,871.0,12.3,15.0,21.0,4.0,28.0,33.0,39.0,42.0,4365.0,1835.0,1835.0,2330.0,180.0,310.0,9999.0,40.5,3388.0,52.0,54.0
11.0,5.0,7.0,10.0,6.0,13.0,3494.0,158.0,9.0,5400.0,9999.0,9999.0,9999.0,11.15,9999.0,9999.0,11.8,2045.0,765.0,12.9,15.0,21.0,4.0,28.0,33.0,39.0,42.0,4795.0,1835.0,1840.0,2760.0,180.0,310.0,9999.0,40.5,3388.0,52.0,54.0
11.1,3.0,7.0,10.0,8.0,13.0,4398.0,210.0,10.0,5400.0,9999.0,9999.0,9999.0,12.57,9999.0,9999.0,7.5,2095.0,555.0,10.0,15.0,18.0,4.0,28.0,33.0,38.0,42.0,4667.0,1872.0,1707.0,2820.0,206.0,440.0,9999.0,9999.0,2912.0,50.0,56.0
11.1,3.0,7.0,10.0,6.0,13.0,3378.0,131.0,10.0,4600.0,700.0,9999.0,9999.0,11.27,9999.0,9999.0,10.4,1710.0,800.0,13.1,15.0,23.0,4.0,28.0,33.0,38.0,42.0,4330.0,1820.0,1870.0,2365.0,180.0,303.0,9999.0,39.5,3.63,50.0,54.0
11.1,3.0,7.0,10.0,6.0,13.0,3378.0,131.0,10.0,4600.0,700.0,9999.0,9999.0,11.27,9999.0,9999.0,10.9,1800.0,1010.0,13.7,15.0,23.0,4.0,28.0,33.0,38.0,42.0,4770.0,1820.0,1875.0,2665.0,180.0,303.0,9999.0,39.5,3.63,50.0,54.0
11.2,2.0,7.0,9.0,8.0,13.0,3217.0,247.0,7.0,6400.0,9999.0,9999.0,9999.0,17.58,9999.0,9999.0,5.8,1675.0,370.0,6.8,15.0,22.0,4.0,31.0,33.0,39.0,42.0,4550.0,1810.0,1380.0,2650.0,265.0,450.0,9999.0,43.4,2.652,50.0,54.0
11.2,3.0,7.0,10.0,6.0,13.0,3199.0,160.0,10.0,5600.0,730.0,6000.0,6000.0,12.18,4.0,6.7,10.0,2050.0,700.0,12.8,15.0,20.0,2.0,28.0,33.0,38.0,42.0,4587.0,1833.0,1820.0,2820.0,195.0,310.0,1061.0,44.3,3.71,52.0,54.0
11.4,3.0,7.0,10.0,8.0,13.0,5439.0,255.0,11.0,5500.0,650.0,6000.0,6000.0,11.78,3.3,4.8,6.8,2160.0,590.0,8.5,15.0,20.0,2.0,28.0,33.0,38.0,42.0,4587.0,1833.0,1820.0,2820.0,235.0,510.0,1061.0,47.1,2875.0,52.0,54.0
11.4,3.0,7.0,10.0,6.0,13.0,3378.0,131.0,10.0,4600.0,700.0,9999.0,9999.0,11.27,9999.0,9999.0,10.9,1720.0,790.0,13.1,15.0,23.0,4.0,28.0,33.0,38.0,42.0,4330.0,1820.0,1870.0,2365.0,175.0,303.0,9999.0,44.0,3238.0,50.0,54.0
11.4,3.0,7.0,10.0,6.0,13.0,3378.0,131.0,10.0,4600.0,700.0,9999.0,9999.0,11.27,9999.0,9999.0,11.5,1810.0,1000.0,13.8,15.0,23.0,4.0,28.0,33.0,38.0,42.0,4770.0,1820.0,1875.0,2665.0,175.0,303.0,9999.0,44.0,3238.0,50.0,54.0
11.5,5.0,7.0,10.0,6.0,13.0,3275.0,110.0,9.0,4800.0,9999.0,9999.0,9999.0,10.21,9999.0,9999.0,13.9,1950.0,410.0,17.7,15.0,21.0,2.0,28.0,33.0,38.0,42.0,4640.0,1820.0,1750.0,2700.0,166.0,266.0,9999.0,44.9,3.8,52.0,54.0
11.7,3.0,7.0,10.0,6.0,12.0,3199.0,156.0,10.0,6000.0,700.0,9999.0,9999.0,11.67,9999.0,9999.0,9999.0,1840.0,675.0,11.8,15.0,20.0,2.0,28.0,33.0,38.0,42.0,4330.0,1841.0,1840.0,2480.0,182.0,297.0,9999.0,36.3,3.7,50.0,54.0
11.8,3.0,7.0,10.0,6.0,12.0,3954.0,135.0,9.0,4700.0,9999.0,9999.0,9999.0,9.5,9999.0,9999.0,9999.0,1559.0,611.0,11.5,16.0,24.0,1.0,28.0,33.0,39.0,42.0,4251.0,1790.0,1700.0,2576.0,180.0,299.0,9999.0,49.4,2673.0,50.0,54.0
11.8,3.0,7.0,10.0,6.0,12.0,3954.0,140.0,9.0,5000.0,9999.0,9999.0,9999.0,9.38,9999.0,9999.0,9999.0,1806.0,619.0,12.9,16.0,24.0,1.0,28.0,33.0,39.0,42.0,4611.0,1858.0,1805.0,2690.0,181.0,295.0,9999.0,55.1,2574.0,50.0,54.0
11.9,5.0,7.0,10.0,6.0,13.0,3494.0,158.0,9.0,5400.0,9999.0,9999.0,9999.0,11.15,9999.0,9999.0,9.2,1949.0,861.0,12.3,15.0,21.0,4.0,28.0,33.0,39.0,42.0,4365.0,1835.0,1835.0,2330.0,180.0,310.0,9999.0,46.5,2952.0,52.0,54.0
11.9,5.0,7.0,10.0,6.0,13.0,3494.0,158.0,9.0,5400.0,9999.0,9999.0,9999.0,11.15,9999.0,9999.0,9.6,2055.0,755.0,13.0,15.0,21.0,4.0,28.0,33.0,39.0,42.0,4795.0,1835.0,1840.0,2760.0,180.0,310.0,9999.0,46.5,2952.0,52.0,54.0
12.0,2.0,7.0,9.0,8.0,13.0,3586.0,294.0,11.0,8500.0,9999.0,9999.0,9999.0,13.07,9999.0,9999.0,4.5,1390.0,9999.0,4.7,15.0,21.0,4.0,28.0,33.0,38.0,42.0,4477.0,1922.0,1214.0,2600.0,295.0,373.0,9999.0,31.6,3.774,50.0,54.0
12.0,2.0,7.0,9.0,8.0,13.0,3586.0,294.0,11.0,8500.0,9999.0,9999.0,9999.0,13.07,9999.0,9999.0,4.5,1390.0,9999.0,4.7,15.0,21.0,4.0,28.0,33.0,38.0,42.0,4477.0,1922.0,1214.0,2600.0,295.0,373.0,9999.0,31.6,3.774,50.0,54.0
12.1,3.0,7.0,10.0,8.0,13.0,3947.0,140.0,9.0,4750.0,9999.0,9999.0,9999.0,10.19,9999.0,9999.0,10.9,2100.0,680.0,15.0,16.0,24.0,1.0,28.0,33.0,38.0,42.0,4713.0,1855.0,1817.0,2745.0,182.0,320.0,9999.0,52.1,2.584,50.0,54.0
12.4,3.0,7.0,10.0,8.0,13.0,4552.0,165.0,9.0,4750.0,9999.0,9999.0,9999.0,10.49,9999.0,9999.0,9.9,2100.0,680.0,12.7,16.0,24.0,1.0,28.0,33.0,38.0,42.0,4713.0,1855.0,1817.0,2745.0,196.0,380.0,9999.0,52.2,2.584,50.0,54.0
12.4,3.0,7.0,10.0,6.0,12.0,3199.0,162.0,10.0,5500.0,700.0,9999.0,9999.0,12.18,9999.0,9999.0,9999.0,2005.0,515.0,12.4,15.0,20.0,2.0,28.0,33.0,38.0,42.0,4656.0,1864.0,1755.0,2630.0,190.0,310.0,0.979,36.3,3.7,50.0,54.0
12.6,2.0,7.0,9.0,12.0,13.0,5935.0,309.0,10.0,6000.0,9999.0,7000.0,9999.0,11.43,9999.0,9999.0,5.0,1780.0,320.0,5.8,15.0,20.0,4.0,0.0,33.0,38.0,42.0,4666.0,1830.0,1238.0,2591.0,266.0,540.0,9999.0,48.6,2417.0,52.0,54.0
12.6,2.0,7.0,9.0,12.0,13.0,5935.0,309.0,10.0,6000.0,9999.0,7000.0,9999.0,11.43,9999.0,9999.0,5.0,1875.0,320.0,6.1,15.0,20.0,4.0,0.0,33.0,38.0,42.0,4666.0,1830.0,1260.0,2591.0,298.0,540.0,9999.0,63.1,1865.0,52.0,54.0
12.6,2.0,7.0,9.0,12.0,13.0,5935.0,309.0,10.0,6000.0,9999.0,7000.0,9999.0,11.43,9999.0,9999.0,5.0,1875.0,320.0,6.1,15.0,20.0,4.0,0.0,33.0,38.0,42.0,4666.0,1830.0,1260.0,2591.0,266.0,540.0,9999.0,48.6,2417.0,52.0,54.0
12.6,3.0,7.0,10.0,8.0,13.0,4698.0,162.0,9.0,4700.0,600.0,6000.0,9999.0,10.43,9999.0,9999.0,9999.0,1851.0,644.0,11.4,15.0,24.0,2.0,28.0,33.0,39.0,42.0,4611.0,1858.0,1805.0,2690.0,196.0,390.0,9999.0,50.7,2798.0,50.0,54.0
12.7,3.0,7.0,10.0,8.0,13.0,3947.0,136.0,9.0,4750.0,9999.0,9999.0,9999.0,10.82,9999.0,9999.0,11.7,2095.0,655.0,15.4,16.0,24.0,1.0,28.0,33.0,38.0,42.0,4705.0,9999.0,1940.0,2540.0,170.0,340.0,9999.0,52.0,2.6,50.0,54.0
12.8,2.0,7.0,9.0,12.0,13.0,5379.0,240.0,10.0,5000.0,600.0,9999.0,6000.0,11.45,9999.0,9999.0,7.5,2350.0,447.0,9.8,15.0,18.0,2.0,28.0,33.0,38.0,42.0,5390.0,1930.0,1515.0,3116.0,225.0,490.0,0.921,56.3,2315.0,50.0,56.0
12.9,5.0,7.0,10.0,8.0,13.0,5327.0,201.0,10.0,5200.0,9999.0,9999.0,9999.0,10.07,9999.0,9999.0,9999.0,2419.0,665.0,12.0,16.0,24.0,1.0,28.0,33.0,38.0,42.0,5052.0,2068.0,1960.0,2946.0,170.0,427.0,9999.0,54.6,2611.0,50.0,54.0
13.0,2.0,7.0,9.0,8.0,13.0,6750.0,286.0,8.0,4000.0,9999.0,9999.0,9999.0,13.96,9999.0,9999.0,6.3,2450.0,400.0,8.6,16.0,25.0,1.0,29.0,33.0,0.0,42.0,5350.0,1872.0,1462.0,3061.0,245.0,750.0,9999.0,64.6,2.18,50.0,54.0
13.1,2.0,7.0,9.0,8.0,13.0,6750.0,300.0,8.0,4000.0,9999.0,9999.0,9999.0,15.55,9999.0,9999.0,6.4,2610.0,370.0,8.7,16.0,25.0,1.0,29.0,33.0,0.0,42.0,5241.0,1920.0,1466.0,2961.0,245.0,835.0,9999.0,64.6,2.18,50.0,54.0
13.1,2.0,7.0,9.0,8.0,13.0,6750.0,286.0,8.0,4000.0,9999.0,9999.0,9999.0,13.96,9999.0,9999.0,6.7,2610.0,370.0,9.1,16.0,25.0,1.0,29.0,33.0,0.0,42.0,5342.0,9999.0,1475.0,3061.0,241.0,750.0,9999.0,64.6,2.18,50.0,54.0
13.1,2.0,7.0,9.0,8.0,13.0,4398.0,260.0,9.0,5500.0,9999.0,9999.0,9999.0,16.29,9999.0,9999.0,6.5,2396.0,450.0,9.2,15.0,18.0,4.0,31.0,33.0,38.0,42.0,5390.0,1930.0,1515.0,3116.0,240.0,570.0,0.921,9999.0,2315.0,50.0,56.0
13.1,3.0,7.0,10.0,6.0,13.0,3199.0,165.0,10.0,5600.0,575.0,6000.0,6000.0,12.37,9999.0,9999.0,10.9,2180.0,630.0,13.2,15.0,20.0,2.0,28.0,33.0,38.0,42.0,4212.0,1760.0,1931.0,2400.0,173.0,315.0,1.44,34.1,4.31,52.0,54.0
13.1,3.0,7.0,10.0,6.0,13.0,3199.0,165.0,10.0,5600.0,575.0,6000.0,6000.0,12.37,9999.0,9999.0,10.9,2165.0,645.0,13.1,15.0,20.0,2.0,28.0,33.0,38.0,42.0,4257.0,1760.0,1941.0,2400.0,173.0,315.0,1.53,34.1,4.31,52.0,54.0
13.1,3.0,7.0,10.0,8.0,13.0,3947.0,136.0,9.0,4750.0,9999.0,9999.0,9999.0,10.82,9999.0,9999.0,12.8,9999.0,655.0,9999.0,16.0,24.0,1.0,28.0,33.0,38.0,42.0,4705.0,9999.0,1940.0,2540.0,170.0,340.0,9999.0,52.1,2583.0,50.0,54.0
13.2,2.0,7.0,9.0,8.0,13.0,6750.0,312.0,8.0,4000.0,9999.0,9999.0,9999.0,16.29,9999.0,9999.0,5.9,2450.0,400.0,7.9,16.0,25.0,1.0,29.0,33.0,0.0,42.0,5222.0,1920.0,1462.0,2961.0,270.0,875.0,9999.0,64.6,2.18,50.0,54.0
13.3,3.0,7.0,10.0,8.0,13.0,4664.0,173.0,10.0,4800.0,700.0,9999.0,9999.0,11.69,9999.0,9999.0,11.7,2260.0,1000.0,13.1,15.0,23.0,4.0,28.0,33.0,38.0,42.0,4890.0,1940.0,1880.0,2850.0,175.0,434.0,9999.0,9999.0,3238.0,52.0,54.0
13.7,3.0,7.0,10.0,8.0,13.0,4966.0,218.0,10.0,5500.0,650.0,6000.0,6000.0,11.54,9999.0,9999.0,9.7,2365.0,445.0,10.8,15.0,20.0,2.0,28.0,33.0,38.0,42.0,4212.0,1760.0,1931.0,2400.0,190.0,456.0,1.44,9999.0,3635.0,52.0,54.0
13.7,3.0,7.0,10.0,8.0,13.0,4966.0,218.0,10.0,5500.0,650.0,6000.0,6000.0,11.54,9999.0,9999.0,10.2,2460.0,640.0,11.3,15.0,20.0,2.0,28.0,33.0,38.0,42.0,4662.0,1760.0,1931.0,2850.0,190.0,456.0,1.44,9999.0,3635.0,52.0,54.0
13.7,3.0,7.0,10.0,8.0,13.0,4966.0,218.0,10.0,5500.0,650.0,6000.0,6000.0,11.54,9999.0,9999.0,9.7,2350.0,460.0,10.8,15.0,20.0,2.0,28.0,33.0,38.0,42.0,4257.0,1760.0,1941.0,2400.0,190.0,456.0,1.44,9999.0,3635.0,52.0,54.0
13.8,2.0,7.0,9.0,6.0,12.0,2793.0,142.0,10.0,5500.0,700.0,9999.0,6500.0,12.6,9999.0,9999.0,7.9,1615.0,585.0,11.4,15.0,18.0,2.0,28.0,33.0,38.0,42.0,4808.0,1799.0,1435.0,2827.0,233.0,280.0,0.6729999999999999,38.8,3.1,50.0,54.0
14.3,2.0,7.0,9.0,8.0,13.0,6750.0,298.0,8.0,4000.0,9999.0,9999.0,9999.0,15.45,9999.0,9999.0,6.8,2520.0,450.0,8.5,16.0,25.0,1.0,29.0,33.0,0.0,42.0,5390.0,1930.0,1515.0,3116.0,249.0,830.0,0.921,9999.0,2.18,50.0,54.0
15.5,2.0,7.0,9.0,12.0,13.0,5474.0,357.0,11.0,7000.0,9999.0,7500.0,9999.0,13.06,2.3,3.5,4.3,1690.0,260.0,4.7,15.0,21.0,4.0,28.0,33.0,38.0,42.0,4550.0,1935.0,1277.0,2500.0,317.0,569.0,9999.0,41.0,2.959,50.0,54.0
15.5,2.0,7.0,9.0,6.0,12.0,2793.0,142.0,10.0,5500.0,700.0,9999.0,6500.0,12.6,9999.0,9999.0,9.3,1645.0,585.0,11.6,15.0,18.0,2.0,28.0,33.0,38.0,42.0,4808.0,1799.0,1435.0,2827.0,229.0,280.0,0.6729999999999999,52.4,2272.0,50.0,54.0
17.3,2.0,7.0,9.0,12.0,13.0,5707.0,390.0,10.0,7100.0,9999.0,9999.0,9999.0,13.32,9999.0,9999.0,3.9,1530.0,9999.0,3.9,15.0,24.0,4.0,28.0,33.0,39.0,0.0,4470.0,2040.0,1115.0,2650.0,320.0,605.0,9999.0,43.3,2.7880000000000003,50.0,54.0
17.3,3.0,7.0,9.0,12.0,13.0,5707.0,390.0,10.0,7100.0,9999.0,9999.0,9999.0,13.32,9999.0,9999.0,4.0,1625.0,9999.0,4.2,15.0,24.0,4.0,28.0,33.0,39.0,0.0,4470.0,2040.0,1115.0,2650.0,335.0,605.0,9999.0,43.3,2.7880000000000003,50.0,54.0
17.3,3.0,7.0,9.0,12.0,13.0,5707.0,390.0,10.0,7100.0,9999.0,9999.0,9999.0,13.32,9999.0,9999.0,4.0,1625.0,9999.0,4.2,15.0,24.0,4.0,28.0,33.0,39.0,0.0,4470.0,2040.0,1105.0,2650.0,335.0,605.0,9999.0,43.3,2.7880000000000003,50.0,54.0
