0,1,2,3,4,5,6,7,8,9,10,11,12,13,14,15
33.0,1.0,599.0,3.0,3.0,992.0,10.0,70.0,14.69,6.0,9.0,1.0,20.0,27.0,33.0,2.0
40.0,1.0,599.0,3.0,3.0,992.0,10.0,88.0,18.46,6.0,9.0,1.0,20.0,27.0,33.0,2.0
40.0,1.0,599.0,3.0,3.0,992.0,10.0,88.0,18.46,6.0,9.0,1.0,20.0,27.0,33.0,2.0
40.0,1.0,599.0,3.0,3.0,992.0,10.0,88.0,18.46,6.0,9.0,1.0,20.0,27.0,33.0,2.0
38.0,1.0,796.0,3.0,3.0,1.51,9.0,69.0,10.89,6.0,12.0,1.0,25.0,27.0,33.0,2.0
30.0,2.0,799.0,3.0,3.0,1.26,19.0,100.0,15.73,6.0,9.0,1.0,20.0,27.0,33.0,2.0
29.0,1.0,899.0,4.0,3.0,1.42,9.0,65.0,9.09,7.0,11.0,1.0,23.0,27.0,33.0,2.0
33.0,1.0,954.0,4.0,3.0,0.886,9.0,74.0,9.75,6.0,12.0,1.0,25.0,27.0,33.0,2.0
40.0,1.0,973.0,3.0,3.0,1.84,10.0,82.0,10.59,6.0,9.0,2.0,20.0,27.0,33.0,4.0
40.0,1.0,973.0,3.0,3.0,1.84,10.0,82.0,10.59,6.0,9.0,2.0,20.0,27.0,33.0,4.0
41.0,1.0,989.0,3.0,3.0,1125.0,10.0,88.0,11.18,6.0,14.0,2.0,21.0,27.0,33.0,4.0
41.0,1.0,989.0,3.0,3.0,1125.0,10.0,88.0,11.18,6.0,14.0,2.0,21.0,27.0,33.0,4.0
41.0,1.0,989.0,3.0,3.0,1125.0,10.0,88.0,11.18,6.0,14.0,2.0,21.0,27.0,33.0,4.0
41.0,1.0,989.0,3.0,3.0,1125.0,10.0,88.0,11.18,6.0,14.0,2.0,21.0,27.0,33.0,4.0
41.0,1.0,989.0,3.0,3.0,1125.0,10.0,88.0,11.18,6.0,14.0,2.0,21.0,27.0,33.0,4.0
41.0,1.0,989.0,3.0,3.0,1125.0,10.0,88.0,11.18,6.0,14.0,2.0,21.0,27.0,33.0,4.0
41.0,1.0,989.0,3.0,3.0,1125.0,10.0,88.0,11.18,6.0,14.0,2.0,21.0,27.0,33.0,4.0
41.0,1.0,989.0,3.0,3.0,1125.0,10.0,88.0,11.18,6.0,14.0,2.0,21.0,27.0,33.0,4.0
41.0,1.0,989.0,3.0,3.0,1125.0,10.0,88.0,11.18,6.0,14.0,2.0,21.0,27.0,33.0,4.0
41.0,1.0,989.0,3.0,3.0,1125.0,10.0,88.0,11.18,6.0,14.0,2.0,21.0,27.0,33.0,4.0
41.0,1.0,989.0,3.0,3.0,1125.0,10.0,88.0,11.18,6.0,14.0,2.0,21.0,27.0,33.0,4.0
41.0,1.0,989.0,3.0,3.0,1125.0,10.0,88.0,11.18,6.0,14.0,2.0,21.0,27.0,33.0,4.0
39.0,1.0,993.0,3.0,3.0,1.41,10.0,76.0,9.62,6.0,12.0,1.0,21.0,27.0,33.0,2.0
39.0,1.0,993.0,3.0,3.0,1.41,10.0,76.0,9.62,6.0,12.0,1.0,21.0,27.0,33.0,2.0
40.0,1.0,993.0,4.0,3.0,847.0,9.0,77.0,9.74,6.0,12.0,1.0,25.0,27.0,33.0,2.0
40.0,1.0,993.0,4.0,3.0,847.0,9.0,77.0,9.74,6.0,12.0,1.0,25.0,27.0,33.0,2.0
37.0,1.0,997.0,4.0,3.0,0.85,10.0,84.0,10.59,7.0,15.0,1.0,25.0,27.0,33.0,2.0
40.0,1.0,998.0,4.0,3.0,887.0,10.0,79.0,9.95,6.0,15.0,2.0,21.0,27.0,33.0,4.0
40.0,1.0,998.0,4.0,3.0,887.0,10.0,79.0,9.95,6.0,15.0,2.0,21.0,27.0,33.0,4.0
40.0,1.0,998.0,4.0,3.0,887.0,10.0,79.0,9.95,6.0,15.0,2.0,21.0,27.0,33.0,4.0
40.0,1.0,998.0,4.0,3.0,887.0,10.0,79.0,9.95,6.0,15.0,2.0,21.0,27.0,33.0,4.0
50.0,1.0,998.0,4.0,3.0,0.967,10.0,90.0,11.33,6.0,11.0,2.0,21.0,29.0,33.0,4.0
50.0,1.0,998.0,4.0,3.0,0.967,10.0,90.0,11.33,6.0,11.0,2.0,21.0,29.0,33.0,4.0
50.0,1.0,998.0,4.0,3.0,0.967,10.0,90.0,11.33,6.0,11.0,2.0,21.0,29.0,33.0,4.0
37.0,1.0,999.0,4.0,3.0,1.52,11.0,86.0,10.82,6.0,12.0,1.0,20.0,27.0,33.0,2.0
37.0,1.0,999.0,4.0,3.0,1.52,11.0,86.0,10.82,6.0,12.0,1.0,20.0,27.0,33.0,2.0
37.0,1.0,999.0,4.0,3.0,1.52,11.0,86.0,10.82,6.0,12.0,1.0,20.0,27.0,33.0,2.0
40.0,1.0,999.0,4.0,3.0,1.16,10.0,82.0,10.31,6.0,12.0,1.0,25.0,27.0,33.0,3.0
40.0,1.0,999.0,4.0,3.0,1.16,10.0,82.0,10.31,6.0,12.0,1.0,25.0,27.0,33.0,3.0
40.0,1.0,999.0,4.0,3.0,1.16,10.0,82.0,10.31,6.0,12.0,1.0,25.0,27.0,33.0,3.0
40.0,1.0,999.0,4.0,3.0,1.16,10.0,82.0,10.31,6.0,12.0,1.0,25.0,27.0,33.0,3.0
40.0,1.0,1108.0,4.0,3.0,1.29,10.0,86.0,9.75,6.0,12.0,1.0,21.0,27.0,33.0,2.0
40.0,1.0,1108.0,4.0,3.0,1.29,10.0,86.0,9.75,6.0,12.0,1.0,21.0,27.0,33.0,2.0
44.0,1.0,1124.0,4.0,3.0,958.0,9.0,88.0,9.84,6.0,12.0,1.0,25.0,27.0,33.0,2.0
44.0,1.0,1124.0,4.0,3.0,958.0,10.0,91.0,10.17,6.0,12.0,1.0,20.0,27.0,33.0,2.0
44.0,1.0,1124.0,4.0,3.0,958.0,10.0,91.0,10.17,6.0,12.0,1.0,20.0,27.0,33.0,2.0
44.0,1.0,1124.0,4.0,3.0,958.0,10.0,91.0,10.17,6.0,12.0,1.0,20.0,27.0,33.0,2.0
44.0,1.0,1124.0,4.0,3.0,958.0,10.0,91.0,10.17,6.0,12.0,1.0,20.0,27.0,33.0,2.0
44.0,1.0,1124.0,4.0,3.0,958.0,10.0,91.0,10.17,6.0,12.0,1.0,20.0,27.0,33.0,2.0
44.0,1.0,1124.0,4.0,3.0,958.0,10.0,91.0,10.17,6.0,12.0,1.0,20.0,27.0,33.0,2.0
44.0,1.0,1124.0,4.0,3.0,958.0,10.0,91.0,10.17,6.0,12.0,1.0,20.0,27.0,33.0,2.0
43.0,1.0,1149.0,4.0,3.0,1113.0,10.0,93.0,10.17,6.0,12.0,1.0,19.0,27.0,33.0,2.0
43.0,1.0,1149.0,4.0,3.0,1113.0,10.0,93.0,10.17,6.0,12.0,1.0,19.0,27.0,33.0,2.0
43.0,1.0,1149.0,4.0,3.0,1113.0,10.0,93.0,10.17,6.0,12.0,1.0,19.0,27.0,33.0,2.0
43.0,1.0,1149.0,4.0,3.0,1113.0,10.0,93.0,10.17,6.0,12.0,1.0,19.0,27.0,33.0,2.0
43.0,1.0,1149.0,4.0,3.0,1113.0,10.0,93.0,10.17,6.0,12.0,1.0,19.0,27.0,33.0,2.0
45.0,2.0,1191.0,3.0,3.0,1129.0,20.0,140.0,14.77,6.0,12.0,1.0,21.0,0.0,0.0,2.0
48.0,1.0,1199.0,4.0,3.0,1.1,10.0,110.0,11.53,6.0,15.0,2.0,20.0,27.0,33.0,4.0
48.0,1.0,1199.0,4.0,3.0,1.1,10.0,110.0,11.53,6.0,15.0,2.0,20.0,27.0,33.0,4.0
48.0,1.0,1199.0,4.0,3.0,1.1,10.0,110.0,11.53,6.0,15.0,2.0,20.0,27.0,33.0,4.0
48.0,1.0,1199.0,4.0,3.0,1.1,10.0,110.0,11.53,6.0,15.0,2.0,20.0,27.0,33.0,4.0
48.0,1.0,1199.0,4.0,3.0,1.1,10.0,110.0,11.53,6.0,15.0,2.0,20.0,27.0,33.0,4.0
48.0,1.0,1199.0,4.0,3.0,1.1,10.0,110.0,11.53,6.0,15.0,2.0,20.0,27.0,33.0,4.0
55.0,1.0,1199.0,4.0,3.0,1.1,10.0,110.0,11.53,6.0,9.0,2.0,20.0,27.0,33.0,4.0
54.0,1.0,1241.0,4.0,3.0,1113.0,10.0,104.0,10.53,6.0,12.0,1.0,21.0,27.0,33.0,2.0
44.0,1.0,1242.0,4.0,3.0,1114.0,10.0,102.0,10.32,6.0,12.0,1.0,21.0,27.0,33.0,2.0
44.0,1.0,1242.0,4.0,3.0,1114.0,10.0,102.0,10.32,6.0,12.0,1.0,21.0,27.0,33.0,2.0
44.0,1.0,1242.0,4.0,3.0,1114.0,10.0,98.0,9.92,6.0,12.0,1.0,21.0,27.0,33.0,2.0
44.0,1.0,1242.0,4.0,3.0,1114.0,10.0,98.0,9.92,6.0,12.0,1.0,21.0,27.0,33.0,2.0
55.0,1.0,1242.0,4.0,3.0,1.64,10.0,110.0,11.13,6.0,14.0,2.0,21.0,27.0,33.0,4.0
55.0,1.0,1242.0,4.0,3.0,1.64,10.0,110.0,11.13,6.0,14.0,2.0,21.0,27.0,33.0,4.0
55.0,1.0,1242.0,4.0,3.0,1.64,10.0,110.0,11.13,6.0,12.0,2.0,21.0,27.0,33.0,4.0
59.0,1.0,1242.0,4.0,3.0,1114.0,11.0,114.0,11.53,6.0,12.0,2.0,21.0,27.0,33.0,4.0
59.0,1.0,1242.0,4.0,3.0,1114.0,11.0,114.0,11.53,6.0,12.0,2.0,21.0,27.0,33.0,4.0
59.0,1.0,1242.0,4.0,3.0,1114.0,11.0,114.0,11.53,6.0,12.0,2.0,21.0,27.0,33.0,4.0
59.0,1.0,1242.0,4.0,3.0,1114.0,11.0,114.0,11.53,6.0,12.0,2.0,21.0,27.0,33.0,4.0
59.0,1.0,1242.0,4.0,3.0,1114.0,11.0,114.0,11.53,6.0,12.0,2.0,21.0,27.0,33.0,4.0
59.0,1.0,1242.0,4.0,3.0,1114.0,11.0,114.0,11.53,6.0,12.0,2.0,21.0,27.0,33.0,4.0
59.0,1.0,1242.0,4.0,3.0,1114.0,11.0,114.0,11.53,6.0,12.0,2.0,21.0,27.0,33.0,4.0
60.0,1.0,1242.0,4.0,3.0,1114.0,10.0,113.0,11.43,6.0,14.0,2.0,21.0,27.0,33.0,4.0
63.0,1.0,1242.0,4.0,3.0,1114.0,10.0,113.0,11.43,6.0,14.0,2.0,21.0,27.0,33.0,4.0
55.0,1.0,1275.0,4.0,3.0,1.134,10.0,103.0,10.15,6.0,15.0,2.0,21.0,27.0,33.0,4.0
55.0,1.0,1275.0,4.0,3.0,1.134,10.0,103.0,10.15,6.0,15.0,2.0,21.0,27.0,33.0,4.0
40.0,1.0,1289.0,4.0,3.0,0.954,10.0,99.0,9.65,7.0,15.0,1.0,25.0,27.0,33.0,2.0
50.0,1.0,1289.0,4.0,3.0,0.954,10.0,106.0,10.33,7.0,15.0,1.0,25.0,27.0,33.0,2.0
44.0,1.0,1296.0,4.0,3.0,0.94,10.0,84.0,8.14,6.0,12.0,1.0,25.0,27.0,33.0,4.0
61.0,1.0,1296.0,4.0,3.0,0.94,10.0,105.0,10.18,6.0,12.0,1.0,25.0,27.0,33.0,4.0
61.0,1.0,1296.0,4.0,3.0,0.94,10.0,105.0,10.18,6.0,12.0,1.0,25.0,27.0,33.0,4.0
61.0,1.0,1296.0,4.0,3.0,0.94,10.0,105.0,10.18,6.0,12.0,1.0,25.0,27.0,33.0,4.0
61.0,1.0,1296.0,4.0,3.0,0.94,10.0,105.0,10.18,6.0,12.0,1.0,25.0,27.0,33.0,4.0
62.0,1.0,1296.0,4.0,3.0,0.94,10.0,105.0,10.18,6.0,12.0,1.0,25.0,27.0,33.0,4.0
37.0,1.0,1297.0,4.0,3.0,1.21,10.0,93.0,9.01,7.0,9.0,1.0,23.0,27.0,33.0,2.0
37.0,1.0,1297.0,4.0,3.0,1.21,10.0,93.0,9.01,7.0,9.0,1.0,23.0,27.0,33.0,2.0
44.0,1.0,1297.0,4.0,3.0,1.21,10.0,103.0,9.98,7.0,9.0,1.0,23.0,27.0,33.0,2.0
44.0,1.0,1297.0,4.0,3.0,1.21,10.0,105.0,10.17,7.0,9.0,1.0,23.0,27.0,33.0,2.0
50.0,1.0,1299.0,4.0,3.0,1.2,10.0,99.0,9.58,6.0,12.0,1.0,25.0,27.0,33.0,2.0
50.0,1.0,1299.0,4.0,3.0,1.2,10.0,99.0,9.58,6.0,12.0,1.0,25.0,27.0,33.0,2.0
50.0,1.0,1299.0,4.0,3.0,1.2,10.0,99.0,9.58,6.0,12.0,1.0,25.0,27.0,33.0,2.0
51.0,1.0,1299.0,4.0,3.0,1.2,10.0,103.0,9.96,6.0,12.0,1.0,25.0,27.0,33.0,2.0
51.0,1.0,1299.0,4.0,3.0,1.2,10.0,103.0,9.96,6.0,12.0,1.0,25.0,27.0,33.0,2.0
55.0,1.0,1299.0,4.0,3.0,1155.0,10.0,108.0,10.45,6.0,12.0,1.0,19.0,27.0,33.0,3.0
55.0,1.0,1299.0,4.0,3.0,1155.0,10.0,108.0,10.45,6.0,12.0,1.0,19.0,27.0,33.0,3.0
55.0,1.0,1299.0,4.0,3.0,1155.0,10.0,107.0,10.35,6.0,12.0,1.0,19.0,27.0,33.0,3.0
55.0,1.0,1299.0,4.0,3.0,1155.0,10.0,107.0,10.35,6.0,12.0,1.0,19.0,27.0,33.0,3.0
55.0,1.0,1299.0,4.0,3.0,1155.0,10.0,107.0,10.35,6.0,12.0,1.0,19.0,27.0,33.0,3.0
56.0,1.0,1299.0,4.0,3.0,1.2,10.0,115.0,11.13,6.0,12.0,1.0,26.0,27.0,33.0,4.0
59.0,1.0,1299.0,4.0,3.0,1.2,10.0,104.0,10.06,6.0,12.0,1.0,26.0,27.0,33.0,4.0
59.0,1.0,1299.0,4.0,3.0,1.2,10.0,104.0,10.06,6.0,12.0,1.0,26.0,27.0,33.0,4.0
59.0,1.0,1299.0,4.0,3.0,1.2,10.0,104.0,10.06,6.0,12.0,1.0,26.0,27.0,33.0,4.0
63.0,1.0,1299.0,4.0,3.0,1.2,10.0,106.0,10.25,6.0,12.0,1.0,26.0,27.0,33.0,4.0
63.0,1.0,1299.0,4.0,3.0,1.2,10.0,106.0,10.25,6.0,12.0,1.0,26.0,27.0,33.0,4.0
63.0,1.0,1299.0,4.0,3.0,1.2,10.0,106.0,10.25,6.0,12.0,1.0,26.0,27.0,33.0,4.0
63.0,1.0,1299.0,4.0,3.0,0.98,11.0,124.0,12.0,6.0,11.0,2.0,21.0,29.0,33.0,4.0
63.0,1.0,1299.0,4.0,3.0,0.98,11.0,124.0,12.0,6.0,11.0,2.0,21.0,29.0,33.0,4.0
63.0,1.0,1299.0,4.0,3.0,0.98,11.0,124.0,12.0,6.0,11.0,2.0,21.0,29.0,33.0,4.0
63.0,1.0,1299.0,4.0,3.0,1155.0,10.0,117.0,11.32,6.0,12.0,1.0,19.0,27.0,33.0,4.0
46.0,1.0,1324.0,4.0,3.0,1178.0,9.0,103.0,9.78,6.0,12.0,1.0,19.0,27.0,33.0,4.0
47.0,1.0,1324.0,4.0,3.0,1178.0,10.0,102.0,9.68,6.0,12.0,1.0,25.0,27.0,33.0,2.0
47.0,1.0,1324.0,4.0,3.0,1178.0,10.0,102.0,9.68,6.0,12.0,1.0,25.0,27.0,33.0,2.0
47.0,1.0,1324.0,4.0,3.0,1178.0,10.0,102.0,9.68,6.0,12.0,1.0,25.0,27.0,33.0,2.0
47.0,1.0,1324.0,4.0,3.0,1178.0,10.0,102.0,9.68,6.0,12.0,1.0,25.0,27.0,33.0,2.0
47.0,1.0,1324.0,4.0,3.0,1178.0,10.0,102.0,9.68,6.0,12.0,1.0,25.0,27.0,33.0,2.0
47.0,1.0,1324.0,4.0,3.0,1178.0,10.0,102.0,9.68,6.0,12.0,1.0,25.0,27.0,33.0,2.0
54.0,1.0,1324.0,4.0,3.0,1178.0,9.0,108.0,10.25,6.0,12.0,1.0,19.0,27.0,33.0,4.0
54.0,1.0,1324.0,4.0,3.0,1178.0,9.0,108.0,10.25,6.0,12.0,1.0,19.0,27.0,33.0,4.0
54.0,1.0,1324.0,4.0,3.0,1178.0,9.0,108.0,10.25,6.0,12.0,1.0,19.0,27.0,33.0,4.0
55.0,1.0,1341.0,4.0,3.0,1168.0,10.0,114.0,10.68,6.0,12.0,1.0,19.0,27.0,33.0,3.0
55.0,1.0,1341.0,4.0,3.0,1168.0,10.0,114.0,10.68,6.0,12.0,1.0,19.0,27.0,33.0,3.0
63.0,1.0,1341.0,4.0,3.0,1168.0,10.0,115.0,10.78,6.0,12.0,1.0,19.0,27.0,33.0,3.0
63.0,1.0,1341.0,4.0,3.0,1168.0,10.0,115.0,10.78,6.0,12.0,1.0,19.0,27.0,33.0,3.0
48.0,1.0,1343.0,4.0,3.0,1.13,9.0,108.0,10.11,6.0,12.0,1.0,25.0,27.0,33.0,2.0
55.0,1.0,1349.0,4.0,3.0,0.96,10.0,115.0,10.71,6.0,12.0,1.0,0.0,27.0,33.0,2.0
55.0,1.0,1349.0,4.0,3.0,0.96,10.0,115.0,10.71,6.0,12.0,1.0,0.0,27.0,33.0,2.0
55.0,1.0,1361.0,4.0,3.0,1.27,10.0,111.0,10.25,6.0,12.0,1.0,25.0,27.0,33.0,2.0
55.0,1.0,1361.0,4.0,3.0,1.27,10.0,111.0,10.25,6.0,12.0,1.0,25.0,27.0,33.0,2.0
55.0,1.0,1361.0,4.0,3.0,1.27,10.0,111.0,10.25,6.0,12.0,1.0,25.0,27.0,33.0,2.0
55.0,1.0,1361.0,4.0,3.0,1.27,10.0,111.0,10.25,6.0,12.0,1.0,25.0,27.0,33.0,2.0
55.0,1.0,1361.0,4.0,3.0,1.27,10.0,111.0,10.25,6.0,12.0,1.0,25.0,27.0,33.0,2.0
55.0,1.0,1361.0,4.0,3.0,1.27,10.0,111.0,10.25,6.0,12.0,1.0,25.0,27.0,33.0,2.0
55.0,1.0,1361.0,4.0,3.0,1.27,10.0,111.0,10.25,6.0,12.0,1.0,25.0,27.0,33.0,2.0
55.0,1.0,1361.0,4.0,3.0,1.27,10.0,111.0,10.25,6.0,12.0,1.0,20.0,27.0,33.0,2.0
55.0,1.0,1361.0,4.0,3.0,1.27,10.0,111.0,10.25,6.0,12.0,1.0,20.0,27.0,33.0,2.0
55.0,1.0,1361.0,4.0,3.0,1.27,10.0,111.0,10.25,6.0,12.0,1.0,20.0,27.0,33.0,2.0
55.0,1.0,1361.0,4.0,3.0,1.27,10.0,111.0,10.25,6.0,12.0,1.0,20.0,27.0,33.0,2.0
55.0,1.0,1361.0,4.0,3.0,1.27,10.0,111.0,10.25,6.0,12.0,1.0,20.0,27.0,33.0,2.0
55.0,1.0,1361.0,4.0,3.0,1.27,10.0,111.0,10.25,6.0,12.0,1.0,20.0,27.0,33.0,2.0
55.0,1.0,1361.0,4.0,3.0,1.27,10.0,111.0,10.25,6.0,12.0,1.0,20.0,27.0,33.0,2.0
55.0,1.0,1361.0,4.0,3.0,1.27,10.0,111.0,10.25,6.0,12.0,1.0,25.0,27.0,33.0,2.0
55.0,1.0,1361.0,4.0,3.0,1.27,10.0,111.0,10.25,6.0,12.0,1.0,25.0,27.0,33.0,2.0
76.0,1.0,1370.0,4.0,3.0,0.791,11.0,124.0,11.37,6.0,12.0,2.0,21.0,28.0,33.0,4.0
76.0,1.0,1370.0,4.0,3.0,0.791,11.0,124.0,11.37,6.0,12.0,2.0,21.0,28.0,33.0,4.0
55.0,1.0,1388.0,4.0,3.0,1.7,11.0,123.0,11.14,6.0,14.0,2.0,21.0,27.0,33.0,4.0
66.0,1.0,1389.0,4.0,3.0,946.0,11.0,125.0,11.31,6.0,12.0,2.0,21.0,27.0,33.0,4.0
66.0,1.0,1389.0,4.0,3.0,946.0,11.0,125.0,11.31,6.0,12.0,2.0,21.0,27.0,33.0,4.0
66.0,1.0,1389.0,4.0,3.0,946.0,11.0,125.0,11.31,6.0,12.0,2.0,21.0,27.0,33.0,4.0
66.0,1.0,1389.0,4.0,3.0,946.0,11.0,125.0,11.31,6.0,12.0,2.0,21.0,27.0,33.0,4.0
44.0,1.0,1390.0,4.0,3.0,988.0,11.0,116.0,10.49,6.0,12.0,1.0,20.0,27.0,33.0,2.0
44.0,1.0,1390.0,4.0,3.0,988.0,10.0,116.0,10.49,6.0,12.0,1.0,20.0,27.0,33.0,2.0
44.0,1.0,1390.0,4.0,3.0,988.0,10.0,116.0,10.49,6.0,12.0,1.0,20.0,27.0,33.0,2.0
44.0,1.0,1390.0,4.0,3.0,988.0,10.0,116.0,10.49,6.0,12.0,1.0,20.0,27.0,33.0,2.0
55.0,1.0,1390.0,4.0,3.0,988.0,11.0,126.0,11.39,6.0,12.0,2.0,20.0,27.0,33.0,4.0
55.0,1.0,1390.0,4.0,3.0,988.0,11.0,128.0,11.57,6.0,12.0,2.0,20.0,27.0,33.0,4.0
55.0,1.0,1390.0,4.0,3.0,1.16,10.0,107.0,9.67,6.0,12.0,1.0,25.0,27.0,33.0,2.0
55.0,1.0,1390.0,4.0,3.0,1.16,10.0,114.0,10.31,6.0,12.0,1.0,19.0,27.0,33.0,2.0
55.0,1.0,1390.0,4.0,3.0,988.0,11.0,128.0,11.57,6.0,12.0,2.0,20.0,27.0,33.0,4.0
55.0,1.0,1390.0,4.0,3.0,988.0,11.0,126.0,11.39,6.0,12.0,2.0,20.0,27.0,33.0,4.0
70.0,1.0,1390.0,4.0,3.0,1.16,9999.0,127.0,11.48,6.0,12.0,2.0,20.0,27.0,33.0,4.0
74.0,1.0,1390.0,4.0,3.0,988.0,11.0,128.0,11.57,6.0,12.0,2.0,20.0,27.0,33.0,4.0
74.0,1.0,1390.0,4.0,3.0,988.0,11.0,126.0,11.39,6.0,12.0,2.0,20.0,27.0,33.0,4.0
55.0,1.0,1392.0,4.0,3.0,1111.0,10.0,116.0,10.47,6.0,9.0,2.0,21.0,27.0,33.0,4.0
55.0,1.0,1396.0,4.0,3.0,1.53,9.0,111.0,9.99,6.0,12.0,1.0,25.0,27.0,33.0,4.0
55.0,1.0,1396.0,4.0,3.0,1.53,9.0,111.0,9.99,6.0,12.0,1.0,25.0,27.0,33.0,4.0
62.0,1.0,1396.0,4.0,3.0,1.53,11.0,110.0,9.9,6.0,12.0,2.0,21.0,27.0,33.0,4.0
66.0,1.0,1396.0,4.0,3.0,1.53,10.0,127.0,11.43,6.0,12.0,1.0,25.0,27.0,33.0,4.0
66.0,1.0,1396.0,4.0,3.0,1.53,10.0,127.0,11.43,6.0,12.0,1.0,25.0,27.0,33.0,4.0
66.0,1.0,1396.0,4.0,3.0,1.53,10.0,127.0,11.43,6.0,12.0,1.0,25.0,27.0,33.0,4.0
66.0,1.0,1396.0,4.0,3.0,1.53,10.0,127.0,11.43,6.0,12.0,1.0,25.0,27.0,33.0,4.0
66.0,1.0,1396.0,4.0,3.0,1.53,9.0,120.0,10.8,6.0,12.0,1.0,25.0,27.0,33.0,4.0
66.0,1.0,1396.0,4.0,3.0,1.53,9.0,120.0,10.8,6.0,12.0,1.0,25.0,27.0,33.0,4.0
66.0,1.0,1396.0,4.0,3.0,1.53,9.0,120.0,10.8,6.0,12.0,1.0,25.0,27.0,33.0,4.0
66.0,1.0,1396.0,4.0,3.0,1.53,9.0,120.0,10.8,6.0,12.0,1.0,25.0,27.0,33.0,4.0
76.0,1.0,1396.0,4.0,3.0,1.53,11.0,123.0,11.07,6.0,12.0,2.0,21.0,27.0,33.0,4.0
76.0,1.0,1396.0,4.0,3.0,1.53,11.0,123.0,11.07,6.0,12.0,2.0,21.0,27.0,33.0,4.0
50.0,1.0,1397.0,4.0,3.0,1.33,10.0,120.0,10.79,7.0,15.0,1.0,25.0,27.0,33.0,2.0
60.0,1.0,1397.0,4.0,3.0,0.869,11.0,130.0,11.69,6.0,9.0,1.0,19.0,27.0,33.0,2.0
60.0,1.0,1397.0,4.0,3.0,0.869,11.0,130.0,11.69,6.0,9.0,1.0,19.0,27.0,33.0,2.0
60.0,1.0,1397.0,4.0,3.0,0.869,11.0,130.0,11.69,6.0,9.0,1.0,19.0,27.0,33.0,2.0
60.0,1.0,1397.0,4.0,3.0,0.869,11.0,130.0,11.69,6.0,9.0,1.0,19.0,27.0,33.0,2.0
71.0,1.0,1398.0,4.0,3.0,0.93,11.0,130.0,11.69,6.0,11.0,2.0,21.0,29.0,33.0,4.0
71.0,1.0,1398.0,4.0,3.0,0.93,11.0,130.0,11.69,6.0,11.0,2.0,21.0,29.0,33.0,4.0
71.0,1.0,1398.0,4.0,3.0,0.93,11.0,130.0,11.69,6.0,11.0,2.0,21.0,29.0,33.0,4.0
71.0,1.0,1398.0,4.0,3.0,0.93,11.0,130.0,11.69,6.0,11.0,2.0,21.0,29.0,33.0,4.0
55.0,2.0,1422.0,3.0,3.0,1.21,20.0,195.0,17.23,6.0,12.0,1.0,21.0,0.0,0.0,2.0
55.0,2.0,1422.0,3.0,3.0,1.21,20.0,195.0,17.23,6.0,12.0,1.0,21.0,0.0,0.0,2.0
49.0,2.0,1487.0,4.0,3.0,1.79,22.0,132.0,11.16,6.0,12.0,1.0,21.0,0.0,0.0,2.0
65.0,1.0,1489.0,4.0,3.0,1.11,9.0,132.0,11.14,6.0,13.0,2.0,21.0,27.0,33.0,4.0
65.0,1.0,1489.0,4.0,3.0,1.11,9.0,132.0,11.14,6.0,13.0,2.0,21.0,27.0,33.0,4.0
84.0,1.0,1493.0,4.0,3.0,1127.0,10.0,134.0,11.28,6.0,12.0,1.0,25.0,32.0,33.0,4.0
84.0,1.0,1493.0,4.0,3.0,1127.0,10.0,134.0,11.28,6.0,12.0,1.0,25.0,32.0,33.0,4.0
84.0,1.0,1493.0,4.0,3.0,1127.0,10.0,134.0,11.28,6.0,12.0,1.0,25.0,32.0,33.0,4.0
84.0,1.0,1493.0,4.0,3.0,1127.0,10.0,134.0,11.28,6.0,12.0,1.0,25.0,32.0,33.0,4.0
84.0,1.0,1493.0,4.0,3.0,1127.0,10.0,134.0,11.28,6.0,12.0,1.0,25.0,32.0,33.0,4.0
55.0,1.0,1498.0,4.0,3.0,1.5,9.0,116.0,9.73,6.0,12.0,1.0,19.0,27.0,33.0,4.0
55.0,1.0,1498.0,4.0,3.0,1.5,9.0,116.0,9.73,6.0,12.0,1.0,19.0,27.0,33.0,4.0
59.0,1.0,1498.0,4.0,3.0,1.5,9.0,120.0,10.07,6.0,12.0,1.0,25.0,27.0,33.0,2.0
59.0,1.0,1498.0,4.0,3.0,1.5,9.0,120.0,10.07,6.0,12.0,1.0,25.0,27.0,33.0,2.0
59.0,1.0,1498.0,4.0,3.0,1.5,9.0,120.0,10.07,6.0,12.0,1.0,25.0,27.0,33.0,2.0
63.0,1.0,1498.0,4.0,3.0,1.65,10.0,130.0,10.91,6.0,12.0,1.0,0.0,27.0,33.0,2.0
63.0,1.0,1498.0,4.0,3.0,1.65,10.0,130.0,10.91,6.0,12.0,1.0,0.0,27.0,33.0,2.0
63.0,1.0,1498.0,4.0,3.0,1.65,10.0,130.0,10.91,6.0,12.0,1.0,0.0,27.0,33.0,2.0
63.0,1.0,1498.0,4.0,3.0,1.65,10.0,130.0,10.91,6.0,12.0,1.0,0.0,27.0,33.0,2.0
65.0,1.0,1498.0,4.0,3.0,1.5,9.0,132.0,11.07,6.0,13.0,2.0,21.0,27.0,33.0,4.0
65.0,1.0,1498.0,4.0,3.0,1.5,9.0,132.0,11.07,6.0,13.0,2.0,21.0,27.0,33.0,4.0
65.0,1.0,1498.0,4.0,3.0,1.5,9.0,132.0,11.07,6.0,13.0,2.0,21.0,27.0,33.0,4.0
65.0,1.0,1498.0,4.0,3.0,1.5,9.0,132.0,11.07,6.0,13.0,2.0,21.0,27.0,33.0,4.0
65.0,1.0,1498.0,4.0,3.0,1.5,9.0,135.0,11.32,6.0,12.0,2.0,25.0,27.0,33.0,4.0
65.0,1.0,1498.0,4.0,3.0,1.5,9.0,135.0,11.32,6.0,12.0,2.0,25.0,27.0,33.0,4.0
65.0,1.0,1498.0,4.0,3.0,1.5,9.0,135.0,11.32,6.0,12.0,2.0,25.0,27.0,33.0,4.0
65.0,1.0,1498.0,4.0,3.0,1.5,9.0,135.0,11.32,6.0,12.0,2.0,25.0,27.0,33.0,4.0
66.0,1.0,1499.0,4.0,3.0,1.87,10.0,119.0,9.98,6.0,12.0,1.0,25.0,27.0,33.0,4.0
66.0,1.0,1499.0,4.0,3.0,1.87,10.0,119.0,9.98,6.0,12.0,1.0,25.0,27.0,33.0,4.0
40.0,2.0,1527.0,4.0,3.0,1.65,23.0,95.0,7.82,6.0,12.0,1.0,21.0,27.0,33.0,2.0
42.0,2.0,1527.0,4.0,3.0,1.65,23.0,95.0,7.82,6.0,12.0,1.0,21.0,27.0,33.0,2.0
76.0,1.0,1581.0,4.0,3.0,0.78,10.0,144.0,11.45,6.0,12.0,2.0,21.0,27.0,33.0,4.0
76.0,1.0,1581.0,4.0,3.0,0.78,10.0,144.0,11.45,6.0,12.0,2.0,21.0,27.0,33.0,4.0
76.0,1.0,1581.0,4.0,3.0,0.78,10.0,144.0,11.45,6.0,12.0,2.0,21.0,27.0,33.0,4.0
76.0,1.0,1581.0,4.0,3.0,0.78,10.0,144.0,11.45,6.0,12.0,2.0,21.0,27.0,33.0,4.0
76.0,1.0,1581.0,4.0,3.0,0.78,10.0,144.0,11.45,6.0,12.0,2.0,21.0,27.0,33.0,4.0
76.0,1.0,1581.0,4.0,3.0,0.78,10.0,144.0,11.45,6.0,12.0,2.0,21.0,27.0,33.0,4.0
76.0,1.0,1581.0,4.0,3.0,0.78,11.0,144.0,11.45,6.0,12.0,2.0,21.0,27.0,33.0,4.0
76.0,1.0,1581.0,4.0,3.0,0.78,10.0,144.0,11.45,6.0,12.0,2.0,21.0,27.0,33.0,4.0
76.0,1.0,1581.0,4.0,3.0,0.78,10.0,144.0,11.45,6.0,12.0,2.0,21.0,27.0,33.0,4.0
76.0,1.0,1581.0,4.0,3.0,0.78,11.0,144.0,11.45,6.0,12.0,2.0,21.0,27.0,33.0,4.0
65.0,1.0,1587.0,4.0,3.0,1.45,10.0,135.0,10.69,6.0,12.0,1.0,25.0,27.0,33.0,2.0
65.0,1.0,1587.0,4.0,3.0,1.45,10.0,135.0,10.69,6.0,12.0,1.0,25.0,27.0,33.0,2.0
65.0,1.0,1587.0,4.0,3.0,1.45,10.0,135.0,10.69,6.0,12.0,1.0,25.0,27.0,33.0,2.0
65.0,1.0,1587.0,4.0,3.0,1.45,10.0,135.0,10.69,6.0,12.0,1.0,20.0,27.0,33.0,2.0
65.0,1.0,1587.0,4.0,3.0,1.45,10.0,135.0,10.69,6.0,12.0,1.0,20.0,27.0,33.0,2.0
65.0,1.0,1587.0,4.0,3.0,1.45,10.0,135.0,10.69,6.0,12.0,1.0,20.0,27.0,33.0,2.0
65.0,1.0,1587.0,4.0,3.0,1.45,10.0,135.0,10.69,6.0,12.0,1.0,25.0,27.0,33.0,2.0
77.0,1.0,1587.0,4.0,3.0,951.0,10.0,143.0,11.32,6.0,12.0,2.0,21.0,27.0,33.0,4.0
81.0,1.0,1587.0,4.0,3.0,951.0,10.0,145.0,11.48,6.0,14.0,2.0,21.0,27.0,33.0,4.0
81.0,1.0,1587.0,4.0,3.0,951.0,10.0,145.0,11.48,6.0,14.0,2.0,21.0,27.0,33.0,4.0
81.0,1.0,1587.0,4.0,3.0,951.0,10.0,145.0,11.48,6.0,14.0,2.0,21.0,27.0,33.0,4.0
87.0,1.0,1587.0,4.0,3.0,1.45,11.0,145.0,11.48,6.0,12.0,2.0,21.0,27.0,33.0,4.0
80.0,1.0,1588.0,4.0,3.0,988.0,11.0,138.0,10.92,6.0,12.0,2.0,21.0,27.0,33.0,4.0
80.0,1.0,1588.0,4.0,3.0,988.0,11.0,138.0,10.92,6.0,12.0,2.0,21.0,27.0,33.0,4.0
80.0,1.0,1588.0,4.0,3.0,988.0,11.0,138.0,10.92,6.0,12.0,2.0,21.0,27.0,33.0,4.0
116.0,1.0,1588.0,4.0,3.0,988.0,8.0,198.0,15.67,6.0,12.0,2.0,21.0,0.0,0.0,4.0
73.0,1.0,1589.0,4.0,3.0,1153.0,11.0,138.0,10.91,6.0,12.0,1.0,25.0,27.0,33.0,4.0
73.0,1.0,1589.0,4.0,3.0,1153.0,11.0,138.0,10.91,6.0,12.0,1.0,25.0,27.0,33.0,4.0
73.0,1.0,1589.0,4.0,3.0,1153.0,11.0,138.0,10.91,6.0,12.0,1.0,25.0,27.0,33.0,4.0
73.0,1.0,1589.0,4.0,3.0,1153.0,11.0,138.0,10.91,6.0,12.0,1.0,25.0,27.0,33.0,4.0
67.0,1.0,1590.0,4.0,3.0,1153.0,10.0,126.0,9.96,6.0,12.0,1.0,25.0,27.0,33.0,4.0
67.0,1.0,1590.0,4.0,3.0,1153.0,10.0,126.0,9.96,6.0,12.0,1.0,25.0,27.0,33.0,4.0
67.0,1.0,1590.0,4.0,3.0,1153.0,10.0,126.0,9.96,6.0,12.0,1.0,25.0,27.0,33.0,4.0
71.0,1.0,1590.0,4.0,3.0,1.2,10.0,134.0,10.59,6.0,12.0,1.0,26.0,27.0,33.0,4.0
71.0,1.0,1590.0,4.0,3.0,1.2,10.0,134.0,10.59,6.0,12.0,1.0,26.0,27.0,33.0,4.0
71.0,1.0,1590.0,4.0,3.0,1.2,10.0,134.0,10.59,6.0,12.0,1.0,26.0,27.0,33.0,4.0
71.0,1.0,1590.0,4.0,3.0,1.2,10.0,134.0,10.59,6.0,12.0,1.0,26.0,27.0,33.0,4.0
77.0,1.0,1590.0,4.0,3.0,1.2,9.0,140.0,11.06,6.0,12.0,1.0,25.0,27.0,33.0,4.0
77.0,1.0,1590.0,4.0,3.0,1.2,10.0,135.0,10.67,6.0,12.0,1.0,25.0,27.0,33.0,4.0
77.0,1.0,1590.0,4.0,3.0,1.2,10.0,135.0,10.67,6.0,12.0,1.0,25.0,27.0,33.0,4.0
77.0,1.0,1590.0,4.0,3.0,1.2,10.0,135.0,10.67,6.0,12.0,1.0,25.0,27.0,33.0,4.0
77.0,1.0,1590.0,4.0,3.0,1.2,10.0,135.0,10.67,6.0,12.0,1.0,25.0,27.0,33.0,4.0
84.0,1.0,1590.0,4.0,3.0,1.2,9.0,140.0,11.06,6.0,12.0,1.0,25.0,32.0,33.0,4.0
85.0,1.0,1590.0,4.0,3.0,1.2,10.0,143.0,11.3,6.0,12.0,1.0,25.0,27.0,33.0,4.0
85.0,1.0,1590.0,4.0,3.0,1.2,10.0,143.0,11.3,6.0,12.0,1.0,25.0,27.0,33.0,4.0
85.0,1.0,1590.0,4.0,3.0,1.2,10.0,143.0,11.3,6.0,12.0,1.0,25.0,27.0,33.0,4.0
74.0,1.0,1595.0,4.0,3.0,956.0,10.0,145.0,11.42,6.0,12.0,1.0,21.0,27.0,33.0,2.0
74.0,1.0,1595.0,4.0,3.0,956.0,10.0,145.0,11.42,6.0,12.0,1.0,21.0,27.0,33.0,2.0
74.0,1.0,1595.0,4.0,3.0,956.0,10.0,145.0,11.42,6.0,12.0,1.0,21.0,27.0,33.0,2.0
74.0,1.0,1595.0,4.0,3.0,956.0,10.0,145.0,11.42,6.0,12.0,1.0,21.0,27.0,33.0,2.0
74.0,1.0,1595.0,4.0,3.0,956.0,10.0,145.0,11.42,6.0,12.0,1.0,21.0,27.0,33.0,2.0
74.0,1.0,1595.0,4.0,3.0,956.0,10.0,145.0,11.42,6.0,12.0,1.0,21.0,27.0,33.0,2.0
74.0,1.0,1595.0,4.0,3.0,956.0,10.0,145.0,11.42,6.0,12.0,1.0,21.0,27.0,33.0,2.0
74.0,1.0,1595.0,4.0,3.0,956.0,10.0,145.0,11.42,6.0,12.0,1.0,21.0,27.0,33.0,2.0
74.0,1.0,1595.0,4.0,3.0,956.0,10.0,145.0,11.42,6.0,12.0,1.0,20.0,27.0,33.0,2.0
74.0,1.0,1595.0,4.0,3.0,956.0,10.0,140.0,11.03,6.0,12.0,1.0,21.0,27.0,33.0,2.0
74.0,1.0,1595.0,4.0,3.0,956.0,10.0,145.0,11.42,6.0,12.0,1.0,21.0,27.0,33.0,2.0
74.0,1.0,1595.0,4.0,3.0,956.0,10.0,145.0,11.42,6.0,12.0,1.0,21.0,27.0,33.0,2.0
74.0,1.0,1595.0,4.0,3.0,956.0,10.0,140.0,11.03,6.0,12.0,1.0,21.0,27.0,33.0,2.0
74.0,1.0,1595.0,4.0,3.0,956.0,10.0,140.0,11.03,6.0,12.0,1.0,21.0,27.0,33.0,2.0
74.0,1.0,1595.0,4.0,3.0,956.0,10.0,145.0,11.42,6.0,12.0,1.0,21.0,27.0,33.0,2.0
74.0,1.0,1595.0,4.0,3.0,956.0,10.0,145.0,11.42,6.0,12.0,1.0,21.0,27.0,33.0,2.0
74.0,1.0,1595.0,4.0,3.0,956.0,10.0,145.0,11.42,6.0,12.0,1.0,21.0,27.0,33.0,2.0
74.0,1.0,1595.0,4.0,3.0,956.0,10.0,145.0,11.42,6.0,12.0,1.0,21.0,27.0,33.0,2.0
74.0,1.0,1595.0,4.0,3.0,956.0,10.0,145.0,11.42,6.0,12.0,1.0,21.0,27.0,33.0,2.0
74.0,1.0,1595.0,4.0,3.0,956.0,10.0,145.0,11.42,6.0,12.0,1.0,21.0,27.0,33.0,2.0
74.0,1.0,1595.0,4.0,3.0,956.0,10.0,145.0,11.42,6.0,12.0,1.0,21.0,27.0,33.0,2.0
118.0,1.0,1595.0,4.0,3.0,956.0,10.0,150.0,11.82,6.0,12.0,2.0,22.0,32.0,37.0,4.0
74.0,1.0,1596.0,4.0,3.0,1.3,11.0,145.0,11.42,6.0,14.0,2.0,21.0,27.0,33.0,4.0
74.0,1.0,1596.0,4.0,3.0,1.3,11.0,145.0,11.42,6.0,14.0,2.0,21.0,27.0,33.0,4.0
66.0,1.0,1597.0,4.0,3.0,1158.0,10.0,135.0,10.62,6.0,9.0,2.0,21.0,27.0,33.0,4.0
66.0,1.0,1597.0,4.0,3.0,1158.0,10.0,135.0,10.62,6.0,9.0,2.0,21.0,27.0,33.0,4.0
66.0,1.0,1597.0,4.0,3.0,1158.0,10.0,130.0,10.23,6.0,12.0,2.0,21.0,27.0,33.0,4.0
66.0,1.0,1597.0,4.0,3.0,1158.0,10.0,136.0,10.7,6.0,9.0,2.0,21.0,27.0,33.0,4.0
70.0,1.0,1597.0,4.0,5.0,0.749,10.0,143.0,11.25,6.0,12.0,2.0,25.0,27.0,33.0,4.0
70.0,1.0,1597.0,4.0,5.0,0.749,10.0,143.0,11.25,6.0,12.0,2.0,25.0,27.0,33.0,4.0
70.0,1.0,1597.0,4.0,3.0,0.957,10.0,135.0,10.62,6.0,12.0,1.0,19.0,27.0,33.0,4.0
70.0,1.0,1597.0,4.0,3.0,0.957,10.0,135.0,10.62,6.0,12.0,1.0,19.0,27.0,33.0,4.0
70.0,1.0,1597.0,4.0,3.0,0.957,10.0,135.0,10.62,6.0,12.0,1.0,19.0,27.0,33.0,4.0
70.0,1.0,1597.0,4.0,3.0,0.957,10.0,135.0,10.62,6.0,12.0,1.0,19.0,27.0,33.0,4.0
70.0,1.0,1597.0,4.0,3.0,0.957,10.0,135.0,10.62,6.0,12.0,1.0,19.0,27.0,33.0,4.0
70.0,1.0,1597.0,4.0,3.0,0.957,10.0,135.0,10.62,6.0,12.0,1.0,19.0,27.0,33.0,4.0
70.0,1.0,1597.0,4.0,3.0,1158.0,10.0,142.0,11.17,6.0,12.0,2.0,21.0,27.0,33.0,4.0
71.0,1.0,1597.0,4.0,3.0,1158.0,10.0,131.0,10.31,6.0,9.0,2.0,21.0,27.0,33.0,4.0
73.0,1.0,1597.0,4.0,3.0,0.957,10.0,137.0,10.78,6.0,12.0,1.0,19.0,27.0,33.0,4.0
73.0,1.0,1597.0,4.0,3.0,0.957,10.0,137.0,10.78,6.0,12.0,1.0,19.0,27.0,33.0,4.0
73.0,1.0,1597.0,4.0,3.0,0.957,10.0,137.0,10.78,6.0,12.0,1.0,19.0,27.0,33.0,4.0
73.0,1.0,1597.0,4.0,3.0,1158.0,10.0,136.0,10.7,6.0,9.0,2.0,21.0,27.0,33.0,4.0
83.0,1.0,1597.0,4.0,3.0,0.957,10.0,137.0,10.78,6.0,12.0,1.0,25.0,27.0,33.0,4.0
83.0,1.0,1597.0,4.0,3.0,0.957,10.0,137.0,10.78,6.0,12.0,1.0,25.0,27.0,33.0,4.0
55.0,1.0,1598.0,4.0,3.0,1.32,10.0,128.0,10.07,6.0,12.0,1.0,22.0,27.0,33.0,2.0
55.0,1.0,1598.0,4.0,3.0,1.32,10.0,128.0,10.07,6.0,12.0,1.0,22.0,27.0,33.0,2.0
55.0,1.0,1598.0,4.0,3.0,1.32,10.0,128.0,10.07,6.0,12.0,1.0,22.0,27.0,33.0,2.0
55.0,1.0,1598.0,4.0,3.0,1.32,10.0,128.0,10.07,6.0,12.0,1.0,22.0,27.0,33.0,2.0
55.0,1.0,1598.0,4.0,3.0,1.32,10.0,128.0,10.07,6.0,12.0,1.0,22.0,27.0,33.0,2.0
55.0,1.0,1598.0,4.0,3.0,1.32,10.0,128.0,10.07,6.0,12.0,1.0,22.0,27.0,33.0,2.0
55.0,1.0,1598.0,4.0,3.0,1.32,10.0,128.0,10.07,6.0,12.0,1.0,22.0,27.0,33.0,2.0
55.0,1.0,1598.0,4.0,3.0,1.32,10.0,128.0,10.07,6.0,12.0,1.0,22.0,27.0,33.0,2.0
55.0,1.0,1598.0,4.0,3.0,1136.0,10.0,135.0,10.62,6.0,12.0,1.0,21.0,27.0,33.0,2.0
55.0,1.0,1598.0,4.0,3.0,1136.0,10.0,135.0,10.62,6.0,12.0,1.0,21.0,27.0,33.0,2.0
55.0,1.0,1598.0,4.0,3.0,1.13,9.0,130.0,10.22,6.0,12.0,1.0,25.0,27.0,33.0,2.0
55.0,1.0,1598.0,4.0,3.0,1.13,9.0,130.0,10.22,6.0,12.0,1.0,25.0,27.0,33.0,2.0
55.0,1.0,1598.0,4.0,3.0,1.32,10.0,128.0,10.07,6.0,12.0,1.0,22.0,27.0,33.0,2.0
55.0,1.0,1598.0,4.0,3.0,1.32,10.0,128.0,10.07,6.0,12.0,1.0,22.0,27.0,33.0,2.0
66.0,1.0,1598.0,4.0,3.0,1.13,10.0,137.0,10.77,6.0,12.0,1.0,25.0,27.0,33.0,2.0
66.0,1.0,1598.0,4.0,3.0,1.13,10.0,137.0,10.77,6.0,12.0,1.0,25.0,27.0,33.0,2.0
66.0,1.0,1598.0,4.0,3.0,1.13,10.0,137.0,10.77,6.0,12.0,1.0,25.0,27.0,33.0,2.0
66.0,1.0,1598.0,4.0,3.0,1.13,10.0,137.0,10.77,6.0,12.0,1.0,25.0,27.0,33.0,2.0
66.0,1.0,1598.0,4.0,3.0,1.13,10.0,137.0,10.77,6.0,12.0,1.0,25.0,27.0,33.0,2.0
66.0,1.0,1598.0,4.0,3.0,1.13,10.0,137.0,10.77,6.0,12.0,1.0,25.0,27.0,33.0,2.0
66.0,1.0,1598.0,4.0,3.0,1.13,10.0,137.0,10.77,6.0,12.0,1.0,25.0,27.0,33.0,2.0
66.0,1.0,1598.0,4.0,3.0,1.13,10.0,137.0,10.77,6.0,12.0,1.0,25.0,27.0,33.0,2.0
66.0,1.0,1598.0,4.0,3.0,1.13,10.0,131.0,10.3,6.0,12.0,1.0,19.0,27.0,33.0,2.0
74.0,1.0,1598.0,4.0,3.0,1.32,11.0,150.0,11.8,6.0,12.0,2.0,21.0,27.0,33.0,4.0
74.0,1.0,1598.0,4.0,3.0,1.32,11.0,150.0,11.8,6.0,12.0,2.0,21.0,27.0,33.0,4.0
74.0,1.0,1598.0,4.0,3.0,1.32,11.0,150.0,11.8,6.0,12.0,2.0,21.0,27.0,33.0,4.0
74.0,1.0,1598.0,4.0,3.0,1.32,11.0,150.0,11.8,6.0,12.0,2.0,21.0,27.0,33.0,4.0
74.0,1.0,1598.0,4.0,3.0,1.32,11.0,150.0,11.8,6.0,12.0,2.0,21.0,27.0,33.0,4.0
74.0,1.0,1598.0,4.0,3.0,1.32,11.0,150.0,11.8,6.0,12.0,2.0,21.0,27.0,33.0,4.0
74.0,1.0,1598.0,4.0,3.0,1.32,11.0,150.0,11.8,6.0,12.0,2.0,21.0,27.0,33.0,4.0
74.0,1.0,1598.0,4.0,3.0,1.32,11.0,150.0,11.8,6.0,12.0,2.0,21.0,27.0,33.0,4.0
74.0,1.0,1598.0,4.0,3.0,1.32,11.0,150.0,11.8,6.0,12.0,2.0,21.0,27.0,33.0,4.0
74.0,1.0,1598.0,4.0,3.0,1.32,11.0,150.0,11.8,6.0,12.0,2.0,21.0,27.0,33.0,4.0
74.0,1.0,1598.0,4.0,3.0,1.32,11.0,150.0,11.8,6.0,12.0,2.0,21.0,27.0,33.0,4.0
74.0,1.0,1598.0,4.0,3.0,1.32,11.0,150.0,11.8,6.0,12.0,2.0,21.0,27.0,33.0,4.0
75.0,1.0,1598.0,4.0,3.0,0.994,11.0,150.0,11.8,6.0,9.0,1.0,19.0,27.0,33.0,2.0
75.0,1.0,1598.0,4.0,3.0,0.994,11.0,150.0,11.8,6.0,9.0,1.0,19.0,27.0,33.0,2.0
75.0,1.0,1598.0,4.0,3.0,0.994,11.0,150.0,11.8,6.0,9.0,1.0,19.0,27.0,33.0,2.0
75.0,1.0,1598.0,4.0,3.0,0.994,11.0,150.0,11.8,6.0,9.0,1.0,19.0,27.0,33.0,2.0
78.0,1.0,1598.0,4.0,3.0,1.32,11.0,148.0,11.64,6.0,12.0,2.0,21.0,27.0,33.0,4.0
78.0,1.0,1598.0,4.0,3.0,1.32,10.0,145.0,11.4,6.0,12.0,2.0,21.0,27.0,33.0,4.0
78.0,1.0,1598.0,4.0,3.0,1.32,10.0,145.0,11.4,6.0,12.0,2.0,21.0,27.0,33.0,4.0
79.0,1.0,1598.0,4.0,3.0,1.13,10.0,148.0,11.64,6.0,12.0,2.0,21.0,27.0,33.0,4.0
79.0,1.0,1598.0,4.0,3.0,1.13,10.0,148.0,11.64,6.0,12.0,2.0,20.0,27.0,33.0,4.0
79.0,1.0,1598.0,4.0,3.0,1.13,10.0,148.0,11.64,6.0,12.0,2.0,20.0,27.0,33.0,4.0
79.0,1.0,1598.0,4.0,3.0,1.13,10.0,148.0,11.64,6.0,12.0,2.0,20.0,27.0,33.0,4.0
79.0,1.0,1598.0,4.0,3.0,1.13,10.0,148.0,11.64,6.0,12.0,2.0,20.0,27.0,33.0,4.0
79.0,1.0,1598.0,4.0,3.0,1.13,10.0,148.0,11.64,6.0,12.0,2.0,21.0,27.0,33.0,4.0
81.0,1.0,1598.0,4.0,3.0,1.72,9.0,134.0,10.54,6.0,12.0,2.0,21.0,27.0,33.0,4.0
81.0,1.0,1598.0,4.0,3.0,1.32,11.0,150.0,11.8,6.0,11.0,2.0,21.0,29.0,33.0,4.0
81.0,1.0,1598.0,4.0,3.0,1.32,11.0,150.0,11.8,6.0,11.0,2.0,21.0,29.0,33.0,4.0
81.0,1.0,1598.0,4.0,3.0,1.32,11.0,150.0,11.8,6.0,11.0,2.0,21.0,29.0,33.0,4.0
81.0,1.0,1598.0,4.0,3.0,1.32,11.0,150.0,11.8,6.0,11.0,2.0,21.0,29.0,33.0,4.0
81.0,1.0,1598.0,4.0,3.0,1.32,11.0,150.0,11.8,6.0,11.0,2.0,21.0,29.0,33.0,4.0
81.0,1.0,1598.0,4.0,3.0,1.32,11.0,150.0,11.8,6.0,11.0,2.0,21.0,29.0,33.0,4.0
81.0,1.0,1598.0,4.0,3.0,1.32,11.0,150.0,11.8,6.0,11.0,2.0,21.0,29.0,33.0,4.0
88.0,1.0,1598.0,4.0,3.0,0.923,10.0,144.0,11.32,6.0,12.0,2.0,21.0,28.0,33.0,4.0
88.0,1.0,1598.0,4.0,3.0,0.923,10.0,144.0,11.32,6.0,12.0,2.0,21.0,28.0,33.0,4.0
88.0,1.0,1598.0,4.0,3.0,0.923,10.0,144.0,11.32,6.0,12.0,2.0,21.0,28.0,33.0,4.0
85.0,1.0,1600.0,4.0,3.0,1.98,10.0,143.0,11.23,6.0,12.0,2.0,21.0,27.0,33.0,4.0
85.0,1.0,1600.0,4.0,3.0,1.98,10.0,143.0,11.23,6.0,12.0,2.0,21.0,27.0,33.0,4.0
85.0,1.0,1600.0,4.0,3.0,1.98,10.0,143.0,11.23,6.0,12.0,2.0,21.0,27.0,33.0,4.0
85.0,1.0,1600.0,4.0,3.0,1.98,10.0,143.0,11.23,6.0,12.0,2.0,21.0,27.0,33.0,4.0
66.0,2.0,1665.0,4.0,3.0,1.35,22.0,190.0,14.34,6.0,9.0,1.0,21.0,27.0,33.0,2.0
44.0,2.0,1686.0,4.0,3.0,1.89,22.0,112.0,8.35,6.0,12.0,1.0,21.0,0.0,0.0,2.0
55.0,2.0,1686.0,4.0,3.0,1.89,18.0,165.0,12.3,6.0,12.0,2.0,21.0,27.0,33.0,4.0
55.0,2.0,1686.0,4.0,3.0,1.89,18.0,165.0,12.3,6.0,12.0,2.0,21.0,27.0,33.0,4.0
55.0,2.0,1686.0,4.0,3.0,1.89,18.0,165.0,12.3,6.0,12.0,2.0,21.0,27.0,33.0,4.0
55.0,2.0,1686.0,4.0,3.0,1.89,18.0,165.0,12.3,6.0,12.0,2.0,21.0,27.0,33.0,4.0
55.0,2.0,1686.0,4.0,3.0,1.89,18.0,165.0,12.3,6.0,12.0,2.0,21.0,27.0,33.0,4.0
44.0,2.0,1689.0,4.0,3.0,1.5,19.0,160.0,11.9,6.0,10.0,2.0,20.0,27.0,33.0,4.0
66.0,2.0,1689.0,4.0,3.0,1.5,19.0,180.0,13.39,6.0,10.0,2.0,20.0,27.0,33.0,4.0
66.0,2.0,1689.0,4.0,3.0,1.5,19.0,180.0,13.39,6.0,10.0,2.0,20.0,27.0,33.0,4.0
66.0,2.0,1689.0,4.0,3.0,1.5,19.0,180.0,13.39,6.0,10.0,2.0,20.0,27.0,33.0,4.0
51.0,2.0,1698.0,4.0,3.0,0.959,20.0,134.0,9.92,6.0,12.0,1.0,21.0,27.0,33.0,2.0
44.0,2.0,1716.0,4.0,3.0,1.87,20.0,115.0,8.42,6.0,12.0,1.0,21.0,0.0,0.0,2.0
85.0,1.0,1731.0,4.0,3.0,0.964,11.0,165.0,11.98,6.0,12.0,2.0,21.0,27.0,33.0,4.0
85.0,1.0,1731.0,4.0,3.0,0.964,11.0,165.0,11.98,6.0,12.0,2.0,21.0,27.0,33.0,4.0
85.0,1.0,1731.0,4.0,3.0,0.964,11.0,165.0,11.98,6.0,12.0,2.0,21.0,27.0,33.0,4.0
85.0,1.0,1731.0,4.0,3.0,0.964,11.0,165.0,11.98,6.0,12.0,2.0,21.0,27.0,33.0,4.0
83.0,1.0,1747.0,4.0,3.0,1.9,10.0,154.0,11.08,6.0,12.0,2.0,21.0,27.0,33.0,4.0
83.0,1.0,1747.0,4.0,3.0,1.9,10.0,154.0,11.08,6.0,12.0,2.0,21.0,27.0,33.0,4.0
83.0,1.0,1747.0,4.0,3.0,1.9,10.0,154.0,11.08,6.0,12.0,2.0,21.0,27.0,33.0,4.0
96.0,1.0,1747.0,4.0,3.0,1.9,10.0,164.0,11.8,6.0,12.0,2.0,21.0,29.0,33.0,4.0
96.0,1.0,1747.0,4.0,3.0,1.9,10.0,164.0,11.8,6.0,12.0,2.0,21.0,29.0,33.0,4.0
96.0,1.0,1747.0,4.0,3.0,1.9,10.0,164.0,11.8,6.0,12.0,2.0,21.0,28.0,33.0,4.0
96.0,1.0,1747.0,4.0,3.0,1.9,10.0,164.0,11.8,6.0,12.0,2.0,21.0,28.0,33.0,4.0
96.0,1.0,1747.0,4.0,3.0,1.9,10.0,164.0,11.8,6.0,12.0,2.0,21.0,28.0,33.0,4.0
106.0,1.0,1747.0,4.0,3.0,1.9,10.0,169.0,12.16,6.0,12.0,2.0,21.0,28.0,33.0,4.0
106.0,1.0,1747.0,4.0,3.0,1.9,10.0,169.0,12.16,6.0,12.0,2.0,21.0,28.0,33.0,4.0
106.0,1.0,1747.0,4.0,3.0,1.9,10.0,169.0,12.16,6.0,12.0,2.0,21.0,28.0,33.0,4.0
106.0,1.0,1747.0,4.0,3.0,1.9,10.0,169.0,12.16,6.0,12.0,2.0,21.0,28.0,33.0,4.0
106.0,1.0,1747.0,4.0,3.0,1.9,10.0,169.0,12.16,6.0,12.0,2.0,21.0,28.0,33.0,4.0
85.0,1.0,1749.0,4.0,3.0,0.984,11.0,163.0,11.71,6.0,12.0,2.0,21.0,27.0,33.0,4.0
55.0,2.0,1753.0,4.0,3.0,0.994,19.0,175.0,12.54,6.0,13.0,1.0,21.0,27.0,33.0,2.0
66.0,2.0,1753.0,4.0,3.0,0.994,22.0,180.0,12.9,6.0,12.0,1.0,21.0,27.0,33.0,2.0
66.0,2.0,1753.0,4.0,3.0,0.994,22.0,177.0,12.69,6.0,12.0,1.0,21.0,27.0,33.0,2.0
66.0,2.0,1753.0,4.0,3.0,0.994,19.0,200.0,14.34,6.0,13.0,1.0,21.0,27.0,33.0,2.0
66.0,1.0,1762.0,4.0,3.0,981.0,10.0,147.0,10.48,6.0,12.0,1.0,21.0,27.0,33.0,2.0
66.0,1.0,1762.0,4.0,3.0,981.0,10.0,147.0,10.48,6.0,12.0,1.0,21.0,27.0,33.0,2.0
66.0,1.0,1762.0,4.0,3.0,981.0,10.0,147.0,10.48,6.0,12.0,1.0,21.0,27.0,33.0,2.0
66.0,1.0,1762.0,4.0,3.0,981.0,10.0,147.0,10.48,6.0,12.0,1.0,21.0,27.0,33.0,2.0
66.0,1.0,1762.0,4.0,3.0,981.0,10.0,147.0,10.48,6.0,12.0,1.0,21.0,27.0,33.0,2.0
66.0,1.0,1762.0,4.0,3.0,981.0,10.0,147.0,10.48,6.0,12.0,1.0,21.0,27.0,33.0,2.0
66.0,1.0,1762.0,4.0,3.0,981.0,10.0,147.0,10.48,6.0,12.0,1.0,21.0,27.0,33.0,2.0
66.0,1.0,1762.0,4.0,3.0,981.0,10.0,147.0,10.48,6.0,12.0,1.0,21.0,27.0,33.0,2.0
74.0,1.0,1762.0,4.0,3.0,981.0,9.0,153.0,10.91,6.0,12.0,1.0,21.0,27.0,33.0,2.0
74.0,1.0,1762.0,4.0,3.0,981.0,9.0,153.0,10.91,6.0,12.0,1.0,21.0,27.0,33.0,2.0
74.0,1.0,1762.0,4.0,3.0,981.0,9.0,153.0,10.91,6.0,12.0,1.0,21.0,27.0,33.0,2.0
74.0,1.0,1762.0,4.0,3.0,981.0,9.0,153.0,10.91,6.0,12.0,1.0,21.0,27.0,33.0,2.0
74.0,1.0,1762.0,4.0,3.0,981.0,9.0,153.0,10.91,6.0,12.0,1.0,21.0,27.0,33.0,2.0
74.0,1.0,1762.0,4.0,3.0,981.0,9.0,153.0,10.91,6.0,12.0,1.0,21.0,27.0,33.0,2.0
81.0,1.0,1762.0,4.0,3.0,981.0,10.0,155.0,11.05,6.0,12.0,2.0,21.0,27.0,33.0,4.0
81.0,1.0,1762.0,4.0,3.0,981.0,10.0,155.0,11.05,6.0,12.0,2.0,21.0,27.0,33.0,4.0
81.0,1.0,1762.0,4.0,3.0,981.0,10.0,155.0,11.05,6.0,12.0,2.0,21.0,27.0,33.0,4.0
81.0,1.0,1762.0,4.0,3.0,981.0,10.0,155.0,11.05,6.0,12.0,2.0,21.0,27.0,33.0,4.0
81.0,1.0,1762.0,4.0,3.0,981.0,10.0,155.0,11.05,6.0,12.0,2.0,21.0,27.0,33.0,4.0
81.0,1.0,1762.0,4.0,3.0,981.0,10.0,155.0,11.05,6.0,12.0,2.0,21.0,27.0,33.0,4.0
81.0,1.0,1762.0,4.0,3.0,1.56,10.0,155.0,11.05,6.0,14.0,2.0,21.0,27.0,33.0,4.0
81.0,1.0,1762.0,4.0,3.0,1.56,10.0,155.0,11.05,6.0,14.0,2.0,21.0,27.0,33.0,4.0
81.0,1.0,1762.0,4.0,3.0,1.56,10.0,155.0,11.05,6.0,14.0,2.0,21.0,27.0,33.0,4.0
81.0,1.0,1762.0,4.0,3.0,1.56,10.0,155.0,11.05,6.0,14.0,2.0,21.0,27.0,33.0,4.0
81.0,1.0,1762.0,4.0,3.0,981.0,10.0,155.0,11.05,6.0,12.0,2.0,21.0,27.0,33.0,4.0
81.0,1.0,1762.0,4.0,3.0,981.0,10.0,155.0,11.05,6.0,12.0,2.0,21.0,27.0,33.0,4.0
81.0,1.0,1762.0,4.0,3.0,981.0,10.0,155.0,11.05,6.0,12.0,2.0,21.0,27.0,33.0,4.0
81.0,1.0,1762.0,4.0,3.0,981.0,10.0,155.0,11.05,6.0,12.0,2.0,21.0,27.0,33.0,4.0
81.0,1.0,1762.0,4.0,3.0,981.0,10.0,155.0,11.05,6.0,12.0,2.0,21.0,27.0,33.0,4.0
81.0,1.0,1762.0,4.0,3.0,1.56,10.0,155.0,11.05,6.0,14.0,2.0,21.0,27.0,33.0,4.0
81.0,1.0,1762.0,4.0,3.0,1.56,10.0,155.0,11.05,6.0,14.0,2.0,21.0,27.0,33.0,4.0
83.0,1.0,1769.0,4.0,3.0,1.1,10.0,158.0,11.22,6.0,11.0,2.0,21.0,29.0,33.0,4.0
84.0,1.0,1769.0,4.0,3.0,1.1,10.0,158.0,11.22,6.0,11.0,2.0,21.0,29.0,33.0,4.0
55.0,1.0,1781.0,4.0,3.0,1.67,9.0,140.0,9.88,6.0,12.0,1.0,21.0,27.0,33.0,2.0
66.0,1.0,1781.0,4.0,3.0,1.67,10.0,145.0,10.23,6.0,12.0,1.0,21.0,27.0,33.0,2.0
66.0,1.0,1781.0,4.0,3.0,1.67,10.0,145.0,10.23,6.0,12.0,1.0,21.0,27.0,33.0,2.0
92.0,1.0,1781.0,4.0,3.0,1.67,10.0,173.0,12.21,6.0,13.0,2.0,21.0,28.0,33.0,5.0
92.0,1.0,1781.0,4.0,3.0,1.67,10.0,173.0,12.21,6.0,13.0,2.0,21.0,28.0,33.0,5.0
92.0,1.0,1781.0,4.0,3.0,1.67,10.0,168.0,11.85,6.0,13.0,2.0,21.0,27.0,33.0,5.0
92.0,1.0,1781.0,4.0,3.0,1.67,10.0,170.0,11.99,6.0,13.0,2.0,21.0,28.0,33.0,5.0
92.0,1.0,1781.0,4.0,3.0,1.67,10.0,170.0,11.99,6.0,13.0,2.0,21.0,28.0,33.0,5.0
92.0,1.0,1781.0,4.0,3.0,1.67,10.0,170.0,11.99,6.0,13.0,2.0,21.0,28.0,33.0,5.0
92.0,1.0,1781.0,4.0,3.0,1.67,10.0,170.0,11.99,6.0,13.0,2.0,21.0,28.0,33.0,5.0
92.0,1.0,1781.0,4.0,3.0,1.67,10.0,170.0,11.99,6.0,13.0,2.0,21.0,28.0,33.0,5.0
92.0,1.0,1781.0,4.0,3.0,1.67,10.0,170.0,11.99,6.0,13.0,2.0,21.0,28.0,33.0,5.0
92.0,1.0,1781.0,4.0,3.0,1.67,10.0,168.0,11.85,6.0,13.0,2.0,21.0,28.0,33.0,5.0
92.0,1.0,1781.0,4.0,3.0,1.67,10.0,168.0,11.85,6.0,13.0,2.0,21.0,28.0,33.0,5.0
92.0,1.0,1781.0,4.0,3.0,1.67,10.0,168.0,11.85,6.0,13.0,2.0,21.0,28.0,33.0,5.0
92.0,1.0,1781.0,4.0,3.0,1.67,10.0,168.0,11.85,6.0,13.0,2.0,21.0,28.0,33.0,5.0
92.0,1.0,1781.0,4.0,3.0,1.67,10.0,168.0,11.85,6.0,13.0,2.0,21.0,28.0,33.0,5.0
110.0,1.0,1781.0,4.0,3.0,1.67,10.0,210.0,14.82,6.0,13.0,2.0,21.0,27.0,33.0,5.0
110.0,1.0,1781.0,4.0,3.0,1.67,10.0,210.0,14.82,6.0,13.0,2.0,21.0,27.0,33.0,5.0
110.0,1.0,1781.0,4.0,3.0,1.67,10.0,210.0,14.82,6.0,13.0,2.0,21.0,27.0,33.0,5.0
110.0,1.0,1781.0,4.0,3.0,1.67,10.0,210.0,14.82,6.0,13.0,2.0,21.0,27.0,33.0,5.0
110.0,1.0,1781.0,4.0,3.0,1.67,10.0,210.0,14.82,6.0,13.0,2.0,21.0,27.0,33.0,5.0
110.0,1.0,1781.0,4.0,3.0,1.67,10.0,210.0,14.82,6.0,13.0,2.0,21.0,27.0,33.0,5.0
110.0,1.0,1781.0,4.0,3.0,1.67,10.0,210.0,14.82,6.0,13.0,2.0,21.0,27.0,33.0,5.0
110.0,1.0,1781.0,4.0,3.0,1.67,10.0,210.0,14.82,6.0,13.0,2.0,21.0,27.0,33.0,5.0
110.0,1.0,1781.0,4.0,3.0,1.67,10.0,210.0,14.82,6.0,13.0,2.0,21.0,27.0,33.0,5.0
110.0,1.0,1781.0,4.0,3.0,1.67,10.0,210.0,14.82,6.0,13.0,2.0,21.0,27.0,33.0,5.0
110.0,1.0,1781.0,4.0,3.0,1.67,10.0,210.0,14.82,6.0,13.0,2.0,21.0,27.0,33.0,5.0
110.0,1.0,1781.0,4.0,3.0,1.67,10.0,210.0,14.82,6.0,13.0,2.0,21.0,27.0,33.0,5.0
110.0,1.0,1781.0,4.0,3.0,1.67,10.0,210.0,14.82,6.0,13.0,2.0,21.0,27.0,33.0,5.0
110.0,1.0,1781.0,4.0,3.0,1.67,10.0,210.0,14.82,6.0,13.0,2.0,21.0,27.0,33.0,5.0
110.0,1.0,1781.0,4.0,3.0,1.67,10.0,210.0,14.82,6.0,13.0,2.0,21.0,27.0,33.0,5.0
110.0,1.0,1781.0,4.0,3.0,1.67,10.0,210.0,14.82,6.0,13.0,2.0,21.0,27.0,33.0,5.0
110.0,1.0,1781.0,4.0,3.0,1.67,10.0,210.0,14.82,6.0,13.0,2.0,21.0,27.0,33.0,5.0
110.0,1.0,1781.0,4.0,3.0,1.67,10.0,210.0,14.82,6.0,13.0,2.0,21.0,27.0,33.0,5.0
110.0,1.0,1781.0,4.0,3.0,1.67,10.0,210.0,14.82,6.0,13.0,2.0,21.0,27.0,33.0,5.0
110.0,1.0,1781.0,4.0,3.0,1.67,10.0,210.0,14.82,6.0,13.0,2.0,21.0,27.0,33.0,5.0
110.0,1.0,1781.0,4.0,3.0,1.67,10.0,210.0,14.82,6.0,13.0,2.0,21.0,27.0,33.0,5.0
110.0,1.0,1781.0,4.0,3.0,1.67,10.0,210.0,14.82,6.0,13.0,2.0,21.0,27.0,33.0,5.0
132.0,1.0,1781.0,4.0,3.0,1.67,10.0,235.0,16.58,6.0,13.0,2.0,21.0,27.0,33.0,5.0
132.0,1.0,1781.0,4.0,3.0,1.67,10.0,235.0,16.58,6.0,13.0,2.0,21.0,27.0,33.0,5.0
132.0,1.0,1781.0,4.0,3.0,1.67,10.0,235.0,16.58,6.0,13.0,2.0,21.0,27.0,33.0,5.0
132.0,1.0,1781.0,4.0,3.0,1.67,10.0,235.0,16.58,6.0,13.0,2.0,21.0,27.0,33.0,5.0
132.0,1.0,1781.0,4.0,3.0,1.67,10.0,235.0,16.58,6.0,13.0,2.0,21.0,27.0,33.0,5.0
132.0,1.0,1781.0,4.0,3.0,1.67,10.0,235.0,16.58,6.0,13.0,2.0,21.0,27.0,33.0,5.0
132.0,1.0,1781.0,4.0,3.0,1.67,10.0,235.0,16.58,6.0,13.0,2.0,21.0,27.0,33.0,5.0
132.0,1.0,1781.0,4.0,3.0,1.67,10.0,235.0,16.58,6.0,13.0,2.0,21.0,27.0,33.0,5.0
132.0,1.0,1781.0,4.0,3.0,1.67,10.0,235.0,16.58,6.0,12.0,2.0,21.0,27.0,33.0,5.0
132.0,1.0,1781.0,4.0,3.0,1.67,10.0,235.0,16.58,6.0,13.0,2.0,21.0,27.0,33.0,5.0
132.0,1.0,1781.0,4.0,3.0,1.67,10.0,235.0,16.58,6.0,13.0,2.0,21.0,27.0,33.0,5.0
154.0,1.0,1781.0,4.0,3.0,1.67,10.0,270.0,19.05,6.0,12.0,2.0,21.0,27.0,33.0,5.0
165.0,1.0,1781.0,4.0,3.0,1.67,9.0,280.0,19.76,6.0,12.0,2.0,21.0,27.0,33.0,5.0
165.0,1.0,1781.0,4.0,3.0,1.67,9.0,280.0,19.76,6.0,12.0,2.0,21.0,27.0,33.0,5.0
81.0,1.0,1793.0,4.0,3.0,1.74,10.0,152.0,10.65,6.0,12.0,2.0,21.0,27.0,33.0,4.0
81.0,1.0,1793.0,4.0,3.0,1.74,10.0,152.0,10.65,6.0,12.0,2.0,21.0,27.0,33.0,4.0
82.0,1.0,1793.0,4.0,3.0,1.74,10.0,152.0,10.65,6.0,12.0,2.0,21.0,27.0,33.0,4.0
82.0,1.0,1793.0,4.0,3.0,1.74,10.0,152.0,10.65,6.0,12.0,2.0,21.0,27.0,33.0,4.0
85.0,1.0,1793.0,4.0,3.0,1.74,10.0,152.0,10.65,6.0,12.0,2.0,21.0,27.0,33.0,4.0
85.0,1.0,1793.0,4.0,3.0,1.74,10.0,152.0,10.65,6.0,12.0,2.0,21.0,27.0,33.0,4.0
85.0,1.0,1793.0,4.0,3.0,1.74,10.0,152.0,10.65,6.0,12.0,2.0,21.0,27.0,33.0,4.0
85.0,1.0,1793.0,4.0,3.0,1.74,10.0,152.0,10.65,6.0,12.0,2.0,21.0,27.0,33.0,4.0
105.0,1.0,1794.0,4.0,3.0,1158.0,10.0,170.0,11.91,6.0,11.0,2.0,21.0,29.0,33.0,4.0
86.0,1.0,1795.0,4.0,3.0,1.116,11.0,160.0,11.2,6.0,12.0,2.0,21.0,27.0,33.0,4.0
86.0,1.0,1795.0,4.0,3.0,1.116,11.0,160.0,11.2,6.0,12.0,2.0,21.0,27.0,33.0,4.0
86.0,1.0,1795.0,4.0,3.0,1.116,11.0,160.0,11.2,6.0,12.0,2.0,21.0,27.0,33.0,4.0
86.0,1.0,1795.0,4.0,3.0,1.116,11.0,160.0,11.2,6.0,12.0,2.0,21.0,27.0,33.0,4.0
86.0,1.0,1795.0,4.0,3.0,1.116,11.0,160.0,11.2,6.0,12.0,2.0,21.0,27.0,33.0,4.0
88.0,1.0,1795.0,4.0,3.0,1.116,9999.0,160.0,11.2,6.0,0.0,2.0,21.0,0.0,0.0,4.0
88.0,1.0,1795.0,4.0,3.0,1.116,9999.0,160.0,11.2,6.0,0.0,2.0,21.0,0.0,0.0,4.0
88.0,1.0,1795.0,4.0,3.0,1.116,11.0,165.0,11.55,6.0,12.0,2.0,21.0,27.0,33.0,4.0
88.0,1.0,1795.0,4.0,3.0,1.116,11.0,165.0,11.55,6.0,12.0,2.0,21.0,27.0,33.0,4.0
88.0,1.0,1795.0,4.0,3.0,1.116,11.0,165.0,11.55,6.0,12.0,2.0,21.0,27.0,33.0,4.0
88.0,1.0,1795.0,4.0,3.0,1.116,11.0,165.0,11.55,6.0,12.0,2.0,21.0,27.0,33.0,4.0
107.0,1.0,1795.0,4.0,3.0,1.116,11.0,174.0,12.18,6.0,12.0,2.0,21.0,31.0,33.0,4.0
107.0,1.0,1795.0,4.0,3.0,1.116,11.0,174.0,12.18,6.0,12.0,2.0,21.0,27.0,33.0,4.0
85.0,1.0,1796.0,4.0,3.0,1.96,11.0,170.0,11.89,6.0,12.0,2.0,21.0,27.0,33.0,4.0
85.0,1.0,1796.0,4.0,3.0,1.96,11.0,170.0,11.89,6.0,12.0,2.0,21.0,27.0,33.0,4.0
85.0,1.0,1796.0,4.0,3.0,1.96,11.0,170.0,11.89,6.0,12.0,2.0,21.0,27.0,33.0,4.0
85.0,1.0,1796.0,4.0,3.0,1.96,11.0,170.0,11.89,6.0,12.0,2.0,21.0,27.0,33.0,4.0
85.0,1.0,1796.0,4.0,3.0,1.96,11.0,170.0,11.89,6.0,12.0,2.0,21.0,27.0,33.0,4.0
85.0,1.0,1796.0,4.0,3.0,1.96,11.0,170.0,11.89,6.0,12.0,2.0,21.0,27.0,33.0,4.0
85.0,1.0,1796.0,4.0,3.0,1.96,11.0,170.0,11.89,6.0,12.0,2.0,21.0,27.0,33.0,4.0
85.0,1.0,1796.0,4.0,3.0,1.92,10.0,160.0,11.2,6.0,12.0,2.0,21.0,27.0,33.0,4.0
85.0,1.0,1796.0,4.0,3.0,1.92,10.0,158.0,11.06,6.0,12.0,2.0,21.0,27.0,33.0,4.0
85.0,1.0,1796.0,4.0,3.0,1.96,11.0,170.0,11.89,6.0,12.0,2.0,21.0,27.0,33.0,4.0
85.0,1.0,1796.0,4.0,3.0,1.96,11.0,170.0,11.89,6.0,12.0,2.0,21.0,27.0,33.0,4.0
85.0,1.0,1796.0,4.0,3.0,1.96,11.0,170.0,11.89,6.0,12.0,2.0,21.0,27.0,33.0,4.0
124.0,1.0,1797.0,4.0,3.0,1.77,10.0,166.0,11.61,6.0,12.0,2.0,19.0,32.0,33.0,4.0
124.0,1.0,1797.0,4.0,3.0,1.77,10.0,166.0,11.61,6.0,12.0,2.0,19.0,32.0,33.0,4.0
140.0,1.0,1797.0,4.0,3.0,1.77,11.0,178.0,12.45,6.0,12.0,2.0,19.0,32.0,33.0,4.0
85.0,1.0,1799.0,4.0,3.0,1.54,11.0,170.0,11.87,6.0,12.0,2.0,21.0,27.0,33.0,4.0
85.0,1.0,1799.0,4.0,3.0,1.54,11.0,170.0,11.87,6.0,12.0,2.0,21.0,27.0,33.0,4.0
85.0,1.0,1799.0,4.0,3.0,1.54,11.0,170.0,11.87,6.0,12.0,2.0,21.0,27.0,33.0,4.0
85.0,1.0,1799.0,4.0,3.0,1.54,11.0,170.0,11.87,6.0,12.0,2.0,21.0,27.0,33.0,4.0
85.0,1.0,1799.0,4.0,3.0,1.54,11.0,170.0,11.87,6.0,12.0,2.0,21.0,27.0,33.0,4.0
90.0,1.0,1799.0,4.0,3.0,0.923,10.0,170.0,11.87,6.0,11.0,2.0,21.0,28.0,33.0,4.0
90.0,1.0,1799.0,4.0,3.0,0.923,10.0,170.0,11.87,6.0,11.0,2.0,21.0,28.0,33.0,4.0
88.0,1.0,1834.0,4.0,3.0,1.99,12.0,174.0,11.92,6.0,12.0,2.0,20.0,27.0,33.0,4.0
88.0,1.0,1834.0,4.0,3.0,1.99,12.0,174.0,11.92,6.0,12.0,2.0,20.0,27.0,33.0,4.0
90.0,1.0,1834.0,4.0,3.0,1.99,12.0,174.0,11.92,6.0,12.0,2.0,20.0,27.0,33.0,4.0
92.0,1.0,1834.0,4.0,3.0,1.99,13.0,174.0,11.92,6.0,12.0,2.0,20.0,27.0,33.0,4.0
92.0,1.0,1834.0,4.0,3.0,1.99,12.0,174.0,11.92,6.0,12.0,2.0,20.0,27.0,33.0,4.0
92.0,1.0,1834.0,4.0,3.0,1.99,12.0,174.0,11.92,6.0,12.0,2.0,20.0,27.0,33.0,4.0
92.0,1.0,1834.0,4.0,3.0,1.99,12.0,174.0,11.92,6.0,12.0,2.0,20.0,27.0,33.0,4.0
92.0,1.0,1834.0,4.0,3.0,1.99,12.0,174.0,11.92,6.0,12.0,2.0,20.0,27.0,33.0,4.0
92.0,1.0,1834.0,4.0,3.0,1.99,12.0,174.0,11.92,6.0,12.0,2.0,20.0,27.0,33.0,4.0
92.0,1.0,1834.0,4.0,3.0,1.99,12.0,174.0,11.92,6.0,12.0,2.0,20.0,27.0,33.0,4.0
92.0,1.0,1834.0,4.0,3.0,1.99,12.0,174.0,11.92,6.0,12.0,2.0,20.0,27.0,33.0,4.0
92.0,1.0,1834.0,4.0,3.0,1.99,12.0,174.0,11.92,6.0,12.0,2.0,20.0,27.0,33.0,4.0
92.0,1.0,1834.0,4.0,3.0,1.99,13.0,174.0,11.92,6.0,12.0,2.0,20.0,27.0,33.0,4.0
99.0,1.0,1834.0,4.0,3.0,1.99,10.0,162.0,11.1,6.0,12.0,2.0,19.0,27.0,33.0,4.0
99.0,1.0,1834.0,4.0,3.0,1.99,11.0,162.0,11.1,6.0,12.0,2.0,19.0,27.0,33.0,4.0
74.0,1.0,1840.0,4.0,3.0,1.24,10.0,152.0,10.38,6.0,12.0,2.0,21.0,27.0,33.0,4.0
74.0,1.0,1840.0,4.0,3.0,1.24,10.0,152.0,10.38,6.0,12.0,2.0,21.0,27.0,33.0,4.0
74.0,1.0,1840.0,4.0,3.0,1.24,10.0,152.0,10.38,6.0,12.0,2.0,21.0,27.0,33.0,4.0
74.0,1.0,1840.0,4.0,3.0,1.24,10.0,153.0,10.45,6.0,12.0,2.0,21.0,27.0,33.0,4.0
84.0,1.0,1840.0,4.0,3.0,1.24,10.0,161.0,11.0,6.0,12.0,2.0,21.0,27.0,33.0,4.0
84.0,1.0,1840.0,4.0,3.0,1.24,10.0,161.0,11.0,6.0,12.0,2.0,21.0,27.0,33.0,4.0
84.0,1.0,1840.0,4.0,3.0,1.24,10.0,161.0,11.0,6.0,12.0,2.0,21.0,27.0,33.0,4.0
84.0,1.0,1840.0,4.0,3.0,1.24,10.0,161.0,11.0,6.0,12.0,2.0,21.0,27.0,33.0,4.0
89.0,1.0,1840.0,4.0,3.0,988.0,10.0,152.0,10.38,6.0,15.0,2.0,21.0,27.0,33.0,4.0
89.0,1.0,1840.0,4.0,3.0,988.0,10.0,152.0,10.38,6.0,15.0,2.0,21.0,27.0,33.0,4.0
103.0,1.0,1840.0,4.0,3.0,1.24,10.0,162.0,11.06,6.0,12.0,2.0,21.0,27.0,33.0,4.0
100.0,1.0,1850.0,4.0,3.0,0.959,10.0,175.0,11.89,6.0,12.0,1.0,25.0,32.0,33.0,4.0
100.0,1.0,1850.0,4.0,3.0,0.959,10.0,175.0,11.89,6.0,12.0,1.0,25.0,32.0,33.0,4.0
147.0,1.0,1855.0,4.0,3.0,1111.0,9.0,300.0,20.32,6.0,12.0,2.0,21.0,27.0,33.0,4.0
147.0,1.0,1855.0,4.0,3.0,1111.0,9.0,300.0,20.32,6.0,12.0,2.0,21.0,27.0,33.0,4.0
147.0,1.0,1855.0,4.0,3.0,1111.0,9.0,300.0,20.32,6.0,12.0,2.0,21.0,27.0,33.0,4.0
147.0,1.0,1855.0,4.0,3.0,1111.0,9.0,300.0,20.32,6.0,12.0,2.0,21.0,27.0,33.0,4.0
40.0,2.0,1870.0,4.0,3.0,1163.0,22.0,120.0,8.06,6.0,12.0,1.0,21.0,27.0,33.0,2.0
47.0,2.0,1870.0,4.0,3.0,1163.0,22.0,118.0,7.93,6.0,12.0,1.0,21.0,27.0,33.0,2.0
47.0,2.0,1870.0,4.0,3.0,1163.0,22.0,118.0,7.93,6.0,12.0,1.0,21.0,27.0,33.0,2.0
47.0,2.0,1870.0,4.0,3.0,1163.0,22.0,120.0,8.06,6.0,12.0,1.0,21.0,27.0,33.0,2.0
66.0,2.0,1870.0,4.0,3.0,1163.0,21.0,176.0,11.83,6.0,12.0,1.0,21.0,27.0,33.0,2.0
66.0,2.0,1870.0,4.0,3.0,1163.0,21.0,176.0,11.83,6.0,12.0,1.0,21.0,27.0,33.0,2.0
66.0,2.0,1870.0,4.0,3.0,1163.0,21.0,176.0,11.83,6.0,12.0,1.0,21.0,27.0,33.0,2.0
66.0,2.0,1870.0,4.0,3.0,1163.0,21.0,176.0,11.83,6.0,12.0,1.0,21.0,27.0,33.0,2.0
72.0,2.0,1870.0,4.0,3.0,1163.0,21.0,200.0,13.44,6.0,12.0,1.0,21.0,27.0,33.0,2.0
72.0,2.0,1870.0,4.0,3.0,1163.0,21.0,200.0,13.44,6.0,12.0,1.0,21.0,27.0,33.0,2.0
72.0,2.0,1870.0,4.0,3.0,1163.0,18.0,200.0,13.44,6.0,12.0,1.0,21.0,27.0,33.0,2.0
72.0,2.0,1870.0,4.0,3.0,1163.0,21.0,200.0,13.44,6.0,12.0,1.0,21.0,27.0,33.0,2.0
72.0,2.0,1870.0,4.0,3.0,1163.0,18.0,200.0,13.44,6.0,12.0,1.0,21.0,27.0,33.0,2.0
72.0,2.0,1870.0,4.0,3.0,1163.0,18.0,200.0,13.44,6.0,12.0,1.0,21.0,27.0,33.0,2.0
72.0,2.0,1870.0,4.0,3.0,1163.0,18.0,200.0,13.44,6.0,12.0,1.0,21.0,27.0,33.0,2.0
72.0,2.0,1870.0,4.0,3.0,1163.0,18.0,200.0,13.44,6.0,12.0,1.0,21.0,27.0,33.0,2.0
72.0,2.0,1870.0,4.0,3.0,1163.0,18.0,200.0,13.44,6.0,12.0,1.0,21.0,27.0,33.0,2.0
77.0,1.0,1895.0,4.0,3.0,982.0,10.0,165.0,10.94,6.0,15.0,1.0,20.0,27.0,33.0,2.0
77.0,1.0,1895.0,4.0,3.0,982.0,10.0,165.0,10.94,6.0,15.0,1.0,20.0,27.0,33.0,2.0
77.0,1.0,1895.0,4.0,3.0,982.0,10.0,165.0,10.94,6.0,15.0,1.0,20.0,27.0,33.0,2.0
87.0,1.0,1895.0,4.0,3.0,982.0,10.0,180.0,11.94,6.0,15.0,1.0,20.0,27.0,33.0,2.0
87.0,1.0,1895.0,4.0,3.0,982.0,10.0,180.0,11.94,6.0,15.0,1.0,20.0,27.0,33.0,2.0
87.0,1.0,1895.0,4.0,3.0,982.0,10.0,180.0,11.94,6.0,15.0,1.0,20.0,27.0,33.0,2.0
87.0,1.0,1895.0,4.0,3.0,982.0,10.0,180.0,11.94,6.0,15.0,1.0,20.0,27.0,33.0,2.0
87.0,1.0,1895.0,4.0,3.0,982.0,10.0,180.0,11.94,6.0,9.0,1.0,20.0,27.0,33.0,2.0
87.0,1.0,1895.0,4.0,3.0,982.0,10.0,180.0,11.94,6.0,15.0,1.0,20.0,27.0,33.0,2.0
87.0,1.0,1895.0,4.0,3.0,982.0,10.0,180.0,11.94,6.0,15.0,1.0,20.0,27.0,33.0,2.0
47.0,2.0,1896.0,4.0,3.0,1.21,23.0,124.0,8.22,6.0,12.0,1.0,21.0,0.0,0.0,2.0
47.0,2.0,1896.0,4.0,3.0,1.21,20.0,125.0,8.28,6.0,12.0,1.0,21.0,0.0,0.0,2.0
50.0,2.0,1896.0,4.0,3.0,1.21,20.0,133.0,8.82,6.0,12.0,1.0,21.0,0.0,0.0,2.0
50.0,2.0,1896.0,4.0,3.0,1.21,20.0,133.0,8.82,6.0,12.0,1.0,21.0,0.0,0.0,2.0
50.0,2.0,1896.0,4.0,3.0,1.21,20.0,133.0,8.82,6.0,12.0,1.0,21.0,0.0,0.0,2.0
50.0,2.0,1896.0,4.0,3.0,1.21,20.0,133.0,8.82,6.0,12.0,1.0,21.0,0.0,0.0,2.0
50.0,2.0,1896.0,4.0,3.0,1.21,23.0,140.0,9.28,6.0,12.0,1.0,21.0,27.0,33.0,2.0
50.0,2.0,1896.0,4.0,3.0,1.21,23.0,140.0,9.28,6.0,12.0,1.0,21.0,27.0,33.0,2.0
66.0,2.0,1896.0,4.0,3.0,1.21,20.0,210.0,13.92,6.0,12.0,1.0,21.0,27.0,33.0,2.0
66.0,2.0,1896.0,4.0,3.0,1.21,20.0,210.0,13.92,6.0,12.0,1.0,21.0,27.0,33.0,2.0
66.0,2.0,1896.0,4.0,3.0,1.21,20.0,210.0,13.92,6.0,12.0,1.0,21.0,27.0,33.0,2.0
66.0,2.0,1896.0,4.0,3.0,1.21,20.0,210.0,13.92,6.0,12.0,1.0,21.0,27.0,33.0,2.0
66.0,2.0,1896.0,4.0,3.0,1.21,20.0,210.0,13.92,6.0,12.0,1.0,21.0,27.0,33.0,2.0
66.0,2.0,1896.0,4.0,3.0,1.21,20.0,210.0,13.92,6.0,12.0,1.0,21.0,0.0,0.0,2.0
66.0,2.0,1896.0,4.0,3.0,1.21,20.0,210.0,13.92,6.0,12.0,1.0,21.0,27.0,33.0,2.0
66.0,2.0,1896.0,4.0,3.0,1.21,20.0,210.0,13.92,6.0,12.0,1.0,21.0,27.0,33.0,2.0
66.0,2.0,1896.0,4.0,3.0,1.21,20.0,210.0,13.92,6.0,12.0,1.0,21.0,27.0,33.0,2.0
66.0,2.0,1896.0,4.0,3.0,1.21,20.0,210.0,13.92,6.0,12.0,1.0,21.0,27.0,33.0,2.0
66.0,2.0,1896.0,4.0,3.0,1.21,20.0,210.0,13.92,6.0,12.0,1.0,21.0,27.0,33.0,2.0
66.0,2.0,1896.0,4.0,3.0,1.21,20.0,210.0,13.92,6.0,12.0,1.0,21.0,27.0,33.0,2.0
66.0,2.0,1896.0,4.0,3.0,1.21,20.0,210.0,13.92,6.0,12.0,1.0,21.0,27.0,33.0,2.0
66.0,2.0,1896.0,4.0,3.0,1.21,20.0,210.0,13.92,6.0,12.0,1.0,21.0,27.0,33.0,2.0
66.0,2.0,1896.0,4.0,3.0,1.21,20.0,210.0,13.92,6.0,12.0,1.0,21.0,27.0,33.0,2.0
66.0,2.0,1896.0,4.0,3.0,1.21,20.0,210.0,13.92,6.0,12.0,1.0,21.0,27.0,33.0,2.0
66.0,2.0,1896.0,4.0,3.0,1.21,20.0,210.0,13.92,6.0,12.0,1.0,21.0,27.0,33.0,2.0
66.0,2.0,1896.0,4.0,3.0,1.21,20.0,210.0,13.92,6.0,12.0,1.0,21.0,0.0,0.0,2.0
66.0,2.0,1896.0,4.0,3.0,1.21,18.0,240.0,15.91,6.0,12.0,1.0,21.0,27.0,33.0,2.0
66.0,2.0,1896.0,4.0,3.0,1.21,20.0,210.0,13.92,6.0,12.0,1.0,21.0,27.0,33.0,2.0
66.0,2.0,1896.0,4.0,3.0,1.21,20.0,210.0,13.92,6.0,12.0,1.0,21.0,27.0,33.0,2.0
74.0,2.0,1896.0,4.0,3.0,1.21,19.0,240.0,15.91,6.0,12.0,1.0,21.0,0.0,0.0,2.0
81.0,2.0,1896.0,4.0,3.0,1.21,20.0,235.0,15.58,6.0,12.0,1.0,21.0,27.0,33.0,2.0
81.0,2.0,1896.0,4.0,3.0,1.21,20.0,235.0,15.58,6.0,12.0,1.0,21.0,27.0,33.0,2.0
81.0,2.0,1896.0,4.0,3.0,1.21,20.0,235.0,15.58,6.0,12.0,1.0,21.0,27.0,33.0,2.0
81.0,2.0,1896.0,4.0,3.0,1.21,20.0,235.0,15.58,6.0,12.0,1.0,21.0,27.0,33.0,2.0
81.0,2.0,1896.0,4.0,3.0,1.21,20.0,235.0,15.58,6.0,12.0,1.0,21.0,27.0,33.0,2.0
81.0,2.0,1896.0,4.0,3.0,1.21,20.0,235.0,15.58,6.0,12.0,1.0,21.0,0.0,0.0,2.0
81.0,2.0,1896.0,4.0,3.0,1.21,20.0,235.0,15.58,6.0,12.0,1.0,21.0,27.0,33.0,2.0
81.0,2.0,1896.0,4.0,3.0,1.21,20.0,235.0,15.58,6.0,12.0,1.0,21.0,27.0,33.0,2.0
81.0,2.0,1896.0,4.0,3.0,1.21,20.0,235.0,15.58,6.0,12.0,1.0,21.0,27.0,33.0,2.0
81.0,2.0,1896.0,4.0,3.0,1.21,20.0,235.0,15.58,6.0,12.0,1.0,21.0,0.0,0.0,2.0
81.0,2.0,1896.0,4.0,3.0,1.21,20.0,235.0,15.58,6.0,12.0,1.0,21.0,0.0,0.0,2.0
81.0,2.0,1896.0,4.0,3.0,1.21,20.0,235.0,15.58,6.0,12.0,1.0,21.0,27.0,33.0,2.0
81.0,2.0,1896.0,4.0,3.0,1.21,20.0,235.0,15.58,6.0,12.0,1.0,21.0,27.0,33.0,2.0
81.0,2.0,1896.0,4.0,3.0,1.21,20.0,235.0,15.58,6.0,12.0,1.0,21.0,27.0,33.0,2.0
81.0,2.0,1896.0,4.0,3.0,1.21,20.0,235.0,15.58,6.0,12.0,1.0,21.0,27.0,33.0,2.0
81.0,2.0,1896.0,4.0,3.0,1.21,20.0,235.0,15.58,6.0,12.0,1.0,21.0,27.0,33.0,2.0
81.0,2.0,1896.0,4.0,3.0,1.21,20.0,235.0,15.58,6.0,12.0,1.0,21.0,27.0,33.0,2.0
81.0,2.0,1896.0,4.0,3.0,1.21,20.0,235.0,15.58,6.0,12.0,1.0,21.0,27.0,33.0,2.0
81.0,2.0,1896.0,4.0,3.0,1.21,20.0,235.0,15.58,6.0,12.0,1.0,21.0,0.0,0.0,2.0
81.0,2.0,1896.0,4.0,3.0,1.21,20.0,235.0,15.58,6.0,12.0,1.0,21.0,0.0,0.0,2.0
81.0,2.0,1896.0,4.0,3.0,1.21,20.0,235.0,15.58,6.0,12.0,1.0,21.0,0.0,0.0,2.0
81.0,2.0,1896.0,4.0,3.0,1.21,20.0,235.0,15.58,6.0,12.0,1.0,21.0,0.0,0.0,2.0
81.0,2.0,1896.0,4.0,3.0,1.21,20.0,235.0,15.58,6.0,12.0,1.0,21.0,0.0,0.0,2.0
81.0,2.0,1896.0,4.0,3.0,1.21,20.0,235.0,15.58,6.0,12.0,1.0,21.0,27.0,33.0,2.0
81.0,2.0,1896.0,4.0,3.0,1.21,20.0,235.0,15.58,6.0,12.0,1.0,21.0,27.0,33.0,2.0
81.0,2.0,1896.0,4.0,3.0,1.21,20.0,235.0,15.58,6.0,12.0,1.0,21.0,27.0,33.0,2.0
81.0,2.0,1896.0,4.0,3.0,1.21,20.0,235.0,15.58,6.0,12.0,1.0,21.0,27.0,33.0,2.0
81.0,2.0,1896.0,4.0,3.0,1.21,20.0,235.0,15.58,6.0,12.0,1.0,21.0,27.0,33.0,2.0
81.0,2.0,1896.0,4.0,3.0,1.21,20.0,235.0,15.58,6.0,12.0,1.0,21.0,27.0,33.0,2.0
85.0,2.0,1896.0,4.0,3.0,1.21,18.0,310.0,20.55,6.0,12.0,1.0,21.0,27.0,33.0,2.0
85.0,2.0,1896.0,4.0,3.0,1.21,18.0,310.0,20.55,6.0,12.0,1.0,21.0,27.0,33.0,2.0
85.0,2.0,1896.0,4.0,3.0,1.21,18.0,285.0,18.89,6.0,12.0,1.0,21.0,27.0,33.0,2.0
85.0,2.0,1896.0,4.0,3.0,1.21,18.0,310.0,20.55,6.0,12.0,1.0,21.0,27.0,33.0,2.0
85.0,2.0,1896.0,4.0,3.0,1.21,18.0,310.0,20.55,6.0,12.0,1.0,21.0,27.0,33.0,2.0
85.0,2.0,1896.0,4.0,3.0,1.21,18.0,310.0,20.55,6.0,12.0,1.0,21.0,27.0,33.0,2.0
85.0,2.0,1896.0,4.0,3.0,1.21,18.0,285.0,18.89,6.0,12.0,1.0,21.0,27.0,33.0,2.0
85.0,2.0,1896.0,4.0,3.0,1.21,18.0,285.0,18.89,6.0,12.0,1.0,21.0,27.0,33.0,2.0
85.0,2.0,1896.0,4.0,3.0,1.21,18.0,285.0,18.89,6.0,12.0,1.0,21.0,27.0,33.0,2.0
92.0,1.0,1898.0,4.0,3.0,1.19,11.0,180.0,11.92,6.0,9.0,1.0,19.0,27.0,33.0,2.0
92.0,1.0,1898.0,4.0,3.0,1.19,11.0,180.0,11.92,6.0,9.0,1.0,19.0,27.0,33.0,2.0
92.0,1.0,1898.0,4.0,3.0,1.19,11.0,180.0,11.92,6.0,9.0,1.0,19.0,27.0,33.0,2.0
46.0,2.0,1905.0,4.0,3.0,1.6,22.0,114.0,7.52,6.0,12.0,1.0,21.0,27.0,33.0,2.0
50.0,2.0,1905.0,4.0,3.0,1.6,23.0,120.0,7.92,6.0,12.0,1.0,21.0,27.0,33.0,2.0
50.0,2.0,1905.0,4.0,3.0,1.6,23.0,120.0,7.92,6.0,12.0,1.0,21.0,27.0,33.0,2.0
50.0,2.0,1905.0,4.0,3.0,1.6,23.0,120.0,7.92,6.0,12.0,1.0,21.0,27.0,33.0,2.0
51.0,2.0,1905.0,4.0,3.0,1.6,23.0,120.0,7.92,6.0,12.0,1.0,21.0,27.0,33.0,2.0
55.0,2.0,1905.0,4.0,3.0,1.6,23.0,135.0,8.91,6.0,12.0,1.0,21.0,27.0,33.0,2.0
66.0,2.0,1905.0,4.0,3.0,1.6,22.0,196.0,12.93,6.0,12.0,1.0,21.0,27.0,33.0,2.0
66.0,2.0,1905.0,4.0,3.0,1.6,22.0,196.0,12.93,6.0,12.0,1.0,21.0,27.0,33.0,2.0
66.0,2.0,1905.0,4.0,3.0,1.6,22.0,196.0,12.93,6.0,12.0,1.0,21.0,27.0,33.0,2.0
66.0,2.0,1905.0,4.0,3.0,1.6,22.0,196.0,12.93,6.0,12.0,1.0,21.0,27.0,33.0,2.0
66.0,2.0,1905.0,4.0,3.0,1.6,22.0,196.0,12.93,6.0,12.0,1.0,21.0,27.0,33.0,2.0
66.0,2.0,1905.0,4.0,3.0,1.6,22.0,196.0,12.93,6.0,12.0,1.0,21.0,27.0,33.0,2.0
66.0,2.0,1905.0,4.0,3.0,1.6,22.0,196.0,12.93,6.0,12.0,1.0,21.0,27.0,33.0,2.0
66.0,2.0,1905.0,4.0,3.0,1.6,22.0,196.0,12.93,6.0,12.0,1.0,21.0,27.0,33.0,2.0
66.0,2.0,1905.0,4.0,3.0,1.6,22.0,196.0,12.93,6.0,12.0,1.0,21.0,27.0,33.0,2.0
66.0,2.0,1905.0,4.0,3.0,1.6,22.0,196.0,12.93,6.0,12.0,1.0,21.0,27.0,33.0,2.0
55.0,2.0,1910.0,4.0,3.0,1.12,21.0,147.0,9.67,6.0,12.0,1.0,21.0,27.0,33.0,2.0
55.0,2.0,1910.0,4.0,3.0,1.12,21.0,147.0,9.67,6.0,12.0,1.0,21.0,27.0,33.0,2.0
59.0,2.0,1910.0,4.0,3.0,1.12,18.0,196.0,12.9,6.0,12.0,1.0,21.0,27.0,33.0,2.0
59.0,2.0,1910.0,4.0,3.0,1.12,18.0,196.0,12.9,6.0,12.0,1.0,21.0,27.0,33.0,2.0
77.0,2.0,1910.0,4.0,3.0,1.12,18.0,255.0,16.78,6.0,12.0,1.0,21.0,27.0,33.0,2.0
77.0,2.0,1910.0,4.0,3.0,1.12,18.0,255.0,16.78,6.0,12.0,1.0,21.0,27.0,33.0,2.0
77.0,2.0,1910.0,4.0,3.0,1.12,18.0,255.0,16.78,6.0,12.0,1.0,21.0,27.0,33.0,2.0
77.0,2.0,1910.0,4.0,3.0,1.12,18.0,200.0,13.16,6.0,12.0,1.0,21.0,27.0,33.0,2.0
77.0,2.0,1910.0,4.0,3.0,1.12,18.0,200.0,13.16,6.0,12.0,1.0,21.0,27.0,33.0,2.0
77.0,2.0,1910.0,4.0,3.0,1.12,18.0,200.0,13.16,6.0,12.0,1.0,21.0,27.0,33.0,2.0
77.0,2.0,1910.0,4.0,3.0,1.12,18.0,255.0,16.78,6.0,12.0,1.0,21.0,27.0,33.0,2.0
77.0,2.0,1910.0,4.0,3.0,1.12,18.0,200.0,13.16,6.0,12.0,1.0,21.0,27.0,33.0,2.0
77.0,2.0,1910.0,4.0,3.0,1.12,18.0,255.0,16.78,6.0,12.0,1.0,21.0,27.0,33.0,2.0
77.0,2.0,1910.0,4.0,3.0,1.12,18.0,200.0,13.16,6.0,12.0,1.0,21.0,27.0,33.0,2.0
66.0,2.0,1929.0,4.0,3.0,1.9,19.0,186.0,12.12,6.0,12.0,1.0,21.0,27.0,33.0,2.0
100.0,1.0,1948.0,4.0,3.0,1.84,11.0,182.0,11.74,6.0,12.0,2.0,21.0,27.0,33.0,4.0
100.0,1.0,1948.0,4.0,3.0,1.84,11.0,182.0,11.74,6.0,12.0,2.0,21.0,27.0,33.0,4.0
102.0,1.0,1948.0,4.0,3.0,1.84,11.0,182.0,11.74,6.0,12.0,2.0,21.0,27.0,33.0,4.0
102.0,1.0,1948.0,4.0,3.0,1.84,11.0,182.0,11.74,6.0,12.0,2.0,21.0,27.0,33.0,4.0
103.0,1.0,1948.0,4.0,3.0,1.84,11.0,183.0,11.81,6.0,12.0,2.0,21.0,27.0,33.0,4.0
103.0,1.0,1948.0,4.0,3.0,1.84,11.0,183.0,11.81,6.0,12.0,2.0,21.0,27.0,33.0,4.0
103.0,1.0,1948.0,4.0,3.0,1.84,11.0,183.0,11.81,6.0,12.0,2.0,21.0,27.0,33.0,4.0
103.0,1.0,1948.0,4.0,3.0,1.84,11.0,183.0,11.81,6.0,12.0,2.0,21.0,27.0,33.0,4.0
118.0,1.0,1948.0,4.0,3.0,1.84,9.0,230.0,14.84,6.0,12.0,2.0,21.0,27.0,33.0,4.0
118.0,1.0,1948.0,4.0,3.0,1.84,9.0,230.0,14.84,6.0,12.0,2.0,21.0,27.0,33.0,4.0
118.0,1.0,1948.0,4.0,3.0,1.84,9.0,230.0,14.84,6.0,12.0,2.0,21.0,27.0,33.0,4.0
118.0,1.0,1948.0,4.0,3.0,1.84,9.0,230.0,14.84,6.0,12.0,2.0,21.0,27.0,33.0,4.0
85.0,2.0,1951.0,4.0,3.0,1.48,9999.0,260.0,16.75,6.0,0.0,2.0,19.0,27.0,33.0,4.0
85.0,2.0,1951.0,4.0,3.0,1.48,9999.0,260.0,16.75,6.0,0.0,2.0,19.0,27.0,33.0,4.0
100.0,2.0,1951.0,4.0,3.0,1.48,19.0,280.0,18.03,6.0,11.0,2.0,20.0,27.0,33.0,4.0
100.0,2.0,1951.0,4.0,3.0,1.48,19.0,280.0,18.03,6.0,11.0,2.0,20.0,27.0,33.0,4.0
100.0,2.0,1951.0,4.0,3.0,1.48,19.0,280.0,18.03,6.0,11.0,2.0,20.0,27.0,33.0,4.0
100.0,2.0,1951.0,4.0,3.0,1.48,19.0,280.0,18.03,6.0,11.0,2.0,20.0,27.0,33.0,4.0
62.0,1.0,1968.0,4.0,3.0,1179.0,9.0,159.0,10.15,6.0,12.0,1.0,21.0,27.0,33.0,2.0
62.0,1.0,1968.0,4.0,3.0,1179.0,9.0,159.0,10.15,6.0,12.0,1.0,21.0,27.0,33.0,2.0
114.0,1.0,1969.0,4.0,3.0,1.96,10.0,186.0,11.87,6.0,12.0,2.0,21.0,28.0,33.0,4.0
114.0,1.0,1969.0,4.0,3.0,1.96,10.0,186.0,11.87,6.0,12.0,2.0,21.0,28.0,33.0,4.0
114.0,1.0,1969.0,4.0,3.0,1.96,10.0,187.0,11.93,6.0,12.0,2.0,21.0,28.0,33.0,4.0
114.0,1.0,1969.0,4.0,3.0,1.96,10.0,187.0,11.93,6.0,12.0,2.0,21.0,28.0,33.0,4.0
114.0,1.0,1969.0,4.0,3.0,1.96,10.0,186.0,11.87,6.0,12.0,2.0,21.0,28.0,33.0,4.0
114.0,1.0,1969.0,4.0,3.0,1.96,10.0,187.0,11.93,6.0,12.0,2.0,21.0,28.0,33.0,4.0
114.0,1.0,1969.0,4.0,3.0,1.96,10.0,187.0,11.93,6.0,12.0,2.0,21.0,28.0,33.0,4.0
108.0,1.0,1973.0,4.0,3.0,1.6,10.0,182.0,11.59,6.0,12.0,2.0,22.0,27.0,33.0,4.0
108.0,1.0,1973.0,4.0,3.0,1.6,10.0,182.0,11.59,6.0,12.0,2.0,22.0,27.0,33.0,4.0
55.0,2.0,1974.0,4.0,3.0,1.41,22.0,132.0,8.4,6.0,12.0,1.0,21.0,27.0,33.0,2.0
102.0,1.0,1975.0,4.0,3.0,1.14,10.0,182.0,11.58,6.0,13.0,2.0,21.0,27.0,33.0,4.0
102.0,1.0,1975.0,4.0,3.0,1.14,10.0,182.0,11.58,6.0,13.0,2.0,21.0,27.0,33.0,4.0
102.0,1.0,1975.0,4.0,3.0,1.14,10.0,182.0,11.58,6.0,13.0,2.0,21.0,27.0,33.0,4.0
102.0,1.0,1975.0,4.0,3.0,1.14,10.0,182.0,11.58,6.0,13.0,2.0,21.0,27.0,33.0,4.0
102.0,1.0,1975.0,4.0,3.0,1.14,10.0,182.0,11.58,6.0,13.0,2.0,21.0,27.0,33.0,4.0
102.0,1.0,1975.0,4.0,3.0,1.14,10.0,182.0,11.58,6.0,13.0,2.0,21.0,27.0,33.0,4.0
85.0,1.0,1984.0,4.0,3.0,1125.0,10.0,170.0,10.77,6.0,12.0,1.0,21.0,27.0,33.0,2.0
85.0,1.0,1984.0,4.0,3.0,1125.0,10.0,170.0,10.77,6.0,12.0,1.0,21.0,27.0,33.0,2.0
85.0,1.0,1984.0,4.0,3.0,1125.0,10.0,166.0,10.51,6.0,12.0,1.0,21.0,27.0,33.0,2.0
85.0,1.0,1984.0,4.0,3.0,1125.0,10.0,166.0,10.51,6.0,12.0,1.0,21.0,27.0,33.0,2.0
85.0,1.0,1984.0,4.0,3.0,1125.0,10.0,170.0,10.77,6.0,12.0,1.0,21.0,27.0,33.0,2.0
85.0,1.0,1984.0,4.0,3.0,1125.0,10.0,170.0,10.77,6.0,12.0,1.0,21.0,27.0,33.0,2.0
85.0,1.0,1984.0,4.0,3.0,1125.0,10.0,170.0,10.77,6.0,12.0,1.0,21.0,27.0,33.0,2.0
85.0,1.0,1984.0,4.0,3.0,1125.0,10.0,170.0,10.77,6.0,12.0,1.0,21.0,27.0,33.0,2.0
85.0,1.0,1984.0,4.0,3.0,1125.0,10.0,170.0,10.77,6.0,12.0,1.0,21.0,27.0,33.0,2.0
85.0,1.0,1984.0,4.0,3.0,1125.0,10.0,170.0,10.77,6.0,12.0,1.0,21.0,27.0,33.0,2.0
85.0,1.0,1984.0,4.0,3.0,1125.0,10.0,170.0,10.77,6.0,12.0,1.0,21.0,27.0,33.0,2.0
85.0,1.0,1984.0,4.0,3.0,1125.0,10.0,170.0,10.77,6.0,12.0,1.0,21.0,27.0,33.0,2.0
85.0,1.0,1984.0,4.0,3.0,1125.0,10.0,170.0,10.77,6.0,12.0,1.0,21.0,27.0,33.0,2.0
85.0,1.0,1984.0,4.0,3.0,1125.0,10.0,170.0,10.77,6.0,12.0,1.0,21.0,27.0,33.0,2.0
96.0,1.0,1985.0,4.0,3.0,867.0,10.0,177.0,11.21,6.0,9.0,2.0,21.0,27.0,33.0,4.0
96.0,1.0,1985.0,4.0,3.0,867.0,10.0,177.0,11.21,6.0,9.0,2.0,21.0,27.0,33.0,4.0
96.0,1.0,1985.0,4.0,3.0,867.0,10.0,177.0,11.21,6.0,9.0,2.0,21.0,27.0,33.0,4.0
96.0,1.0,1985.0,4.0,3.0,867.0,10.0,177.0,11.21,6.0,9.0,2.0,21.0,27.0,33.0,4.0
110.0,1.0,1985.0,4.0,3.0,867.0,9.0,240.0,15.19,6.0,9.0,2.0,21.0,27.0,33.0,4.0
110.0,1.0,1985.0,4.0,3.0,867.0,9.0,240.0,15.19,6.0,9.0,2.0,21.0,27.0,33.0,4.0
110.0,1.0,1985.0,4.0,3.0,867.0,9.0,240.0,15.19,6.0,9.0,2.0,21.0,27.0,33.0,4.0
110.0,1.0,1985.0,4.0,3.0,867.0,9.0,240.0,15.19,6.0,9.0,2.0,21.0,27.0,33.0,4.0
113.0,1.0,1985.0,4.0,3.0,867.0,9.0,219.0,13.86,6.0,9.0,2.0,21.0,27.0,33.0,4.0
113.0,1.0,1985.0,4.0,3.0,867.0,9.0,219.0,13.86,6.0,9.0,2.0,21.0,27.0,33.0,4.0
113.0,1.0,1985.0,4.0,3.0,867.0,9.0,219.0,13.86,6.0,9.0,2.0,21.0,27.0,33.0,4.0
113.0,1.0,1985.0,4.0,3.0,867.0,9.0,219.0,13.86,6.0,9.0,2.0,21.0,27.0,33.0,4.0
113.0,1.0,1985.0,4.0,3.0,867.0,9.0,219.0,13.86,6.0,9.0,2.0,21.0,27.0,33.0,4.0
136.0,1.0,1985.0,4.0,3.0,867.0,9.0,263.0,16.65,6.0,9.0,2.0,21.0,27.0,33.0,4.0
136.0,1.0,1985.0,4.0,3.0,867.0,9.0,230.0,14.56,6.0,9.0,2.0,21.0,27.0,33.0,4.0
136.0,1.0,1985.0,4.0,3.0,867.0,9.0,263.0,16.65,6.0,9.0,2.0,21.0,27.0,33.0,4.0
136.0,1.0,1985.0,4.0,3.0,867.0,9.0,230.0,14.56,6.0,9.0,2.0,21.0,27.0,33.0,4.0
136.0,1.0,1985.0,4.0,3.0,867.0,9.0,263.0,16.65,6.0,9.0,2.0,21.0,27.0,33.0,4.0
136.0,1.0,1985.0,4.0,3.0,867.0,9.0,230.0,14.56,6.0,9.0,2.0,21.0,27.0,33.0,4.0
147.0,1.0,1985.0,4.0,3.0,867.0,9.0,283.0,17.92,6.0,9.0,2.0,21.0,27.0,33.0,4.0
147.0,1.0,1985.0,4.0,3.0,867.0,9.0,283.0,17.92,6.0,9.0,2.0,21.0,27.0,33.0,4.0
147.0,1.0,1985.0,4.0,3.0,867.0,9.0,283.0,17.92,6.0,9.0,2.0,21.0,27.0,33.0,4.0
96.0,1.0,1988.0,4.0,3.0,1.38,10.0,178.0,11.25,6.0,12.0,2.0,21.0,27.0,33.0,4.0
96.0,1.0,1988.0,4.0,3.0,1.38,10.0,178.0,11.25,6.0,12.0,2.0,21.0,27.0,33.0,4.0
96.0,1.0,1988.0,4.0,3.0,1.38,10.0,178.0,11.25,6.0,12.0,2.0,21.0,27.0,33.0,4.0
96.0,1.0,1988.0,4.0,3.0,1.38,10.0,178.0,11.25,6.0,12.0,2.0,21.0,27.0,33.0,4.0
114.0,1.0,1988.0,6.0,3.0,1.0,10.0,195.0,12.33,6.0,14.0,2.0,21.0,29.0,33.0,4.0
114.0,1.0,1988.0,6.0,3.0,1.0,10.0,195.0,12.33,6.0,14.0,2.0,21.0,29.0,33.0,4.0
114.0,1.0,1988.0,6.0,3.0,1.0,10.0,195.0,12.33,6.0,14.0,2.0,21.0,29.0,33.0,4.0
85.0,1.0,1991.0,4.0,3.0,1.18,10.0,170.0,10.73,6.0,12.0,2.0,21.0,27.0,33.0,4.0
85.0,1.0,1991.0,4.0,3.0,1.18,10.0,170.0,10.73,6.0,12.0,2.0,21.0,27.0,33.0,4.0
85.0,1.0,1991.0,4.0,3.0,1.18,10.0,170.0,10.73,6.0,12.0,2.0,21.0,27.0,33.0,4.0
90.0,1.0,1991.0,4.0,3.0,1.18,10.0,175.0,11.05,6.0,12.0,2.0,21.0,27.0,33.0,4.0
100.0,1.0,1991.0,4.0,3.0,1.18,10.0,178.0,11.23,6.0,12.0,2.0,21.0,27.0,33.0,4.0
100.0,1.0,1991.0,4.0,3.0,1.18,10.0,178.0,11.23,6.0,12.0,2.0,21.0,27.0,33.0,4.0
100.0,1.0,1991.0,4.0,3.0,1.18,10.0,178.0,11.23,6.0,12.0,2.0,21.0,27.0,33.0,4.0
100.0,1.0,1991.0,4.0,3.0,1.18,10.0,178.0,11.23,6.0,12.0,2.0,21.0,27.0,33.0,4.0
110.0,1.0,1991.0,6.0,3.0,825.0,11.0,190.0,11.99,6.0,15.0,2.0,21.0,29.0,35.0,4.0
110.0,1.0,1991.0,6.0,3.0,825.0,11.0,190.0,11.99,6.0,15.0,2.0,21.0,29.0,35.0,4.0
110.0,1.0,1991.0,6.0,3.0,825.0,11.0,190.0,11.99,6.0,15.0,2.0,21.0,29.0,35.0,4.0
110.0,1.0,1991.0,6.0,3.0,825.0,11.0,190.0,11.99,6.0,15.0,2.0,21.0,29.0,35.0,4.0
110.0,1.0,1991.0,6.0,3.0,825.0,11.0,190.0,11.99,6.0,9.0,2.0,21.0,29.0,35.0,4.0
110.0,1.0,1991.0,6.0,3.0,825.0,11.0,190.0,11.99,6.0,9.0,2.0,21.0,29.0,35.0,4.0
110.0,1.0,1991.0,6.0,3.0,825.0,11.0,190.0,11.99,6.0,9.0,2.0,21.0,28.0,34.0,4.0
110.0,1.0,1991.0,6.0,3.0,825.0,11.0,190.0,11.99,6.0,9.0,2.0,21.0,28.0,34.0,4.0
110.0,1.0,1991.0,6.0,4.0,9999.0,9999.0,185.0,11.68,6.0,12.0,4.0,21.0,27.0,33.0,4.0
110.0,1.0,1991.0,6.0,3.0,825.0,11.0,190.0,11.99,6.0,15.0,2.0,21.0,29.0,35.0,4.0
110.0,1.0,1991.0,6.0,3.0,825.0,11.0,190.0,11.99,6.0,15.0,2.0,21.0,29.0,35.0,4.0
110.0,1.0,1991.0,6.0,3.0,825.0,11.0,190.0,11.99,6.0,9.0,2.0,21.0,28.0,34.0,4.0
72.0,2.0,1994.0,4.0,3.0,1.52,20.0,210.0,13.23,6.0,12.0,1.0,21.0,0.0,0.0,2.0
74.0,2.0,1994.0,4.0,3.0,1.52,20.0,240.0,15.13,6.0,12.0,1.0,21.0,27.0,33.0,2.0
74.0,2.0,1994.0,4.0,3.0,1.52,20.0,240.0,15.13,6.0,12.0,1.0,21.0,27.0,33.0,2.0
92.0,1.0,1994.0,4.0,5.0,815.0,10.0,184.0,11.6,6.0,12.0,2.0,25.0,27.0,33.0,4.0
92.0,1.0,1994.0,4.0,5.0,815.0,10.0,184.0,11.6,6.0,12.0,2.0,25.0,27.0,33.0,4.0
92.0,1.0,1994.0,4.0,5.0,815.0,10.0,184.0,11.6,6.0,12.0,2.0,25.0,27.0,33.0,4.0
92.0,1.0,1994.0,4.0,5.0,815.0,10.0,184.0,11.6,6.0,12.0,2.0,25.0,27.0,33.0,4.0
92.0,1.0,1994.0,4.0,5.0,815.0,10.0,184.0,11.6,6.0,12.0,2.0,25.0,27.0,33.0,4.0
92.0,1.0,1994.0,4.0,5.0,815.0,10.0,184.0,11.6,6.0,12.0,2.0,25.0,27.0,33.0,4.0
92.0,1.0,1994.0,4.0,5.0,815.0,10.0,184.0,11.6,6.0,12.0,2.0,25.0,27.0,33.0,4.0
92.0,1.0,1994.0,4.0,5.0,815.0,10.0,184.0,11.6,6.0,12.0,2.0,25.0,27.0,33.0,4.0
92.0,1.0,1994.0,4.0,5.0,815.0,10.0,184.0,11.6,6.0,12.0,2.0,25.0,27.0,33.0,4.0
92.0,1.0,1994.0,4.0,5.0,815.0,10.0,184.0,11.6,6.0,12.0,2.0,25.0,27.0,33.0,4.0
125.0,1.0,1994.0,4.0,5.0,815.0,9.0,240.0,15.13,6.0,12.0,2.0,25.0,27.0,33.0,4.0
160.0,1.0,1994.0,4.0,5.0,815.0,8.0,290.0,18.28,6.0,12.0,4.0,21.0,27.0,33.0,4.0
60.0,2.0,1995.0,4.0,3.0,1.71,19.0,185.0,11.65,6.0,9.0,1.0,24.0,27.0,33.0,4.0
60.0,2.0,1995.0,4.0,3.0,1.71,19.0,185.0,11.65,6.0,9.0,1.0,24.0,27.0,33.0,4.0
60.0,2.0,1995.0,4.0,3.0,1.71,19.0,185.0,11.65,6.0,9.0,1.0,24.0,27.0,33.0,4.0
60.0,2.0,1995.0,4.0,3.0,1.71,19.0,185.0,11.65,6.0,9.0,1.0,24.0,27.0,33.0,4.0
60.0,2.0,1995.0,4.0,3.0,1.71,19.0,185.0,11.65,6.0,15.0,1.0,21.0,27.0,33.0,4.0
60.0,2.0,1995.0,4.0,3.0,1.71,19.0,185.0,11.65,6.0,9.0,1.0,24.0,27.0,33.0,4.0
60.0,2.0,1995.0,4.0,3.0,1.71,19.0,185.0,11.65,6.0,9.0,1.0,24.0,27.0,33.0,4.0
74.0,2.0,1995.0,4.0,3.0,1.71,19.0,205.0,12.91,6.0,12.0,1.0,22.0,27.0,33.0,4.0
74.0,2.0,1995.0,4.0,3.0,1.71,19.0,230.0,14.49,6.0,15.0,1.0,21.0,27.0,33.0,4.0
74.0,2.0,1995.0,4.0,3.0,1.71,19.0,230.0,14.49,6.0,15.0,1.0,21.0,27.0,33.0,4.0
74.0,2.0,1995.0,4.0,3.0,1.71,19.0,205.0,12.91,6.0,15.0,1.0,21.0,27.0,33.0,4.0
74.0,2.0,1995.0,4.0,3.0,1.71,19.0,205.0,12.91,6.0,15.0,1.0,21.0,27.0,33.0,4.0
74.0,2.0,1995.0,4.0,3.0,1.71,19.0,205.0,12.91,6.0,12.0,1.0,22.0,27.0,33.0,4.0
74.0,2.0,1995.0,4.0,3.0,1.71,19.0,230.0,14.49,6.0,15.0,1.0,21.0,27.0,33.0,4.0
81.0,2.0,1995.0,4.0,3.0,1.144,19.0,250.0,15.75,6.0,12.0,2.0,21.0,27.0,33.0,4.0
81.0,2.0,1995.0,4.0,3.0,1.144,19.0,250.0,15.75,6.0,12.0,2.0,21.0,27.0,33.0,4.0
94.0,1.0,1995.0,4.0,3.0,1.71,9.0,174.0,10.96,6.0,15.0,2.0,21.0,27.0,33.0,4.0
94.0,1.0,1995.0,4.0,3.0,1.71,9.0,174.0,10.96,6.0,15.0,2.0,21.0,27.0,33.0,4.0
94.0,1.0,1995.0,4.0,3.0,1.71,9.0,174.0,10.96,6.0,15.0,2.0,21.0,27.0,33.0,4.0
94.0,1.0,1995.0,4.0,3.0,1.71,9.0,174.0,10.96,6.0,15.0,2.0,21.0,27.0,33.0,4.0
103.0,1.0,1995.0,6.0,4.0,965.0,10.0,179.0,11.28,6.0,11.0,4.0,21.0,27.0,33.0,4.0
103.0,1.0,1995.0,6.0,4.0,965.0,10.0,179.0,11.28,6.0,11.0,4.0,21.0,27.0,33.0,4.0
105.0,1.0,1995.0,6.0,4.0,892.0,10.0,176.0,11.09,6.0,14.0,4.0,21.0,27.0,33.0,4.0
66.0,2.0,1997.0,4.0,3.0,1.35,18.0,205.0,12.9,6.0,12.0,1.0,20.0,27.0,33.0,2.0
66.0,2.0,1997.0,4.0,3.0,1.35,18.0,205.0,12.9,6.0,12.0,1.0,20.0,27.0,33.0,2.0
66.0,2.0,1997.0,4.0,3.0,1.35,18.0,205.0,12.9,6.0,12.0,1.0,20.0,27.0,33.0,2.0
80.0,2.0,1997.0,4.0,3.0,1.35,18.0,250.0,15.73,8.0,12.0,1.0,20.0,27.0,33.0,2.0
80.0,2.0,1997.0,4.0,3.0,1.35,18.0,250.0,15.73,8.0,12.0,1.0,20.0,27.0,33.0,2.0
80.0,2.0,1997.0,4.0,3.0,1.35,18.0,250.0,15.73,8.0,12.0,1.0,20.0,27.0,33.0,2.0
80.0,2.0,1997.0,4.0,3.0,1.35,18.0,250.0,15.73,8.0,12.0,1.0,20.0,27.0,33.0,2.0
80.0,2.0,1997.0,4.0,3.0,1.35,18.0,250.0,15.73,6.0,12.0,1.0,21.0,27.0,33.0,2.0
80.0,2.0,1997.0,4.0,3.0,1.35,18.0,250.0,15.73,6.0,12.0,1.0,21.0,27.0,33.0,2.0
80.0,2.0,1997.0,4.0,3.0,1.35,18.0,250.0,15.73,6.0,12.0,1.0,21.0,27.0,33.0,2.0
80.0,2.0,1997.0,4.0,3.0,1.35,18.0,250.0,15.73,6.0,12.0,1.0,21.0,27.0,33.0,2.0
83.0,1.0,1997.0,4.0,3.0,1.35,10.0,165.0,10.38,6.0,12.0,1.0,25.0,27.0,33.0,4.0
98.0,1.0,1997.0,4.0,3.0,1.35,10.0,179.0,11.26,6.0,12.0,1.0,25.0,27.0,33.0,4.0
98.0,1.0,1997.0,4.0,3.0,1.35,10.0,179.0,11.26,6.0,12.0,1.0,25.0,27.0,33.0,4.0
99.0,1.0,1997.0,4.0,3.0,1.35,11.0,190.0,11.96,6.0,12.0,2.0,21.0,27.0,33.0,4.0
100.0,1.0,1997.0,4.0,3.0,1.35,10.0,178.0,11.2,6.0,12.0,1.0,19.0,27.0,33.0,4.0
100.0,1.0,1997.0,4.0,3.0,1.35,10.0,178.0,11.2,6.0,12.0,1.0,19.0,27.0,33.0,4.0
100.0,1.0,1997.0,4.0,3.0,1.35,10.0,180.0,11.33,6.0,12.0,2.0,20.0,27.0,33.0,4.0
100.0,1.0,1997.0,4.0,3.0,1.35,10.0,180.0,11.33,6.0,12.0,2.0,20.0,27.0,33.0,4.0
100.0,1.0,1997.0,4.0,3.0,1.35,10.0,178.0,11.2,6.0,12.0,1.0,19.0,27.0,33.0,4.0
100.0,1.0,1997.0,4.0,3.0,1.35,10.0,178.0,11.2,6.0,12.0,1.0,19.0,27.0,33.0,4.0
100.0,1.0,1997.0,4.0,3.0,1.35,10.0,183.0,11.52,6.0,12.0,2.0,20.0,27.0,33.0,4.0
100.0,1.0,1997.0,4.0,3.0,1.35,10.0,183.0,11.52,6.0,12.0,2.0,20.0,27.0,33.0,4.0
100.0,1.0,1997.0,4.0,3.0,1.35,10.0,178.0,11.2,6.0,12.0,1.0,19.0,27.0,33.0,4.0
100.0,1.0,1997.0,4.0,3.0,1.35,10.0,178.0,11.2,6.0,12.0,1.0,19.0,27.0,33.0,4.0
102.0,1.0,1997.0,4.0,3.0,1.35,9.0,178.0,11.2,6.0,12.0,2.0,22.0,27.0,33.0,4.0
102.0,1.0,1997.0,4.0,3.0,1.35,9.0,178.0,11.2,6.0,12.0,2.0,22.0,27.0,33.0,4.0
102.0,1.0,1997.0,4.0,3.0,1.35,9.0,180.0,11.33,6.0,12.0,2.0,25.0,27.0,33.0,4.0
104.0,1.0,1997.0,4.0,3.0,1.35,10.0,179.0,11.26,6.0,12.0,2.0,22.0,27.0,33.0,4.0
108.0,1.0,1997.0,4.0,3.0,1.35,10.0,184.0,11.58,6.0,12.0,1.0,25.0,32.0,33.0,4.0
108.0,1.0,1997.0,4.0,3.0,1.35,10.0,184.0,11.58,6.0,12.0,1.0,25.0,32.0,33.0,4.0
108.0,1.0,1997.0,4.0,3.0,1.35,10.0,184.0,11.58,6.0,12.0,1.0,25.0,32.0,33.0,4.0
110.0,1.0,1997.0,6.0,4.0,828.0,11.0,185.0,11.64,6.0,12.0,4.0,21.0,27.0,33.0,4.0
110.0,1.0,1997.0,6.0,4.0,828.0,11.0,185.0,11.64,6.0,12.0,4.0,21.0,27.0,33.0,4.0
148.0,1.0,1997.0,6.0,4.0,828.0,8.0,271.0,17.05,6.0,12.0,2.0,26.0,27.0,33.0,2.0
177.0,1.0,1997.0,4.0,3.0,966.0,11.0,208.0,13.09,6.0,17.0,2.0,19.0,32.0,37.0,4.0
61.0,2.0,1998.0,4.0,3.0,1.0,21.0,195.0,12.26,6.0,12.0,1.0,21.0,27.0,33.0,2.0
61.0,2.0,1998.0,4.0,3.0,1.0,21.0,195.0,12.26,6.0,12.0,1.0,21.0,27.0,33.0,2.0
64.0,2.0,1998.0,4.0,3.0,1.0,21.0,216.0,13.59,6.0,12.0,1.0,21.0,27.0,33.0,2.0
64.0,2.0,1998.0,4.0,3.0,1.0,21.0,216.0,13.59,6.0,12.0,1.0,21.0,27.0,33.0,2.0
66.0,2.0,1998.0,4.0,3.0,1.0,19.0,220.0,13.84,6.0,12.0,1.0,25.0,27.0,33.0,4.0
66.0,2.0,1998.0,4.0,3.0,1.0,19.0,220.0,13.84,6.0,12.0,1.0,25.0,27.0,33.0,4.0
66.0,2.0,1998.0,4.0,3.0,1.0,19.0,220.0,13.84,6.0,12.0,1.0,25.0,27.0,33.0,4.0
74.0,2.0,1998.0,4.0,3.0,1.0,19.0,220.0,13.84,6.0,12.0,1.0,25.0,27.0,33.0,4.0
74.0,2.0,1998.0,4.0,3.0,1.0,19.0,220.0,13.84,6.0,12.0,1.0,25.0,27.0,33.0,4.0
74.0,2.0,1998.0,4.0,3.0,1.0,19.0,220.0,13.84,6.0,12.0,1.0,25.0,27.0,33.0,4.0
84.0,1.0,1998.0,4.0,3.0,1125.0,10.0,168.0,10.57,6.0,12.0,1.0,21.0,27.0,33.0,2.0
84.0,1.0,1998.0,4.0,3.0,1125.0,10.0,168.0,10.57,6.0,12.0,1.0,21.0,27.0,33.0,2.0
84.0,1.0,1998.0,4.0,3.0,1125.0,10.0,168.0,10.57,6.0,12.0,1.0,21.0,27.0,33.0,2.0
84.0,1.0,1998.0,4.0,3.0,1125.0,10.0,168.0,10.57,6.0,12.0,1.0,21.0,27.0,33.0,2.0
84.0,1.0,1998.0,4.0,3.0,1125.0,10.0,168.0,10.57,6.0,12.0,1.0,21.0,27.0,33.0,2.0
84.0,1.0,1998.0,4.0,3.0,1125.0,10.0,168.0,10.57,6.0,12.0,1.0,21.0,27.0,33.0,2.0
84.0,1.0,1998.0,4.0,3.0,1125.0,10.0,168.0,10.57,6.0,12.0,1.0,21.0,27.0,33.0,2.0
84.0,1.0,1998.0,4.0,3.0,1125.0,10.0,168.0,10.57,6.0,12.0,1.0,21.0,27.0,33.0,2.0
84.0,1.0,1998.0,4.0,3.0,1125.0,10.0,168.0,10.57,6.0,12.0,1.0,21.0,27.0,33.0,2.0
84.0,1.0,1998.0,4.0,3.0,1125.0,10.0,168.0,10.57,6.0,12.0,1.0,21.0,27.0,33.0,2.0
84.0,1.0,1998.0,4.0,3.0,1125.0,10.0,168.0,10.57,6.0,12.0,1.0,21.0,27.0,33.0,2.0
85.0,1.0,1998.0,4.0,3.0,1.0,10.0,170.0,10.69,6.0,9.0,2.0,21.0,27.0,33.0,2.0
89.0,1.0,1998.0,4.0,3.0,1.0,10.0,170.0,10.69,6.0,12.0,1.0,21.0,27.0,33.0,2.0
89.0,1.0,1998.0,4.0,3.0,1.0,10.0,170.0,10.69,6.0,12.0,1.0,21.0,27.0,33.0,2.0
89.0,1.0,1998.0,4.0,3.0,1.0,10.0,170.0,10.69,6.0,12.0,1.0,21.0,27.0,33.0,2.0
93.0,1.0,1998.0,4.0,3.0,1.0,10.0,169.0,10.63,6.0,9.0,2.0,22.0,27.0,33.0,4.0
94.0,1.0,1998.0,4.0,3.0,1.0,10.0,178.0,11.2,6.0,12.0,2.0,21.0,27.0,33.0,4.0
94.0,1.0,1998.0,4.0,3.0,1.0,10.0,178.0,11.2,6.0,12.0,2.0,21.0,27.0,33.0,4.0
94.0,1.0,1998.0,4.0,3.0,1.0,10.0,178.0,11.2,6.0,12.0,2.0,21.0,27.0,33.0,4.0
94.0,1.0,1998.0,4.0,3.0,1.0,10.0,178.0,11.2,6.0,12.0,2.0,21.0,27.0,33.0,4.0
94.0,1.0,1998.0,4.0,3.0,1.0,10.0,178.0,11.2,6.0,12.0,2.0,21.0,27.0,33.0,4.0
94.0,1.0,1998.0,4.0,3.0,1.0,10.0,178.0,11.2,6.0,12.0,2.0,21.0,27.0,33.0,4.0
94.0,1.0,1998.0,4.0,3.0,1.0,10.0,178.0,11.2,6.0,12.0,2.0,21.0,27.0,33.0,4.0
94.0,1.0,1998.0,4.0,3.0,1.0,10.0,178.0,11.2,6.0,12.0,2.0,21.0,27.0,33.0,4.0
94.0,1.0,1998.0,4.0,3.0,1.0,10.0,178.0,11.2,6.0,14.0,2.0,21.0,27.0,33.0,4.0
94.0,1.0,1998.0,4.0,3.0,1.0,10.0,178.0,11.2,6.0,14.0,2.0,21.0,27.0,33.0,4.0
94.0,1.0,1998.0,4.0,3.0,1.0,10.0,178.0,11.2,6.0,14.0,2.0,21.0,27.0,33.0,4.0
94.0,1.0,1998.0,4.0,3.0,1.0,10.0,178.0,11.2,6.0,14.0,2.0,21.0,27.0,33.0,4.0
94.0,1.0,1998.0,4.0,3.0,1.0,9.0,175.0,11.01,6.0,12.0,2.0,21.0,27.0,33.0,4.0
94.0,1.0,1998.0,4.0,3.0,1.0,9.0,175.0,11.01,6.0,12.0,2.0,21.0,27.0,33.0,4.0
94.0,1.0,1998.0,4.0,3.0,1.0,9.0,175.0,11.01,6.0,12.0,2.0,21.0,27.0,33.0,4.0
94.0,1.0,1998.0,4.0,3.0,1.0,9.0,175.0,11.01,6.0,12.0,2.0,21.0,27.0,33.0,4.0
94.0,1.0,1998.0,4.0,3.0,1.0,9.0,175.0,11.01,6.0,12.0,2.0,21.0,27.0,33.0,4.0
94.0,1.0,1998.0,4.0,3.0,1.0,9.0,175.0,11.01,6.0,12.0,2.0,21.0,27.0,33.0,4.0
94.0,1.0,1998.0,4.0,3.0,875.0,10.0,179.0,11.26,6.0,11.0,2.0,21.0,28.0,33.0,4.0
95.0,1.0,1998.0,4.0,3.0,875.0,11.0,190.0,11.95,6.0,11.0,2.0,21.0,28.0,33.0,4.0
95.0,1.0,1998.0,4.0,3.0,875.0,11.0,190.0,11.95,6.0,11.0,2.0,21.0,28.0,33.0,4.0
97.0,1.0,1998.0,4.0,3.0,1.0,10.0,180.0,11.32,6.0,12.0,2.0,21.0,27.0,33.0,4.0
97.0,1.0,1998.0,4.0,3.0,1.0,10.0,180.0,11.32,6.0,12.0,2.0,21.0,27.0,33.0,4.0
97.0,1.0,1998.0,4.0,3.0,1.0,11.0,180.0,11.32,6.0,12.0,2.0,21.0,27.0,33.0,4.0
97.0,1.0,1998.0,4.0,3.0,1.0,10.0,180.0,11.32,6.0,12.0,2.0,21.0,27.0,33.0,4.0
97.0,1.0,1998.0,4.0,3.0,1.0,10.0,180.0,11.32,6.0,12.0,2.0,21.0,27.0,33.0,4.0
97.0,1.0,1998.0,4.0,3.0,1.0,10.0,180.0,11.32,6.0,12.0,2.0,21.0,27.0,33.0,4.0
97.0,1.0,1998.0,4.0,3.0,1.0,10.0,180.0,11.32,6.0,12.0,2.0,21.0,27.0,33.0,4.0
97.0,1.0,1998.0,4.0,3.0,1.0,10.0,180.0,11.32,6.0,12.0,2.0,21.0,27.0,33.0,4.0
97.0,1.0,1998.0,4.0,3.0,1.0,10.0,180.0,11.32,6.0,12.0,2.0,21.0,27.0,33.0,4.0
97.0,1.0,1998.0,4.0,3.0,1.0,11.0,180.0,11.32,6.0,12.0,2.0,21.0,27.0,33.0,4.0
97.0,1.0,1998.0,4.0,3.0,1.0,11.0,180.0,11.32,6.0,12.0,2.0,21.0,27.0,33.0,4.0
97.0,1.0,1998.0,4.0,3.0,1.0,11.0,180.0,11.32,6.0,12.0,2.0,21.0,27.0,33.0,4.0
98.0,1.0,1998.0,4.0,3.0,1.0,10.0,185.0,11.64,6.0,12.0,2.0,21.0,27.0,33.0,4.0
98.0,1.0,1998.0,4.0,3.0,1.0,10.0,185.0,11.64,6.0,12.0,2.0,21.0,27.0,33.0,4.0
98.0,1.0,1998.0,4.0,3.0,1.0,10.0,185.0,11.64,6.0,12.0,2.0,21.0,27.0,33.0,4.0
98.0,1.0,1998.0,4.0,3.0,1.0,10.0,185.0,11.64,6.0,12.0,2.0,21.0,27.0,33.0,4.0
98.0,1.0,1998.0,4.0,3.0,1.0,10.0,184.0,11.57,6.0,12.0,2.0,21.0,27.0,33.0,4.0
98.0,1.0,1998.0,4.0,3.0,1.0,10.0,184.0,11.57,6.0,12.0,2.0,21.0,27.0,33.0,4.0
98.0,1.0,1998.0,4.0,3.0,1.0,10.0,171.0,10.76,6.0,12.0,2.0,21.0,27.0,33.0,4.0
98.0,1.0,1998.0,4.0,3.0,1.0,10.0,171.0,10.76,6.0,12.0,2.0,21.0,27.0,33.0,4.0
98.0,1.0,1998.0,4.0,3.0,1.0,10.0,184.0,11.57,6.0,12.0,2.0,21.0,27.0,33.0,4.0
98.0,1.0,1998.0,4.0,3.0,1.0,10.0,184.0,11.57,6.0,12.0,2.0,21.0,27.0,33.0,4.0
98.0,1.0,1998.0,4.0,3.0,1.0,10.0,171.0,10.76,6.0,12.0,2.0,21.0,27.0,33.0,4.0
98.0,1.0,1998.0,4.0,3.0,1.0,10.0,171.0,10.76,6.0,12.0,2.0,21.0,27.0,33.0,4.0
100.0,1.0,1998.0,4.0,3.0,875.0,10.0,190.0,11.95,6.0,11.0,2.0,21.0,28.0,33.0,4.0
100.0,1.0,1998.0,4.0,3.0,875.0,10.0,190.0,11.95,6.0,11.0,2.0,21.0,28.0,33.0,4.0
100.0,1.0,1998.0,4.0,3.0,875.0,10.0,190.0,11.95,6.0,11.0,2.0,21.0,28.0,33.0,4.0
100.0,1.0,1998.0,4.0,3.0,875.0,10.0,190.0,11.95,6.0,11.0,2.0,21.0,28.0,33.0,4.0
100.0,1.0,1998.0,4.0,3.0,875.0,10.0,190.0,11.95,6.0,11.0,2.0,21.0,28.0,33.0,4.0
100.0,1.0,1998.0,4.0,3.0,875.0,10.0,190.0,11.95,6.0,11.0,2.0,21.0,28.0,33.0,4.0
100.0,1.0,1998.0,4.0,3.0,1.0,11.0,188.0,11.82,6.0,12.0,2.0,21.0,27.0,33.0,4.0
100.0,1.0,1998.0,4.0,3.0,1.0,11.0,188.0,11.82,6.0,12.0,2.0,21.0,27.0,33.0,4.0
100.0,1.0,1998.0,4.0,3.0,1.0,11.0,188.0,11.82,6.0,12.0,2.0,21.0,27.0,33.0,4.0
100.0,1.0,1998.0,4.0,3.0,1.0,11.0,188.0,11.82,6.0,12.0,2.0,21.0,27.0,33.0,4.0
100.0,1.0,1998.0,4.0,3.0,1.0,11.0,188.0,11.82,6.0,12.0,2.0,21.0,27.0,33.0,4.0
100.0,1.0,1998.0,4.0,3.0,1.0,11.0,188.0,11.82,6.0,12.0,2.0,21.0,27.0,33.0,4.0
100.0,1.0,1998.0,4.0,3.0,1.0,11.0,188.0,11.82,6.0,12.0,2.0,21.0,27.0,33.0,4.0
100.0,1.0,1998.0,4.0,3.0,1.0,11.0,188.0,11.82,6.0,12.0,2.0,21.0,27.0,33.0,4.0
100.0,1.0,1998.0,4.0,3.0,1.0,11.0,188.0,11.82,6.0,12.0,2.0,21.0,27.0,33.0,4.0
100.0,1.0,1998.0,4.0,3.0,1.0,11.0,188.0,11.82,6.0,12.0,2.0,21.0,27.0,33.0,4.0
100.0,1.0,1998.0,4.0,3.0,875.0,10.0,190.0,11.95,6.0,11.0,2.0,21.0,28.0,33.0,4.0
100.0,1.0,1998.0,4.0,3.0,875.0,10.0,190.0,11.95,6.0,11.0,2.0,21.0,28.0,33.0,4.0
100.0,1.0,1998.0,4.0,3.0,875.0,10.0,190.0,11.95,6.0,11.0,2.0,21.0,28.0,33.0,4.0
100.0,1.0,1998.0,4.0,3.0,875.0,10.0,190.0,11.95,6.0,11.0,2.0,21.0,28.0,33.0,4.0
100.0,1.0,1998.0,4.0,3.0,1.0,11.0,188.0,11.82,6.0,12.0,2.0,21.0,27.0,33.0,4.0
100.0,1.0,1998.0,4.0,3.0,1.0,11.0,188.0,11.82,6.0,12.0,2.0,21.0,27.0,33.0,4.0
102.0,1.0,1998.0,4.0,3.0,1125.0,10.0,188.0,11.82,6.0,12.0,2.0,19.0,28.0,33.0,4.0
102.0,1.0,1998.0,4.0,3.0,1125.0,10.0,188.0,11.82,6.0,12.0,2.0,19.0,28.0,33.0,4.0
103.0,1.0,1998.0,4.0,3.0,1.0,10.0,181.0,11.38,6.0,9.0,2.0,20.0,27.0,33.0,4.0
103.0,1.0,1998.0,4.0,3.0,1.0,10.0,181.0,11.38,6.0,9.0,2.0,20.0,27.0,33.0,4.0
103.0,1.0,1998.0,4.0,3.0,1125.0,10.0,188.0,11.82,6.0,12.0,2.0,19.0,28.0,33.0,4.0
103.0,1.0,1998.0,4.0,3.0,1125.0,10.0,188.0,11.82,6.0,12.0,2.0,19.0,28.0,33.0,4.0
108.0,1.0,1998.0,4.0,3.0,1.0,8.0,235.0,14.78,6.0,12.0,1.0,21.0,27.0,33.0,2.0
108.0,1.0,1998.0,4.0,3.0,1.0,8.0,235.0,14.78,6.0,12.0,1.0,21.0,27.0,33.0,2.0
108.0,1.0,1998.0,4.0,3.0,1125.0,10.0,185.0,11.64,6.0,12.0,2.0,21.0,27.0,33.0,4.0
108.0,1.0,1998.0,4.0,3.0,1125.0,10.0,185.0,11.64,6.0,12.0,2.0,21.0,27.0,33.0,4.0
108.0,1.0,1998.0,4.0,3.0,1125.0,10.0,185.0,11.64,6.0,12.0,2.0,21.0,27.0,33.0,4.0
108.0,1.0,1998.0,4.0,3.0,1125.0,10.0,185.0,11.64,6.0,12.0,2.0,21.0,27.0,33.0,4.0
108.0,1.0,1998.0,4.0,3.0,1.0,8.0,235.0,14.78,6.0,12.0,1.0,21.0,27.0,33.0,2.0
108.0,1.0,1998.0,4.0,3.0,1.0,8.0,235.0,14.78,6.0,12.0,1.0,21.0,27.0,33.0,2.0
108.0,1.0,1998.0,4.0,3.0,1.0,8.0,235.0,14.78,6.0,12.0,1.0,21.0,27.0,33.0,2.0
108.0,1.0,1998.0,4.0,3.0,1.0,8.0,235.0,14.78,6.0,12.0,1.0,21.0,27.0,33.0,2.0
108.0,1.0,1998.0,4.0,3.0,1.0,8.0,235.0,14.78,6.0,12.0,1.0,21.0,27.0,33.0,2.0
113.0,1.0,1998.0,5.0,3.0,0.923,10.0,186.0,11.7,6.0,12.0,2.0,21.0,28.0,33.0,4.0
113.0,1.0,1998.0,5.0,3.0,0.923,11.0,186.0,11.7,6.0,12.0,2.0,21.0,28.0,33.0,4.0
113.0,1.0,1998.0,5.0,3.0,0.923,11.0,186.0,11.7,6.0,12.0,2.0,21.0,28.0,33.0,4.0
113.0,1.0,1998.0,5.0,3.0,0.923,11.0,186.0,11.7,6.0,12.0,2.0,21.0,28.0,33.0,4.0
113.0,1.0,1998.0,5.0,3.0,0.923,11.0,186.0,11.7,6.0,12.0,2.0,21.0,28.0,33.0,4.0
113.0,1.0,1998.0,5.0,3.0,0.923,11.0,186.0,11.7,6.0,12.0,2.0,21.0,28.0,33.0,4.0
113.0,1.0,1998.0,5.0,3.0,0.923,11.0,186.0,11.7,6.0,12.0,2.0,21.0,28.0,33.0,4.0
113.0,1.0,1998.0,5.0,3.0,0.923,11.0,186.0,11.7,6.0,12.0,2.0,21.0,28.0,33.0,4.0
114.0,1.0,1998.0,5.0,3.0,0.923,10.0,186.0,11.7,6.0,12.0,2.0,21.0,28.0,33.0,4.0
114.0,1.0,1998.0,5.0,3.0,0.923,10.0,186.0,11.7,6.0,12.0,2.0,21.0,28.0,33.0,4.0
114.0,1.0,1998.0,5.0,3.0,0.923,10.0,186.0,11.7,6.0,12.0,2.0,21.0,28.0,33.0,4.0
120.0,1.0,1998.0,4.0,3.0,875.0,10.0,230.0,14.47,6.0,11.0,2.0,21.0,28.0,33.0,4.0
120.0,1.0,1998.0,4.0,3.0,875.0,10.0,230.0,14.47,6.0,11.0,2.0,21.0,28.0,33.0,4.0
120.0,1.0,1998.0,4.0,3.0,875.0,10.0,230.0,14.47,6.0,11.0,2.0,21.0,28.0,33.0,4.0
120.0,1.0,1998.0,4.0,3.0,875.0,10.0,230.0,14.47,6.0,11.0,2.0,21.0,28.0,33.0,4.0
120.0,1.0,1998.0,4.0,3.0,1.0,11.0,193.0,12.14,6.0,12.0,2.0,21.0,27.0,33.0,4.0
120.0,1.0,1998.0,4.0,3.0,1.0,10.0,193.0,12.14,6.0,12.0,2.0,21.0,27.0,33.0,4.0
147.0,1.0,1998.0,4.0,3.0,1.0,9.0,265.0,16.67,6.0,9.0,2.0,22.0,28.0,33.0,4.0
147.0,1.0,1998.0,4.0,3.0,1.0,9.0,265.0,16.67,6.0,9.0,2.0,22.0,28.0,33.0,4.0
162.0,1.0,1998.0,5.0,3.0,0.923,9.0,310.0,19.5,6.0,12.0,2.0,21.0,28.0,33.0,4.0
162.0,1.0,1998.0,5.0,3.0,0.923,9.0,310.0,19.5,6.0,12.0,2.0,21.0,28.0,33.0,4.0
162.0,1.0,1998.0,5.0,3.0,0.923,9.0,309.0,19.43,6.0,12.0,2.0,21.0,28.0,33.0,4.0
162.0,1.0,1998.0,5.0,3.0,0.923,9.0,309.0,19.43,6.0,12.0,2.0,21.0,28.0,33.0,4.0
162.0,1.0,1998.0,5.0,3.0,0.923,9.0,309.0,19.43,6.0,12.0,2.0,21.0,28.0,33.0,4.0
80.0,2.0,2088.0,4.0,3.0,1.82,22.0,250.0,15.05,6.0,12.0,1.0,22.0,27.0,33.0,3.0
80.0,2.0,2088.0,4.0,3.0,1.82,22.0,250.0,15.05,6.0,12.0,1.0,22.0,27.0,33.0,3.0
80.0,2.0,2088.0,4.0,3.0,1.82,22.0,250.0,15.05,6.0,12.0,1.0,22.0,27.0,33.0,3.0
80.0,2.0,2088.0,4.0,3.0,1.82,22.0,250.0,15.05,8.0,12.0,1.0,22.0,27.0,33.0,3.0
80.0,2.0,2088.0,4.0,3.0,1.82,22.0,250.0,15.05,8.0,12.0,1.0,22.0,27.0,33.0,3.0
80.0,2.0,2088.0,4.0,3.0,1.82,22.0,250.0,15.05,8.0,12.0,1.0,22.0,27.0,33.0,3.0
80.0,2.0,2088.0,4.0,3.0,1.82,22.0,250.0,15.05,8.0,12.0,1.0,22.0,27.0,33.0,3.0
85.0,2.0,2148.0,4.0,3.0,1.3,18.0,250.0,14.63,6.0,10.0,2.0,21.0,27.0,33.0,4.0
85.0,2.0,2148.0,4.0,3.0,1.3,18.0,250.0,14.63,6.0,10.0,2.0,21.0,27.0,33.0,4.0
105.0,2.0,2148.0,4.0,3.0,1.3,18.0,315.0,18.43,6.0,10.0,2.0,21.0,27.0,33.0,4.0
105.0,2.0,2148.0,4.0,3.0,1.3,18.0,315.0,18.43,6.0,10.0,2.0,21.0,27.0,33.0,4.0
75.0,2.0,2151.0,4.0,3.0,1.5,19.0,235.0,13.73,6.0,10.0,2.0,21.0,27.0,33.0,4.0
75.0,2.0,2151.0,4.0,3.0,1.5,19.0,235.0,13.73,6.0,10.0,2.0,21.0,27.0,33.0,4.0
75.0,2.0,2151.0,4.0,3.0,1.5,19.0,250.0,14.61,6.0,10.0,2.0,21.0,27.0,33.0,4.0
75.0,2.0,2151.0,4.0,3.0,1.5,19.0,250.0,14.61,6.0,10.0,2.0,21.0,27.0,33.0,4.0
85.0,2.0,2151.0,4.0,3.0,1.5,18.0,250.0,14.61,6.0,10.0,2.0,21.0,27.0,33.0,4.0
90.0,2.0,2151.0,4.0,3.0,1.5,19.0,300.0,17.53,6.0,10.0,2.0,21.0,27.0,33.0,4.0
90.0,2.0,2151.0,4.0,3.0,1.5,19.0,300.0,17.53,6.0,10.0,2.0,21.0,27.0,33.0,4.0
92.0,2.0,2151.0,4.0,3.0,1.5,19.0,300.0,17.53,6.0,10.0,2.0,21.0,27.0,33.0,4.0
92.0,2.0,2151.0,4.0,3.0,1.5,19.0,300.0,17.53,6.0,10.0,2.0,21.0,27.0,33.0,4.0
105.0,2.0,2151.0,4.0,3.0,1.5,18.0,315.0,18.4,6.0,10.0,2.0,21.0,27.0,33.0,4.0
105.0,2.0,2151.0,4.0,3.0,1.5,18.0,315.0,18.4,6.0,10.0,2.0,21.0,27.0,33.0,4.0
105.0,2.0,2151.0,4.0,3.0,1.5,18.0,315.0,18.4,6.0,10.0,2.0,21.0,27.0,33.0,4.0
105.0,2.0,2151.0,4.0,3.0,1.5,18.0,315.0,18.4,6.0,10.0,2.0,21.0,27.0,33.0,4.0
136.0,1.0,2157.0,4.0,3.0,1.43,10.0,206.0,12.0,6.0,12.0,2.0,22.0,32.0,37.0,4.0
156.0,1.0,2157.0,4.0,3.0,1.43,11.0,215.0,12.53,6.0,12.0,2.0,19.0,32.0,37.0,4.0
85.0,2.0,2172.0,4.0,3.0,1167.0,20.0,260.0,15.04,6.0,9.0,1.0,21.0,27.0,33.0,4.0
85.0,2.0,2172.0,4.0,3.0,1167.0,20.0,260.0,15.04,6.0,9.0,1.0,24.0,27.0,33.0,4.0
85.0,2.0,2172.0,4.0,3.0,1167.0,19.0,260.0,15.04,6.0,9.0,1.0,21.0,27.0,33.0,4.0
85.0,2.0,2172.0,4.0,3.0,1167.0,19.0,260.0,15.04,6.0,9.0,1.0,21.0,27.0,33.0,4.0
85.0,2.0,2172.0,4.0,3.0,1167.0,19.0,260.0,15.04,6.0,9.0,1.0,21.0,27.0,33.0,4.0
85.0,2.0,2172.0,4.0,3.0,1167.0,19.0,260.0,15.04,6.0,9.0,1.0,21.0,27.0,33.0,4.0
197.0,1.0,2174.0,4.0,3.0,0.8,8.0,354.0,20.46,6.0,12.0,2.0,21.0,0.0,0.0,4.0
224.0,1.0,2174.0,4.0,3.0,0.8,8.0,377.0,21.79,6.0,12.0,2.0,21.0,0.0,0.0,4.0
225.0,1.0,2174.0,4.0,3.0,0.8,8.0,389.0,22.49,6.0,12.0,2.0,21.0,0.0,0.0,4.0
66.0,2.0,2184.0,4.0,3.0,1.93,23.0,205.0,11.8,6.0,12.0,1.0,21.0,27.0,33.0,2.0
66.0,2.0,2184.0,4.0,3.0,1.93,23.0,205.0,11.8,6.0,12.0,1.0,21.0,27.0,33.0,2.0
81.0,2.0,2184.0,4.0,3.0,1.93,18.0,230.0,13.23,6.0,9.0,2.0,21.0,27.0,33.0,4.0
83.0,2.0,2188.0,4.0,3.0,1.58,22.0,234.0,13.44,6.0,12.0,1.0,25.0,27.0,33.0,3.0
83.0,2.0,2188.0,4.0,3.0,1.58,22.0,250.0,14.36,6.0,12.0,1.0,25.0,27.0,33.0,3.0
83.0,2.0,2188.0,4.0,3.0,1.58,22.0,250.0,14.36,6.0,12.0,1.0,25.0,27.0,33.0,3.0
83.0,2.0,2188.0,4.0,3.0,1.58,22.0,250.0,14.36,6.0,12.0,1.0,25.0,27.0,33.0,3.0
100.0,1.0,2198.0,4.0,3.0,1.1,10.0,202.0,11.55,6.0,12.0,2.0,21.0,27.0,33.0,4.0
106.0,1.0,2198.0,4.0,3.0,1.1,11.0,205.0,11.72,6.0,12.0,2.0,21.0,27.0,33.0,4.0
106.0,1.0,2198.0,4.0,3.0,1.1,11.0,205.0,11.72,6.0,12.0,2.0,21.0,27.0,33.0,4.0
106.0,1.0,2198.0,4.0,3.0,1.1,11.0,205.0,11.72,6.0,12.0,2.0,21.0,27.0,33.0,4.0
106.0,1.0,2198.0,4.0,3.0,1.1,11.0,205.0,11.72,6.0,12.0,2.0,21.0,27.0,33.0,4.0
110.0,1.0,2254.0,4.0,3.0,1128.0,9.0,200.0,11.15,6.0,12.0,1.0,19.0,32.0,37.0,4.0
110.0,1.0,2254.0,4.0,3.0,1128.0,9.0,200.0,11.15,6.0,12.0,1.0,19.0,32.0,37.0,4.0
125.0,1.0,2290.0,4.0,3.0,1.0,9.0,280.0,15.37,6.0,9.0,2.0,21.0,27.0,33.0,4.0
125.0,1.0,2290.0,4.0,3.0,1.0,9.0,280.0,15.37,6.0,9.0,2.0,21.0,27.0,33.0,4.0
125.0,1.0,2290.0,4.0,3.0,1.0,9.0,280.0,15.37,6.0,9.0,2.0,21.0,27.0,33.0,4.0
125.0,1.0,2290.0,4.0,3.0,1.0,9.0,280.0,15.37,6.0,9.0,2.0,21.0,27.0,33.0,4.0
165.0,1.0,2290.0,4.0,3.0,1.0,9.0,342.0,18.77,6.0,9.0,2.0,21.0,27.0,33.0,4.0
165.0,1.0,2290.0,4.0,3.0,1.0,9.0,342.0,18.77,6.0,9.0,2.0,21.0,27.0,33.0,4.0
103.0,1.0,2295.0,4.0,3.0,973.0,10.0,204.0,11.17,6.0,11.0,2.0,21.0,28.0,33.0,4.0
103.0,1.0,2295.0,4.0,3.0,973.0,10.0,204.0,11.17,6.0,11.0,2.0,21.0,28.0,33.0,4.0
105.0,1.0,2295.0,4.0,3.0,973.0,10.0,215.0,11.77,6.0,11.0,2.0,21.0,28.0,33.0,4.0
105.0,1.0,2295.0,4.0,3.0,973.0,10.0,209.0,11.44,6.0,11.0,2.0,21.0,28.0,33.0,4.0
105.0,1.0,2295.0,4.0,3.0,973.0,10.0,209.0,11.44,6.0,11.0,2.0,21.0,28.0,33.0,4.0
105.0,1.0,2295.0,4.0,3.0,973.0,10.0,209.0,11.44,6.0,11.0,2.0,21.0,28.0,33.0,4.0
107.0,1.0,2295.0,4.0,3.0,1.16,10.0,203.0,11.12,6.0,9.0,2.0,21.0,27.0,33.0,4.0
107.0,1.0,2295.0,4.0,3.0,1.16,10.0,203.0,11.12,6.0,9.0,2.0,21.0,27.0,33.0,4.0
142.0,1.0,2295.0,4.0,3.0,973.0,9.0,280.0,15.33,6.0,11.0,2.0,21.0,28.0,33.0,4.0
142.0,1.0,2295.0,4.0,3.0,973.0,9.0,280.0,15.33,6.0,11.0,2.0,21.0,28.0,33.0,4.0
142.0,1.0,2295.0,4.0,3.0,973.0,9.0,280.0,15.33,6.0,11.0,2.0,21.0,28.0,33.0,4.0
142.0,1.0,2295.0,4.0,3.0,973.0,9.0,280.0,15.33,6.0,11.0,2.0,21.0,28.0,33.0,4.0
142.0,1.0,2295.0,4.0,3.0,973.0,9.0,280.0,15.33,6.0,11.0,2.0,21.0,28.0,33.0,4.0
142.0,1.0,2295.0,4.0,3.0,973.0,9.0,280.0,15.33,6.0,11.0,2.0,21.0,28.0,33.0,4.0
145.0,1.0,2295.0,4.0,3.0,973.0,9.0,280.0,15.33,6.0,11.0,2.0,21.0,28.0,33.0,4.0
145.0,1.0,2295.0,4.0,3.0,973.0,9.0,280.0,15.33,6.0,11.0,2.0,21.0,28.0,33.0,4.0
74.0,2.0,2299.0,4.0,3.0,1.38,22.0,213.0,11.64,6.0,11.0,1.0,21.0,27.0,33.0,2.0
176.0,1.0,2319.0,5.0,3.0,1111.0,9.0,330.0,17.88,6.0,12.0,2.0,21.0,27.0,33.0,4.0
176.0,1.0,2319.0,5.0,3.0,1111.0,9.0,330.0,17.88,6.0,12.0,2.0,21.0,27.0,33.0,4.0
176.0,1.0,2319.0,5.0,3.0,1111.0,9.0,330.0,17.88,6.0,12.0,2.0,21.0,27.0,33.0,4.0
176.0,1.0,2319.0,5.0,3.0,1111.0,9.0,330.0,17.88,6.0,12.0,2.0,21.0,27.0,33.0,4.0
176.0,1.0,2319.0,5.0,3.0,1111.0,9.0,330.0,17.88,6.0,12.0,2.0,21.0,0.0,0.0,4.0
176.0,1.0,2319.0,5.0,3.0,1111.0,9.0,330.0,17.88,6.0,12.0,2.0,21.0,0.0,0.0,4.0
184.0,1.0,2319.0,5.0,3.0,1111.0,9.0,330.0,17.88,6.0,12.0,2.0,21.0,0.0,0.0,4.0
110.0,1.0,2324.0,5.0,4.0,1114.0,10.0,205.0,11.08,6.0,9.0,2.0,21.0,27.0,33.0,2.0
110.0,1.0,2324.0,5.0,4.0,1114.0,10.0,205.0,11.08,6.0,9.0,2.0,21.0,27.0,33.0,2.0
110.0,1.0,2324.0,5.0,4.0,1114.0,10.0,205.0,11.08,6.0,9.0,2.0,21.0,27.0,33.0,2.0
110.0,1.0,2324.0,5.0,4.0,1114.0,10.0,205.0,11.08,6.0,9.0,2.0,21.0,27.0,33.0,2.0
110.0,1.0,2324.0,5.0,4.0,1114.0,10.0,205.0,11.08,6.0,9.0,2.0,21.0,27.0,33.0,2.0
110.0,1.0,2324.0,5.0,4.0,1114.0,10.0,205.0,11.08,6.0,9.0,2.0,21.0,27.0,33.0,2.0
110.0,1.0,2324.0,5.0,4.0,1114.0,10.0,205.0,11.08,6.0,9.0,2.0,21.0,27.0,33.0,2.0
110.0,1.0,2324.0,5.0,4.0,1114.0,10.0,205.0,11.08,6.0,9.0,2.0,21.0,27.0,33.0,2.0
110.0,1.0,2324.0,5.0,4.0,1114.0,10.0,205.0,11.08,6.0,9.0,2.0,21.0,27.0,33.0,2.0
110.0,1.0,2324.0,5.0,4.0,1114.0,10.0,205.0,11.08,6.0,9.0,2.0,21.0,27.0,33.0,2.0
110.0,1.0,2324.0,5.0,4.0,1114.0,10.0,205.0,11.08,6.0,9.0,2.0,21.0,27.0,33.0,2.0
82.0,1.0,2351.0,4.0,3.0,1156.0,9.0,180.0,9.62,6.0,12.0,1.0,0.0,27.0,33.0,2.0
82.0,1.0,2351.0,4.0,3.0,1156.0,9.0,180.0,9.62,6.0,12.0,1.0,0.0,27.0,33.0,2.0
82.0,1.0,2351.0,4.0,3.0,1156.0,9.0,180.0,9.62,6.0,12.0,1.0,0.0,27.0,33.0,2.0
82.0,1.0,2351.0,4.0,3.0,1156.0,9.0,180.0,9.62,6.0,12.0,1.0,0.0,27.0,33.0,2.0
110.0,1.0,2351.0,4.0,3.0,1156.0,12.0,225.0,12.03,6.0,12.0,2.0,20.0,27.0,33.0,4.0
110.0,1.0,2351.0,4.0,3.0,1156.0,12.0,225.0,12.03,6.0,12.0,2.0,20.0,27.0,33.0,4.0
110.0,1.0,2351.0,4.0,3.0,1156.0,12.0,225.0,12.03,6.0,12.0,2.0,20.0,27.0,33.0,4.0
110.0,1.0,2351.0,4.0,3.0,1156.0,12.0,225.0,12.03,6.0,12.0,2.0,20.0,27.0,33.0,4.0
110.0,1.0,2351.0,4.0,3.0,1156.0,12.0,225.0,12.03,6.0,12.0,2.0,20.0,27.0,33.0,4.0
110.0,1.0,2351.0,4.0,3.0,1156.0,12.0,225.0,12.03,6.0,12.0,2.0,20.0,27.0,33.0,4.0
110.0,1.0,2351.0,4.0,3.0,1156.0,12.0,225.0,12.03,6.0,12.0,2.0,20.0,27.0,33.0,4.0
110.0,1.0,2351.0,4.0,3.0,1156.0,12.0,225.0,12.03,6.0,12.0,2.0,20.0,27.0,33.0,4.0
115.0,1.0,2362.0,4.0,3.0,1.85,10.0,225.0,11.97,6.0,14.0,2.0,21.0,29.0,33.0,4.0
115.0,1.0,2362.0,4.0,3.0,1.85,10.0,225.0,11.97,6.0,14.0,2.0,21.0,29.0,33.0,4.0
115.0,1.0,2362.0,4.0,3.0,1.85,10.0,225.0,11.97,6.0,14.0,2.0,21.0,29.0,33.0,4.0
115.0,1.0,2362.0,4.0,3.0,1.85,10.0,225.0,11.97,6.0,14.0,2.0,21.0,29.0,33.0,4.0
115.0,1.0,2362.0,4.0,3.0,1.85,10.0,225.0,11.97,6.0,14.0,2.0,21.0,29.0,33.0,4.0
115.0,1.0,2362.0,4.0,3.0,1.85,10.0,225.0,11.97,6.0,14.0,2.0,21.0,29.0,33.0,4.0
55.0,2.0,2370.0,5.0,3.0,1.21,23.0,160.0,8.48,6.0,12.0,1.0,21.0,27.0,33.0,2.0
55.0,2.0,2370.0,5.0,3.0,1.21,23.0,160.0,8.48,6.0,12.0,1.0,21.0,27.0,33.0,2.0
99.0,2.0,2387.0,5.0,3.0,1.12,18.0,304.0,16.0,6.0,12.0,1.0,21.0,27.0,33.0,2.0
99.0,2.0,2387.0,5.0,3.0,1.12,18.0,304.0,16.0,6.0,12.0,1.0,21.0,27.0,33.0,2.0
100.0,2.0,2387.0,5.0,3.0,1.12,18.0,304.0,16.0,6.0,12.0,1.0,21.0,27.0,33.0,2.0
100.0,2.0,2387.0,5.0,3.0,1.12,18.0,304.0,16.0,6.0,12.0,1.0,21.0,27.0,33.0,2.0
100.0,2.0,2387.0,5.0,3.0,1.12,18.0,304.0,16.0,6.0,12.0,1.0,21.0,27.0,33.0,2.0
100.0,2.0,2387.0,5.0,3.0,1.12,18.0,304.0,16.0,6.0,12.0,1.0,21.0,27.0,33.0,2.0
100.0,2.0,2387.0,5.0,3.0,1.12,18.0,304.0,16.0,6.0,12.0,1.0,21.0,27.0,33.0,2.0
100.0,2.0,2387.0,5.0,3.0,1.12,18.0,304.0,16.0,6.0,12.0,1.0,21.0,27.0,33.0,2.0
100.0,2.0,2387.0,5.0,3.0,1.12,18.0,304.0,16.0,6.0,12.0,1.0,21.0,27.0,33.0,2.0
85.0,1.0,2389.0,4.0,3.0,1.79,9.0,191.0,10.05,6.0,15.0,1.0,25.0,27.0,33.0,3.0
104.0,1.0,2392.0,4.0,3.0,1.44,10.0,199.0,10.45,6.0,15.0,2.0,21.0,27.0,33.0,4.0
121.0,1.0,2393.0,6.0,4.0,956.0,11.0,230.0,12.08,6.0,13.0,4.0,21.0,28.0,33.0,5.0
121.0,1.0,2393.0,6.0,4.0,956.0,11.0,230.0,12.08,6.0,13.0,4.0,21.0,28.0,33.0,5.0
121.0,1.0,2393.0,6.0,4.0,956.0,11.0,230.0,12.08,6.0,13.0,4.0,21.0,28.0,33.0,5.0
121.0,1.0,2393.0,6.0,4.0,956.0,11.0,230.0,12.08,6.0,13.0,4.0,21.0,28.0,33.0,5.0
121.0,1.0,2393.0,6.0,4.0,956.0,11.0,230.0,12.08,6.0,13.0,4.0,21.0,28.0,33.0,5.0
121.0,1.0,2393.0,6.0,4.0,956.0,11.0,230.0,12.08,6.0,13.0,4.0,21.0,28.0,33.0,5.0
121.0,1.0,2393.0,6.0,4.0,956.0,11.0,230.0,12.08,6.0,13.0,4.0,21.0,28.0,33.0,5.0
121.0,1.0,2393.0,6.0,4.0,956.0,11.0,230.0,12.08,6.0,13.0,4.0,21.0,28.0,33.0,5.0
121.0,1.0,2393.0,6.0,4.0,956.0,11.0,230.0,12.08,6.0,13.0,4.0,21.0,28.0,33.0,5.0
121.0,1.0,2393.0,6.0,4.0,956.0,11.0,230.0,12.08,6.0,13.0,4.0,21.0,28.0,33.0,5.0
121.0,1.0,2393.0,6.0,4.0,956.0,11.0,230.0,12.08,6.0,13.0,4.0,21.0,28.0,33.0,5.0
125.0,1.0,2398.0,6.0,4.0,883.0,10.0,225.0,11.79,6.0,11.0,2.0,19.0,27.0,33.0,3.0
125.0,1.0,2398.0,6.0,4.0,883.0,10.0,225.0,11.79,6.0,11.0,2.0,19.0,27.0,33.0,3.0
125.0,1.0,2398.0,6.0,4.0,883.0,10.0,225.0,11.79,6.0,11.0,2.0,19.0,27.0,33.0,3.0
125.0,1.0,2398.0,6.0,4.0,883.0,10.0,225.0,11.79,6.0,11.0,2.0,19.0,27.0,33.0,3.0
125.0,1.0,2398.0,6.0,4.0,883.0,10.0,225.0,11.79,6.0,11.0,2.0,19.0,27.0,33.0,3.0
110.0,1.0,2429.0,4.0,3.0,1.154,9.0,229.0,11.85,6.0,12.0,2.0,20.0,27.0,33.0,4.0
110.0,1.0,2429.0,4.0,3.0,1.154,9.0,229.0,11.85,6.0,12.0,2.0,20.0,27.0,33.0,4.0
110.0,1.0,2429.0,4.0,3.0,1.154,9.0,229.0,11.85,6.0,12.0,2.0,20.0,27.0,33.0,4.0
103.0,1.0,2435.0,5.0,3.0,1.84,10.0,220.0,11.35,6.0,12.0,2.0,21.0,27.0,33.0,4.0
103.0,1.0,2435.0,5.0,3.0,1.84,10.0,220.0,11.35,6.0,12.0,2.0,21.0,27.0,33.0,4.0
121.0,1.0,2435.0,5.0,3.0,1.84,11.0,211.0,10.89,6.0,12.0,2.0,21.0,27.0,33.0,4.0
125.0,1.0,2435.0,5.0,3.0,1.84,10.0,230.0,11.87,6.0,12.0,2.0,21.0,27.0,33.0,4.0
125.0,1.0,2435.0,5.0,3.0,1.84,10.0,230.0,11.87,6.0,12.0,2.0,21.0,27.0,33.0,4.0
125.0,1.0,2435.0,5.0,3.0,1.84,10.0,230.0,11.87,6.0,12.0,2.0,21.0,27.0,33.0,4.0
125.0,1.0,2435.0,5.0,3.0,1.84,10.0,230.0,11.87,6.0,12.0,2.0,21.0,27.0,33.0,4.0
142.0,1.0,2435.0,5.0,3.0,1.84,9.0,270.0,13.93,6.0,12.0,2.0,21.0,27.0,33.0,4.0
142.0,1.0,2435.0,5.0,3.0,1.84,9.0,270.0,13.93,6.0,12.0,2.0,21.0,27.0,33.0,4.0
142.0,1.0,2435.0,5.0,3.0,1.84,9.0,270.0,13.93,6.0,12.0,2.0,21.0,27.0,33.0,4.0
142.0,1.0,2435.0,5.0,3.0,1.84,9.0,270.0,13.93,6.0,12.0,2.0,21.0,27.0,33.0,4.0
142.0,1.0,2435.0,5.0,3.0,1.84,9.0,270.0,13.93,6.0,12.0,2.0,21.0,27.0,33.0,4.0
142.0,1.0,2435.0,5.0,3.0,1.84,9.0,270.0,13.93,6.0,12.0,2.0,21.0,27.0,33.0,4.0
147.0,1.0,2435.0,5.0,3.0,1.84,9.0,285.0,14.71,6.0,12.0,2.0,21.0,0.0,0.0,4.0
147.0,1.0,2435.0,5.0,3.0,1.84,9.0,285.0,14.71,6.0,12.0,2.0,21.0,0.0,0.0,4.0
147.0,1.0,2435.0,5.0,3.0,1.84,9.0,285.0,14.71,6.0,12.0,2.0,21.0,0.0,0.0,4.0
95.0,2.0,2446.0,4.0,3.0,1.0,22.0,285.0,14.64,6.0,12.0,1.0,22.0,27.0,33.0,3.0
95.0,2.0,2446.0,4.0,3.0,1.0,22.0,285.0,14.64,6.0,12.0,1.0,22.0,27.0,33.0,3.0
129.0,1.0,2446.0,5.0,3.0,1.89,10.0,230.0,11.82,6.0,12.0,2.0,21.0,28.0,33.0,4.0
129.0,1.0,2446.0,5.0,3.0,1.89,10.0,230.0,11.82,6.0,12.0,2.0,21.0,28.0,33.0,4.0
129.0,1.0,2446.0,5.0,3.0,1.89,10.0,230.0,11.82,6.0,12.0,2.0,21.0,28.0,33.0,4.0
129.0,1.0,2446.0,5.0,3.0,1.89,10.0,230.0,11.82,6.0,12.0,2.0,21.0,28.0,33.0,4.0
115.0,1.0,2457.0,4.0,5.0,794.0,10.0,223.0,11.41,6.0,14.0,4.0,21.0,27.0,33.0,4.0
115.0,1.0,2457.0,4.0,5.0,794.0,10.0,223.0,11.41,6.0,14.0,4.0,21.0,27.0,33.0,4.0
115.0,1.0,2457.0,4.0,5.0,794.0,10.0,223.0,11.41,6.0,14.0,4.0,21.0,27.0,33.0,4.0
115.0,1.0,2457.0,4.0,5.0,794.0,10.0,223.0,11.41,6.0,14.0,4.0,21.0,27.0,33.0,4.0
115.0,1.0,2457.0,4.0,5.0,794.0,10.0,223.0,11.41,6.0,14.0,4.0,21.0,27.0,33.0,4.0
115.0,1.0,2457.0,4.0,5.0,794.0,10.0,223.0,11.41,6.0,14.0,4.0,21.0,27.0,33.0,4.0
65.0,2.0,2461.0,5.0,3.0,1179.0,21.0,195.0,9.96,6.0,12.0,1.0,21.0,27.0,33.0,2.0
65.0,2.0,2461.0,5.0,3.0,1179.0,21.0,195.0,9.96,6.0,12.0,1.0,21.0,27.0,33.0,2.0
75.0,2.0,2461.0,5.0,3.0,1179.0,21.0,250.0,12.77,6.0,12.0,1.0,21.0,27.0,33.0,2.0
75.0,2.0,2461.0,5.0,3.0,1179.0,21.0,250.0,12.77,6.0,12.0,1.0,21.0,27.0,33.0,2.0
75.0,2.0,2461.0,5.0,3.0,1179.0,21.0,250.0,12.77,6.0,12.0,1.0,21.0,27.0,33.0,2.0
75.0,2.0,2461.0,5.0,3.0,1179.0,21.0,250.0,12.77,6.0,12.0,1.0,21.0,27.0,33.0,2.0
75.0,2.0,2461.0,5.0,3.0,1179.0,21.0,250.0,12.77,6.0,12.0,1.0,21.0,27.0,33.0,2.0
75.0,2.0,2461.0,5.0,3.0,1179.0,21.0,250.0,12.77,6.0,12.0,1.0,21.0,27.0,33.0,2.0
85.0,1.0,2461.0,5.0,3.0,1179.0,10.0,200.0,10.21,6.0,12.0,1.0,21.0,27.0,33.0,2.0
85.0,1.0,2461.0,5.0,3.0,1179.0,10.0,200.0,10.21,6.0,12.0,1.0,21.0,27.0,33.0,2.0
85.0,1.0,2461.0,5.0,3.0,1179.0,10.0,200.0,10.21,6.0,12.0,1.0,21.0,27.0,33.0,2.0
85.0,1.0,2461.0,5.0,3.0,1179.0,10.0,200.0,10.21,6.0,12.0,1.0,21.0,27.0,33.0,2.0
85.0,1.0,2461.0,5.0,3.0,1179.0,10.0,200.0,10.21,6.0,12.0,1.0,21.0,27.0,33.0,2.0
103.0,2.0,2461.0,5.0,3.0,1179.0,21.0,290.0,14.81,6.0,12.0,1.0,21.0,27.0,33.0,2.0
103.0,2.0,2461.0,5.0,3.0,1179.0,21.0,290.0,14.81,6.0,12.0,1.0,21.0,27.0,33.0,2.0
87.0,1.0,2463.0,4.0,3.0,823.0,9.0,186.0,9.49,7.0,15.0,1.0,23.0,27.0,33.0,2.0
59.0,2.0,2477.0,4.0,3.0,1.43,21.0,210.0,10.65,6.0,12.0,1.0,0.0,27.0,33.0,2.0
59.0,2.0,2477.0,4.0,3.0,1.43,21.0,210.0,10.65,6.0,12.0,1.0,0.0,27.0,33.0,2.0
59.0,2.0,2477.0,4.0,3.0,1.43,21.0,210.0,10.65,6.0,12.0,1.0,0.0,27.0,33.0,2.0
73.0,2.0,2477.0,4.0,3.0,1.43,21.0,252.0,12.78,6.0,12.0,1.0,25.0,27.0,33.0,2.0
73.0,2.0,2477.0,4.0,3.0,1.43,21.0,252.0,12.78,6.0,12.0,1.0,25.0,27.0,33.0,2.0
73.0,2.0,2477.0,4.0,3.0,1.43,21.0,252.0,12.78,6.0,12.0,1.0,25.0,27.0,33.0,2.0
73.0,2.0,2477.0,4.0,3.0,1.43,21.0,252.0,12.78,6.0,12.0,1.0,25.0,27.0,33.0,2.0
140.0,1.0,2492.0,6.0,4.0,0.776,10.0,222.0,11.19,6.0,12.0,4.0,21.0,27.0,33.0,4.0
140.0,1.0,2492.0,6.0,4.0,0.776,10.0,222.0,11.19,6.0,12.0,4.0,21.0,27.0,33.0,4.0
140.0,1.0,2492.0,6.0,4.0,0.776,10.0,222.0,11.19,6.0,12.0,4.0,21.0,27.0,33.0,4.0
140.0,1.0,2492.0,6.0,4.0,0.776,10.0,222.0,11.19,6.0,12.0,4.0,21.0,27.0,33.0,4.0
106.0,1.0,2494.0,6.0,4.0,893.0,10.0,208.0,10.48,6.0,11.0,4.0,21.0,27.0,33.0,4.0
106.0,1.0,2494.0,6.0,4.0,893.0,10.0,208.0,10.48,6.0,11.0,4.0,21.0,27.0,33.0,4.0
118.0,1.0,2494.0,6.0,4.0,893.0,10.0,230.0,11.59,6.0,12.0,4.0,20.0,27.0,33.0,4.0
125.0,1.0,2494.0,6.0,3.0,893.0,11.0,245.0,12.34,6.0,9.0,2.0,21.0,28.0,33.0,4.0
125.0,1.0,2494.0,6.0,3.0,893.0,11.0,245.0,12.34,6.0,9.0,2.0,21.0,28.0,33.0,4.0
125.0,1.0,2494.0,6.0,3.0,893.0,11.0,245.0,12.34,6.0,9.0,2.0,21.0,29.0,35.0,4.0
125.0,1.0,2494.0,6.0,3.0,893.0,11.0,245.0,12.34,6.0,9.0,2.0,21.0,29.0,35.0,4.0
125.0,1.0,2494.0,6.0,3.0,893.0,11.0,245.0,12.34,6.0,9.0,2.0,21.0,29.0,35.0,4.0
125.0,1.0,2494.0,6.0,3.0,893.0,11.0,245.0,12.34,6.0,9.0,2.0,21.0,29.0,35.0,4.0
125.0,1.0,2494.0,6.0,3.0,893.0,11.0,245.0,12.34,6.0,9.0,2.0,21.0,28.0,34.0,4.0
125.0,1.0,2494.0,6.0,3.0,893.0,11.0,245.0,12.34,6.0,9.0,2.0,21.0,28.0,34.0,4.0
125.0,1.0,2494.0,6.0,3.0,893.0,11.0,245.0,12.34,6.0,9.0,2.0,21.0,28.0,34.0,4.0
125.0,1.0,2494.0,6.0,3.0,893.0,11.0,245.0,12.34,6.0,9.0,2.0,21.0,28.0,34.0,4.0
125.0,1.0,2495.0,6.0,4.0,0.974,10.0,220.0,11.08,6.0,15.0,4.0,20.0,27.0,33.0,4.0
151.0,1.0,2495.0,6.0,4.0,0.974,10.0,235.0,11.84,6.0,15.0,4.0,20.0,27.0,33.0,4.0
101.0,2.0,2496.0,5.0,3.0,1.53,20.0,300.0,15.1,6.0,15.0,1.0,19.0,27.0,33.0,2.0
101.0,2.0,2496.0,5.0,3.0,1.53,20.0,315.0,15.86,6.0,15.0,1.0,19.0,27.0,33.0,2.0
110.0,2.0,2496.0,6.0,4.0,1.13,20.0,310.0,15.61,6.0,14.0,4.0,22.0,27.0,33.0,4.0
110.0,2.0,2496.0,6.0,4.0,1.13,20.0,310.0,15.61,6.0,14.0,4.0,22.0,27.0,33.0,4.0
110.0,2.0,2496.0,6.0,4.0,1.13,20.0,310.0,15.61,6.0,14.0,4.0,22.0,27.0,33.0,4.0
110.0,2.0,2496.0,6.0,4.0,1.13,20.0,310.0,15.61,6.0,14.0,4.0,22.0,27.0,33.0,4.0
110.0,2.0,2496.0,6.0,4.0,1.13,20.0,310.0,15.61,6.0,14.0,4.0,22.0,27.0,33.0,4.0
110.0,2.0,2496.0,6.0,4.0,1.13,20.0,310.0,15.61,6.0,14.0,4.0,22.0,27.0,33.0,4.0
110.0,2.0,2496.0,6.0,4.0,1.13,20.0,310.0,15.61,6.0,14.0,4.0,22.0,27.0,33.0,4.0
110.0,2.0,2496.0,6.0,4.0,1.13,20.0,310.0,15.61,6.0,14.0,4.0,22.0,27.0,33.0,4.0
110.0,2.0,2496.0,6.0,4.0,1.13,20.0,310.0,15.61,6.0,14.0,4.0,22.0,27.0,33.0,4.0
110.0,2.0,2496.0,6.0,4.0,1.13,20.0,310.0,15.61,6.0,14.0,4.0,22.0,27.0,33.0,4.0
110.0,2.0,2496.0,6.0,4.0,1.13,20.0,310.0,15.61,6.0,14.0,4.0,22.0,27.0,33.0,4.0
110.0,2.0,2496.0,6.0,4.0,1.13,20.0,310.0,15.61,6.0,14.0,4.0,22.0,27.0,33.0,4.0
110.0,2.0,2496.0,6.0,4.0,1.13,20.0,310.0,15.61,6.0,14.0,4.0,22.0,27.0,33.0,4.0
110.0,2.0,2496.0,6.0,4.0,1.13,20.0,310.0,15.61,6.0,14.0,4.0,22.0,27.0,33.0,4.0
110.0,2.0,2496.0,6.0,4.0,1.13,20.0,310.0,15.61,6.0,14.0,4.0,22.0,27.0,33.0,4.0
110.0,2.0,2496.0,6.0,4.0,1.13,20.0,310.0,15.61,6.0,14.0,4.0,22.0,27.0,33.0,4.0
132.0,2.0,2496.0,6.0,4.0,1.13,19.0,370.0,18.63,6.0,14.0,4.0,22.0,27.0,33.0,4.0
132.0,2.0,2496.0,6.0,4.0,1.13,19.0,370.0,18.63,6.0,14.0,4.0,22.0,27.0,33.0,4.0
132.0,2.0,2496.0,6.0,4.0,1.13,19.0,370.0,18.63,6.0,14.0,4.0,22.0,27.0,33.0,4.0
132.0,2.0,2496.0,6.0,4.0,1.13,19.0,370.0,18.63,6.0,14.0,4.0,22.0,27.0,33.0,4.0
132.0,2.0,2496.0,6.0,4.0,1.13,19.0,370.0,18.63,6.0,14.0,4.0,22.0,27.0,33.0,4.0
132.0,2.0,2496.0,6.0,4.0,1.13,19.0,370.0,18.63,6.0,14.0,4.0,22.0,27.0,33.0,4.0
132.0,2.0,2496.0,6.0,4.0,1.13,19.0,370.0,18.63,6.0,14.0,4.0,22.0,27.0,33.0,4.0
96.0,2.0,2497.0,6.0,3.0,1.35,23.0,250.0,12.58,6.0,15.0,1.0,21.0,0.0,0.0,2.0
96.0,2.0,2497.0,6.0,3.0,1.35,23.0,250.0,12.58,6.0,15.0,1.0,21.0,0.0,0.0,2.0
96.0,2.0,2497.0,6.0,3.0,1.35,23.0,250.0,12.58,6.0,15.0,1.0,21.0,0.0,0.0,2.0
96.0,2.0,2497.0,6.0,3.0,1.35,23.0,250.0,12.58,6.0,15.0,1.0,21.0,0.0,0.0,2.0
100.0,2.0,2497.0,6.0,3.0,1.35,23.0,270.0,13.59,6.0,12.0,1.0,21.0,27.0,33.0,2.0
110.0,2.0,2497.0,5.0,3.0,966.0,22.0,280.0,14.09,6.0,10.0,2.0,21.0,27.0,33.0,4.0
120.0,2.0,2497.0,6.0,3.0,1.35,22.0,350.0,17.61,6.0,9.0,2.0,20.0,27.0,33.0,4.0
120.0,2.0,2497.0,6.0,3.0,1.35,22.0,350.0,17.61,6.0,9.0,2.0,20.0,27.0,33.0,4.0
120.0,2.0,2497.0,6.0,3.0,1.35,22.0,350.0,17.61,6.0,9.0,2.0,20.0,27.0,33.0,4.0
120.0,2.0,2497.0,6.0,3.0,1.35,22.0,350.0,17.61,6.0,9.0,2.0,20.0,27.0,33.0,4.0
121.0,1.0,2497.0,6.0,4.0,1.35,10.0,222.0,11.17,6.0,12.0,4.0,21.0,27.0,33.0,4.0
121.0,1.0,2497.0,6.0,4.0,1.35,10.0,222.0,11.17,6.0,12.0,4.0,21.0,27.0,33.0,4.0
123.0,1.0,2497.0,6.0,4.0,878.0,9.0,212.0,10.67,6.0,14.0,4.0,21.0,27.0,33.0,4.0
123.0,1.0,2497.0,6.0,4.0,878.0,9.0,212.0,10.67,6.0,14.0,4.0,21.0,27.0,33.0,4.0
129.0,1.0,2497.0,6.0,4.0,1.35,9999.0,240.0,12.08,6.0,12.0,4.0,21.0,27.0,33.0,4.0
120.0,1.0,2498.0,6.0,4.0,998.0,10.0,223.0,11.22,6.0,12.0,4.0,19.0,27.0,33.0,4.0
120.0,1.0,2498.0,6.0,4.0,998.0,10.0,223.0,11.22,6.0,12.0,4.0,19.0,27.0,33.0,4.0
120.0,1.0,2498.0,6.0,4.0,998.0,10.0,223.0,11.22,6.0,12.0,4.0,19.0,27.0,33.0,4.0
120.0,1.0,2498.0,6.0,4.0,998.0,10.0,223.0,11.22,6.0,12.0,4.0,19.0,27.0,33.0,4.0
125.0,1.0,2498.0,6.0,4.0,976.0,11.0,227.0,11.42,6.0,12.0,4.0,21.0,27.0,33.0,4.0
125.0,1.0,2498.0,6.0,4.0,976.0,11.0,227.0,11.42,6.0,12.0,4.0,21.0,27.0,33.0,4.0
125.0,1.0,2498.0,6.0,4.0,976.0,11.0,230.0,11.57,6.0,12.0,4.0,21.0,27.0,33.0,4.0
125.0,1.0,2498.0,6.0,4.0,976.0,11.0,230.0,11.57,6.0,12.0,4.0,21.0,27.0,33.0,4.0
125.0,1.0,2498.0,6.0,4.0,976.0,11.0,230.0,11.57,6.0,12.0,4.0,21.0,27.0,33.0,4.0
125.0,1.0,2498.0,6.0,4.0,976.0,11.0,227.0,11.42,6.0,12.0,4.0,21.0,27.0,33.0,4.0
125.0,1.0,2498.0,6.0,4.0,976.0,11.0,227.0,11.42,6.0,12.0,4.0,21.0,27.0,33.0,4.0
85.0,2.0,2500.0,4.0,3.0,1.22,21.0,270.0,13.57,7.0,16.0,1.0,25.0,27.0,33.0,2.0
85.0,2.0,2500.0,4.0,3.0,1.22,21.0,270.0,13.57,7.0,16.0,1.0,25.0,27.0,33.0,2.0
85.0,2.0,2500.0,4.0,3.0,1.22,21.0,300.0,15.08,7.0,16.0,1.0,23.0,27.0,33.0,2.0
125.0,1.0,2597.0,6.0,4.0,759.0,11.0,240.0,11.61,6.0,11.0,2.0,19.0,27.0,33.0,3.0
125.0,1.0,2597.0,6.0,4.0,759.0,11.0,240.0,11.61,6.0,11.0,2.0,19.0,27.0,33.0,3.0
110.0,1.0,2598.0,6.0,4.0,982.0,10.0,225.0,10.88,6.0,12.0,2.0,21.0,27.0,33.0,2.0
110.0,1.0,2598.0,6.0,4.0,982.0,10.0,225.0,10.88,6.0,12.0,2.0,21.0,27.0,33.0,2.0
92.0,2.0,2664.0,4.0,3.0,958.0,22.0,278.0,13.11,7.0,18.0,1.0,23.0,27.0,33.0,2.0
92.0,2.0,2664.0,4.0,3.0,958.0,22.0,278.0,13.11,7.0,18.0,1.0,23.0,27.0,33.0,2.0
92.0,2.0,2664.0,4.0,3.0,958.0,22.0,278.0,13.11,7.0,18.0,1.0,23.0,27.0,33.0,2.0
92.0,2.0,2664.0,4.0,3.0,958.0,22.0,278.0,13.11,7.0,18.0,1.0,23.0,27.0,33.0,2.0
169.0,1.0,2671.0,6.0,4.0,1.67,9.0,310.0,14.58,6.0,13.0,4.0,21.0,28.0,33.0,5.0
169.0,1.0,2671.0,6.0,4.0,1.67,9.0,310.0,14.58,6.0,13.0,4.0,21.0,28.0,33.0,5.0
169.0,1.0,2671.0,6.0,4.0,1.67,9.0,310.0,14.58,6.0,13.0,4.0,21.0,28.0,33.0,5.0
169.0,1.0,2671.0,6.0,4.0,1.67,9.0,310.0,14.58,6.0,13.0,4.0,21.0,28.0,33.0,5.0
169.0,1.0,2671.0,6.0,4.0,1.67,9.0,310.0,14.58,6.0,13.0,4.0,21.0,28.0,33.0,5.0
169.0,1.0,2671.0,6.0,4.0,1.67,9.0,310.0,14.58,6.0,13.0,4.0,21.0,28.0,33.0,5.0
169.0,1.0,2671.0,6.0,4.0,1.67,9.0,310.0,14.58,6.0,13.0,4.0,21.0,28.0,33.0,5.0
169.0,1.0,2671.0,6.0,4.0,1.67,9.0,310.0,14.58,6.0,13.0,4.0,21.0,28.0,33.0,5.0
184.0,1.0,2671.0,6.0,4.0,1.67,9.0,350.0,16.47,6.0,13.0,4.0,21.0,28.0,33.0,5.0
195.0,1.0,2671.0,6.0,4.0,1.67,9.0,400.0,18.82,6.0,13.0,4.0,21.0,28.0,33.0,5.0
280.0,1.0,2671.0,6.0,4.0,1.67,9.0,440.0,20.7,6.0,13.0,4.0,21.0,28.0,33.0,5.0
125.0,2.0,2685.0,5.0,3.0,1.3,18.0,370.0,17.32,6.0,10.0,2.0,21.0,27.0,33.0,4.0
125.0,2.0,2685.0,5.0,3.0,1.3,18.0,400.0,18.72,6.0,10.0,2.0,21.0,27.0,33.0,4.0
162.0,1.0,2687.0,6.0,5.0,912.0,11.0,260.0,12.16,6.0,11.0,4.0,21.0,28.0,33.0,4.0
162.0,1.0,2687.0,6.0,5.0,912.0,11.0,260.0,12.16,6.0,11.0,4.0,21.0,28.0,33.0,4.0
120.0,2.0,2688.0,5.0,3.0,1.5,18.0,400.0,18.7,6.0,10.0,2.0,21.0,27.0,33.0,4.0
125.0,2.0,2688.0,5.0,3.0,1.5,18.0,370.0,17.3,6.0,10.0,2.0,21.0,27.0,33.0,4.0
125.0,2.0,2688.0,5.0,3.0,1.5,18.0,400.0,18.7,6.0,10.0,2.0,21.0,27.0,33.0,4.0
125.0,2.0,2688.0,5.0,3.0,1.5,18.0,370.0,17.3,6.0,10.0,2.0,21.0,27.0,33.0,4.0
125.0,2.0,2688.0,5.0,3.0,1.5,18.0,400.0,18.7,6.0,10.0,2.0,21.0,27.0,33.0,4.0
72.0,2.0,2765.0,4.0,3.0,1.13,21.0,245.0,11.13,7.0,16.0,1.0,23.0,27.0,33.0,2.0
128.0,1.0,2771.0,6.0,4.0,1.47,10.0,250.0,11.34,6.0,12.0,2.0,21.0,27.0,33.0,2.0
128.0,1.0,2771.0,6.0,4.0,1.47,10.0,250.0,11.34,6.0,12.0,2.0,21.0,27.0,33.0,2.0
142.0,1.0,2771.0,6.0,4.0,1.47,11.0,280.0,12.7,6.0,13.0,4.0,21.0,28.0,33.0,5.0
142.0,1.0,2771.0,6.0,4.0,1.47,11.0,280.0,12.7,6.0,13.0,4.0,21.0,28.0,33.0,5.0
142.0,1.0,2771.0,6.0,4.0,1.47,11.0,280.0,12.7,6.0,13.0,4.0,21.0,28.0,33.0,5.0
142.0,1.0,2771.0,6.0,4.0,1.47,11.0,280.0,12.7,6.0,13.0,4.0,21.0,28.0,33.0,5.0
142.0,1.0,2771.0,6.0,4.0,1.47,11.0,280.0,12.7,6.0,13.0,4.0,21.0,28.0,33.0,5.0
142.0,1.0,2771.0,6.0,4.0,1.47,11.0,280.0,12.7,6.0,13.0,4.0,21.0,28.0,33.0,5.0
142.0,1.0,2771.0,6.0,4.0,1.47,11.0,280.0,12.7,6.0,13.0,4.0,21.0,28.0,33.0,5.0
142.0,1.0,2771.0,6.0,4.0,1.47,11.0,280.0,12.7,6.0,13.0,4.0,21.0,28.0,33.0,5.0
142.0,1.0,2771.0,6.0,4.0,1.47,11.0,280.0,12.7,6.0,13.0,4.0,21.0,28.0,33.0,5.0
142.0,1.0,2771.0,6.0,4.0,1.47,11.0,280.0,12.7,6.0,13.0,4.0,21.0,28.0,33.0,5.0
142.0,1.0,2771.0,6.0,4.0,1.47,11.0,280.0,12.7,6.0,13.0,4.0,21.0,28.0,33.0,5.0
142.0,1.0,2771.0,6.0,4.0,1.47,11.0,280.0,12.7,6.0,13.0,4.0,21.0,28.0,33.0,5.0
142.0,1.0,2771.0,6.0,4.0,1.47,11.0,280.0,12.7,6.0,13.0,4.0,21.0,28.0,33.0,5.0
142.0,1.0,2771.0,6.0,4.0,1.47,11.0,280.0,12.7,6.0,13.0,4.0,21.0,28.0,33.0,5.0
142.0,1.0,2771.0,6.0,4.0,1.47,11.0,280.0,12.7,6.0,13.0,4.0,21.0,28.0,33.0,5.0
142.0,1.0,2771.0,6.0,4.0,1.47,11.0,280.0,12.7,6.0,13.0,4.0,21.0,28.0,33.0,5.0
142.0,1.0,2771.0,6.0,4.0,1.47,11.0,280.0,12.7,6.0,13.0,4.0,21.0,28.0,33.0,5.0
200.0,1.0,2783.0,6.0,3.0,1111.0,9.0,380.0,17.16,6.0,12.0,2.0,21.0,27.0,34.0,4.0
206.0,1.0,2790.0,6.0,4.0,713.0,7.0,397.0,17.88,6.0,13.0,4.0,21.0,27.0,33.0,4.0
206.0,1.0,2790.0,6.0,4.0,713.0,7.0,397.0,17.88,6.0,13.0,4.0,21.0,27.0,33.0,4.0
103.0,1.0,2792.0,6.0,4.0,1115.0,10.0,240.0,10.8,6.0,15.0,2.0,21.0,27.0,33.0,2.0
103.0,1.0,2792.0,6.0,4.0,1115.0,10.0,240.0,10.8,6.0,15.0,2.0,21.0,27.0,33.0,2.0
103.0,1.0,2792.0,6.0,4.0,1115.0,10.0,240.0,10.8,6.0,15.0,2.0,21.0,27.0,33.0,2.0
103.0,1.0,2792.0,6.0,4.0,1115.0,10.0,240.0,10.8,6.0,15.0,2.0,21.0,27.0,33.0,2.0
128.0,1.0,2792.0,6.0,4.0,1115.0,10.0,237.0,10.67,6.0,11.0,2.0,21.0,27.0,33.0,2.0
128.0,1.0,2792.0,6.0,4.0,1115.0,10.0,235.0,10.58,6.0,15.0,2.0,21.0,27.0,33.0,2.0
128.0,1.0,2792.0,6.0,4.0,1115.0,10.0,235.0,10.58,6.0,15.0,2.0,21.0,27.0,33.0,2.0
128.0,1.0,2792.0,6.0,4.0,1115.0,10.0,240.0,10.8,6.0,15.0,2.0,21.0,27.0,33.0,2.0
128.0,1.0,2792.0,6.0,4.0,1115.0,10.0,235.0,10.58,6.0,15.0,2.0,21.0,27.0,33.0,2.0
128.0,1.0,2792.0,6.0,4.0,1115.0,10.0,235.0,10.58,6.0,15.0,2.0,21.0,27.0,33.0,2.0
128.0,1.0,2792.0,6.0,4.0,1115.0,10.0,235.0,10.58,6.0,15.0,2.0,21.0,27.0,33.0,2.0
141.0,1.0,2793.0,6.0,3.0,1.0,10.0,275.0,12.37,6.0,9.0,2.0,21.0,28.0,33.0,4.0
141.0,1.0,2793.0,6.0,3.0,1.0,10.0,275.0,12.37,6.0,9.0,2.0,21.0,28.0,33.0,4.0
142.0,1.0,2793.0,6.0,3.0,1.0,10.0,280.0,12.6,6.0,9.0,2.0,21.0,28.0,34.0,4.0
142.0,1.0,2793.0,6.0,3.0,1.0,10.0,280.0,12.6,6.0,9.0,2.0,21.0,28.0,34.0,4.0
142.0,1.0,2793.0,6.0,3.0,1.0,10.0,280.0,12.6,6.0,9.0,2.0,21.0,29.0,35.0,4.0
142.0,1.0,2793.0,6.0,3.0,1.0,10.0,280.0,12.6,6.0,9.0,2.0,21.0,29.0,35.0,4.0
142.0,1.0,2793.0,6.0,3.0,1.0,10.0,280.0,12.6,6.0,9.0,2.0,21.0,29.0,35.0,4.0
142.0,1.0,2793.0,6.0,3.0,1.0,10.0,280.0,12.6,6.0,9.0,2.0,21.0,29.0,35.0,4.0
142.0,1.0,2793.0,6.0,3.0,1.0,10.0,280.0,12.6,6.0,9.0,2.0,21.0,29.0,35.0,4.0
142.0,1.0,2793.0,6.0,3.0,1.0,10.0,280.0,12.6,6.0,9.0,2.0,21.0,29.0,35.0,4.0
142.0,1.0,2793.0,6.0,3.0,1.0,10.0,280.0,12.6,6.0,9.0,2.0,21.0,29.0,35.0,4.0
142.0,1.0,2793.0,6.0,3.0,1.0,10.0,280.0,12.6,6.0,9.0,2.0,21.0,29.0,35.0,4.0
142.0,1.0,2793.0,6.0,3.0,1.0,10.0,280.0,12.6,6.0,9.0,2.0,21.0,29.0,35.0,4.0
142.0,1.0,2793.0,6.0,3.0,1.0,10.0,280.0,12.6,6.0,9.0,2.0,21.0,28.0,34.0,4.0
142.0,1.0,2793.0,6.0,3.0,1.0,10.0,280.0,12.6,6.0,9.0,2.0,21.0,28.0,34.0,4.0
142.0,1.0,2793.0,6.0,3.0,1.0,10.0,280.0,12.6,6.0,9.0,2.0,21.0,29.0,35.0,4.0
142.0,1.0,2793.0,6.0,3.0,1.0,10.0,280.0,12.6,6.0,9.0,2.0,21.0,29.0,35.0,4.0
145.0,1.0,2799.0,6.0,4.0,818.0,10.0,265.0,11.9,6.0,11.0,2.0,19.0,27.0,33.0,3.0
145.0,1.0,2799.0,6.0,4.0,818.0,10.0,265.0,11.9,6.0,11.0,2.0,19.0,27.0,33.0,3.0
150.0,1.0,2799.0,6.0,4.0,818.0,10.0,270.0,12.12,6.0,11.0,2.0,19.0,27.0,33.0,3.0
150.0,1.0,2799.0,6.0,4.0,818.0,10.0,270.0,12.12,6.0,11.0,2.0,19.0,27.0,33.0,3.0
150.0,1.0,2799.0,6.0,4.0,818.0,10.0,270.0,12.12,6.0,11.0,2.0,19.0,27.0,33.0,3.0
150.0,1.0,2799.0,6.0,4.0,818.0,10.0,270.0,12.12,6.0,11.0,2.0,19.0,27.0,33.0,3.0
150.0,1.0,2799.0,6.0,4.0,818.0,10.0,270.0,12.12,6.0,11.0,2.0,19.0,27.0,33.0,3.0
150.0,1.0,2799.0,6.0,4.0,818.0,10.0,270.0,12.12,6.0,11.0,2.0,19.0,27.0,33.0,3.0
150.0,1.0,2799.0,6.0,4.0,818.0,10.0,270.0,12.12,6.0,11.0,2.0,19.0,27.0,33.0,3.0
150.0,1.0,2799.0,6.0,4.0,818.0,10.0,270.0,12.12,6.0,11.0,2.0,19.0,27.0,33.0,3.0
88.0,2.0,2874.0,5.0,3.0,1.38,20.0,280.0,12.24,6.0,11.0,1.0,21.0,27.0,33.0,2.0
88.0,2.0,2874.0,5.0,3.0,1.38,20.0,280.0,12.24,6.0,11.0,1.0,21.0,27.0,33.0,2.0
88.0,2.0,2874.0,5.0,3.0,1.38,22.0,250.0,10.93,6.0,11.0,1.0,21.0,27.0,33.0,2.0
88.0,2.0,2874.0,5.0,3.0,1.38,22.0,250.0,10.93,6.0,11.0,1.0,21.0,27.0,33.0,2.0
88.0,2.0,2874.0,5.0,3.0,1.38,22.0,256.0,11.19,6.0,11.0,1.0,21.0,27.0,33.0,2.0
88.0,2.0,2874.0,5.0,3.0,1.38,22.0,256.0,11.19,6.0,11.0,1.0,21.0,27.0,33.0,2.0
88.0,2.0,2874.0,5.0,3.0,1.38,22.0,256.0,11.19,6.0,11.0,1.0,21.0,27.0,33.0,2.0
88.0,2.0,2874.0,5.0,3.0,1.38,22.0,256.0,11.19,6.0,11.0,1.0,21.0,27.0,33.0,2.0
93.0,2.0,2903.0,4.0,3.0,1.9,19.0,338.0,14.63,6.0,12.0,2.0,21.0,27.0,33.0,4.0
93.0,2.0,2903.0,4.0,3.0,1.9,19.0,338.0,14.63,6.0,12.0,2.0,21.0,27.0,33.0,4.0
147.0,1.0,2922.0,6.0,3.0,1.84,11.0,280.0,12.04,6.0,12.0,2.0,21.0,28.0,33.0,4.0
135.0,2.0,2926.0,6.0,3.0,1.48,18.0,390.0,16.75,6.0,9.0,2.0,20.0,27.0,33.0,4.0
135.0,2.0,2926.0,6.0,3.0,1.48,18.0,390.0,16.75,6.0,9.0,2.0,20.0,27.0,33.0,4.0
135.0,2.0,2926.0,6.0,3.0,1.48,18.0,390.0,16.75,6.0,9.0,2.0,20.0,27.0,33.0,4.0
135.0,2.0,2926.0,6.0,3.0,1.48,18.0,390.0,16.75,6.0,9.0,2.0,20.0,27.0,33.0,4.0
135.0,2.0,2926.0,6.0,3.0,1.48,18.0,410.0,17.61,6.0,9.0,2.0,20.0,27.0,33.0,4.0
135.0,2.0,2926.0,6.0,3.0,1.48,18.0,390.0,16.75,6.0,9.0,2.0,20.0,27.0,33.0,4.0
135.0,2.0,2926.0,6.0,3.0,1.48,18.0,390.0,16.75,6.0,9.0,2.0,20.0,27.0,33.0,4.0
135.0,2.0,2926.0,6.0,3.0,1.48,18.0,390.0,16.75,6.0,9.0,2.0,20.0,27.0,33.0,4.0
124.0,1.0,2935.0,6.0,4.0,774.0,9.0,259.0,11.09,7.0,15.0,1.0,23.0,27.0,33.0,2.0
140.0,1.0,2946.0,6.0,4.0,0.949,11.0,267.0,11.39,6.0,12.0,4.0,21.0,27.0,33.0,4.0
140.0,1.0,2946.0,6.0,4.0,0.949,11.0,267.0,11.39,6.0,12.0,4.0,21.0,27.0,33.0,4.0
140.0,1.0,2946.0,6.0,4.0,0.949,11.0,267.0,11.39,6.0,12.0,4.0,21.0,27.0,33.0,4.0
140.0,1.0,2946.0,6.0,4.0,0.949,11.0,267.0,11.39,6.0,12.0,4.0,21.0,27.0,33.0,4.0
140.0,1.0,2946.0,6.0,4.0,0.949,11.0,267.0,11.39,6.0,12.0,4.0,21.0,27.0,33.0,4.0
140.0,1.0,2946.0,6.0,4.0,0.949,11.0,267.0,11.39,6.0,12.0,4.0,21.0,27.0,33.0,4.0
140.0,1.0,2946.0,6.0,4.0,0.949,11.0,267.0,11.39,6.0,12.0,4.0,21.0,27.0,33.0,4.0
140.0,1.0,2946.0,6.0,4.0,0.949,11.0,267.0,11.39,6.0,12.0,4.0,21.0,27.0,33.0,4.0
140.0,1.0,2946.0,6.0,4.0,0.949,11.0,267.0,11.39,6.0,12.0,4.0,21.0,27.0,33.0,4.0
140.0,1.0,2946.0,6.0,4.0,0.949,11.0,267.0,11.39,6.0,12.0,4.0,21.0,27.0,33.0,4.0
140.0,1.0,2946.0,6.0,4.0,0.949,11.0,267.0,11.39,6.0,12.0,4.0,21.0,27.0,33.0,4.0
140.0,1.0,2946.0,6.0,4.0,0.949,11.0,267.0,11.39,6.0,12.0,4.0,21.0,27.0,33.0,4.0
140.0,1.0,2946.0,6.0,4.0,0.949,11.0,267.0,11.39,6.0,12.0,4.0,21.0,27.0,33.0,4.0
140.0,1.0,2946.0,6.0,4.0,0.949,11.0,267.0,11.39,6.0,12.0,4.0,21.0,27.0,33.0,4.0
116.0,2.0,2953.0,4.0,3.0,1.63,18.0,323.0,13.75,6.0,15.0,2.0,21.0,27.0,33.0,4.0
116.0,2.0,2953.0,4.0,3.0,1.63,18.0,323.0,13.75,6.0,15.0,2.0,21.0,27.0,33.0,4.0
116.0,2.0,2953.0,4.0,3.0,1.63,18.0,354.0,15.06,6.0,15.0,2.0,21.0,27.0,33.0,4.0
116.0,2.0,2953.0,4.0,3.0,1.63,18.0,354.0,15.06,6.0,15.0,2.0,21.0,27.0,33.0,4.0
116.0,2.0,2953.0,4.0,3.0,1.63,18.0,354.0,15.06,6.0,15.0,2.0,21.0,27.0,33.0,4.0
116.0,2.0,2953.0,4.0,3.0,1.63,18.0,354.0,15.06,6.0,15.0,2.0,21.0,27.0,33.0,4.0
141.0,1.0,2959.0,6.0,4.0,0.781,10.0,260.0,11.04,6.0,12.0,2.0,26.0,27.0,33.0,2.0
150.0,1.0,2959.0,6.0,4.0,0.781,10.0,270.0,11.47,6.0,12.0,2.0,26.0,27.0,33.0,4.0
150.0,1.0,2959.0,6.0,4.0,0.781,10.0,270.0,11.47,6.0,12.0,2.0,26.0,27.0,33.0,4.0
150.0,1.0,2959.0,6.0,4.0,0.781,10.0,270.0,11.47,6.0,12.0,2.0,26.0,27.0,33.0,4.0
162.0,1.0,2959.0,6.0,4.0,0.781,10.0,270.0,11.47,6.0,12.0,4.0,0.0,27.0,33.0,4.0
162.0,1.0,2959.0,6.0,4.0,0.781,10.0,270.0,11.47,6.0,12.0,4.0,0.0,27.0,33.0,4.0
166.0,1.0,2959.0,6.0,4.0,0.781,10.0,275.0,11.68,6.0,12.0,4.0,0.0,27.0,33.0,4.0
166.0,1.0,2959.0,6.0,4.0,0.781,10.0,275.0,11.68,6.0,12.0,4.0,0.0,27.0,33.0,4.0
147.0,1.0,2962.0,6.0,4.0,988.0,10.0,310.0,13.15,6.0,12.0,4.0,21.0,27.0,33.0,4.0
147.0,1.0,2962.0,6.0,4.0,988.0,10.0,310.0,13.15,6.0,12.0,4.0,21.0,27.0,33.0,4.0
155.0,1.0,2962.0,6.0,4.0,988.0,11.0,270.0,11.45,6.0,12.0,4.0,21.0,27.0,33.0,4.0
155.0,1.0,2962.0,6.0,4.0,988.0,11.0,270.0,11.45,6.0,12.0,4.0,21.0,27.0,33.0,4.0
155.0,1.0,2962.0,6.0,4.0,988.0,11.0,270.0,11.45,6.0,12.0,4.0,21.0,27.0,33.0,4.0
155.0,1.0,2962.0,6.0,4.0,988.0,11.0,270.0,11.45,6.0,12.0,4.0,21.0,27.0,33.0,4.0
175.0,1.0,2967.0,6.0,4.0,893.0,11.0,293.0,12.41,6.0,9.0,4.0,21.0,29.0,33.0,4.0
104.0,1.0,2972.0,6.0,4.0,0.834,9.0,220.0,9.3,6.0,12.0,2.0,25.0,27.0,33.0,2.0
104.0,1.0,2972.0,6.0,4.0,0.834,9.0,220.0,9.3,6.0,12.0,2.0,25.0,27.0,33.0,2.0
104.0,1.0,2972.0,6.0,4.0,0.834,9.0,220.0,9.3,6.0,12.0,2.0,25.0,27.0,33.0,2.0
104.0,1.0,2972.0,6.0,4.0,0.834,9.0,220.0,9.3,6.0,12.0,2.0,25.0,27.0,33.0,2.0
130.0,1.0,2972.0,6.0,4.0,0.834,9.0,255.0,10.78,6.0,12.0,2.0,19.0,27.0,33.0,4.0
130.0,1.0,2972.0,6.0,4.0,0.834,9.0,255.0,10.78,6.0,12.0,2.0,19.0,27.0,33.0,4.0
130.0,1.0,2972.0,6.0,4.0,0.834,9.0,255.0,10.78,6.0,12.0,2.0,19.0,27.0,33.0,4.0
138.0,1.0,2972.0,6.0,4.0,0.834,10.0,255.0,10.78,6.0,12.0,4.0,22.0,27.0,33.0,4.0
210.0,1.0,2972.0,6.0,4.0,0.834,8.0,407.0,17.21,6.0,12.0,4.0,22.0,27.0,33.0,4.0
188.0,1.0,2977.0,6.0,4.0,867.0,10.0,284.0,11.99,6.0,12.0,4.0,22.0,32.0,37.0,4.0
170.0,1.0,2979.0,6.0,3.0,1.67,10.0,300.0,12.65,6.0,9.0,2.0,21.0,28.0,34.0,4.0
170.0,1.0,2979.0,6.0,3.0,1.67,10.0,300.0,12.65,6.0,9.0,2.0,21.0,28.0,34.0,4.0
92.0,2.0,2982.0,4.0,3.0,1.73,21.0,295.0,12.43,6.0,12.0,1.0,21.0,27.0,33.0,2.0
92.0,2.0,2982.0,4.0,3.0,1.73,21.0,295.0,12.43,6.0,12.0,1.0,21.0,27.0,33.0,2.0
92.0,2.0,2982.0,4.0,3.0,1.73,21.0,295.0,12.43,6.0,12.0,1.0,21.0,27.0,33.0,2.0
92.0,2.0,2982.0,4.0,3.0,1.73,21.0,295.0,12.43,6.0,12.0,1.0,21.0,27.0,33.0,2.0
92.0,2.0,2982.0,4.0,3.0,1.73,21.0,295.0,12.43,6.0,12.0,1.0,21.0,27.0,33.0,2.0
108.0,1.0,2986.0,6.0,4.0,899.0,9.0,253.0,10.65,7.0,15.0,1.0,23.0,27.0,33.0,2.0
147.0,1.0,2988.0,6.0,4.0,0.788,10.0,271.0,11.4,6.0,11.0,4.0,21.0,27.0,33.0,4.0
147.0,1.0,2988.0,6.0,4.0,0.788,10.0,271.0,11.4,6.0,11.0,4.0,21.0,27.0,33.0,4.0
130.0,2.0,2996.0,6.0,3.0,966.0,22.0,330.0,13.84,6.0,10.0,2.0,21.0,27.0,33.0,4.0
130.0,2.0,2996.0,6.0,3.0,966.0,22.0,330.0,13.84,6.0,10.0,2.0,21.0,27.0,33.0,4.0
130.0,2.0,2996.0,6.0,3.0,966.0,22.0,330.0,13.84,6.0,10.0,2.0,21.0,27.0,33.0,4.0
147.0,1.0,2997.0,6.0,4.0,1.0,9.0,265.0,11.11,6.0,12.0,2.0,25.0,32.0,33.0,4.0
163.0,1.0,2997.0,6.0,3.0,1.0,11.0,298.0,12.5,6.0,14.0,2.0,21.0,29.0,33.0,4.0
117.0,2.0,2999.0,4.0,3.0,1.1,19.0,333.0,13.95,6.0,12.0,2.0,21.0,27.0,33.0,4.0
117.0,2.0,2999.0,4.0,3.0,1.1,19.0,333.0,13.95,6.0,12.0,2.0,21.0,27.0,33.0,4.0
117.0,2.0,2999.0,4.0,3.0,1.1,19.0,333.0,13.95,6.0,12.0,2.0,21.0,27.0,33.0,4.0
117.0,2.0,2999.0,4.0,3.0,1.1,19.0,333.0,13.95,6.0,12.0,2.0,21.0,27.0,33.0,4.0
103.0,2.0,3124.0,5.0,3.0,1.22,21.0,384.0,15.45,7.0,16.0,1.0,23.0,27.0,33.0,2.0
151.0,1.0,3165.0,6.0,4.0,0.824,9.0,290.0,11.51,6.0,12.0,4.0,21.0,27.0,33.0,4.0
151.0,1.0,3165.0,6.0,4.0,0.824,9.0,290.0,11.51,6.0,12.0,4.0,21.0,27.0,33.0,4.0
185.0,1.0,3179.0,6.0,5.0,0.839,11.0,305.0,12.06,6.0,11.0,4.0,21.0,28.0,33.0,4.0
185.0,1.0,3179.0,6.0,5.0,0.839,11.0,305.0,12.06,6.0,11.0,4.0,21.0,28.0,33.0,4.0
206.0,1.0,3179.0,6.0,4.0,0.839,10.0,298.0,11.78,6.0,12.0,4.0,22.0,32.0,37.0,4.0
206.0,1.0,3179.0,6.0,4.0,0.839,10.0,298.0,11.78,6.0,12.0,4.0,22.0,32.0,37.0,4.0
156.0,1.0,3199.0,6.0,3.0,934.0,10.0,297.0,11.67,6.0,11.0,2.0,21.0,28.0,33.0,4.0
160.0,1.0,3199.0,6.0,4.0,934.0,10.0,308.0,12.1,6.0,11.0,2.0,19.0,27.0,33.0,3.0
160.0,1.0,3199.0,6.0,4.0,934.0,10.0,308.0,12.1,6.0,11.0,2.0,19.0,27.0,33.0,3.0
160.0,1.0,3199.0,6.0,4.0,934.0,10.0,310.0,12.18,6.0,11.0,2.0,19.0,27.0,33.0,3.0
160.0,1.0,3199.0,6.0,4.0,934.0,10.0,310.0,12.18,6.0,11.0,2.0,19.0,27.0,33.0,3.0
160.0,1.0,3199.0,6.0,4.0,934.0,10.0,310.0,12.18,6.0,11.0,2.0,19.0,27.0,33.0,3.0
162.0,1.0,3199.0,6.0,3.0,934.0,10.0,310.0,12.18,6.0,11.0,2.0,21.0,28.0,33.0,4.0
165.0,1.0,3199.0,6.0,4.0,934.0,10.0,315.0,12.37,6.0,11.0,2.0,19.0,27.0,33.0,3.0
165.0,1.0,3199.0,6.0,4.0,934.0,10.0,315.0,12.37,6.0,11.0,2.0,19.0,27.0,33.0,3.0
165.0,1.0,3199.0,6.0,4.0,934.0,10.0,315.0,12.37,6.0,11.0,2.0,19.0,27.0,33.0,3.0
165.0,1.0,3199.0,6.0,4.0,934.0,10.0,315.0,12.37,6.0,11.0,2.0,19.0,27.0,33.0,3.0
165.0,1.0,3199.0,6.0,4.0,934.0,10.0,315.0,12.37,6.0,11.0,2.0,19.0,27.0,33.0,3.0
165.0,1.0,3199.0,6.0,4.0,934.0,10.0,315.0,12.37,6.0,11.0,2.0,19.0,27.0,33.0,3.0
165.0,1.0,3199.0,6.0,4.0,934.0,10.0,315.0,12.37,6.0,11.0,2.0,19.0,27.0,33.0,3.0
165.0,1.0,3199.0,6.0,4.0,934.0,10.0,315.0,12.37,6.0,11.0,2.0,19.0,27.0,33.0,3.0
121.0,2.0,3200.0,4.0,3.0,1.66,17.0,373.0,14.65,6.0,12.0,2.0,21.0,27.0,33.0,4.0
121.0,2.0,3200.0,4.0,3.0,1.66,17.0,373.0,14.65,6.0,12.0,2.0,21.0,27.0,33.0,4.0
121.0,2.0,3200.0,4.0,3.0,1.66,17.0,373.0,14.65,6.0,12.0,2.0,21.0,27.0,33.0,4.0
121.0,2.0,3200.0,4.0,3.0,1.66,17.0,373.0,14.65,6.0,12.0,2.0,21.0,27.0,33.0,4.0
236.0,1.0,3201.0,6.0,3.0,1.53,11.0,350.0,13.74,6.0,11.0,2.0,21.0,29.0,35.0,4.0
236.0,1.0,3201.0,6.0,3.0,1.53,11.0,350.0,13.74,6.0,11.0,2.0,21.0,29.0,35.0,4.0
247.0,1.0,3217.0,8.0,4.0,1.0,7.0,450.0,17.58,6.0,13.0,4.0,21.0,27.0,33.0,4.0
247.0,1.0,3217.0,8.0,4.0,1.0,7.0,450.0,17.58,6.0,13.0,4.0,21.0,27.0,33.0,4.0
271.0,1.0,3217.0,8.0,4.0,1.0,8.0,491.0,19.18,6.0,13.0,4.0,0.0,27.0,33.0,4.0
145.0,2.0,3226.0,6.0,3.0,1.5,18.0,470.0,18.31,6.0,10.0,2.0,21.0,27.0,33.0,4.0
145.0,2.0,3226.0,6.0,3.0,1.5,18.0,470.0,18.31,6.0,10.0,2.0,21.0,27.0,33.0,4.0
145.0,2.0,3226.0,6.0,3.0,1.5,18.0,470.0,18.31,6.0,10.0,2.0,21.0,27.0,33.0,4.0
250.0,1.0,3239.0,6.0,3.0,912.0,8.0,490.0,19.01,6.0,11.0,2.0,21.0,0.0,0.0,4.0
250.0,1.0,3239.0,6.0,3.0,912.0,8.0,490.0,19.01,6.0,11.0,2.0,21.0,0.0,0.0,4.0
250.0,1.0,3239.0,6.0,3.0,912.0,8.0,490.0,19.01,6.0,11.0,2.0,21.0,0.0,0.0,4.0
174.0,1.0,3253.0,8.0,4.0,0.814,11.0,310.0,11.98,6.0,9.0,4.0,21.0,27.0,33.0,4.0
174.0,1.0,3253.0,8.0,4.0,0.814,11.0,310.0,11.98,6.0,9.0,4.0,21.0,27.0,33.0,4.0
110.0,1.0,3275.0,6.0,4.0,0.97,9.0,266.0,10.21,6.0,12.0,2.0,25.0,27.0,33.0,2.0
110.0,1.0,3275.0,6.0,4.0,0.97,9.0,266.0,10.21,6.0,12.0,2.0,25.0,27.0,33.0,2.0
116.0,1.0,3301.0,6.0,4.0,871.0,9.0,275.0,10.47,7.0,9.0,1.0,19.0,27.0,33.0,2.0
165.0,2.0,3328.0,8.0,4.0,1.13,19.0,480.0,18.12,6.0,14.0,4.0,22.0,27.0,33.0,4.0
137.0,1.0,3350.0,6.0,4.0,0.913,10.0,285.0,10.69,7.0,15.0,1.0,23.0,27.0,33.0,2.0
131.0,1.0,3378.0,6.0,4.0,877.0,10.0,303.0,11.27,6.0,14.0,4.0,21.0,27.0,33.0,4.0
131.0,1.0,3378.0,6.0,4.0,877.0,10.0,303.0,11.27,6.0,14.0,4.0,21.0,27.0,33.0,4.0
131.0,1.0,3378.0,6.0,4.0,877.0,10.0,303.0,11.27,6.0,14.0,4.0,21.0,27.0,33.0,4.0
131.0,1.0,3378.0,6.0,4.0,877.0,10.0,303.0,11.27,6.0,14.0,4.0,21.0,27.0,33.0,4.0
221.0,1.0,3387.0,6.0,5.0,813.0,11.0,350.0,12.99,6.0,11.0,4.0,21.0,28.0,33.0,4.0
221.0,1.0,3387.0,6.0,5.0,813.0,11.0,350.0,12.99,6.0,11.0,4.0,21.0,28.0,33.0,4.0
221.0,1.0,3387.0,6.0,5.0,813.0,11.0,350.0,12.99,6.0,11.0,4.0,21.0,28.0,33.0,4.0
221.0,1.0,3387.0,6.0,5.0,813.0,11.0,350.0,12.99,6.0,11.0,4.0,21.0,28.0,33.0,4.0
221.0,1.0,3387.0,6.0,5.0,813.0,11.0,350.0,12.99,6.0,11.0,4.0,21.0,28.0,33.0,4.0
221.0,1.0,3387.0,6.0,5.0,813.0,11.0,350.0,12.99,6.0,11.0,4.0,21.0,28.0,33.0,4.0
221.0,1.0,3387.0,6.0,5.0,813.0,11.0,350.0,12.99,6.0,11.0,4.0,21.0,28.0,33.0,4.0
153.0,1.0,3474.0,6.0,4.0,1.11,10.0,303.0,10.96,6.0,12.0,2.0,25.0,27.0,33.0,4.0
158.0,1.0,3494.0,6.0,4.0,0.91,9.0,310.0,11.15,6.0,12.0,4.0,21.0,27.0,33.0,4.0
158.0,1.0,3494.0,6.0,4.0,0.91,9.0,310.0,11.15,6.0,12.0,4.0,21.0,27.0,33.0,4.0
158.0,1.0,3494.0,6.0,4.0,0.91,9.0,310.0,11.15,6.0,12.0,4.0,21.0,27.0,33.0,4.0
158.0,1.0,3494.0,6.0,4.0,0.91,9.0,310.0,11.15,6.0,12.0,4.0,21.0,27.0,33.0,4.0
280.0,1.0,3495.0,8.0,4.0,0.96,11.0,363.0,13.05,6.0,12.0,4.0,21.0,27.0,33.0,5.0
280.0,1.0,3495.0,8.0,4.0,0.96,11.0,363.0,13.05,6.0,12.0,4.0,21.0,27.0,33.0,5.0
280.0,1.0,3495.0,8.0,4.0,0.96,11.0,363.0,13.05,6.0,12.0,4.0,21.0,27.0,33.0,5.0
149.0,1.0,3497.0,6.0,4.0,0.923,10.0,318.0,11.43,6.0,12.0,4.0,21.0,27.0,33.0,4.0
149.0,1.0,3497.0,6.0,4.0,0.923,10.0,318.0,11.43,6.0,12.0,4.0,21.0,27.0,33.0,4.0
149.0,1.0,3497.0,6.0,4.0,0.923,10.0,318.0,11.43,6.0,12.0,4.0,21.0,27.0,33.0,4.0
149.0,1.0,3497.0,6.0,4.0,0.923,10.0,318.0,11.43,6.0,12.0,4.0,21.0,27.0,33.0,4.0
175.0,1.0,3498.0,8.0,4.0,0.939,10.0,345.0,12.39,6.0,9.0,4.0,21.0,29.0,33.0,4.0
175.0,1.0,3498.0,8.0,4.0,0.939,10.0,345.0,12.39,6.0,9.0,4.0,21.0,29.0,33.0,4.0
180.0,1.0,3498.0,8.0,4.0,0.939,10.0,345.0,12.39,6.0,9.0,4.0,21.0,28.0,33.0,4.0
180.0,1.0,3498.0,8.0,4.0,0.939,10.0,345.0,12.39,6.0,9.0,4.0,21.0,28.0,33.0,4.0
260.0,1.0,3506.0,8.0,4.0,976.0,8.0,400.0,14.34,6.0,13.0,4.0,21.0,27.0,33.0,4.0
294.0,1.0,3586.0,8.0,4.0,929.0,11.0,373.0,13.07,6.0,12.0,4.0,21.0,0.0,36.0,5.0
294.0,1.0,3586.0,8.0,4.0,929.0,11.0,373.0,13.07,6.0,12.0,4.0,21.0,0.0,36.0,5.0
294.0,1.0,3586.0,8.0,4.0,929.0,11.0,373.0,13.07,6.0,12.0,4.0,21.0,0.0,36.0,5.0
294.0,1.0,3586.0,8.0,4.0,929.0,11.0,373.0,13.07,6.0,12.0,4.0,21.0,0.0,36.0,5.0
265.0,1.0,3600.0,6.0,5.0,764.0,12.0,370.0,12.92,6.0,11.0,4.0,21.0,28.0,33.0,4.0
309.0,1.0,3600.0,6.0,5.0,764.0,9.0,560.0,19.55,6.0,11.0,4.0,21.0,30.0,33.0,4.0
309.0,1.0,3600.0,6.0,5.0,764.0,9.0,560.0,19.55,6.0,9.0,4.0,21.0,30.0,33.0,4.0
191.0,1.0,3697.0,8.0,4.0,975.0,11.0,350.0,11.9,6.0,13.0,4.0,20.0,29.0,33.0,5.0
191.0,1.0,3697.0,8.0,4.0,975.0,11.0,350.0,11.9,6.0,13.0,4.0,20.0,29.0,33.0,5.0
131.0,1.0,3778.0,6.0,4.0,0.96,10.0,325.0,10.81,7.0,9.0,1.0,19.0,27.0,33.0,2.0
180.0,2.0,3901.0,8.0,4.0,1.48,18.0,560.0,18.04,6.0,10.0,4.0,20.0,27.0,33.0,4.0
136.0,1.0,3947.0,8.0,4.0,0.756,9.0,340.0,10.82,7.0,15.0,1.0,23.0,0.0,0.0,2.0
136.0,1.0,3947.0,8.0,4.0,0.756,9.0,340.0,10.82,7.0,15.0,1.0,23.0,0.0,0.0,2.0
140.0,1.0,3947.0,8.0,4.0,0.756,9.0,320.0,10.19,7.0,15.0,1.0,23.0,0.0,0.0,2.0
168.0,1.0,3947.0,8.0,4.0,0.756,11.0,366.0,11.65,7.0,15.0,1.0,23.0,0.0,0.0,2.0
168.0,1.0,3947.0,8.0,4.0,0.756,11.0,366.0,11.65,7.0,15.0,1.0,23.0,0.0,0.0,2.0
130.0,1.0,3954.0,6.0,3.0,0.881,9.0,296.0,9.41,7.0,15.0,1.0,23.0,27.0,33.0,2.0
130.0,1.0,3954.0,6.0,3.0,0.881,9.0,296.0,9.41,7.0,15.0,1.0,23.0,27.0,33.0,2.0
135.0,1.0,3954.0,6.0,3.0,0.881,9.0,299.0,9.5,7.0,15.0,1.0,23.0,27.0,33.0,2.0
140.0,1.0,3954.0,6.0,3.0,0.881,9.0,295.0,9.38,7.0,15.0,1.0,23.0,27.0,33.0,2.0
203.0,1.0,3969.0,8.0,4.0,943.0,11.0,387.0,12.25,6.0,14.0,4.0,21.0,29.0,33.0,4.0
184.0,2.0,3996.0,8.0,4.0,1.0,19.0,560.0,17.61,6.0,11.0,4.0,21.0,27.0,33.0,4.0
184.0,2.0,3996.0,8.0,4.0,1.0,19.0,560.0,17.61,6.0,11.0,4.0,21.0,27.0,33.0,4.0
209.0,1.0,3996.0,8.0,4.0,1.0,11.0,375.0,11.79,6.0,9.0,4.0,21.0,29.0,33.0,4.0
209.0,1.0,3996.0,8.0,4.0,1.0,11.0,375.0,11.79,6.0,9.0,4.0,21.0,29.0,33.0,4.0
209.0,1.0,3996.0,8.0,4.0,1.0,11.0,375.0,11.79,6.0,9.0,4.0,21.0,29.0,33.0,4.0
267.0,1.0,3996.0,8.0,4.0,1.0,9.0,505.0,15.88,6.0,9.0,4.0,21.0,27.0,33.0,4.0
267.0,1.0,3996.0,8.0,4.0,1.0,9.0,505.0,15.88,6.0,9.0,4.0,21.0,27.0,33.0,4.0
267.0,1.0,3996.0,8.0,4.0,1.0,9.0,505.0,15.88,6.0,9.0,4.0,21.0,27.0,33.0,4.0
267.0,1.0,3996.0,8.0,4.0,1.0,9.0,505.0,15.88,6.0,9.0,4.0,21.0,27.0,33.0,4.0
152.0,1.0,4009.0,6.0,4.0,841.0,10.0,339.0,10.63,6.0,15.0,2.0,20.0,27.0,33.0,2.0
150.0,2.0,4164.0,6.0,3.0,1.64,19.0,430.0,12.98,6.0,12.0,2.0,19.0,27.0,33.0,4.0
150.0,2.0,4164.0,6.0,3.0,1.64,19.0,430.0,12.98,6.0,12.0,2.0,19.0,27.0,33.0,4.0
220.0,1.0,4172.0,8.0,4.0,1.11,11.0,400.0,12.05,6.0,13.0,4.0,20.0,29.0,33.0,5.0
228.0,1.0,4172.0,8.0,4.0,1.11,11.0,410.0,12.35,6.0,13.0,4.0,20.0,29.0,33.0,5.0
228.0,1.0,4172.0,8.0,4.0,1.11,11.0,410.0,12.35,6.0,13.0,4.0,20.0,29.0,33.0,5.0
250.0,1.0,4172.0,8.0,4.0,1.11,11.0,420.0,12.65,6.0,13.0,4.0,20.0,29.0,33.0,5.0
250.0,1.0,4172.0,8.0,4.0,1.11,11.0,420.0,12.65,6.0,13.0,4.0,20.0,29.0,33.0,5.0
250.0,1.0,4172.0,8.0,4.0,1.11,11.0,420.0,12.65,6.0,13.0,4.0,20.0,29.0,33.0,5.0
250.0,1.0,4172.0,8.0,4.0,1.11,11.0,420.0,12.65,6.0,13.0,4.0,20.0,29.0,33.0,5.0
265.0,1.0,4172.0,8.0,4.0,1.11,11.0,430.0,12.95,6.0,13.0,4.0,20.0,29.0,33.0,5.0
265.0,1.0,4172.0,8.0,4.0,1.11,11.0,430.0,12.95,6.0,13.0,4.0,20.0,29.0,33.0,5.0
200.0,1.0,4266.0,8.0,4.0,934.0,10.0,390.0,11.49,6.0,11.0,2.0,19.0,27.0,33.0,3.0
205.0,1.0,4266.0,8.0,4.0,934.0,10.0,400.0,11.78,6.0,11.0,2.0,19.0,27.0,33.0,3.0
205.0,1.0,4266.0,8.0,4.0,934.0,10.0,400.0,11.78,6.0,11.0,2.0,19.0,27.0,33.0,3.0
205.0,1.0,4266.0,8.0,4.0,934.0,10.0,400.0,11.78,6.0,11.0,2.0,19.0,27.0,33.0,3.0
205.0,1.0,4266.0,8.0,4.0,934.0,10.0,400.0,11.78,6.0,11.0,2.0,19.0,27.0,33.0,3.0
205.0,1.0,4266.0,8.0,4.0,934.0,10.0,400.0,11.78,6.0,11.0,2.0,19.0,27.0,33.0,3.0
205.0,1.0,4266.0,8.0,4.0,934.0,10.0,400.0,11.78,6.0,11.0,2.0,19.0,27.0,33.0,3.0
205.0,1.0,4266.0,8.0,4.0,934.0,10.0,400.0,11.78,6.0,11.0,2.0,19.0,27.0,33.0,3.0
205.0,1.0,4266.0,8.0,4.0,934.0,10.0,400.0,11.78,6.0,11.0,2.0,19.0,27.0,33.0,3.0
210.0,1.0,4398.0,8.0,4.0,899.0,10.0,440.0,12.57,6.0,9.0,4.0,21.0,28.0,33.0,4.0
210.0,1.0,4398.0,8.0,4.0,899.0,10.0,440.0,12.57,6.0,9.0,4.0,21.0,28.0,33.0,4.0
210.0,1.0,4398.0,8.0,4.0,899.0,10.0,440.0,12.57,6.0,9.0,4.0,21.0,29.0,33.0,4.0
210.0,1.0,4398.0,8.0,4.0,899.0,10.0,440.0,12.57,6.0,9.0,4.0,21.0,29.0,33.0,4.0
210.0,1.0,4398.0,8.0,4.0,899.0,10.0,440.0,12.57,6.0,9.0,4.0,21.0,28.0,33.0,4.0
210.0,1.0,4398.0,8.0,4.0,899.0,10.0,440.0,12.57,6.0,9.0,4.0,21.0,28.0,33.0,4.0
210.0,1.0,4398.0,8.0,4.0,899.0,10.0,440.0,12.57,6.0,9.0,4.0,21.0,28.0,33.0,4.0
260.0,1.0,4398.0,8.0,4.0,899.0,9.0,570.0,16.29,6.0,9.0,4.0,21.0,27.0,33.0,4.0
165.0,1.0,4552.0,8.0,4.0,872.0,9.0,380.0,10.49,7.0,15.0,1.0,23.0,0.0,0.0,2.0
205.0,1.0,4565.0,8.0,4.0,0.93,10.0,407.0,11.2,6.0,9.0,4.0,21.0,27.0,33.0,4.0
224.0,1.0,4565.0,8.0,4.0,0.93,10.0,400.0,11.01,6.0,9.0,4.0,21.0,27.0,33.0,4.0
162.0,1.0,4698.0,8.0,4.0,0.93,9.0,390.0,10.43,6.0,15.0,2.0,19.0,27.0,33.0,2.0
294.0,1.0,4941.0,8.0,4.0,0.947,11.0,500.0,12.72,6.0,11.0,4.0,21.0,28.0,34.0,4.0
294.0,1.0,4941.0,8.0,4.0,0.947,11.0,500.0,12.72,6.0,11.0,4.0,21.0,28.0,34.0,4.0
218.0,1.0,4966.0,8.0,4.0,866.0,10.0,456.0,11.54,6.0,11.0,2.0,19.0,27.0,33.0,3.0
218.0,1.0,4966.0,8.0,4.0,866.0,10.0,456.0,11.54,6.0,11.0,2.0,19.0,27.0,33.0,3.0
218.0,1.0,4966.0,8.0,4.0,866.0,10.0,456.0,11.54,6.0,11.0,2.0,19.0,27.0,33.0,3.0
220.0,1.0,4966.0,8.0,4.0,866.0,10.0,460.0,11.64,6.0,11.0,2.0,19.0,27.0,33.0,3.0
225.0,1.0,4966.0,8.0,4.0,866.0,10.0,460.0,11.64,6.0,11.0,2.0,19.0,27.0,33.0,3.0
225.0,1.0,4966.0,8.0,4.0,866.0,10.0,460.0,11.64,6.0,11.0,2.0,19.0,27.0,33.0,3.0
225.0,1.0,4966.0,8.0,4.0,866.0,10.0,460.0,11.64,6.0,11.0,2.0,19.0,27.0,33.0,3.0
225.0,1.0,4966.0,8.0,4.0,866.0,10.0,460.0,11.64,6.0,11.0,2.0,19.0,27.0,33.0,3.0
227.0,1.0,4997.0,8.0,4.0,0.957,10.0,481.0,12.1,7.0,15.0,1.0,23.0,0.0,0.0,2.0
201.0,1.0,5327.0,8.0,4.0,958.0,10.0,427.0,10.07,7.0,15.0,1.0,23.0,27.0,33.0,2.0
260.0,1.0,5341.0,8.0,4.0,0.85,10.0,500.0,11.76,6.0,11.0,2.0,21.0,0.0,0.0,4.0
260.0,1.0,5341.0,8.0,4.0,0.85,10.0,500.0,11.76,6.0,11.0,2.0,21.0,0.0,0.0,4.0
410.0,1.0,5341.0,8.0,4.0,0.85,8.0,745.0,17.53,6.0,11.0,2.0,21.0,0.0,0.0,4.0
240.0,1.0,5379.0,12.0,4.0,929.0,10.0,490.0,11.45,6.0,9.0,2.0,20.0,27.0,33.0,2.0
240.0,1.0,5379.0,12.0,4.0,929.0,10.0,490.0,11.45,6.0,9.0,2.0,20.0,27.0,33.0,2.0
255.0,1.0,5439.0,8.0,4.0,0.949,11.0,510.0,11.78,6.0,11.0,2.0,19.0,27.0,33.0,3.0
260.0,1.0,5439.0,8.0,4.0,0.949,11.0,530.0,12.25,6.0,11.0,2.0,19.0,27.0,33.0,3.0
260.0,1.0,5439.0,8.0,4.0,0.949,11.0,530.0,12.25,6.0,11.0,2.0,19.0,27.0,33.0,3.0
325.0,1.0,5474.0,12.0,4.0,852.0,11.0,550.0,12.63,6.0,12.0,4.0,21.0,27.0,33.0,4.0
357.0,1.0,5474.0,12.0,4.0,852.0,11.0,569.0,13.06,6.0,12.0,4.0,21.0,27.0,33.0,4.0
253.0,1.0,5665.0,8.0,4.0,929.0,10.0,483.0,10.71,7.0,15.0,1.0,23.0,27.0,33.0,2.0
253.0,1.0,5665.0,8.0,4.0,929.0,10.0,483.0,10.71,7.0,15.0,1.0,23.0,27.0,33.0,2.0
253.0,1.0,5665.0,8.0,4.0,929.0,10.0,483.0,10.71,7.0,15.0,1.0,23.0,27.0,33.0,2.0
253.0,1.0,5665.0,8.0,4.0,929.0,10.0,483.0,10.71,7.0,15.0,1.0,23.0,27.0,33.0,2.0
390.0,1.0,5707.0,12.0,4.0,0.92,10.0,605.0,13.32,6.0,15.0,4.0,21.0,28.0,33.0,4.0
390.0,1.0,5707.0,12.0,4.0,0.92,10.0,605.0,13.32,6.0,15.0,4.0,21.0,28.0,33.0,4.0
390.0,1.0,5707.0,12.0,4.0,0.92,10.0,605.0,13.32,6.0,15.0,4.0,21.0,28.0,33.0,4.0
270.0,1.0,5786.0,12.0,4.0,1.36,10.0,530.0,11.51,6.0,11.0,2.0,19.0,28.0,34.0,3.0
270.0,1.0,5786.0,12.0,4.0,1.36,10.0,530.0,11.51,6.0,11.0,2.0,19.0,28.0,34.0,3.0
309.0,1.0,5935.0,12.0,4.0,893.0,10.0,540.0,11.43,6.0,11.0,4.0,21.0,0.0,0.0,4.0
309.0,1.0,5935.0,12.0,4.0,893.0,10.0,540.0,11.43,6.0,11.0,4.0,21.0,0.0,0.0,4.0
309.0,1.0,5935.0,12.0,4.0,893.0,10.0,540.0,11.43,6.0,11.0,4.0,21.0,0.0,0.0,4.0
309.0,1.0,5935.0,12.0,4.0,893.0,10.0,540.0,11.43,6.0,11.0,4.0,21.0,0.0,0.0,4.0
423.0,1.0,5992.0,12.0,4.0,966.0,11.0,630.0,13.21,6.0,15.0,4.0,21.0,28.0,33.0,4.0
286.0,1.0,6750.0,8.0,4.0,951.0,8.0,750.0,13.96,7.0,16.0,1.0,23.0,0.0,0.0,2.0
286.0,1.0,6750.0,8.0,4.0,951.0,8.0,750.0,13.96,7.0,16.0,1.0,23.0,0.0,0.0,2.0
298.0,1.0,6750.0,8.0,4.0,951.0,8.0,830.0,15.45,7.0,16.0,1.0,23.0,0.0,0.0,2.0
300.0,1.0,6750.0,8.0,4.0,951.0,8.0,835.0,15.55,7.0,16.0,1.0,23.0,0.0,0.0,2.0
312.0,1.0,6750.0,8.0,4.0,951.0,8.0,875.0,16.29,7.0,16.0,1.0,23.0,0.0,0.0,2.0
