0,1,2,3,4,5,6,7,8,9,10,11,12,13,14,15,16,17,18,19,20,21,22,23,24,25,26,27,28,29,30,31,32
69.0,1.0,4.0,10.0,3.0,12.0,796.0,38.0,9.0,5900.0,9999.0,9999.0,9999.0,10.89,1.51,21.0,23.0,29.0,2.0,9999.0,9999.0,9999.0,9999.0,9999.0,9999.0,20.4,34.0,40.0,1.0,47.0,52.0,58.0,61.0
70.0,1.0,5.0,10.0,3.0,12.0,599.0,33.0,10.0,5250.0,800.0,6000.0,6000.0,14.69,992.0,16.0,23.0,29.0,2.0,6.0,30.0,8.5,6.0,25.0,8.5,21.8,34.0,37.0,1.0,48.0,52.0,58.0,61.0
76.0,1.0,4.0,10.0,3.0,12.0,993.0,39.0,10.0,5700.0,850.0,9999.0,9999.0,9.62,1.41,17.0,23.0,29.0,2.0,7.0,35.0,9999.0,7.0,28.0,9999.0,20.1,34.0,40.0,1.0,47.0,55.0,58.0,61.0
76.0,1.0,4.0,10.0,3.0,12.0,993.0,39.0,10.0,5700.0,850.0,9999.0,9999.0,9.62,1.41,17.0,23.0,29.0,2.0,7.0,35.0,9999.0,7.0,28.0,9999.0,20.1,34.0,40.0,1.0,47.0,55.0,58.0,61.0
82.0,1.0,4.0,10.0,3.0,12.0,973.0,40.0,10.0,5600.0,900.0,9999.0,9999.0,10.59,1.84,16.0,23.0,29.0,4.0,5.0,28.0,6.9,5.0,25.0,7.4,21.6,34.0,37.0,2.0,47.0,52.0,58.0,61.0
88.0,1.0,5.0,10.0,3.0,12.0,599.0,40.0,10.0,5250.0,800.0,6000.0,6000.0,18.46,992.0,16.0,23.0,29.0,2.0,6.0,30.0,8.5,6.0,25.0,8.5,18.0,34.0,37.0,1.0,48.0,52.0,58.0,61.0
88.0,1.0,5.0,10.0,3.0,12.0,599.0,40.0,10.0,5250.0,800.0,6000.0,6000.0,18.46,992.0,16.0,23.0,29.0,2.0,6.0,30.0,8.5,6.0,25.0,8.5,18.3,34.0,37.0,1.0,48.0,52.0,58.0,61.0
88.0,1.0,5.0,10.0,3.0,12.0,599.0,40.0,10.0,5250.0,800.0,6000.0,6000.0,18.46,992.0,16.0,23.0,29.0,2.0,6.0,30.0,8.5,6.0,25.0,8.5,18.3,34.0,37.0,1.0,48.0,52.0,58.0,61.0
88.0,1.0,4.0,10.0,3.0,12.0,989.0,41.0,10.0,5200.0,9999.0,9999.0,9999.0,11.18,1125.0,17.0,23.0,29.0,4.0,9999.0,9999.0,9999.0,9999.0,9999.0,9999.0,19.8,34.0,42.0,2.0,47.0,52.0,58.0,61.0
88.0,1.0,4.0,10.0,3.0,12.0,989.0,41.0,10.0,5200.0,9999.0,9999.0,9999.0,11.18,1125.0,17.0,23.0,29.0,4.0,9999.0,9999.0,9999.0,9999.0,9999.0,9999.0,20.0,34.0,42.0,2.0,47.0,52.0,58.0,61.0
88.0,1.0,4.0,10.0,3.0,12.0,989.0,41.0,10.0,5200.0,9999.0,9999.0,9999.0,11.18,1125.0,17.0,23.0,29.0,4.0,9999.0,9999.0,9999.0,9999.0,9999.0,9999.0,20.6,34.0,42.0,2.0,47.0,52.0,58.0,61.0
88.0,1.0,4.0,10.0,3.0,12.0,989.0,41.0,10.0,5200.0,9999.0,9999.0,9999.0,11.18,1125.0,17.0,23.0,29.0,4.0,9999.0,9999.0,9999.0,9999.0,9999.0,9999.0,17.6,34.0,42.0,2.0,47.0,52.0,58.0,61.0
88.0,1.0,4.0,10.0,3.0,12.0,989.0,41.0,10.0,5200.0,9999.0,9999.0,9999.0,11.18,1125.0,17.0,23.0,29.0,4.0,9999.0,9999.0,9999.0,9999.0,9999.0,9999.0,19.9,34.0,42.0,2.0,47.0,52.0,58.0,61.0
88.0,1.0,4.0,10.0,3.0,12.0,989.0,41.0,10.0,5200.0,9999.0,9999.0,9999.0,11.18,1125.0,17.0,23.0,29.0,4.0,9999.0,9999.0,9999.0,9999.0,9999.0,9999.0,20.1,34.0,42.0,2.0,47.0,52.0,58.0,61.0
88.0,1.0,6.0,10.0,3.0,12.0,989.0,41.0,10.0,5200.0,9999.0,9999.0,9999.0,11.18,1125.0,17.0,23.0,29.0,4.0,9999.0,9999.0,9999.0,9999.0,9999.0,9999.0,21.0,34.0,42.0,2.0,47.0,52.0,58.0,61.0
88.0,1.0,6.0,10.0,3.0,12.0,989.0,41.0,10.0,5200.0,9999.0,9999.0,9999.0,11.18,1125.0,17.0,23.0,29.0,4.0,9999.0,9999.0,9999.0,9999.0,9999.0,9999.0,21.2,34.0,42.0,2.0,47.0,52.0,58.0,61.0
88.0,1.0,4.0,10.0,3.0,12.0,989.0,41.0,10.0,5200.0,9999.0,9999.0,9999.0,11.18,1125.0,17.0,23.0,29.0,4.0,9999.0,9999.0,9999.0,9999.0,9999.0,9999.0,17.6,34.0,42.0,2.0,47.0,52.0,58.0,61.0
88.0,1.0,4.0,10.0,3.0,12.0,989.0,41.0,10.0,5200.0,9999.0,9999.0,9999.0,11.18,1125.0,17.0,23.0,29.0,4.0,9999.0,9999.0,9999.0,9999.0,9999.0,9999.0,17.6,34.0,42.0,2.0,47.0,52.0,58.0,61.0
88.0,1.0,4.0,10.0,3.0,12.0,989.0,41.0,10.0,5200.0,9999.0,9999.0,9999.0,11.18,1125.0,17.0,23.0,29.0,4.0,9999.0,9999.0,9999.0,9999.0,9999.0,9999.0,17.8,34.0,42.0,2.0,47.0,52.0,58.0,61.0
88.0,1.0,4.0,10.0,3.0,12.0,989.0,41.0,10.0,5200.0,9999.0,9999.0,9999.0,11.18,1125.0,17.0,23.0,29.0,4.0,9999.0,9999.0,9999.0,9999.0,9999.0,9999.0,17.6,34.0,42.0,2.0,47.0,52.0,58.0,61.0
100.0,1.0,5.0,11.0,3.0,12.0,799.0,30.0,19.0,4200.0,825.0,4500.0,4500.0,15.73,1.26,16.0,23.0,29.0,2.0,6.0,27.6,6.7,6.0,25.3,7.0,24.3,34.0,37.0,1.0,48.0,53.0,57.0,62.0
113.0,1.0,7.0,10.0,3.0,12.0,995.0,56.0,11.0,5700.0,9999.0,9999.0,9999.0,14.27,1.132,15.0,28.0,29.0,4.0,9999.0,9999.0,9999.0,9999.0,9999.0,9999.0,15.2,34.0,40.0,1.0,47.0,52.0,58.0,61.0
140.0,1.0,4.0,11.0,3.0,12.0,1191.0,45.0,20.0,4000.0,875.0,5000.0,9999.0,14.77,1129.0,17.0,0.0,0.0,2.0,7.0,36.0,9999.0,7.0,31.5,9999.0,18.4,34.0,40.0,1.0,48.0,53.0,58.0,64.0
195.0,1.0,4.0,11.0,3.0,12.0,1422.0,55.0,20.0,4000.0,680.0,9999.0,9999.0,17.23,1.21,17.0,0.0,0.0,2.0,7.0,36.0,9999.0,7.0,31.5,9999.0,18.0,34.0,40.0,1.0,48.0,53.0,57.0,64.0
195.0,1.0,4.0,11.0,3.0,12.0,1422.0,55.0,20.0,4000.0,950.0,4800.0,9999.0,17.23,1.21,17.0,0.0,0.0,2.0,7.0,36.0,9999.0,7.0,31.5,9999.0,17.5,34.0,40.0,1.0,48.0,53.0,57.0,64.0
65.0,1.0,4.0,10.0,4.0,12.0,899.0,29.0,9.0,5500.0,850.0,9999.0,9999.0,9.09,1.42,19.0,23.0,29.0,2.0,7.0,29.0,9999.0,7.0,26.0,9999.0,25.3,35.0,39.0,1.0,47.0,55.0,58.0,61.0
77.0,1.0,4.0,10.0,4.0,12.0,993.0,40.0,9.0,5500.0,9999.0,9999.0,9999.0,9.74,847.0,21.0,23.0,29.0,2.0,9999.0,9999.0,9999.0,9999.0,9999.0,9999.0,19.0,34.0,40.0,1.0,47.0,52.0,58.0,61.0
77.0,1.0,4.0,10.0,4.0,12.0,993.0,40.0,9.0,5500.0,9999.0,9999.0,9999.0,9.74,847.0,21.0,23.0,29.0,2.0,9999.0,9999.0,9999.0,9999.0,9999.0,9999.0,19.1,34.0,40.0,1.0,47.0,52.0,58.0,61.0
79.0,1.0,4.0,10.0,4.0,12.0,998.0,40.0,10.0,6000.0,650.0,9999.0,9999.0,9.95,887.0,17.0,23.0,29.0,4.0,5.5,27.5,9999.0,5.5,22.5,9999.0,20.9,34.0,43.0,2.0,47.0,52.0,57.0,61.0
79.0,1.0,4.0,10.0,4.0,12.0,998.0,40.0,10.0,6000.0,650.0,9999.0,9999.0,9.95,887.0,17.0,23.0,29.0,4.0,5.5,27.5,9999.0,5.5,22.5,9999.0,20.9,34.0,43.0,2.0,47.0,52.0,57.0,61.0
79.0,1.0,4.0,10.0,4.0,12.0,998.0,40.0,10.0,6000.0,650.0,9999.0,9999.0,9.95,887.0,17.0,23.0,29.0,4.0,5.5,27.5,9999.0,5.5,22.5,9999.0,20.9,34.0,43.0,2.0,47.0,52.0,57.0,61.0
79.0,1.0,4.0,10.0,4.0,12.0,998.0,40.0,10.0,6000.0,775.0,9999.0,9999.0,9.95,887.0,17.0,23.0,29.0,4.0,5.5,27.5,9999.0,5.5,22.5,9999.0,21.5,34.0,43.0,2.0,47.0,52.0,57.0,61.0
82.0,1.0,4.0,10.0,4.0,12.0,999.0,40.0,10.0,5500.0,9999.0,9999.0,9999.0,10.31,1.16,21.0,23.0,29.0,3.0,9999.0,9999.0,9999.0,9999.0,9999.0,9999.0,21.2,34.0,40.0,1.0,47.0,52.0,58.0,61.0
82.0,1.0,4.0,10.0,4.0,12.0,999.0,40.0,10.0,5500.0,9999.0,9999.0,9999.0,10.31,1.16,21.0,23.0,29.0,3.0,9999.0,9999.0,9999.0,9999.0,9999.0,9999.0,21.2,34.0,40.0,1.0,47.0,52.0,58.0,61.0
82.0,1.0,4.0,10.0,4.0,12.0,999.0,40.0,10.0,5500.0,9999.0,9999.0,9999.0,10.31,1.16,21.0,23.0,29.0,3.0,9999.0,9999.0,9999.0,9999.0,9999.0,9999.0,21.2,34.0,40.0,1.0,47.0,52.0,58.0,61.0
82.0,1.0,4.0,10.0,4.0,12.0,999.0,40.0,10.0,5500.0,9999.0,9999.0,9999.0,10.31,1.16,21.0,23.0,29.0,3.0,9999.0,9999.0,9999.0,9999.0,9999.0,9999.0,21.2,34.0,40.0,1.0,47.0,52.0,58.0,61.0
84.0,1.0,4.0,10.0,4.0,12.0,997.0,37.0,10.0,5000.0,9999.0,9999.0,9999.0,10.59,0.85,21.0,23.0,29.0,2.0,9999.0,9999.0,9999.0,9999.0,9999.0,9999.0,28.0,35.0,43.0,1.0,47.0,52.0,58.0,61.0
84.0,1.0,4.0,10.0,4.0,12.0,1296.0,44.0,10.0,6000.0,850.0,9999.0,9999.0,8.14,0.94,21.0,23.0,29.0,4.0,9999.0,9999.0,9999.0,9999.0,9999.0,9999.0,18.9,34.0,40.0,1.0,47.0,52.0,58.0,61.0
84.0,1.0,4.0,10.0,4.0,12.0,1296.0,44.0,10.0,6000.0,850.0,9999.0,9999.0,8.14,0.94,21.0,23.0,29.0,4.0,9999.0,9999.0,9999.0,9999.0,9999.0,9999.0,18.9,34.0,40.0,1.0,47.0,52.0,58.0,61.0
85.0,1.0,4.0,10.0,4.0,12.0,973.0,43.0,10.0,5600.0,900.0,9999.0,9999.0,10.98,1.84,16.0,23.0,29.0,4.0,5.0,28.0,6.9,5.0,25.0,7.4,21.9,34.0,37.0,2.0,47.0,52.0,58.0,61.0
86.0,1.0,4.0,10.0,4.0,12.0,999.0,37.0,11.0,5000.0,9999.0,9999.0,9999.0,10.82,1.52,16.0,23.0,29.0,2.0,9999.0,31.0,8.5,9999.0,26.0,8.5,23.5,34.0,40.0,1.0,47.0,52.0,58.0,61.0
86.0,1.0,4.0,10.0,4.0,12.0,999.0,37.0,11.0,5000.0,9999.0,9999.0,9999.0,10.82,1.52,16.0,23.0,29.0,2.0,9999.0,31.0,8.5,9999.0,26.0,8.5,24.4,34.0,40.0,1.0,47.0,52.0,58.0,61.0
86.0,1.0,4.0,10.0,4.0,12.0,999.0,37.0,11.0,5000.0,700.0,9999.0,9999.0,10.82,1.52,16.0,23.0,29.0,2.0,9999.0,31.0,8.5,9999.0,26.0,8.5,23.6,34.0,40.0,1.0,47.0,52.0,58.0,61.0
86.0,1.0,4.0,10.0,4.0,12.0,1108.0,40.0,10.0,5500.0,9999.0,9999.0,9999.0,9.75,1.29,17.0,23.0,29.0,2.0,7.0,30.4,8.8,7.0,27.4,8.8,18.8,34.0,40.0,1.0,47.0,55.0,58.0,61.0
86.0,1.0,4.0,10.0,4.0,12.0,1108.0,40.0,10.0,5500.0,9999.0,9999.0,9999.0,9.75,1.29,17.0,23.0,29.0,2.0,7.0,30.4,8.8,7.0,27.4,8.8,18.4,34.0,40.0,1.0,47.0,55.0,58.0,61.0
88.0,1.0,4.0,10.0,4.0,12.0,1124.0,44.0,9.0,6200.0,850.0,9999.0,9999.0,9.84,958.0,21.0,23.0,29.0,2.0,7.0,36.8,8.2,7.0,29.4,8.2,18.3,34.0,40.0,1.0,47.0,55.0,58.0,61.0
90.0,1.0,4.0,10.0,4.0,12.0,998.0,50.0,10.0,6000.0,550.0,9999.0,9999.0,11.33,0.967,17.0,25.0,29.0,4.0,5.0,26.0,7.2,5.0,22.6,6.8,17.0,34.0,39.0,2.0,47.0,52.0,57.0,61.0
90.0,1.0,4.0,10.0,4.0,12.0,998.0,50.0,10.0,6000.0,550.0,9999.0,9999.0,11.33,0.967,17.0,25.0,29.0,4.0,5.0,26.0,7.2,5.0,22.6,6.8,17.0,34.0,39.0,2.0,47.0,52.0,57.0,61.0
90.0,1.0,4.0,10.0,4.0,12.0,998.0,50.0,10.0,6000.0,550.0,9999.0,9999.0,11.33,0.967,17.0,25.0,29.0,4.0,5.0,26.0,7.2,5.0,22.6,6.8,16.8,34.0,39.0,2.0,47.0,52.0,57.0,61.0
91.0,1.0,4.0,10.0,4.0,12.0,1124.0,44.0,10.0,5600.0,850.0,6500.0,9999.0,10.17,958.0,16.0,23.0,29.0,2.0,7.0,36.8,8.2,7.0,29.4,8.2,20.7,34.0,40.0,1.0,47.0,55.0,58.0,61.0
91.0,1.0,4.0,10.0,4.0,12.0,1124.0,44.0,10.0,5600.0,850.0,6500.0,9999.0,10.17,958.0,16.0,23.0,29.0,2.0,7.0,36.8,8.2,7.0,29.4,8.2,20.7,34.0,40.0,1.0,47.0,55.0,58.0,61.0
91.0,1.0,4.0,10.0,4.0,12.0,1124.0,44.0,10.0,5600.0,850.0,6500.0,9999.0,10.17,958.0,16.0,23.0,29.0,2.0,7.0,36.8,8.2,7.0,29.4,8.2,20.7,34.0,40.0,1.0,47.0,55.0,58.0,61.0
91.0,1.0,4.0,10.0,4.0,12.0,1124.0,44.0,10.0,5600.0,850.0,6500.0,9999.0,10.17,958.0,16.0,23.0,29.0,2.0,7.0,36.8,8.2,7.0,29.4,8.2,20.7,34.0,40.0,1.0,47.0,55.0,58.0,61.0
91.0,1.0,4.0,10.0,4.0,12.0,1124.0,44.0,10.0,5600.0,850.0,6500.0,9999.0,10.17,958.0,16.0,23.0,29.0,2.0,7.0,36.8,8.2,7.0,29.4,8.2,20.7,34.0,40.0,1.0,47.0,55.0,58.0,61.0
91.0,1.0,4.0,10.0,4.0,12.0,1124.0,44.0,10.0,5600.0,850.0,6500.0,9999.0,10.17,958.0,16.0,23.0,29.0,2.0,7.0,36.8,8.2,7.0,29.4,8.2,20.7,34.0,40.0,1.0,47.0,55.0,58.0,61.0
91.0,1.0,4.0,10.0,4.0,12.0,1124.0,44.0,10.0,5600.0,850.0,6500.0,9999.0,10.17,958.0,16.0,23.0,29.0,2.0,7.0,36.8,8.2,7.0,29.4,8.2,20.7,34.0,40.0,1.0,47.0,55.0,58.0,61.0
93.0,1.0,4.0,10.0,4.0,12.0,1149.0,43.0,10.0,5250.0,740.0,6100.0,9999.0,10.17,1113.0,15.0,23.0,29.0,2.0,9999.0,9999.0,9999.0,9999.0,9999.0,9999.0,20.5,34.0,40.0,1.0,47.0,52.0,58.0,61.0
93.0,1.0,4.0,10.0,4.0,12.0,1149.0,43.0,10.0,5250.0,740.0,6100.0,9999.0,10.17,1113.0,15.0,23.0,29.0,2.0,9999.0,9999.0,9999.0,9999.0,9999.0,9999.0,20.9,34.0,40.0,1.0,47.0,52.0,58.0,61.0
93.0,1.0,4.0,10.0,4.0,12.0,1149.0,43.0,10.0,5250.0,740.0,6100.0,9999.0,10.17,1113.0,15.0,23.0,29.0,2.0,9999.0,9999.0,9999.0,9999.0,9999.0,9999.0,19.1,34.0,40.0,1.0,47.0,52.0,58.0,61.0
93.0,1.0,4.0,10.0,4.0,12.0,1149.0,43.0,10.0,5250.0,740.0,6100.0,9999.0,10.17,1113.0,15.0,23.0,29.0,2.0,9999.0,9999.0,9999.0,9999.0,9999.0,9999.0,19.1,34.0,40.0,1.0,47.0,52.0,58.0,61.0
93.0,1.0,4.0,10.0,4.0,12.0,1149.0,43.0,10.0,5250.0,740.0,6100.0,9999.0,10.17,1113.0,15.0,23.0,29.0,2.0,9999.0,9999.0,9999.0,9999.0,9999.0,9999.0,19.7,34.0,40.0,1.0,47.0,52.0,58.0,61.0
93.0,1.0,4.0,10.0,4.0,12.0,1297.0,37.0,10.0,5000.0,9999.0,9999.0,9999.0,9.01,1.21,19.0,23.0,29.0,2.0,7.0,34.5,5.3,7.0,29.0,5.1,25.2,35.0,37.0,1.0,47.0,52.0,57.0,61.0
93.0,1.0,4.0,10.0,4.0,12.0,1297.0,37.0,10.0,5000.0,9999.0,9999.0,9999.0,9.01,1.21,19.0,23.0,29.0,2.0,7.0,34.5,5.3,7.0,29.0,5.1,25.6,35.0,37.0,1.0,47.0,52.0,57.0,61.0
95.0,1.0,4.0,11.0,4.0,12.0,1527.0,40.0,23.0,5000.0,800.0,5450.0,9999.0,7.82,1.65,17.0,23.0,29.0,2.0,7.0,37.0,8.9,7.0,31.6,8.9,22.3,34.0,40.0,1.0,47.0,54.0,59.0,63.0
95.0,1.0,4.0,11.0,4.0,12.0,1527.0,42.0,23.0,5000.0,800.0,5450.0,9999.0,7.82,1.65,17.0,23.0,29.0,2.0,7.0,37.0,8.9,7.0,31.6,8.9,21.4,34.0,40.0,1.0,47.0,54.0,59.0,63.0
98.0,1.0,4.0,10.0,4.0,12.0,1242.0,44.0,10.0,5500.0,900.0,9999.0,9999.0,9.92,1114.0,17.0,23.0,29.0,2.0,7.0,31.2,9999.0,7.0,27.2,9999.0,19.7,34.0,40.0,1.0,47.0,55.0,58.0,61.0
98.0,1.0,4.0,10.0,4.0,12.0,1242.0,44.0,10.0,5500.0,900.0,9999.0,9999.0,9.92,1114.0,17.0,23.0,29.0,2.0,7.0,31.2,9999.0,7.0,27.2,9999.0,20.2,34.0,40.0,1.0,47.0,55.0,58.0,61.0
99.0,1.0,4.0,10.0,4.0,12.0,1289.0,40.0,10.0,4500.0,800.0,9999.0,9999.0,9.65,0.954,21.0,23.0,29.0,2.0,9999.0,9999.0,9999.0,9999.0,9999.0,9999.0,23.4,35.0,43.0,1.0,47.0,52.0,58.0,61.0
99.0,1.0,6.0,10.0,4.0,12.0,1299.0,50.0,10.0,6000.0,800.0,9999.0,9999.0,9.58,1.2,21.0,23.0,29.0,2.0,7.0,36.0,9999.0,7.0,30.0,9999.0,17.3,34.0,40.0,1.0,47.0,55.0,58.0,61.0
99.0,1.0,6.0,10.0,4.0,12.0,1299.0,50.0,10.0,6000.0,800.0,9999.0,9999.0,9.58,1.2,21.0,23.0,29.0,2.0,7.0,36.0,9999.0,7.0,30.0,9999.0,17.9,34.0,40.0,1.0,47.0,55.0,58.0,61.0
99.0,1.0,4.0,10.0,4.0,12.0,1299.0,50.0,10.0,6000.0,800.0,9999.0,9999.0,9.58,1.2,21.0,23.0,29.0,2.0,7.0,36.0,9999.0,7.0,30.0,9999.0,16.1,34.0,40.0,1.0,47.0,55.0,58.0,61.0
102.0,1.0,4.0,10.0,4.0,12.0,1242.0,44.0,10.0,5000.0,9999.0,9999.0,9999.0,10.32,1114.0,17.0,23.0,29.0,2.0,7.0,31.2,9999.0,7.0,27.2,9999.0,19.5,34.0,40.0,1.0,47.0,55.0,58.0,61.0
102.0,1.0,4.0,10.0,4.0,12.0,1242.0,44.0,10.0,5000.0,9999.0,9999.0,9999.0,10.32,1114.0,17.0,23.0,29.0,2.0,7.0,31.2,9999.0,7.0,27.2,9999.0,19.9,34.0,40.0,1.0,47.0,55.0,58.0,61.0
102.0,1.0,4.0,10.0,4.0,12.0,1324.0,47.0,10.0,5200.0,9999.0,9999.0,9999.0,9.68,1178.0,21.0,23.0,29.0,2.0,9999.0,9999.0,9999.0,9999.0,9999.0,9999.0,16.9,34.0,40.0,1.0,47.0,52.0,58.0,61.0
102.0,1.0,4.0,10.0,4.0,12.0,1324.0,47.0,10.0,5200.0,9999.0,9999.0,9999.0,9.68,1178.0,21.0,23.0,29.0,2.0,9999.0,9999.0,9999.0,9999.0,9999.0,9999.0,18.0,34.0,40.0,1.0,47.0,52.0,58.0,61.0
102.0,1.0,4.0,10.0,4.0,12.0,1324.0,47.0,10.0,5200.0,9999.0,9999.0,9999.0,9.68,1178.0,21.0,23.0,29.0,2.0,9999.0,9999.0,9999.0,9999.0,9999.0,9999.0,16.9,34.0,40.0,1.0,47.0,52.0,58.0,61.0
102.0,1.0,4.0,10.0,4.0,12.0,1324.0,47.0,10.0,5200.0,9999.0,9999.0,9999.0,9.68,1178.0,21.0,23.0,29.0,2.0,9999.0,9999.0,9999.0,9999.0,9999.0,9999.0,18.0,34.0,40.0,1.0,47.0,52.0,58.0,61.0
102.0,1.0,4.0,10.0,4.0,12.0,1324.0,47.0,10.0,5200.0,9999.0,9999.0,9999.0,9.68,1178.0,21.0,23.0,29.0,2.0,9999.0,9999.0,9999.0,9999.0,9999.0,9999.0,18.6,34.0,40.0,1.0,47.0,52.0,58.0,61.0
103.0,1.0,4.0,10.0,4.0,12.0,1275.0,55.0,10.0,6000.0,650.0,9999.0,9999.0,10.15,1.134,17.0,23.0,29.0,4.0,5.5,27.5,7.9,5.5,22.5,7.9,15.6,34.0,43.0,2.0,47.0,52.0,57.0,61.0
103.0,1.0,4.0,10.0,4.0,12.0,1275.0,55.0,10.0,6000.0,650.0,9999.0,9999.0,10.15,1.134,17.0,23.0,29.0,4.0,5.5,27.5,7.9,5.5,22.5,7.9,16.0,34.0,43.0,2.0,47.0,52.0,57.0,61.0
103.0,2.0,8.0,10.0,4.0,12.0,1299.0,51.0,10.0,6000.0,800.0,9999.0,9999.0,9.96,1.2,21.0,23.0,29.0,2.0,7.0,36.0,9999.0,7.0,30.0,9999.0,19.4,34.0,40.0,1.0,47.0,55.0,58.0,61.0
103.0,2.0,8.0,10.0,4.0,12.0,1299.0,51.0,10.0,6000.0,800.0,9999.0,9999.0,9.96,1.2,21.0,23.0,29.0,2.0,7.0,36.0,9999.0,7.0,30.0,9999.0,19.1,34.0,40.0,1.0,47.0,55.0,58.0,61.0
104.0,1.0,4.0,10.0,4.0,12.0,1241.0,54.0,10.0,6000.0,9999.0,9999.0,9999.0,10.53,1113.0,17.0,23.0,29.0,2.0,7.0,31.4,9.5,7.0,27.4,9.5,19.0,34.0,40.0,1.0,47.0,52.0,58.0,61.0
104.0,2.0,5.0,10.0,4.0,12.0,1299.0,59.0,10.0,6000.0,750.0,9999.0,9999.0,10.06,1.2,22.0,23.0,29.0,4.0,5.5,9999.0,9999.0,5.5,9999.0,9999.0,16.7,34.0,40.0,1.0,47.0,52.0,57.0,61.0
104.0,2.0,8.0,10.0,4.0,12.0,1299.0,59.0,10.0,6000.0,750.0,9999.0,9999.0,10.06,1.2,22.0,23.0,29.0,4.0,5.5,9999.0,9999.0,5.5,9999.0,9999.0,17.5,34.0,40.0,1.0,47.0,52.0,57.0,61.0
104.0,2.0,8.0,10.0,4.0,12.0,1299.0,59.0,10.0,6000.0,750.0,9999.0,9999.0,10.06,1.2,22.0,23.0,29.0,4.0,5.5,9999.0,9999.0,5.5,9999.0,9999.0,17.8,34.0,40.0,1.0,47.0,52.0,57.0,61.0
105.0,1.0,4.0,10.0,4.0,12.0,1297.0,44.0,10.0,5000.0,9999.0,9999.0,9999.0,10.17,1.21,19.0,23.0,29.0,2.0,7.0,34.5,9999.0,7.0,29.0,9999.0,20.2,35.0,37.0,1.0,47.0,52.0,57.0,61.0
105.0,1.0,4.0,10.0,4.0,12.0,1296.0,62.0,10.0,6500.0,850.0,9999.0,9999.0,10.18,0.94,21.0,23.0,29.0,4.0,9999.0,9999.0,9999.0,9999.0,9999.0,9999.0,13.4,34.0,40.0,1.0,47.0,52.0,58.0,61.0
105.0,1.0,4.0,10.0,4.0,12.0,1296.0,62.0,10.0,6500.0,850.0,9999.0,9999.0,10.18,0.94,21.0,23.0,29.0,4.0,9999.0,9999.0,9999.0,9999.0,9999.0,9999.0,13.9,34.0,40.0,1.0,47.0,52.0,58.0,61.0
105.0,2.0,6.0,10.0,4.0,12.0,1296.0,61.0,10.0,6100.0,850.0,9999.0,9999.0,10.18,0.94,21.0,23.0,29.0,4.0,9999.0,9999.0,9999.0,9999.0,9999.0,9999.0,17.4,34.0,40.0,1.0,47.0,52.0,58.0,61.0
105.0,2.0,6.0,10.0,4.0,12.0,1296.0,61.0,10.0,6100.0,850.0,9999.0,9999.0,10.18,0.94,21.0,23.0,29.0,4.0,9999.0,9999.0,9999.0,9999.0,9999.0,9999.0,17.5,34.0,40.0,1.0,47.0,52.0,58.0,61.0
105.0,2.0,6.0,10.0,4.0,12.0,1296.0,61.0,10.0,6100.0,850.0,9999.0,9999.0,10.18,0.94,21.0,23.0,29.0,4.0,9999.0,9999.0,9999.0,9999.0,9999.0,9999.0,17.5,34.0,40.0,1.0,47.0,52.0,58.0,61.0
106.0,1.0,4.0,10.0,4.0,12.0,1289.0,50.0,10.0,5000.0,800.0,9999.0,9999.0,10.33,0.954,21.0,23.0,29.0,2.0,9999.0,9999.0,9999.0,9999.0,9999.0,9999.0,18.7,35.0,43.0,1.0,47.0,52.0,58.0,61.0
106.0,1.0,4.0,10.0,4.0,12.0,1299.0,63.0,10.0,6000.0,9999.0,9999.0,9999.0,10.25,1.2,22.0,23.0,29.0,4.0,5.5,9999.0,9999.0,5.5,9999.0,9999.0,14.1,34.0,40.0,1.0,47.0,52.0,57.0,61.0
106.0,1.0,4.0,10.0,4.0,12.0,1299.0,63.0,10.0,6000.0,9999.0,9999.0,9999.0,10.25,1.2,22.0,23.0,29.0,4.0,5.5,9999.0,9999.0,5.5,9999.0,9999.0,14.6,34.0,40.0,1.0,47.0,52.0,57.0,61.0
106.0,1.0,4.0,10.0,4.0,12.0,1299.0,63.0,10.0,6000.0,9999.0,9999.0,9999.0,10.25,1.2,22.0,23.0,29.0,4.0,5.5,9999.0,9999.0,5.5,9999.0,9999.0,15.2,34.0,40.0,1.0,47.0,52.0,57.0,61.0
107.0,1.0,4.0,10.0,4.0,12.0,1390.0,55.0,10.0,6000.0,750.0,9999.0,9999.0,9.67,1.16,21.0,23.0,29.0,2.0,7.0,37.5,9999.0,7.0,33.5,9999.0,18.5,34.0,40.0,1.0,47.0,55.0,58.0,61.0
107.0,1.0,4.0,10.0,4.0,12.0,1299.0,55.0,10.0,6000.0,750.0,9999.0,9999.0,10.35,1155.0,15.0,23.0,29.0,3.0,6.5,9999.0,9999.0,6.5,9999.0,9999.0,17.5,34.0,40.0,1.0,47.0,52.0,58.0,61.0
107.0,1.0,4.0,10.0,4.0,12.0,1299.0,55.0,10.0,6000.0,750.0,9999.0,9999.0,10.35,1155.0,15.0,23.0,29.0,3.0,6.5,9999.0,9999.0,6.5,9999.0,9999.0,17.5,34.0,40.0,1.0,47.0,52.0,58.0,61.0
107.0,1.0,4.0,10.0,4.0,12.0,1299.0,55.0,10.0,6000.0,750.0,9999.0,9999.0,10.35,1155.0,15.0,23.0,29.0,3.0,6.5,9999.0,9999.0,6.5,9999.0,9999.0,18.1,34.0,40.0,1.0,47.0,52.0,58.0,61.0
108.0,1.0,4.0,10.0,4.0,12.0,1343.0,48.0,9.0,5000.0,9999.0,9999.0,9999.0,10.11,1.13,21.0,23.0,29.0,2.0,5.5,30.0,9999.0,5.5,26.0,9999.0,19.6,34.0,40.0,1.0,47.0,52.0,58.0,61.0
108.0,1.0,4.0,10.0,4.0,12.0,1343.0,48.0,9.0,5000.0,9999.0,9999.0,9999.0,10.11,1.13,21.0,23.0,29.0,2.0,5.5,30.0,9999.0,5.5,26.0,9999.0,20.0,34.0,40.0,1.0,47.0,52.0,58.0,61.0
108.0,1.0,4.0,10.0,4.0,12.0,1299.0,55.0,10.0,6000.0,750.0,9999.0,9999.0,10.45,1155.0,15.0,23.0,29.0,3.0,6.5,9999.0,9999.0,6.5,9999.0,9999.0,17.2,34.0,40.0,1.0,47.0,52.0,58.0,61.0
108.0,1.0,4.0,10.0,4.0,12.0,1299.0,55.0,10.0,6000.0,750.0,9999.0,9999.0,10.45,1155.0,15.0,23.0,29.0,3.0,6.5,9999.0,9999.0,6.5,9999.0,9999.0,17.6,34.0,40.0,1.0,47.0,52.0,58.0,61.0
108.0,1.0,4.0,10.0,4.0,12.0,1324.0,54.0,9.0,5500.0,750.0,9999.0,9999.0,10.25,1178.0,15.0,23.0,29.0,4.0,7.0,32.0,9999.0,7.0,28.0,9999.0,20.9,34.0,40.0,1.0,47.0,52.0,57.0,61.0
108.0,1.0,4.0,10.0,4.0,12.0,1324.0,54.0,9.0,5500.0,750.0,9999.0,9999.0,10.25,1178.0,15.0,23.0,29.0,4.0,7.0,32.0,9999.0,7.0,28.0,9999.0,21.2,34.0,40.0,1.0,47.0,52.0,57.0,61.0
108.0,1.0,4.0,10.0,4.0,12.0,1324.0,54.0,9.0,5500.0,750.0,9999.0,9999.0,10.25,1178.0,15.0,23.0,29.0,4.0,7.0,32.0,9999.0,7.0,28.0,9999.0,19.5,34.0,40.0,1.0,47.0,52.0,57.0,61.0
110.0,1.0,4.0,10.0,4.0,12.0,1242.0,55.0,10.0,5200.0,875.0,7500.0,9999.0,11.13,1.64,17.0,23.0,29.0,4.0,6.0,26.1,6.7,6.0,22.1,6.7,17.6,34.0,42.0,2.0,47.0,52.0,57.0,61.0
110.0,1.0,4.0,10.0,4.0,12.0,1242.0,55.0,10.0,5200.0,875.0,7500.0,9999.0,11.13,1.64,17.0,23.0,29.0,4.0,6.0,26.1,6.7,6.0,22.1,6.7,17.6,34.0,42.0,2.0,47.0,52.0,57.0,61.0
110.0,1.0,4.0,10.0,4.0,12.0,1199.0,48.0,10.0,5600.0,780.0,9999.0,9999.0,11.53,1.1,16.0,23.0,29.0,4.0,9999.0,28.0,9999.0,9999.0,25.0,9999.0,21.6,34.0,43.0,2.0,47.0,52.0,57.0,61.0
110.0,1.0,4.0,10.0,4.0,12.0,1199.0,48.0,10.0,5600.0,780.0,9999.0,9999.0,11.53,1.1,16.0,23.0,29.0,4.0,9999.0,28.0,9999.0,9999.0,25.0,9999.0,22.0,34.0,43.0,2.0,47.0,52.0,57.0,61.0
110.0,1.0,4.0,10.0,4.0,12.0,1199.0,48.0,10.0,5600.0,780.0,9999.0,9999.0,11.53,1.1,16.0,23.0,29.0,4.0,9999.0,28.0,9999.0,9999.0,25.0,9999.0,18.6,34.0,43.0,2.0,47.0,52.0,57.0,61.0
110.0,1.0,4.0,10.0,4.0,12.0,1199.0,48.0,10.0,5600.0,780.0,9999.0,9999.0,11.53,1.1,16.0,23.0,29.0,4.0,9999.0,28.0,9999.0,9999.0,25.0,9999.0,18.9,34.0,43.0,2.0,47.0,52.0,57.0,61.0
110.0,1.0,4.0,10.0,4.0,12.0,1199.0,48.0,10.0,5600.0,780.0,9999.0,9999.0,11.53,1.1,16.0,23.0,29.0,4.0,9999.0,28.0,9999.0,9999.0,25.0,9999.0,19.6,34.0,43.0,2.0,47.0,52.0,57.0,61.0
110.0,1.0,4.0,10.0,4.0,12.0,1396.0,62.0,11.0,6000.0,9999.0,9999.0,9999.0,9.9,1.53,17.0,23.0,29.0,4.0,6.0,9999.0,9999.0,6.0,9999.0,9999.0,16.3,34.0,40.0,2.0,47.0,52.0,58.0,61.0
110.0,1.0,4.0,10.0,4.0,12.0,1242.0,55.0,10.0,5200.0,9999.0,7500.0,9999.0,11.13,1.64,17.0,23.0,29.0,4.0,6.0,26.1,6.7,6.0,22.1,6.7,16.6,34.0,40.0,2.0,47.0,52.0,57.0,61.0
111.0,1.0,4.0,10.0,4.0,12.0,1361.0,55.0,10.0,5500.0,9999.0,9999.0,9999.0,10.25,1.27,21.0,23.0,29.0,2.0,7.0,36.8,8.6,7.0,29.4,8.6,15.3,34.0,40.0,1.0,47.0,52.0,58.0,61.0
111.0,1.0,4.0,10.0,4.0,12.0,1361.0,55.0,10.0,5500.0,9999.0,9999.0,9999.0,10.25,1.27,21.0,23.0,29.0,2.0,7.0,36.8,8.6,7.0,29.4,8.6,15.6,34.0,40.0,1.0,47.0,52.0,58.0,61.0
111.0,1.0,4.0,10.0,4.0,12.0,1361.0,55.0,10.0,5500.0,850.0,9999.0,9999.0,10.25,1.27,21.0,23.0,29.0,2.0,7.0,36.8,8.6,7.0,29.4,8.6,20.5,34.0,40.0,1.0,47.0,52.0,58.0,61.0
111.0,1.0,4.0,10.0,4.0,12.0,1361.0,55.0,10.0,5500.0,850.0,9999.0,9999.0,10.25,1.27,21.0,23.0,29.0,2.0,7.0,38.8,9.4,7.0,29.4,9.4,18.5,34.0,40.0,1.0,47.0,52.0,58.0,61.0
111.0,1.0,4.0,10.0,4.0,12.0,1361.0,55.0,10.0,5500.0,850.0,9999.0,9999.0,10.25,1.27,21.0,23.0,29.0,2.0,7.0,38.8,9.4,7.0,29.4,9.4,18.7,34.0,40.0,1.0,47.0,52.0,58.0,61.0
111.0,1.0,4.0,10.0,4.0,12.0,1361.0,55.0,10.0,5500.0,850.0,6500.0,9999.0,10.25,1.27,21.0,23.0,29.0,2.0,7.0,36.8,9.4,7.0,29.4,9.4,18.9,34.0,40.0,1.0,47.0,52.0,58.0,61.0
111.0,1.0,4.0,10.0,4.0,12.0,1361.0,55.0,10.0,5500.0,850.0,6500.0,9999.0,10.25,1.27,21.0,23.0,29.0,2.0,7.0,36.8,9.4,7.0,29.4,9.4,18.7,34.0,40.0,1.0,47.0,52.0,58.0,61.0
111.0,1.0,4.0,10.0,4.0,12.0,1361.0,55.0,10.0,5500.0,850.0,6500.0,9999.0,10.25,1.27,16.0,23.0,29.0,2.0,7.0,36.8,9.4,7.0,29.4,9.4,17.3,34.0,40.0,1.0,47.0,52.0,58.0,61.0
111.0,1.0,4.0,10.0,4.0,12.0,1361.0,55.0,10.0,5500.0,850.0,6500.0,9999.0,10.25,1.27,16.0,23.0,29.0,2.0,7.0,36.8,9.4,7.0,29.4,9.4,17.3,34.0,40.0,1.0,47.0,52.0,58.0,61.0
111.0,1.0,4.0,10.0,4.0,12.0,1361.0,55.0,10.0,5500.0,850.0,6500.0,9999.0,10.25,1.27,16.0,23.0,29.0,2.0,7.0,36.8,9.4,7.0,29.4,9.4,17.3,34.0,40.0,1.0,47.0,52.0,58.0,61.0
111.0,1.0,4.0,10.0,4.0,12.0,1361.0,55.0,10.0,5500.0,850.0,6500.0,9999.0,10.25,1.27,16.0,23.0,29.0,2.0,7.0,36.8,9.4,7.0,29.4,9.4,17.8,34.0,40.0,1.0,47.0,52.0,58.0,61.0
111.0,1.0,4.0,10.0,4.0,12.0,1361.0,55.0,10.0,5500.0,850.0,6500.0,9999.0,10.25,1.27,16.0,23.0,29.0,2.0,7.0,36.8,9.4,7.0,29.4,9.4,17.3,34.0,40.0,1.0,47.0,52.0,58.0,61.0
111.0,1.0,4.0,10.0,4.0,12.0,1361.0,55.0,10.0,5500.0,850.0,6500.0,9999.0,10.25,1.27,16.0,23.0,29.0,2.0,7.0,36.8,9.4,7.0,29.4,9.4,17.8,34.0,40.0,1.0,47.0,52.0,58.0,61.0
111.0,1.0,4.0,10.0,4.0,12.0,1361.0,55.0,10.0,5500.0,850.0,6500.0,9999.0,10.25,1.27,16.0,23.0,29.0,2.0,7.0,36.8,9.4,7.0,29.4,9.4,17.3,34.0,40.0,1.0,47.0,52.0,58.0,61.0
111.0,1.0,4.0,10.0,4.0,12.0,1396.0,55.0,9.0,5700.0,750.0,9999.0,9999.0,9.99,1.53,21.0,23.0,29.0,4.0,5.5,29.0,9999.0,5.5,25.0,9999.0,19.4,34.0,40.0,1.0,47.0,52.0,58.0,61.0
111.0,1.0,4.0,10.0,4.0,12.0,1361.0,55.0,10.0,5500.0,850.0,6500.0,9999.0,10.25,1.27,21.0,23.0,29.0,2.0,7.0,36.8,9.4,7.0,29.4,9.4,19.4,34.0,40.0,1.0,47.0,52.0,58.0,61.0
111.0,1.0,4.0,10.0,4.0,12.0,1396.0,55.0,9.0,5700.0,750.0,9999.0,9999.0,9.99,1.53,21.0,23.0,29.0,4.0,5.5,29.0,9999.0,5.5,25.0,9999.0,20.3,34.0,40.0,1.0,47.0,52.0,58.0,61.0
112.0,1.0,4.0,11.0,4.0,12.0,1686.0,44.0,22.0,4400.0,9999.0,9999.0,9999.0,8.35,1.89,17.0,0.0,0.0,2.0,9999.0,9999.0,9999.0,9999.0,9999.0,9999.0,21.4,34.0,40.0,1.0,47.0,54.0,59.0,63.0
112.0,1.0,4.0,11.0,4.0,12.0,1686.0,44.0,22.0,4400.0,9999.0,9999.0,9999.0,8.35,1.89,17.0,0.0,0.0,2.0,9999.0,9999.0,9999.0,9999.0,9999.0,9999.0,22.0,34.0,40.0,1.0,47.0,54.0,59.0,63.0
112.0,1.0,4.0,10.0,4.0,12.0,1396.0,55.0,10.0,6000.0,9999.0,9999.0,9999.0,10.08,1.53,21.0,23.0,29.0,4.0,5.5,29.0,9999.0,5.5,25.0,9999.0,17.4,34.0,40.0,1.0,47.0,52.0,58.0,61.0
113.0,1.0,4.0,10.0,4.0,12.0,1242.0,60.0,10.0,5500.0,9999.0,9999.0,9999.0,11.43,1114.0,17.0,23.0,29.0,4.0,9999.0,9999.0,9999.0,9999.0,9999.0,9999.0,17.3,34.0,42.0,2.0,47.0,52.0,58.0,61.0
113.0,1.0,4.0,10.0,4.0,12.0,1242.0,63.0,10.0,6000.0,9999.0,9999.0,9999.0,11.43,1114.0,17.0,23.0,29.0,4.0,9999.0,9999.0,9999.0,9999.0,9999.0,9999.0,14.4,34.0,42.0,2.0,47.0,52.0,58.0,61.0
114.0,1.0,4.0,10.0,4.0,12.0,1390.0,55.0,10.0,5500.0,9999.0,9999.0,9999.0,10.31,1.16,15.0,23.0,29.0,2.0,9999.0,9999.0,9999.0,9999.0,9999.0,9999.0,18.0,34.0,40.0,1.0,47.0,52.0,58.0,61.0
114.0,1.0,4.0,10.0,4.0,12.0,1390.0,55.0,10.0,5500.0,750.0,5800.0,9999.0,10.31,1.16,15.0,23.0,29.0,2.0,9999.0,9999.0,9999.0,9999.0,9999.0,9999.0,17.5,34.0,40.0,1.0,47.0,52.0,58.0,61.0
114.0,1.0,4.0,10.0,4.0,12.0,1242.0,59.0,11.0,5000.0,9999.0,9999.0,9999.0,11.53,1114.0,17.0,23.0,29.0,4.0,9999.0,9999.0,9999.0,9999.0,9999.0,9999.0,15.6,34.0,40.0,2.0,47.0,52.0,58.0,61.0
114.0,1.0,4.0,10.0,4.0,12.0,1242.0,59.0,11.0,5000.0,9999.0,9999.0,9999.0,11.53,1114.0,17.0,23.0,29.0,4.0,9999.0,9999.0,9999.0,9999.0,9999.0,9999.0,16.3,34.0,40.0,2.0,47.0,52.0,58.0,61.0
114.0,1.0,4.0,10.0,4.0,12.0,1242.0,59.0,11.0,5000.0,9999.0,9999.0,9999.0,11.53,1114.0,17.0,23.0,29.0,4.0,9999.0,9999.0,9999.0,9999.0,9999.0,9999.0,16.3,34.0,40.0,2.0,47.0,52.0,58.0,61.0
114.0,1.0,4.0,10.0,4.0,12.0,1242.0,59.0,11.0,5000.0,9999.0,9999.0,9999.0,11.53,1114.0,17.0,23.0,29.0,4.0,9999.0,9999.0,9999.0,9999.0,9999.0,9999.0,15.8,34.0,40.0,2.0,47.0,52.0,58.0,61.0
114.0,1.0,4.0,10.0,4.0,12.0,1242.0,59.0,11.0,5000.0,9999.0,9999.0,9999.0,11.53,1114.0,17.0,23.0,29.0,4.0,9999.0,9999.0,9999.0,9999.0,9999.0,9999.0,16.3,34.0,40.0,2.0,47.0,52.0,58.0,61.0
114.0,1.0,4.0,10.0,4.0,12.0,1242.0,59.0,11.0,5000.0,9999.0,9999.0,9999.0,11.53,1114.0,17.0,23.0,29.0,4.0,9999.0,9999.0,9999.0,9999.0,9999.0,9999.0,16.3,34.0,40.0,2.0,47.0,52.0,58.0,61.0
114.0,1.0,4.0,10.0,4.0,12.0,1242.0,59.0,11.0,5000.0,9999.0,9999.0,9999.0,11.53,1114.0,17.0,23.0,29.0,4.0,9999.0,9999.0,9999.0,9999.0,9999.0,9999.0,15.8,34.0,40.0,2.0,47.0,52.0,58.0,61.0
114.0,1.0,4.0,10.0,4.0,12.0,1242.0,59.0,11.0,5000.0,9999.0,9999.0,9999.0,11.53,1114.0,17.0,23.0,29.0,4.0,9999.0,9999.0,9999.0,9999.0,9999.0,9999.0,16.5,34.0,40.0,2.0,47.0,52.0,58.0,61.0
114.0,1.0,4.0,10.0,4.0,12.0,1242.0,59.0,11.0,5000.0,9999.0,9999.0,9999.0,11.53,1114.0,17.0,23.0,29.0,4.0,9999.0,9999.0,9999.0,9999.0,9999.0,9999.0,16.5,34.0,40.0,2.0,47.0,52.0,58.0,61.0
114.0,1.0,4.0,10.0,4.0,12.0,1341.0,55.0,10.0,5400.0,9999.0,9999.0,9999.0,10.68,1168.0,15.0,23.0,29.0,3.0,9999.0,26.0,9999.0,9999.0,30.0,9999.0,18.0,34.0,40.0,1.0,47.0,52.0,57.0,61.0
114.0,1.0,4.0,10.0,4.0,12.0,1341.0,55.0,10.0,5400.0,9999.0,9999.0,9999.0,10.68,1168.0,15.0,23.0,29.0,3.0,9999.0,26.0,9999.0,9999.0,30.0,9999.0,18.0,34.0,40.0,1.0,47.0,52.0,57.0,61.0
114.0,2.0,8.0,11.0,4.0,12.0,1905.0,46.0,22.0,4300.0,800.0,9999.0,9999.0,7.52,1.6,17.0,23.0,29.0,2.0,8.0,38.5,9999.0,8.0,33.0,9999.0,24.0,34.0,40.0,1.0,48.0,54.0,58.0,63.0
115.0,1.0,4.0,11.0,4.0,12.0,1716.0,44.0,20.0,4200.0,9999.0,9999.0,9999.0,8.42,1.87,17.0,0.0,0.0,2.0,9999.0,9999.0,9999.0,9999.0,9999.0,9999.0,21.9,34.0,40.0,1.0,47.0,53.0,58.0,63.0
115.0,1.0,4.0,10.0,4.0,12.0,1349.0,55.0,10.0,5400.0,9999.0,9999.0,9999.0,10.71,0.96,0.0,23.0,29.0,2.0,9999.0,9999.0,9999.0,9999.0,9999.0,9999.0,18.7,34.0,40.0,1.0,47.0,52.0,58.0,61.0
115.0,1.0,4.0,10.0,4.0,12.0,1349.0,55.0,10.0,5400.0,9999.0,9999.0,9999.0,10.71,0.96,0.0,23.0,29.0,2.0,9999.0,9999.0,9999.0,9999.0,9999.0,9999.0,18.5,34.0,40.0,1.0,47.0,52.0,58.0,61.0
115.0,1.0,4.0,10.0,4.0,12.0,1341.0,63.0,10.0,5500.0,9999.0,9999.0,9999.0,10.78,1168.0,15.0,23.0,29.0,3.0,9999.0,26.0,9999.0,9999.0,30.0,9999.0,16.1,34.0,40.0,1.0,47.0,52.0,57.0,61.0
115.0,1.0,4.0,10.0,4.0,12.0,1341.0,63.0,10.0,5500.0,9999.0,9999.0,9999.0,10.78,1168.0,15.0,23.0,29.0,3.0,9999.0,26.0,9999.0,9999.0,30.0,9999.0,16.1,34.0,40.0,1.0,47.0,52.0,57.0,61.0
115.0,1.0,4.0,10.0,4.0,12.0,1299.0,56.0,10.0,5500.0,750.0,9999.0,9999.0,11.13,1.2,22.0,23.0,29.0,4.0,5.5,9999.0,9999.0,5.5,9999.0,9999.0,16.3,34.0,40.0,1.0,47.0,52.0,57.0,61.0
115.0,1.0,4.0,10.0,4.0,12.0,1299.0,56.0,10.0,5500.0,750.0,9999.0,9999.0,11.13,1.2,22.0,23.0,29.0,4.0,5.5,9999.0,9999.0,5.5,9999.0,9999.0,16.6,34.0,40.0,1.0,47.0,52.0,57.0,61.0
116.0,1.0,4.0,10.0,4.0,12.0,1390.0,44.0,11.0,4700.0,700.0,9999.0,9999.0,10.49,988.0,16.0,23.0,29.0,2.0,8.5,35.6,9999.0,8.5,29.0,9999.0,20.3,34.0,40.0,1.0,47.0,52.0,58.0,61.0
116.0,1.0,4.0,10.0,4.0,12.0,1390.0,44.0,10.0,4700.0,700.0,9999.0,9999.0,10.49,988.0,16.0,23.0,29.0,2.0,8.5,35.6,9999.0,8.5,29.0,9999.0,21.3,34.0,40.0,1.0,47.0,52.0,58.0,61.0
116.0,1.0,4.0,10.0,4.0,12.0,1390.0,44.0,10.0,4700.0,9999.0,9999.0,9999.0,10.49,988.0,16.0,23.0,29.0,2.0,9999.0,35.6,9999.0,9999.0,29.0,9999.0,22.5,34.0,40.0,1.0,47.0,52.0,58.0,61.0
116.0,1.0,4.0,10.0,4.0,12.0,1392.0,55.0,10.0,6000.0,700.0,9999.0,9999.0,10.47,1111.0,17.0,23.0,29.0,4.0,5.5,29.0,9999.0,5.5,24.0,9999.0,19.3,34.0,37.0,2.0,47.0,52.0,57.0,61.0
116.0,1.0,4.0,10.0,4.0,12.0,1498.0,55.0,9.0,5000.0,9999.0,9999.0,9999.0,9.73,1.5,15.0,23.0,29.0,4.0,9999.0,9999.0,9999.0,9999.0,9999.0,9999.0,17.5,34.0,40.0,1.0,47.0,52.0,57.0,61.0
116.0,1.0,4.0,10.0,4.0,12.0,1498.0,55.0,9.0,5000.0,9999.0,9999.0,9999.0,9.73,1.5,15.0,23.0,29.0,4.0,9999.0,9999.0,9999.0,9999.0,9999.0,9999.0,18.0,34.0,40.0,1.0,47.0,52.0,57.0,61.0
117.0,3.0,4.0,10.0,4.0,12.0,1299.0,63.0,10.0,6000.0,750.0,9999.0,9999.0,11.32,1155.0,15.0,23.0,29.0,4.0,9999.0,9999.0,9999.0,9999.0,9999.0,9999.0,17.8,34.0,40.0,1.0,47.0,52.0,57.0,61.0
118.0,1.0,4.0,11.0,4.0,12.0,1870.0,47.0,22.0,4500.0,825.0,4600.0,5200.0,7.93,1163.0,17.0,23.0,29.0,2.0,8.0,36.1,9999.0,8.0,31.5,9999.0,24.0,34.0,40.0,1.0,47.0,54.0,59.0,63.0
118.0,1.0,4.0,11.0,4.0,12.0,1870.0,47.0,22.0,4500.0,825.0,4600.0,5200.0,7.93,1163.0,17.0,23.0,29.0,2.0,8.0,36.1,9999.0,8.0,31.5,9999.0,23.6,34.0,40.0,1.0,47.0,54.0,59.0,63.0
119.0,1.0,4.0,10.0,4.0,12.0,1499.0,66.0,10.0,6200.0,9999.0,9999.0,9999.0,9.98,1.87,21.0,23.0,29.0,4.0,9999.0,9999.0,9999.0,9999.0,9999.0,9999.0,13.4,34.0,40.0,1.0,47.0,52.0,58.0,61.0
119.0,1.0,4.0,10.0,4.0,12.0,1499.0,66.0,10.0,6200.0,9999.0,9999.0,9999.0,9.98,1.87,21.0,23.0,29.0,4.0,9999.0,9999.0,9999.0,9999.0,9999.0,9999.0,13.9,34.0,40.0,1.0,47.0,52.0,58.0,61.0
120.0,1.0,4.0,11.0,4.0,12.0,1905.0,51.0,23.0,4600.0,800.0,9999.0,9999.0,7.92,1.6,17.0,23.0,29.0,2.0,8.0,38.6,9999.0,8.0,33.0,9999.0,23.2,34.0,40.0,1.0,47.0,54.0,59.0,63.0
120.0,1.0,4.0,11.0,4.0,12.0,1905.0,50.0,23.0,4600.0,800.0,5150.0,9999.0,7.92,1.6,17.0,23.0,29.0,2.0,8.0,38.6,9999.0,8.0,33.0,9999.0,22.2,34.0,40.0,1.0,47.0,54.0,58.0,63.0
120.0,1.0,4.0,11.0,4.0,12.0,1905.0,50.0,23.0,4600.0,800.0,5150.0,9999.0,7.92,1.6,17.0,23.0,29.0,2.0,8.0,38.6,9999.0,8.0,33.0,9999.0,22.0,34.0,40.0,1.0,47.0,54.0,58.0,63.0
120.0,1.0,4.0,11.0,4.0,12.0,1870.0,40.0,22.0,4000.0,9999.0,9999.0,9999.0,8.06,1163.0,17.0,23.0,29.0,2.0,9999.0,9999.0,9999.0,9999.0,9999.0,9999.0,25.6,34.0,40.0,1.0,47.0,54.0,58.0,63.0
120.0,1.0,4.0,11.0,4.0,12.0,1870.0,47.0,22.0,4500.0,9999.0,9999.0,9999.0,8.06,1163.0,17.0,23.0,29.0,2.0,9999.0,9999.0,9999.0,9999.0,9999.0,9999.0,22.0,34.0,40.0,1.0,47.0,54.0,58.0,63.0
120.0,1.0,4.0,10.0,4.0,12.0,1396.0,66.0,9.0,6400.0,750.0,9999.0,9999.0,10.8,1.53,21.0,23.0,29.0,4.0,5.5,30.0,9999.0,5.5,26.0,9999.0,16.1,34.0,40.0,1.0,47.0,52.0,58.0,61.0
120.0,1.0,4.0,10.0,4.0,12.0,1396.0,66.0,9.0,6400.0,750.0,9999.0,9999.0,10.8,1.53,21.0,23.0,29.0,4.0,5.5,30.0,9999.0,5.5,26.0,9999.0,16.4,34.0,40.0,1.0,47.0,52.0,58.0,61.0
120.0,1.0,4.0,10.0,4.0,12.0,1498.0,59.0,9.0,5500.0,9999.0,6000.0,9999.0,10.07,1.5,21.0,23.0,29.0,2.0,7.0,9999.0,9999.0,7.0,9999.0,9999.0,17.9,34.0,40.0,1.0,47.0,52.0,57.0,61.0
120.0,1.0,4.0,10.0,4.0,12.0,1498.0,59.0,9.0,5500.0,9999.0,6000.0,9999.0,10.07,1.5,21.0,23.0,29.0,2.0,7.0,9999.0,9999.0,7.0,9999.0,9999.0,18.5,34.0,40.0,1.0,47.0,52.0,57.0,61.0
120.0,1.0,4.0,10.0,4.0,12.0,1498.0,59.0,9.0,5500.0,9999.0,6000.0,9999.0,10.07,1.5,21.0,23.0,29.0,2.0,7.0,9999.0,9999.0,7.0,9999.0,9999.0,17.9,34.0,40.0,1.0,47.0,52.0,57.0,61.0
120.0,1.0,4.0,10.0,4.0,12.0,1498.0,59.0,9.0,5500.0,9999.0,6000.0,9999.0,10.07,1.5,21.0,23.0,29.0,2.0,7.0,9999.0,9999.0,7.0,9999.0,9999.0,18.5,34.0,40.0,1.0,47.0,52.0,57.0,61.0
120.0,1.0,4.0,11.0,4.0,12.0,1905.0,50.0,23.0,4600.0,800.0,5150.0,9999.0,7.92,1.6,17.0,23.0,29.0,2.0,8.0,38.6,9999.0,8.0,33.0,9999.0,22.8,34.0,40.0,1.0,47.0,54.0,58.0,63.0
120.0,1.0,4.0,10.0,4.0,12.0,1396.0,66.0,9.0,6400.0,9999.0,9999.0,9999.0,10.8,1.53,21.0,23.0,29.0,4.0,5.5,30.0,9999.0,5.5,26.0,9999.0,16.9,34.0,40.0,1.0,47.0,52.0,58.0,61.0
123.0,1.0,4.0,10.0,4.0,12.0,1396.0,76.0,11.0,6000.0,9999.0,9999.0,9999.0,11.07,1.53,17.0,23.0,29.0,4.0,6.0,9999.0,9999.0,6.0,9999.0,9999.0,13.6,34.0,40.0,2.0,47.0,52.0,58.0,61.0
123.0,1.0,4.0,10.0,4.0,12.0,1396.0,76.0,11.0,6000.0,9999.0,9999.0,9999.0,11.07,1.53,17.0,23.0,29.0,4.0,6.0,9999.0,9999.0,6.0,9999.0,9999.0,14.5,34.0,40.0,2.0,47.0,52.0,58.0,61.0
123.0,1.0,4.0,10.0,4.0,12.0,1396.0,76.0,11.0,6000.0,9999.0,9999.0,9999.0,11.07,1.53,17.0,23.0,29.0,4.0,6.0,9999.0,9999.0,6.0,9999.0,9999.0,14.5,34.0,40.0,2.0,47.0,52.0,58.0,61.0
123.0,1.0,4.0,10.0,4.0,12.0,1388.0,55.0,11.0,5000.0,9999.0,9999.0,9999.0,11.14,1.7,17.0,23.0,29.0,4.0,6.0,28.1,9999.0,6.0,24.1,9999.0,20.3,34.0,42.0,2.0,47.0,52.0,57.0,61.0
124.0,1.0,4.0,11.0,4.0,12.0,1896.0,47.0,23.0,4300.0,920.0,9999.0,9999.0,8.22,1.21,17.0,0.0,0.0,2.0,8.0,36.0,9999.0,8.0,31.0,9999.0,21.7,34.0,40.0,1.0,47.0,54.0,59.0,63.0
124.0,1.0,4.0,10.0,4.0,12.0,1370.0,76.0,11.0,6300.0,880.0,7400.0,9999.0,11.37,0.7909999999999999,17.0,24.0,29.0,4.0,7.0,30.0,8.3,7.0,26.0,7.5,15.3,34.0,40.0,2.0,47.0,52.0,57.0,61.0
124.0,1.0,4.0,10.0,4.0,12.0,1370.0,76.0,11.0,6300.0,880.0,7400.0,9999.0,11.37,0.7909999999999999,17.0,24.0,29.0,4.0,7.0,30.0,8.3,7.0,26.0,7.5,14.9,34.0,40.0,2.0,47.0,52.0,57.0,61.0
124.0,1.0,4.0,10.0,4.0,12.0,1299.0,63.0,11.0,6000.0,9999.0,9999.0,9999.0,12.0,0.98,17.0,25.0,29.0,4.0,5.0,30.5,9999.0,5.0,25.5,9999.0,15.6,34.0,39.0,2.0,47.0,52.0,57.0,61.0
124.0,1.0,4.0,10.0,4.0,12.0,1299.0,63.0,11.0,6000.0,9999.0,9999.0,9999.0,12.0,0.98,17.0,25.0,29.0,4.0,5.0,30.5,9999.0,5.0,25.5,9999.0,15.7,34.0,39.0,2.0,47.0,52.0,57.0,61.0
124.0,1.0,4.0,10.0,4.0,12.0,1299.0,63.0,11.0,6000.0,9999.0,9999.0,9999.0,12.0,0.98,17.0,25.0,29.0,4.0,5.0,30.5,9999.0,5.0,25.5,9999.0,14.3,34.0,39.0,2.0,47.0,52.0,57.0,61.0
124.0,1.0,4.0,10.0,4.0,12.0,1299.0,63.0,11.0,6000.0,9999.0,9999.0,9999.0,12.0,0.98,17.0,25.0,29.0,4.0,5.0,30.5,9999.0,5.0,25.5,9999.0,14.7,34.0,39.0,2.0,47.0,52.0,57.0,61.0
125.0,1.0,4.0,10.0,4.0,12.0,1389.0,66.0,11.0,6000.0,900.0,9999.0,6500.0,11.31,946.0,17.0,23.0,29.0,4.0,9999.0,9999.0,9999.0,9999.0,9999.0,9999.0,15.1,34.0,40.0,2.0,47.0,52.0,57.0,61.0
125.0,1.0,4.0,10.0,4.0,12.0,1389.0,66.0,11.0,6000.0,900.0,9999.0,6500.0,11.31,946.0,17.0,23.0,29.0,4.0,9999.0,9999.0,9999.0,9999.0,9999.0,9999.0,15.7,34.0,40.0,2.0,47.0,52.0,57.0,61.0
125.0,1.0,4.0,10.0,4.0,12.0,1389.0,66.0,11.0,6000.0,900.0,9999.0,9999.0,11.31,946.0,17.0,23.0,29.0,4.0,6.0,30.5,9999.0,6.0,27.5,9999.0,14.4,34.0,40.0,2.0,47.0,52.0,57.0,61.0
125.0,1.0,4.0,11.0,4.0,12.0,1896.0,47.0,20.0,4000.0,9999.0,9999.0,9999.0,8.28,1.21,17.0,0.0,0.0,2.0,9999.0,9999.0,9999.0,9999.0,9999.0,9999.0,23.9,34.0,40.0,1.0,47.0,53.0,58.0,63.0
126.0,1.0,4.0,10.0,4.0,12.0,1390.0,55.0,11.0,5000.0,680.0,9999.0,9999.0,11.39,988.0,16.0,23.0,29.0,4.0,9999.0,9999.0,9999.0,9999.0,9999.0,9999.0,16.3,34.0,40.0,2.0,47.0,52.0,58.0,61.0
126.0,1.0,4.0,10.0,4.0,12.0,1390.0,74.0,11.0,6000.0,840.0,6800.0,9999.0,11.39,988.0,16.0,23.0,29.0,4.0,9999.0,9999.0,9999.0,9999.0,9999.0,9999.0,14.5,34.0,40.0,2.0,47.0,52.0,58.0,61.0
126.0,1.0,4.0,10.0,4.0,12.0,1590.0,67.0,10.0,6000.0,9999.0,9999.0,9999.0,9.96,1153.0,21.0,23.0,29.0,4.0,9999.0,9999.0,9999.0,9999.0,9999.0,9999.0,14.8,34.0,40.0,1.0,47.0,52.0,58.0,61.0
126.0,1.0,4.0,10.0,4.0,12.0,1590.0,67.0,10.0,6000.0,9999.0,9999.0,9999.0,9.96,1153.0,21.0,23.0,29.0,4.0,9999.0,9999.0,9999.0,9999.0,9999.0,9999.0,15.1,34.0,40.0,1.0,47.0,52.0,58.0,61.0
126.0,1.0,4.0,10.0,4.0,12.0,1590.0,67.0,10.0,6000.0,9999.0,9999.0,9999.0,9.96,1153.0,21.0,23.0,29.0,4.0,9999.0,9999.0,9999.0,9999.0,9999.0,9999.0,14.8,34.0,40.0,1.0,47.0,52.0,58.0,61.0
126.0,1.0,4.0,10.0,4.0,12.0,1590.0,67.0,10.0,6000.0,9999.0,9999.0,9999.0,9.96,1153.0,21.0,23.0,29.0,4.0,9999.0,9999.0,9999.0,9999.0,9999.0,9999.0,15.1,34.0,40.0,1.0,47.0,52.0,58.0,61.0
127.0,1.0,4.0,10.0,4.0,12.0,1390.0,70.0,9999.0,6000.0,9999.0,9999.0,9999.0,11.48,1.16,16.0,23.0,29.0,4.0,5.5,9999.0,9999.0,5.5,9999.0,9999.0,17.6,34.0,40.0,2.0,47.0,52.0,58.0,61.0
127.0,1.0,4.0,10.0,4.0,12.0,1396.0,66.0,10.0,6300.0,9999.0,9999.0,9999.0,11.43,1.53,21.0,23.0,29.0,4.0,5.5,29.0,9999.0,5.5,25.0,9999.0,14.6,34.0,40.0,1.0,47.0,52.0,58.0,61.0
127.0,1.0,4.0,10.0,4.0,12.0,1396.0,66.0,10.0,6300.0,9999.0,9999.0,9999.0,11.43,1.53,21.0,23.0,29.0,4.0,5.5,29.0,9999.0,5.5,25.0,9999.0,15.0,34.0,40.0,1.0,47.0,52.0,58.0,61.0
127.0,1.0,4.0,10.0,4.0,12.0,1396.0,66.0,10.0,6300.0,9999.0,9999.0,9999.0,11.43,1.53,21.0,23.0,29.0,4.0,5.5,29.0,9999.0,5.5,25.0,9999.0,15.0,34.0,40.0,1.0,47.0,52.0,58.0,61.0
127.0,1.0,4.0,10.0,4.0,12.0,1396.0,66.0,10.0,6300.0,9999.0,9999.0,9999.0,11.43,1.53,21.0,23.0,29.0,4.0,5.5,29.0,9999.0,5.5,25.0,9999.0,15.4,34.0,40.0,1.0,47.0,52.0,58.0,61.0
128.0,1.0,4.0,10.0,4.0,12.0,1598.0,55.0,10.0,5200.0,850.0,9999.0,9999.0,10.07,1.32,18.0,23.0,29.0,2.0,7.0,38.0,9.8,7.0,31.0,9.8,19.4,34.0,40.0,1.0,47.0,55.0,58.0,61.0
128.0,1.0,4.0,10.0,4.0,12.0,1598.0,55.0,10.0,5200.0,830.0,9999.0,9999.0,10.07,1.32,18.0,23.0,29.0,2.0,7.0,38.0,9.8,7.0,31.0,9.8,19.7,34.0,40.0,1.0,47.0,55.0,58.0,61.0
128.0,1.0,4.0,10.0,4.0,12.0,1598.0,55.0,10.0,5200.0,850.0,9999.0,9999.0,10.07,1.32,18.0,23.0,29.0,2.0,7.0,38.0,9.8,7.0,31.0,9.8,20.1,34.0,40.0,1.0,47.0,52.0,57.0,61.0
128.0,1.0,4.0,10.0,4.0,12.0,1598.0,55.0,10.0,5200.0,850.0,9999.0,9999.0,10.07,1.32,18.0,23.0,29.0,2.0,7.0,38.0,9.8,7.0,31.0,9.8,20.5,34.0,40.0,1.0,47.0,52.0,57.0,61.0
128.0,1.0,4.0,10.0,4.0,12.0,1598.0,55.0,10.0,5200.0,850.0,9999.0,9999.0,10.07,1.32,18.0,23.0,29.0,2.0,7.0,38.0,9.8,7.0,31.0,9.8,19.7,34.0,40.0,1.0,47.0,52.0,57.0,61.0
128.0,1.0,4.0,10.0,4.0,12.0,1598.0,55.0,10.0,5200.0,850.0,9999.0,9999.0,10.07,1.32,18.0,23.0,29.0,2.0,7.0,38.0,9.8,7.0,31.0,9.8,20.1,34.0,40.0,1.0,47.0,52.0,57.0,61.0
128.0,1.0,4.0,10.0,4.0,12.0,1598.0,55.0,10.0,5200.0,850.0,9999.0,9999.0,10.07,1.32,18.0,23.0,29.0,2.0,7.0,38.0,9.8,7.0,31.0,9.8,20.1,34.0,40.0,1.0,47.0,52.0,57.0,61.0
128.0,1.0,4.0,10.0,4.0,12.0,1598.0,55.0,10.0,5200.0,850.0,9999.0,9999.0,10.07,1.32,18.0,23.0,29.0,2.0,7.0,38.0,9.8,7.0,31.0,9.8,20.5,34.0,40.0,1.0,47.0,52.0,57.0,61.0
128.0,1.0,4.0,10.0,4.0,12.0,1390.0,55.0,11.0,5000.0,9999.0,9999.0,9999.0,11.57,988.0,16.0,23.0,29.0,4.0,6.0,29.5,9999.0,6.0,26.0,9999.0,20.6,34.0,40.0,2.0,47.0,52.0,58.0,61.0
128.0,1.0,4.0,10.0,4.0,12.0,1390.0,74.0,11.0,4700.0,9999.0,9999.0,9999.0,11.57,988.0,16.0,23.0,29.0,4.0,9999.0,9999.0,9999.0,9999.0,9999.0,9999.0,12.3,34.0,40.0,2.0,47.0,52.0,58.0,61.0
128.0,1.0,4.0,10.0,4.0,12.0,1598.0,55.0,10.0,5200.0,850.0,9999.0,9999.0,10.07,1.32,18.0,23.0,29.0,2.0,7.0,38.0,9.8,7.0,31.0,9.8,20.7,34.0,40.0,1.0,47.0,52.0,57.0,61.0
128.0,1.0,4.0,10.0,4.0,12.0,1598.0,55.0,10.0,5200.0,850.0,9999.0,9999.0,10.07,1.32,18.0,23.0,29.0,2.0,7.0,38.0,9.8,7.0,31.0,9.8,21.1,34.0,40.0,1.0,47.0,52.0,57.0,61.0
128.0,1.0,4.0,10.0,4.0,12.0,1390.0,55.0,11.0,5000.0,750.0,6100.0,9999.0,11.57,988.0,16.0,23.0,29.0,4.0,6.0,29.5,9999.0,6.0,26.0,9999.0,21.6,34.0,40.0,2.0,47.0,52.0,58.0,61.0
130.0,1.0,4.0,10.0,4.0,12.0,1397.0,60.0,11.0,5000.0,750.0,5750.0,6000.0,11.69,0.8690000000000001,15.0,23.0,29.0,2.0,6.0,40.0,8.4,7.0,34.0,9.0,17.0,34.0,37.0,1.0,47.0,52.0,57.0,61.0
130.0,1.0,4.0,10.0,4.0,12.0,1397.0,60.0,11.0,5000.0,750.0,5750.0,6000.0,11.69,0.8690000000000001,15.0,23.0,29.0,2.0,6.0,40.0,8.4,7.0,34.0,9.0,17.0,34.0,37.0,1.0,47.0,52.0,57.0,61.0
130.0,1.0,4.0,10.0,4.0,12.0,1397.0,60.0,11.0,5000.0,750.0,5750.0,6000.0,11.69,0.8690000000000001,15.0,23.0,29.0,2.0,6.0,40.0,8.4,7.0,34.0,9.0,17.0,34.0,37.0,1.0,47.0,52.0,57.0,61.0
130.0,1.0,4.0,10.0,4.0,12.0,1598.0,55.0,9.0,5000.0,9999.0,9999.0,9999.0,10.22,1.13,21.0,23.0,29.0,2.0,7.0,37.5,9999.0,7.0,32.5,9999.0,19.5,34.0,40.0,1.0,47.0,55.0,58.0,61.0
130.0,1.0,4.0,10.0,4.0,12.0,1598.0,55.0,9.0,5000.0,9999.0,9999.0,9999.0,10.22,1.13,21.0,23.0,29.0,2.0,7.0,37.5,9999.0,7.0,32.5,9999.0,19.2,34.0,40.0,1.0,47.0,55.0,58.0,61.0
130.0,1.0,4.0,10.0,4.0,12.0,1398.0,71.0,11.0,6000.0,9999.0,9999.0,9999.0,11.69,0.93,17.0,25.0,29.0,4.0,9999.0,9999.0,9999.0,9999.0,9999.0,9999.0,14.7,34.0,39.0,2.0,47.0,52.0,57.0,61.0
130.0,1.0,4.0,10.0,4.0,12.0,1398.0,71.0,11.0,6000.0,9999.0,9999.0,9999.0,11.69,0.93,17.0,25.0,29.0,4.0,9999.0,9999.0,9999.0,9999.0,9999.0,9999.0,14.6,34.0,39.0,2.0,47.0,52.0,57.0,61.0
130.0,1.0,4.0,10.0,4.0,12.0,1398.0,71.0,11.0,6000.0,9999.0,9999.0,9999.0,11.69,0.93,17.0,25.0,29.0,4.0,9999.0,9999.0,9999.0,9999.0,9999.0,9999.0,15.3,34.0,39.0,2.0,47.0,52.0,57.0,61.0
130.0,1.0,4.0,10.0,4.0,12.0,1498.0,63.0,10.0,5800.0,9999.0,9999.0,9999.0,10.91,1.65,0.0,23.0,29.0,2.0,9999.0,9999.0,9999.0,9999.0,9999.0,9999.0,16.4,34.0,40.0,1.0,47.0,52.0,58.0,61.0
130.0,1.0,4.0,10.0,4.0,12.0,1498.0,63.0,10.0,5800.0,9999.0,9999.0,9999.0,10.91,1.65,0.0,23.0,29.0,2.0,9999.0,9999.0,9999.0,9999.0,9999.0,9999.0,17.0,34.0,40.0,1.0,47.0,52.0,58.0,61.0
130.0,1.0,4.0,10.0,4.0,12.0,1498.0,63.0,10.0,5800.0,9999.0,9999.0,9999.0,10.91,1.65,0.0,23.0,29.0,2.0,9999.0,9999.0,9999.0,9999.0,9999.0,9999.0,16.8,34.0,40.0,1.0,47.0,52.0,58.0,61.0
130.0,1.0,4.0,10.0,4.0,12.0,1597.0,66.0,10.0,5500.0,830.0,9999.0,9999.0,10.23,1158.0,17.0,23.0,29.0,4.0,6.0,26.0,9999.0,6.0,24.5,9999.0,17.3,34.0,40.0,2.0,47.0,52.0,57.0,61.0
130.0,1.0,4.0,10.0,4.0,12.0,1398.0,71.0,11.0,6000.0,9999.0,9999.0,9999.0,11.69,0.93,17.0,25.0,29.0,4.0,9999.0,9999.0,9999.0,9999.0,9999.0,9999.0,15.3,34.0,39.0,2.0,47.0,52.0,57.0,61.0
131.0,1.0,4.0,10.0,4.0,12.0,1598.0,66.0,10.0,5250.0,750.0,5800.0,9999.0,10.3,1.13,15.0,23.0,29.0,2.0,9999.0,9999.0,9999.0,9999.0,9999.0,9999.0,14.6,34.0,40.0,1.0,47.0,52.0,58.0,61.0
131.0,1.0,4.0,10.0,4.0,12.0,1598.0,66.0,10.0,5250.0,750.0,5800.0,9999.0,10.3,1.13,15.0,23.0,29.0,2.0,9999.0,9999.0,9999.0,9999.0,9999.0,9999.0,15.2,34.0,40.0,1.0,47.0,52.0,58.0,61.0
131.0,3.0,5.0,10.0,4.0,12.0,1597.0,71.0,10.0,5600.0,700.0,9999.0,9999.0,10.31,1158.0,17.0,23.0,29.0,4.0,5.5,30.0,9999.0,5.5,24.0,9999.0,19.8,34.0,37.0,2.0,47.0,52.0,57.0,61.0
132.0,1.0,4.0,11.0,4.0,12.0,1487.0,49.0,22.0,4600.0,890.0,9999.0,9999.0,11.16,1.79,17.0,0.0,0.0,2.0,9999.0,9999.0,9999.0,9999.0,9999.0,9999.0,19.4,34.0,40.0,1.0,48.0,54.0,59.0,63.0
132.0,1.0,4.0,10.0,4.0,12.0,1489.0,65.0,9.0,5500.0,700.0,9999.0,9999.0,11.14,1.11,17.0,23.0,29.0,4.0,5.5,27.7,9999.0,5.5,24.0,9999.0,16.7,34.0,41.0,2.0,47.0,52.0,57.0,61.0
132.0,1.0,4.0,10.0,4.0,12.0,1498.0,65.0,9.0,5500.0,700.0,9999.0,9999.0,11.07,1.5,17.0,23.0,29.0,4.0,5.5,27.7,9999.0,5.5,24.0,9999.0,17.5,34.0,41.0,2.0,47.0,52.0,57.0,61.0
132.0,1.0,4.0,10.0,4.0,12.0,1498.0,65.0,9.0,5500.0,700.0,9999.0,9999.0,11.07,1.5,17.0,23.0,29.0,4.0,5.5,27.7,9999.0,5.5,24.0,9999.0,17.8,34.0,41.0,2.0,47.0,52.0,57.0,61.0
132.0,1.0,4.0,10.0,4.0,12.0,1498.0,65.0,9.0,5500.0,700.0,9999.0,9999.0,11.07,1.5,17.0,23.0,29.0,4.0,5.5,27.7,9999.0,5.5,24.0,9999.0,17.7,34.0,41.0,2.0,47.0,52.0,57.0,61.0
132.0,1.0,4.0,10.0,4.0,12.0,1498.0,65.0,9.0,5500.0,700.0,9999.0,9999.0,11.07,1.5,17.0,23.0,29.0,4.0,5.5,27.7,9999.0,5.5,24.0,9999.0,18.0,34.0,41.0,2.0,47.0,52.0,57.0,61.0
132.0,1.0,4.0,11.0,4.0,12.0,1974.0,55.0,22.0,4800.0,800.0,5350.0,9999.0,8.4,1.41,17.0,23.0,29.0,2.0,7.0,39.0,9999.0,7.0,32.0,9999.0,20.4,34.0,40.0,1.0,47.0,54.0,59.0,63.0
133.0,1.0,4.0,11.0,4.0,12.0,1896.0,50.0,20.0,4200.0,900.0,5050.0,9999.0,8.82,1.21,17.0,0.0,0.0,2.0,9999.0,9999.0,9999.0,9999.0,9999.0,9999.0,23.9,34.0,40.0,1.0,47.0,53.0,58.0,66.0
133.0,1.0,4.0,11.0,4.0,12.0,1896.0,50.0,20.0,4200.0,9999.0,9999.0,9999.0,8.82,1.21,17.0,0.0,0.0,2.0,9999.0,9999.0,9999.0,9999.0,9999.0,9999.0,21.4,34.0,40.0,1.0,47.0,53.0,58.0,66.0
133.0,1.0,4.0,11.0,4.0,12.0,1896.0,50.0,20.0,4200.0,900.0,5050.0,9999.0,8.82,1.21,17.0,0.0,0.0,2.0,9999.0,9999.0,9999.0,9999.0,9999.0,9999.0,25.6,34.0,40.0,1.0,47.0,53.0,58.0,66.0
133.0,1.0,4.0,11.0,4.0,12.0,1896.0,50.0,20.0,4200.0,850.0,5050.0,9999.0,8.82,1.21,17.0,0.0,0.0,2.0,9999.0,9999.0,9999.0,9999.0,9999.0,9999.0,23.2,34.0,40.0,1.0,47.0,53.0,58.0,66.0
134.0,1.0,4.0,10.0,4.0,12.0,1493.0,84.0,10.0,6500.0,9999.0,9999.0,9999.0,11.28,1127.0,21.0,28.0,29.0,4.0,5.5,30.0,9999.0,5.5,23.5,9999.0,11.9,34.0,40.0,1.0,47.0,52.0,58.0,61.0
134.0,1.0,4.0,10.0,4.0,12.0,1493.0,84.0,10.0,6500.0,9999.0,9999.0,9999.0,11.28,1127.0,21.0,28.0,29.0,4.0,5.5,30.0,9999.0,5.5,23.5,9999.0,12.2,34.0,40.0,1.0,47.0,52.0,58.0,61.0
134.0,1.0,4.0,10.0,4.0,12.0,1493.0,84.0,10.0,6500.0,9999.0,9999.0,9999.0,11.28,1127.0,21.0,28.0,29.0,4.0,5.5,30.0,9999.0,5.5,23.5,9999.0,12.2,34.0,40.0,1.0,47.0,52.0,58.0,61.0
134.0,1.0,4.0,10.0,4.0,12.0,1493.0,84.0,10.0,6500.0,9999.0,9999.0,9999.0,11.28,1127.0,21.0,28.0,29.0,4.0,5.5,30.0,9999.0,5.5,23.5,9999.0,12.5,34.0,40.0,1.0,47.0,52.0,58.0,61.0
134.0,1.0,4.0,10.0,4.0,12.0,1493.0,84.0,10.0,6500.0,750.0,9999.0,9999.0,11.28,1127.0,21.0,28.0,29.0,4.0,5.5,30.0,9999.0,5.5,26.0,9999.0,12.7,34.0,40.0,1.0,47.0,52.0,58.0,61.0
134.0,1.0,5.0,10.0,4.0,12.0,1598.0,81.0,9.0,6500.0,850.0,9999.0,9999.0,10.54,1.72,17.0,23.0,29.0,4.0,6.0,31.0,9999.0,6.0,26.2,9999.0,12.5,34.0,40.0,2.0,47.0,52.0,57.0,61.0
134.0,1.0,4.0,10.0,4.0,12.0,1590.0,71.0,10.0,6000.0,750.0,9999.0,9999.0,10.59,1.2,22.0,23.0,29.0,4.0,5.5,29.2,9999.0,5.5,25.0,9999.0,12.8,34.0,40.0,1.0,47.0,52.0,57.0,61.0
134.0,1.0,4.0,11.0,4.0,12.0,1698.0,51.0,20.0,4500.0,9999.0,9999.0,9999.0,9.92,0.959,17.0,23.0,29.0,2.0,8.0,37.5,8.8,8.0,33.5,8.8,21.8,34.0,40.0,1.0,48.0,56.0,59.0,63.0
134.0,1.0,4.0,10.0,4.0,12.0,1493.0,84.0,10.0,6500.0,750.0,9999.0,9999.0,11.28,1127.0,21.0,28.0,29.0,4.0,5.5,30.0,9999.0,5.5,26.0,9999.0,13.3,34.0,40.0,1.0,47.0,52.0,58.0,61.0
134.0,1.0,4.0,10.0,4.0,12.0,1590.0,71.0,10.0,6000.0,750.0,9999.0,9999.0,10.59,1.2,22.0,23.0,29.0,4.0,5.5,29.2,9999.0,5.5,25.0,9999.0,14.2,34.0,40.0,1.0,47.0,52.0,57.0,61.0
134.0,1.0,4.0,10.0,4.0,12.0,1590.0,71.0,10.0,6000.0,750.0,9999.0,9999.0,10.59,1.2,22.0,23.0,29.0,4.0,5.5,29.2,9999.0,5.5,25.0,9999.0,14.6,34.0,40.0,1.0,47.0,52.0,57.0,61.0
135.0,1.0,4.0,10.0,4.0,12.0,1598.0,55.0,10.0,4600.0,800.0,9999.0,9999.0,10.62,1136.0,17.0,23.0,29.0,2.0,9.6,35.6,9999.0,9.6,29.0,9999.0,21.5,34.0,40.0,1.0,47.0,52.0,58.0,61.0
135.0,1.0,4.0,11.0,4.0,12.0,1905.0,55.0,23.0,4600.0,800.0,9999.0,9999.0,8.91,1.6,17.0,23.0,29.0,2.0,8.0,38.6,9999.0,8.0,33.0,9999.0,20.7,34.0,40.0,1.0,47.0,54.0,59.0,63.0
135.0,1.0,4.0,11.0,4.0,12.0,1905.0,55.0,23.0,4600.0,800.0,9999.0,9999.0,8.91,1.6,17.0,23.0,29.0,2.0,8.0,38.6,9999.0,8.0,33.0,9999.0,20.9,34.0,40.0,1.0,47.0,54.0,59.0,63.0
135.0,1.0,4.0,10.0,4.0,12.0,1587.0,65.0,10.0,5600.0,850.0,6500.0,9999.0,10.69,1.45,21.0,23.0,29.0,2.0,7.0,39.5,9999.0,7.0,31.4,9999.0,17.2,34.0,40.0,1.0,47.0,52.0,58.0,61.0
135.0,1.0,4.0,10.0,4.0,12.0,1587.0,65.0,10.0,5600.0,850.0,6500.0,9999.0,10.69,1.45,21.0,23.0,29.0,2.0,7.0,39.5,9999.0,7.0,31.4,9999.0,16.8,34.0,40.0,1.0,47.0,52.0,58.0,61.0
135.0,1.0,4.0,10.0,4.0,12.0,1587.0,65.0,10.0,5600.0,850.0,6500.0,9999.0,10.69,1.45,21.0,23.0,29.0,2.0,7.0,39.5,9999.0,7.0,31.4,9999.0,18.6,34.0,40.0,1.0,47.0,52.0,58.0,61.0
135.0,1.0,4.0,10.0,4.0,12.0,1587.0,65.0,10.0,5600.0,850.0,6500.0,9999.0,10.69,1.45,16.0,23.0,29.0,2.0,7.0,39.5,9999.0,7.0,31.4,9999.0,15.8,34.0,40.0,1.0,47.0,52.0,58.0,61.0
135.0,1.0,4.0,10.0,4.0,12.0,1587.0,65.0,10.0,5600.0,850.0,6500.0,9999.0,10.69,1.45,16.0,23.0,29.0,2.0,7.0,39.5,9999.0,7.0,31.4,9999.0,15.8,34.0,40.0,1.0,47.0,52.0,58.0,61.0
135.0,1.0,4.0,10.0,4.0,12.0,1597.0,66.0,10.0,6000.0,700.0,9999.0,9999.0,10.62,1158.0,17.0,23.0,29.0,4.0,5.5,30.0,9999.0,5.5,24.0,9999.0,16.4,34.0,37.0,2.0,47.0,52.0,57.0,61.0
135.0,1.0,4.0,10.0,4.0,12.0,1597.0,66.0,10.0,6000.0,800.0,9999.0,9999.0,10.62,1158.0,17.0,23.0,29.0,4.0,5.5,30.0,9999.0,5.5,24.0,9999.0,16.7,34.0,37.0,2.0,47.0,52.0,57.0,61.0
135.0,1.0,4.0,10.0,4.0,12.0,1498.0,65.0,9.0,5000.0,9999.0,6000.0,9999.0,11.32,1.5,21.0,23.0,29.0,4.0,9999.0,9999.0,9999.0,9999.0,9999.0,9999.0,17.5,34.0,40.0,2.0,47.0,52.0,57.0,61.0
135.0,1.0,4.0,10.0,4.0,12.0,1498.0,65.0,9.0,5000.0,9999.0,6000.0,9999.0,11.32,1.5,21.0,23.0,29.0,4.0,9999.0,9999.0,9999.0,9999.0,9999.0,9999.0,16.9,34.0,40.0,2.0,47.0,52.0,57.0,61.0
135.0,1.0,4.0,10.0,4.0,12.0,1597.0,70.0,10.0,5500.0,800.0,9999.0,9999.0,10.62,0.957,15.0,23.0,29.0,4.0,6.5,9999.0,9999.0,6.5,9999.0,9999.0,14.8,34.0,40.0,1.0,47.0,52.0,57.0,61.0
135.0,1.0,4.0,10.0,4.0,12.0,1597.0,70.0,10.0,5500.0,800.0,9999.0,9999.0,10.62,0.957,15.0,23.0,29.0,4.0,6.5,9999.0,9999.0,6.5,9999.0,9999.0,15.2,34.0,40.0,1.0,47.0,52.0,57.0,61.0
135.0,1.0,4.0,10.0,4.0,12.0,1597.0,70.0,10.0,5500.0,800.0,9999.0,9999.0,10.62,0.957,15.0,23.0,29.0,4.0,6.5,9999.0,9999.0,6.5,9999.0,9999.0,15.7,34.0,40.0,1.0,47.0,52.0,57.0,61.0
135.0,1.0,4.0,10.0,4.0,12.0,1597.0,70.0,10.0,5500.0,800.0,9999.0,9999.0,10.62,0.957,15.0,23.0,29.0,4.0,6.5,9999.0,9999.0,6.5,9999.0,9999.0,15.0,34.0,40.0,1.0,47.0,52.0,57.0,61.0
135.0,1.0,4.0,10.0,4.0,12.0,1597.0,70.0,10.0,5500.0,800.0,9999.0,9999.0,10.62,0.957,15.0,23.0,29.0,4.0,6.5,9999.0,9999.0,6.5,9999.0,9999.0,15.7,34.0,40.0,1.0,47.0,52.0,57.0,61.0
135.0,1.0,4.0,11.0,4.0,12.0,1905.0,55.0,23.0,4600.0,800.0,9999.0,9999.0,8.91,1.6,17.0,23.0,29.0,2.0,8.0,38.6,9999.0,8.0,33.0,9999.0,21.7,34.0,40.0,1.0,47.0,54.0,59.0,63.0
135.0,2.0,9.0,10.0,4.0,12.0,1590.0,77.0,10.0,6200.0,750.0,9999.0,9999.0,10.67,1.2,21.0,23.0,29.0,4.0,5.5,30.0,9999.0,5.5,26.0,9999.0,16.6,34.0,40.0,1.0,47.0,52.0,58.0,61.0
135.0,2.0,4.0,10.0,4.0,12.0,1590.0,77.0,10.0,6200.0,750.0,9999.0,9999.0,10.67,1.2,21.0,23.0,29.0,4.0,5.5,30.0,9999.0,5.5,26.0,9999.0,15.3,34.0,40.0,1.0,47.0,52.0,58.0,61.0
135.0,2.0,4.0,10.0,4.0,12.0,1590.0,77.0,10.0,6200.0,750.0,9999.0,9999.0,10.67,1.2,21.0,23.0,29.0,4.0,5.5,30.0,9999.0,5.5,26.0,9999.0,16.3,34.0,40.0,1.0,47.0,52.0,58.0,61.0
136.0,1.0,4.0,10.0,4.0,12.0,1597.0,66.0,10.0,6000.0,700.0,9999.0,9999.0,10.7,1158.0,17.0,23.0,29.0,4.0,5.5,30.0,9999.0,5.5,24.0,9999.0,15.8,34.0,37.0,2.0,47.0,52.0,57.0,61.0
136.0,1.0,4.0,10.0,4.0,12.0,1597.0,73.0,10.0,6000.0,700.0,9999.0,9999.0,10.7,1158.0,17.0,23.0,29.0,4.0,5.5,30.0,9999.0,5.5,24.0,9999.0,17.7,34.0,37.0,2.0,47.0,52.0,57.0,61.0
137.0,1.0,4.0,10.0,4.0,12.0,1598.0,66.0,10.0,5000.0,720.0,9999.0,9999.0,10.77,1.13,21.0,23.0,29.0,2.0,7.0,37.5,9999.0,7.0,32.5,9999.0,16.3,34.0,40.0,1.0,47.0,52.0,58.0,61.0
137.0,1.0,4.0,10.0,4.0,12.0,1598.0,66.0,10.0,5000.0,750.0,9999.0,9999.0,10.77,1.13,21.0,23.0,29.0,2.0,7.0,37.5,9999.0,7.0,32.5,9999.0,16.7,34.0,40.0,1.0,47.0,52.0,58.0,61.0
137.0,1.0,4.0,10.0,4.0,12.0,1598.0,66.0,10.0,5000.0,720.0,9999.0,9999.0,10.77,1.13,21.0,23.0,29.0,2.0,7.0,37.5,9999.0,7.0,32.5,9999.0,16.7,34.0,40.0,1.0,47.0,52.0,58.0,61.0
137.0,1.0,4.0,10.0,4.0,12.0,1598.0,66.0,10.0,5000.0,720.0,9999.0,9999.0,10.77,1.13,21.0,23.0,29.0,2.0,7.0,37.5,9999.0,7.0,32.5,9999.0,16.7,34.0,40.0,1.0,47.0,52.0,58.0,61.0
137.0,1.0,4.0,10.0,4.0,12.0,1598.0,66.0,10.0,5000.0,720.0,9999.0,9999.0,10.77,1.13,21.0,23.0,29.0,2.0,7.0,37.5,9999.0,7.0,32.5,9999.0,15.3,34.0,40.0,1.0,47.0,52.0,58.0,61.0
137.0,1.0,4.0,10.0,4.0,12.0,1598.0,66.0,10.0,5000.0,720.0,9999.0,9999.0,10.77,1.13,21.0,23.0,29.0,2.0,7.0,37.5,9999.0,7.0,32.5,9999.0,15.8,34.0,40.0,1.0,47.0,52.0,58.0,61.0
137.0,1.0,4.0,10.0,4.0,12.0,1598.0,66.0,10.0,5000.0,720.0,9999.0,9999.0,10.77,1.13,21.0,23.0,29.0,2.0,7.0,37.5,9999.0,7.0,32.5,9999.0,16.0,34.0,40.0,1.0,47.0,52.0,58.0,61.0
137.0,1.0,4.0,10.0,4.0,12.0,1598.0,66.0,10.0,5000.0,720.0,9999.0,9999.0,10.77,1.13,21.0,23.0,29.0,2.0,7.0,37.5,9999.0,7.0,32.5,9999.0,16.0,34.0,40.0,1.0,47.0,52.0,58.0,61.0
137.0,1.0,4.0,10.0,4.0,12.0,1598.0,66.0,10.0,5000.0,720.0,9999.0,9999.0,10.77,1.13,21.0,23.0,29.0,2.0,7.0,37.5,9999.0,7.0,32.5,9999.0,16.4,34.0,40.0,1.0,47.0,52.0,58.0,61.0
137.0,1.0,4.0,10.0,4.0,12.0,1597.0,66.0,10.0,5500.0,800.0,9999.0,9999.0,10.78,0.957,15.0,23.0,29.0,4.0,6.5,9999.0,9999.0,6.5,9999.0,9999.0,14.8,34.0,40.0,1.0,47.0,52.0,57.0,61.0
137.0,1.0,4.0,10.0,4.0,12.0,1597.0,73.0,10.0,5750.0,750.0,9999.0,9999.0,10.78,0.957,15.0,23.0,29.0,4.0,6.5,9999.0,9999.0,6.5,9999.0,9999.0,16.3,34.0,40.0,1.0,47.0,52.0,57.0,61.0
137.0,1.0,4.0,10.0,4.0,12.0,1597.0,73.0,10.0,5750.0,750.0,9999.0,9999.0,10.78,0.957,15.0,23.0,29.0,4.0,6.5,9999.0,9999.0,6.5,9999.0,9999.0,16.1,34.0,40.0,1.0,47.0,52.0,57.0,61.0
137.0,1.0,4.0,10.0,4.0,12.0,1597.0,73.0,10.0,5750.0,750.0,9999.0,9999.0,10.78,0.957,15.0,23.0,29.0,4.0,6.5,9999.0,9999.0,6.5,9999.0,9999.0,16.6,34.0,40.0,1.0,47.0,52.0,57.0,61.0
137.0,1.0,4.0,10.0,4.0,12.0,1597.0,83.0,10.0,6000.0,800.0,9999.0,9999.0,10.78,0.957,21.0,23.0,29.0,4.0,6.5,9999.0,9999.0,6.5,9999.0,9999.0,12.5,34.0,40.0,1.0,47.0,52.0,57.0,61.0
137.0,1.0,4.0,10.0,4.0,12.0,1597.0,83.0,10.0,6000.0,800.0,9999.0,9999.0,10.78,0.957,21.0,23.0,29.0,4.0,6.5,9999.0,9999.0,6.5,9999.0,9999.0,12.8,34.0,40.0,1.0,47.0,52.0,57.0,61.0
138.0,1.0,4.0,10.0,4.0,12.0,1588.0,80.0,11.0,6000.0,9999.0,9999.0,9999.0,10.92,988.0,17.0,23.0,29.0,4.0,6.0,9999.0,9999.0,6.0,9999.0,9999.0,12.9,34.0,40.0,2.0,47.0,52.0,58.0,61.0
138.0,1.0,4.0,10.0,4.0,12.0,1588.0,80.0,11.0,6000.0,9999.0,9999.0,9999.0,10.92,988.0,17.0,23.0,29.0,4.0,6.0,9999.0,9999.0,6.0,9999.0,9999.0,13.8,34.0,40.0,2.0,47.0,52.0,58.0,61.0
138.0,1.0,4.0,10.0,4.0,12.0,1588.0,80.0,11.0,6000.0,9999.0,9999.0,9999.0,10.92,988.0,17.0,23.0,29.0,4.0,6.0,9999.0,9999.0,6.0,9999.0,9999.0,13.8,34.0,40.0,2.0,47.0,52.0,58.0,61.0
138.0,1.0,4.0,10.0,4.0,12.0,1589.0,73.0,11.0,6000.0,9999.0,9999.0,9999.0,10.91,1153.0,21.0,23.0,29.0,4.0,9999.0,9999.0,9999.0,9999.0,9999.0,9999.0,13.4,34.0,40.0,1.0,47.0,52.0,58.0,61.0
138.0,1.0,4.0,10.0,4.0,12.0,1589.0,73.0,11.0,6000.0,9999.0,9999.0,9999.0,10.91,1153.0,21.0,23.0,29.0,4.0,9999.0,9999.0,9999.0,9999.0,9999.0,9999.0,13.9,34.0,40.0,1.0,47.0,52.0,58.0,61.0
138.0,1.0,4.0,10.0,4.0,12.0,1589.0,73.0,11.0,6000.0,9999.0,9999.0,9999.0,10.91,1153.0,21.0,23.0,29.0,4.0,9999.0,9999.0,9999.0,9999.0,9999.0,9999.0,13.5,34.0,40.0,1.0,47.0,52.0,58.0,61.0
138.0,1.0,4.0,10.0,4.0,12.0,1589.0,73.0,11.0,6000.0,9999.0,9999.0,9999.0,10.91,1153.0,21.0,23.0,29.0,4.0,9999.0,9999.0,9999.0,9999.0,9999.0,9999.0,14.0,34.0,40.0,1.0,47.0,52.0,58.0,61.0
140.0,1.0,4.0,11.0,4.0,12.0,1753.0,55.0,19.0,4000.0,9999.0,9999.0,9999.0,10.04,0.994,17.0,23.0,29.0,2.0,8.0,36.5,9999.0,8.0,32.0,9999.0,19.1,34.0,41.0,1.0,48.0,53.0,57.0,67.0
140.0,1.0,4.0,10.0,4.0,12.0,1595.0,74.0,10.0,5800.0,840.0,6500.0,9999.0,11.03,956.0,17.0,23.0,29.0,2.0,7.0,39.5,9999.0,7.0,32.9,9999.0,15.6,34.0,40.0,1.0,47.0,52.0,58.0,61.0
140.0,1.0,4.0,10.0,4.0,12.0,1595.0,74.0,10.0,5800.0,840.0,6500.0,9999.0,11.03,956.0,17.0,23.0,29.0,2.0,7.0,39.5,9999.0,7.0,32.9,9999.0,16.0,34.0,40.0,1.0,47.0,52.0,58.0,61.0
140.0,1.0,4.0,10.0,4.0,12.0,1781.0,55.0,9.0,5000.0,875.0,9999.0,9999.0,9.88,1.67,17.0,23.0,29.0,2.0,8.0,38.0,9999.0,8.0,33.0,9999.0,21.0,34.0,40.0,1.0,47.0,55.0,58.0,61.0
140.0,1.0,4.0,10.0,4.0,12.0,1595.0,74.0,10.0,5300.0,840.0,6500.0,9999.0,11.03,956.0,17.0,23.0,29.0,2.0,7.0,39.5,9999.0,7.0,32.9,9999.0,16.6,34.0,40.0,1.0,47.0,52.0,58.0,61.0
140.0,1.0,4.0,10.0,4.0,12.0,1590.0,84.0,9.0,6500.0,9999.0,9999.0,9999.0,11.06,1.2,21.0,28.0,29.0,4.0,5.5,30.0,9999.0,5.5,26.0,9999.0,12.3,34.0,40.0,1.0,47.0,52.0,58.0,61.0
140.0,1.0,4.0,10.0,4.0,12.0,1590.0,77.0,9.0,6200.0,750.0,9999.0,9999.0,11.06,1.2,21.0,23.0,29.0,4.0,5.5,30.0,9999.0,5.5,26.0,9999.0,13.3,34.0,40.0,1.0,47.0,52.0,58.0,61.0
140.0,1.0,4.0,10.0,4.0,12.0,1590.0,77.0,9.0,6200.0,750.0,9999.0,9999.0,11.06,1.2,21.0,23.0,29.0,4.0,5.5,30.0,9999.0,5.5,26.0,9999.0,13.6,34.0,40.0,1.0,47.0,52.0,58.0,61.0
140.0,1.0,4.0,10.0,4.0,12.0,1581.0,74.0,10.0,5500.0,9999.0,9999.0,9999.0,11.13,0.78,17.0,23.0,29.0,4.0,6.9,30.2,9999.0,6.9,29.8,9999.0,14.8,34.0,40.0,2.0,47.0,52.0,58.0,61.0
140.0,3.0,4.0,11.0,4.0,12.0,1896.0,50.0,23.0,3700.0,850.0,4800.0,9999.0,9.28,1.21,17.0,23.0,29.0,2.0,8.0,36.0,8.4,8.0,31.0,8.8,34.1,34.0,40.0,1.0,48.0,54.0,59.0,63.0
140.0,3.0,4.0,11.0,4.0,12.0,1896.0,50.0,23.0,3700.0,850.0,4800.0,9999.0,9.28,1.21,17.0,23.0,29.0,2.0,8.0,36.0,8.4,8.0,31.0,8.8,34.9,34.0,40.0,1.0,48.0,54.0,59.0,63.0
142.0,1.0,4.0,10.0,4.0,12.0,1597.0,70.0,10.0,5250.0,830.0,7100.0,9999.0,11.17,1158.0,17.0,23.0,29.0,4.0,6.0,27.0,8.3,6.0,24.5,8.1,18.7,34.0,40.0,2.0,47.0,52.0,57.0,61.0
143.0,1.0,4.0,10.0,4.0,12.0,1587.0,77.0,10.0,5500.0,750.0,6800.0,6500.0,11.32,951.0,17.0,23.0,29.0,4.0,9999.0,9999.0,9999.0,9999.0,9999.0,9999.0,16.4,34.0,40.0,2.0,47.0,52.0,58.0,61.0
143.0,1.0,4.0,10.0,4.0,12.0,1590.0,85.0,10.0,6300.0,700.0,9999.0,9999.0,11.3,1.2,21.0,23.0,29.0,4.0,5.5,30.0,9999.0,5.5,26.0,9999.0,12.9,34.0,40.0,1.0,47.0,52.0,58.0,61.0
143.0,1.0,4.0,10.0,4.0,12.0,1590.0,85.0,10.0,6300.0,700.0,9999.0,9999.0,11.3,1.2,21.0,23.0,29.0,4.0,5.5,30.0,9999.0,5.5,26.0,9999.0,13.2,34.0,40.0,1.0,47.0,52.0,58.0,61.0
143.0,1.0,6.0,10.0,4.0,14.0,1597.0,70.0,10.0,5200.0,700.0,9999.0,9999.0,11.25,0.7490000000000001,21.0,23.0,29.0,4.0,6.0,31.0,9999.0,6.0,27.0,9999.0,16.4,34.0,40.0,2.0,47.0,52.0,57.0,61.0
143.0,1.0,6.0,10.0,4.0,14.0,1597.0,70.0,10.0,5200.0,700.0,9999.0,9999.0,11.25,0.7490000000000001,21.0,23.0,29.0,4.0,6.0,31.0,9999.0,6.0,27.0,9999.0,17.0,34.0,40.0,2.0,47.0,52.0,57.0,61.0
143.0,1.0,4.0,10.0,4.0,12.0,1600.0,85.0,10.0,6100.0,9999.0,9999.0,9999.0,11.23,1.98,17.0,23.0,29.0,4.0,9999.0,9999.0,9999.0,9999.0,9999.0,9999.0,13.7,34.0,40.0,2.0,47.0,52.0,58.0,61.0
143.0,1.0,4.0,10.0,4.0,12.0,1600.0,85.0,10.0,6100.0,9999.0,9999.0,9999.0,11.23,1.98,17.0,23.0,29.0,4.0,9999.0,9999.0,9999.0,9999.0,9999.0,9999.0,14.1,34.0,40.0,2.0,47.0,52.0,58.0,61.0
143.0,1.0,4.0,10.0,4.0,12.0,1587.0,77.0,10.0,5500.0,750.0,6800.0,6500.0,11.32,951.0,17.0,23.0,29.0,4.0,9999.0,9999.0,9999.0,9999.0,9999.0,9999.0,16.7,34.0,40.0,2.0,47.0,52.0,58.0,61.0
143.0,1.0,4.0,10.0,4.0,12.0,1590.0,85.0,10.0,6300.0,700.0,9999.0,9999.0,11.3,1.2,21.0,23.0,29.0,4.0,5.5,30.0,9999.0,5.5,26.0,9999.0,13.5,34.0,40.0,1.0,47.0,52.0,58.0,61.0
143.0,1.0,4.0,10.0,4.0,12.0,1590.0,85.0,10.0,6300.0,700.0,9999.0,9999.0,11.3,1.2,21.0,23.0,29.0,4.0,5.5,30.0,9999.0,5.5,26.0,9999.0,13.8,34.0,40.0,1.0,47.0,52.0,58.0,61.0
143.0,1.0,4.0,10.0,4.0,12.0,1600.0,85.0,10.0,6100.0,9999.0,9999.0,9999.0,11.23,1.98,17.0,23.0,29.0,4.0,9999.0,9999.0,9999.0,9999.0,9999.0,9999.0,14.2,34.0,40.0,2.0,47.0,52.0,58.0,61.0
143.0,1.0,4.0,10.0,4.0,12.0,1600.0,85.0,10.0,6100.0,9999.0,9999.0,9999.0,11.23,1.98,17.0,23.0,29.0,4.0,9999.0,9999.0,9999.0,9999.0,9999.0,9999.0,14.6,34.0,40.0,2.0,47.0,52.0,58.0,61.0
144.0,1.0,4.0,10.0,4.0,12.0,1598.0,88.0,10.0,6300.0,840.0,7400.0,9999.0,11.32,0.923,17.0,24.0,29.0,4.0,7.0,33.5,8.3,7.0,28.0,7.5,13.8,34.0,40.0,2.0,47.0,52.0,57.0,61.0
144.0,1.0,4.0,10.0,4.0,12.0,1598.0,88.0,10.0,6300.0,840.0,7400.0,9999.0,11.32,0.923,17.0,24.0,29.0,4.0,7.0,33.5,8.3,7.0,28.0,7.5,13.5,34.0,40.0,2.0,47.0,52.0,57.0,61.0
144.0,1.0,4.0,10.0,4.0,12.0,1581.0,76.0,10.0,5750.0,850.0,9999.0,9999.0,11.45,0.78,17.0,23.0,29.0,4.0,6.9,30.0,9999.0,6.9,29.4,9999.0,14.3,34.0,40.0,2.0,47.0,52.0,58.0,61.0
144.0,1.0,4.0,10.0,4.0,12.0,1581.0,76.0,10.0,5750.0,850.0,9999.0,9999.0,11.45,0.78,17.0,23.0,29.0,4.0,6.9,30.0,9999.0,6.9,29.4,9999.0,14.7,34.0,40.0,2.0,47.0,52.0,58.0,61.0
144.0,1.0,4.0,10.0,4.0,12.0,1581.0,76.0,10.0,5750.0,850.0,9999.0,9999.0,11.45,0.78,17.0,23.0,29.0,4.0,6.9,30.0,9999.0,6.9,29.4,9999.0,13.8,34.0,40.0,2.0,47.0,52.0,58.0,61.0
144.0,1.0,4.0,10.0,4.0,12.0,1581.0,76.0,10.0,5750.0,850.0,9999.0,9999.0,11.45,0.78,17.0,23.0,29.0,4.0,6.9,30.0,9999.0,6.9,29.4,9999.0,14.3,34.0,40.0,2.0,47.0,52.0,58.0,61.0
144.0,1.0,4.0,10.0,4.0,12.0,1581.0,76.0,10.0,5750.0,850.0,6700.0,9999.0,11.45,0.78,17.0,23.0,29.0,4.0,6.9,30.2,9999.0,6.9,29.8,9999.0,15.0,34.0,40.0,2.0,47.0,52.0,58.0,61.0
144.0,1.0,4.0,10.0,4.0,12.0,1581.0,76.0,11.0,5750.0,850.0,6700.0,9999.0,11.45,0.78,17.0,23.0,29.0,4.0,7.0,30.2,8.9,7.0,29.8,9999.0,16.4,34.0,40.0,2.0,47.0,52.0,58.0,61.0
144.0,1.0,4.0,10.0,4.0,12.0,1581.0,76.0,10.0,5750.0,850.0,6700.0,9999.0,11.45,0.78,17.0,23.0,29.0,4.0,6.9,30.2,9999.0,6.9,29.8,9999.0,15.8,34.0,40.0,2.0,47.0,52.0,58.0,61.0
144.0,1.0,4.0,10.0,4.0,12.0,1581.0,76.0,10.0,5750.0,850.0,6700.0,9999.0,11.45,0.78,17.0,23.0,29.0,4.0,6.9,30.2,9999.0,6.9,29.8,9999.0,16.1,34.0,40.0,2.0,47.0,52.0,58.0,61.0
144.0,1.0,4.0,10.0,4.0,12.0,1581.0,76.0,11.0,5750.0,850.0,6700.0,9999.0,11.45,0.78,17.0,23.0,29.0,4.0,7.0,30.2,8.9,7.0,29.8,9999.0,17.0,34.0,40.0,2.0,47.0,52.0,58.0,61.0
144.0,3.0,4.0,10.0,4.0,12.0,1581.0,76.0,11.0,5750.0,850.0,9999.0,9999.0,11.45,0.78,17.0,23.0,29.0,4.0,6.9,30.0,9999.0,6.9,29.4,9999.0,17.1,34.0,40.0,2.0,47.0,52.0,58.0,61.0
145.0,1.0,4.0,10.0,4.0,12.0,1595.0,74.0,10.0,5600.0,780.0,6500.0,9999.0,11.42,956.0,17.0,23.0,29.0,2.0,7.0,39.5,9999.0,7.0,32.9,9999.0,16.2,34.0,40.0,1.0,47.0,52.0,58.0,61.0
145.0,1.0,4.0,10.0,4.0,12.0,1595.0,74.0,10.0,5600.0,800.0,6500.0,9999.0,11.42,956.0,17.0,23.0,29.0,2.0,7.0,39.5,9999.0,7.0,32.9,9999.0,14.7,34.0,40.0,1.0,47.0,52.0,58.0,61.0
145.0,1.0,4.0,10.0,4.0,12.0,1595.0,74.0,10.0,5600.0,800.0,6500.0,9999.0,11.42,956.0,17.0,23.0,29.0,2.0,7.0,39.5,9999.0,7.0,32.9,9999.0,15.3,34.0,40.0,1.0,47.0,52.0,58.0,61.0
145.0,1.0,4.0,10.0,4.0,12.0,1595.0,74.0,10.0,5600.0,800.0,6500.0,9999.0,11.42,956.0,17.0,23.0,29.0,2.0,7.0,39.5,9999.0,7.0,32.9,9999.0,14.7,34.0,40.0,1.0,47.0,52.0,58.0,61.0
145.0,1.0,4.0,10.0,4.0,12.0,1595.0,74.0,10.0,5600.0,800.0,6500.0,9999.0,11.42,956.0,17.0,23.0,29.0,2.0,7.0,39.5,9999.0,7.0,32.9,9999.0,15.3,34.0,40.0,1.0,47.0,52.0,58.0,61.0
145.0,1.0,4.0,10.0,4.0,12.0,1595.0,74.0,10.0,5600.0,800.0,9999.0,9999.0,11.42,956.0,17.0,23.0,29.0,2.0,7.0,39.5,9999.0,7.0,32.9,9999.0,15.5,34.0,40.0,1.0,47.0,52.0,58.0,61.0
145.0,1.0,4.0,10.0,4.0,12.0,1595.0,74.0,10.0,5600.0,800.0,9999.0,9999.0,11.42,956.0,17.0,23.0,29.0,2.0,7.0,39.5,9999.0,7.0,32.9,9999.0,15.9,34.0,40.0,1.0,47.0,52.0,58.0,61.0
145.0,1.0,4.0,10.0,4.0,12.0,1595.0,74.0,10.0,5600.0,9999.0,9999.0,9999.0,11.42,956.0,17.0,23.0,29.0,2.0,7.0,39.5,9999.0,7.0,32.9,9999.0,14.4,34.0,40.0,1.0,47.0,52.0,58.0,61.0
145.0,1.0,4.0,10.0,4.0,12.0,1595.0,74.0,10.0,5600.0,9999.0,9999.0,9999.0,11.42,956.0,17.0,23.0,29.0,2.0,7.0,39.5,9999.0,7.0,32.9,9999.0,14.9,34.0,40.0,1.0,47.0,52.0,58.0,61.0
145.0,1.0,4.0,10.0,4.0,12.0,1595.0,74.0,10.0,5600.0,800.0,9999.0,9999.0,11.42,956.0,17.0,23.0,29.0,2.0,7.0,39.5,9999.0,7.0,32.9,9999.0,15.6,34.0,40.0,1.0,47.0,52.0,58.0,61.0
145.0,1.0,4.0,10.0,4.0,12.0,1595.0,74.0,10.0,5600.0,800.0,9999.0,9999.0,11.42,956.0,17.0,23.0,29.0,2.0,7.0,39.5,9999.0,7.0,32.9,9999.0,16.4,34.0,40.0,1.0,47.0,52.0,58.0,61.0
145.0,1.0,4.0,10.0,4.0,12.0,1595.0,74.0,10.0,5600.0,800.0,9999.0,9999.0,11.42,956.0,16.0,23.0,29.0,2.0,7.0,39.5,9999.0,7.0,32.9,9999.0,16.4,34.0,40.0,1.0,47.0,52.0,58.0,61.0
145.0,1.0,4.0,10.0,4.0,12.0,1595.0,74.0,10.0,5600.0,800.0,9999.0,9999.0,11.42,956.0,16.0,23.0,29.0,2.0,7.0,39.5,9999.0,7.0,32.9,9999.0,16.9,34.0,40.0,1.0,47.0,52.0,58.0,61.0
145.0,1.0,4.0,10.0,4.0,12.0,1781.0,66.0,10.0,5500.0,875.0,9999.0,9999.0,10.23,1.67,17.0,23.0,29.0,2.0,8.0,38.0,9999.0,8.0,33.0,9999.0,17.5,34.0,40.0,1.0,47.0,55.0,58.0,61.0
145.0,1.0,4.0,10.0,4.0,12.0,1781.0,66.0,10.0,5500.0,875.0,9999.0,9999.0,10.23,1.67,17.0,23.0,29.0,2.0,8.0,38.0,9999.0,8.0,33.0,9999.0,18.0,34.0,40.0,1.0,47.0,55.0,58.0,61.0
145.0,1.0,4.0,10.0,4.0,12.0,1595.0,74.0,10.0,5600.0,800.0,6500.0,9999.0,11.42,956.0,17.0,23.0,29.0,2.0,7.0,39.5,9999.0,7.0,32.9,9999.0,16.0,34.0,40.0,1.0,47.0,52.0,58.0,61.0
145.0,1.0,4.0,10.0,4.0,12.0,1587.0,87.0,11.0,6600.0,9999.0,9999.0,9999.0,11.48,1.45,17.0,23.0,29.0,4.0,6.0,28.8,8.5,6.0,24.5,8.5,10.4,34.0,40.0,2.0,47.0,52.0,58.0,61.0
145.0,1.0,4.0,10.0,4.0,12.0,1587.0,81.0,10.0,6000.0,600.0,9999.0,9999.0,11.48,951.0,17.0,23.0,29.0,4.0,6.0,31.0,9999.0,6.0,24.5,9999.0,14.9,34.0,42.0,2.0,47.0,52.0,58.0,61.0
145.0,1.0,4.0,10.0,4.0,12.0,1587.0,81.0,10.0,6000.0,600.0,9999.0,9999.0,11.48,951.0,17.0,23.0,29.0,4.0,6.0,31.0,9999.0,6.0,24.5,9999.0,15.1,34.0,42.0,2.0,47.0,52.0,58.0,61.0
145.0,1.0,4.0,10.0,4.0,12.0,1598.0,78.0,10.0,5800.0,9999.0,9999.0,9999.0,11.4,1.32,17.0,23.0,29.0,4.0,9999.0,9999.0,9999.0,9999.0,9999.0,9999.0,15.1,34.0,40.0,2.0,47.0,52.0,58.0,61.0
145.0,1.0,4.0,10.0,4.0,12.0,1595.0,74.0,10.0,5600.0,780.0,6500.0,9999.0,11.42,956.0,17.0,23.0,29.0,2.0,7.0,39.5,9999.0,7.0,32.9,9999.0,16.8,34.0,40.0,1.0,47.0,52.0,58.0,61.0
145.0,1.0,4.0,10.0,4.0,12.0,1596.0,74.0,11.0,6000.0,9999.0,9999.0,9999.0,11.42,1.3,17.0,23.0,29.0,4.0,6.0,30.1,8.3,6.0,24.1,8.1,15.6,34.0,42.0,2.0,47.0,52.0,57.0,61.0
145.0,1.0,4.0,10.0,4.0,12.0,1595.0,74.0,10.0,5600.0,800.0,6500.0,9999.0,11.42,956.0,17.0,23.0,29.0,2.0,7.0,39.5,9999.0,7.0,32.9,9999.0,16.4,34.0,40.0,1.0,47.0,52.0,58.0,61.0
145.0,1.0,4.0,10.0,4.0,12.0,1595.0,74.0,10.0,5600.0,800.0,6500.0,9999.0,11.42,956.0,17.0,23.0,29.0,2.0,7.0,39.5,9999.0,7.0,32.9,9999.0,16.6,34.0,40.0,1.0,47.0,52.0,58.0,61.0
145.0,1.0,4.0,10.0,4.0,12.0,1595.0,74.0,10.0,5600.0,800.0,6500.0,9999.0,11.42,956.0,17.0,23.0,29.0,2.0,7.0,39.5,9999.0,7.0,32.9,9999.0,16.6,34.0,40.0,1.0,47.0,52.0,58.0,61.0
145.0,1.0,4.0,10.0,4.0,12.0,1595.0,74.0,10.0,5600.0,800.0,6500.0,9999.0,11.42,956.0,17.0,23.0,29.0,2.0,7.0,39.5,9999.0,7.0,32.9,9999.0,17.0,34.0,40.0,1.0,47.0,52.0,58.0,61.0
145.0,1.0,4.0,10.0,4.0,12.0,1595.0,74.0,10.0,5600.0,800.0,6500.0,9999.0,11.42,956.0,17.0,23.0,29.0,2.0,7.0,39.5,9999.0,7.0,32.9,9999.0,15.0,34.0,40.0,1.0,47.0,52.0,58.0,61.0
145.0,1.0,4.0,10.0,4.0,12.0,1595.0,74.0,10.0,5600.0,800.0,6500.0,9999.0,11.42,956.0,17.0,23.0,29.0,2.0,7.0,39.5,9999.0,7.0,32.9,9999.0,15.6,34.0,40.0,1.0,47.0,52.0,58.0,61.0
145.0,1.0,4.0,10.0,4.0,12.0,1587.0,81.0,10.0,6000.0,600.0,9999.0,9999.0,11.48,951.0,17.0,23.0,29.0,4.0,6.0,31.0,9999.0,6.0,24.5,9999.0,15.3,34.0,42.0,2.0,47.0,52.0,58.0,61.0
145.0,1.0,4.0,10.0,4.0,12.0,1598.0,78.0,10.0,5800.0,9999.0,9999.0,9999.0,11.4,1.32,17.0,23.0,29.0,4.0,9999.0,9999.0,9999.0,9999.0,9999.0,9999.0,15.9,34.0,40.0,2.0,47.0,52.0,58.0,61.0
147.0,1.0,4.0,10.0,4.0,12.0,1762.0,66.0,10.0,5000.0,850.0,9999.0,9999.0,10.48,981.0,17.0,23.0,29.0,2.0,9999.0,41.6,9.7,9999.0,34.5,9.7,17.7,34.0,40.0,1.0,47.0,52.0,58.0,61.0
147.0,1.0,4.0,10.0,4.0,12.0,1762.0,66.0,10.0,5000.0,850.0,9999.0,9999.0,10.48,981.0,17.0,23.0,29.0,2.0,8.0,41.6,9.7,8.0,34.5,9.7,16.2,34.0,40.0,1.0,47.0,52.0,58.0,61.0
147.0,1.0,4.0,10.0,4.0,12.0,1762.0,66.0,10.0,5000.0,850.0,9999.0,9999.0,10.48,981.0,17.0,23.0,29.0,2.0,8.0,41.6,9.7,8.0,34.5,9.7,16.4,34.0,40.0,1.0,47.0,52.0,58.0,61.0
147.0,1.0,4.0,10.0,4.0,12.0,1762.0,66.0,10.0,5000.0,850.0,6400.0,9999.0,10.48,981.0,17.0,23.0,29.0,2.0,8.0,41.6,9.7,8.0,34.5,9.7,18.9,34.0,40.0,1.0,47.0,52.0,58.0,61.0
147.0,1.0,4.0,11.0,4.0,12.0,1910.0,55.0,21.0,4200.0,850.0,5050.0,9999.0,9.67,1.12,17.0,23.0,29.0,2.0,8.0,37.3,9999.0,8.0,30.9,9999.0,21.3,34.0,40.0,1.0,48.0,56.0,59.0,63.0
147.0,1.0,4.0,11.0,4.0,12.0,1910.0,55.0,21.0,4200.0,850.0,5050.0,9999.0,9.67,1.12,17.0,23.0,29.0,2.0,8.0,37.3,9999.0,8.0,30.9,9999.0,20.8,34.0,40.0,1.0,48.0,56.0,59.0,63.0
147.0,1.0,4.0,10.0,4.0,12.0,1762.0,66.0,10.0,5000.0,850.0,9999.0,9999.0,10.48,981.0,17.0,23.0,29.0,2.0,9999.0,41.6,9.7,9999.0,34.5,9.7,19.7,34.0,40.0,1.0,47.0,52.0,58.0,61.0
147.0,1.0,4.0,10.0,4.0,12.0,1762.0,66.0,10.0,5000.0,850.0,6400.0,9999.0,10.48,981.0,17.0,23.0,29.0,2.0,8.0,41.6,9.7,8.0,34.5,9.7,19.7,34.0,40.0,1.0,47.0,52.0,58.0,61.0
148.0,1.0,4.0,10.0,4.0,12.0,1598.0,78.0,11.0,6000.0,900.0,9999.0,9999.0,11.64,1.32,17.0,23.0,29.0,4.0,6.0,30.5,9999.0,6.0,27.5,9999.0,13.2,34.0,40.0,2.0,47.0,52.0,57.0,61.0
148.0,1.0,4.0,10.0,4.0,12.0,1598.0,79.0,10.0,5750.0,9999.0,9999.0,9999.0,11.64,1.13,17.0,23.0,29.0,4.0,9999.0,9999.0,9999.0,9999.0,9999.0,9999.0,15.6,34.0,40.0,2.0,47.0,52.0,58.0,61.0
148.0,1.0,4.0,10.0,4.0,12.0,1598.0,79.0,10.0,5750.0,750.0,6200.0,9999.0,11.64,1.13,16.0,23.0,29.0,4.0,5.5,9999.0,9999.0,5.5,9999.0,9999.0,12.6,34.0,40.0,2.0,47.0,52.0,58.0,61.0
148.0,1.0,4.0,10.0,4.0,12.0,1598.0,79.0,10.0,5750.0,9999.0,9999.0,9999.0,11.64,1.13,16.0,23.0,29.0,4.0,5.5,9999.0,9999.0,5.5,9999.0,9999.0,15.8,34.0,40.0,2.0,47.0,52.0,58.0,61.0
148.0,1.0,4.0,10.0,4.0,12.0,1598.0,79.0,10.0,5750.0,9999.0,9999.0,9999.0,11.64,1.13,16.0,23.0,29.0,4.0,5.5,9999.0,9999.0,5.5,9999.0,9999.0,16.2,34.0,40.0,2.0,47.0,52.0,58.0,61.0
148.0,1.0,4.0,10.0,4.0,12.0,1598.0,79.0,10.0,5750.0,9999.0,9999.0,9999.0,11.64,1.13,16.0,23.0,29.0,4.0,5.5,9999.0,9999.0,5.5,9999.0,9999.0,15.8,34.0,40.0,2.0,47.0,52.0,58.0,61.0
148.0,1.0,4.0,10.0,4.0,12.0,1598.0,79.0,10.0,5750.0,9999.0,9999.0,9999.0,11.64,1.13,16.0,23.0,29.0,4.0,5.5,9999.0,9999.0,5.5,9999.0,9999.0,16.2,34.0,40.0,2.0,47.0,52.0,58.0,61.0
148.0,1.0,4.0,10.0,4.0,12.0,1598.0,79.0,10.0,5750.0,9999.0,9999.0,9999.0,11.64,1.13,17.0,23.0,29.0,4.0,9999.0,9999.0,9999.0,9999.0,9999.0,9999.0,16.3,34.0,40.0,2.0,47.0,52.0,58.0,61.0
150.0,1.0,4.0,10.0,4.0,12.0,1598.0,75.0,11.0,5250.0,750.0,5750.0,6000.0,11.8,0.994,15.0,23.0,29.0,2.0,6.0,40.0,9.4,7.0,34.0,9.4,13.9,34.0,37.0,1.0,47.0,52.0,57.0,61.0
150.0,1.0,4.0,10.0,4.0,12.0,1598.0,75.0,11.0,5250.0,750.0,5750.0,6000.0,11.8,0.994,15.0,23.0,29.0,2.0,6.0,40.0,9.4,7.0,34.0,9.4,14.3,34.0,37.0,1.0,47.0,52.0,57.0,61.0
150.0,1.0,4.0,10.0,4.0,12.0,1598.0,75.0,11.0,5250.0,750.0,5750.0,6000.0,11.8,0.994,15.0,23.0,29.0,2.0,6.0,40.0,9.4,7.0,34.0,9.4,13.9,34.0,37.0,1.0,47.0,52.0,57.0,61.0
150.0,1.0,4.0,10.0,4.0,12.0,1598.0,75.0,11.0,5250.0,750.0,5750.0,6000.0,11.8,0.994,15.0,23.0,29.0,2.0,6.0,40.0,9.4,7.0,34.0,9.4,13.9,34.0,37.0,1.0,47.0,52.0,57.0,61.0
150.0,1.0,4.0,10.0,4.0,12.0,1598.0,74.0,11.0,6000.0,900.0,9999.0,9999.0,11.8,1.32,17.0,23.0,29.0,4.0,9999.0,9999.0,9999.0,9999.0,9999.0,9999.0,15.2,34.0,40.0,2.0,47.0,52.0,58.0,61.0
150.0,1.0,4.0,10.0,4.0,12.0,1598.0,74.0,11.0,6000.0,900.0,9999.0,9999.0,11.8,1.32,17.0,23.0,29.0,4.0,9999.0,9999.0,9999.0,9999.0,9999.0,9999.0,15.5,34.0,40.0,2.0,47.0,52.0,58.0,61.0
150.0,1.0,4.0,10.0,4.0,12.0,1598.0,74.0,11.0,6000.0,900.0,9999.0,9999.0,11.8,1.32,17.0,23.0,29.0,4.0,9999.0,9999.0,9999.0,9999.0,9999.0,9999.0,14.9,34.0,40.0,2.0,47.0,52.0,58.0,61.0
150.0,1.0,4.0,10.0,4.0,12.0,1598.0,74.0,11.0,6000.0,900.0,9999.0,9999.0,11.8,1.32,17.0,23.0,29.0,4.0,9999.0,9999.0,9999.0,9999.0,9999.0,9999.0,15.2,34.0,40.0,2.0,47.0,52.0,58.0,61.0
150.0,1.0,4.0,10.0,4.0,12.0,1598.0,74.0,11.0,6000.0,900.0,9999.0,9999.0,11.8,1.32,17.0,23.0,29.0,4.0,9999.0,9999.0,9999.0,9999.0,9999.0,9999.0,15.5,34.0,40.0,2.0,47.0,52.0,58.0,61.0
150.0,1.0,4.0,10.0,4.0,12.0,1598.0,74.0,11.0,6000.0,850.0,9999.0,9999.0,11.8,1.32,17.0,23.0,29.0,4.0,6.0,30.5,8.5,6.0,27.5,8.5,16.3,34.0,40.0,2.0,47.0,52.0,57.0,61.0
150.0,1.0,4.0,10.0,4.0,12.0,1598.0,74.0,11.0,6000.0,850.0,9999.0,9999.0,11.8,1.32,17.0,23.0,29.0,4.0,6.0,30.5,8.5,6.0,27.5,8.5,17.7,34.0,40.0,2.0,47.0,52.0,57.0,61.0
150.0,1.0,4.0,10.0,4.0,12.0,1598.0,74.0,11.0,6000.0,850.0,9999.0,9999.0,11.8,1.32,17.0,23.0,29.0,4.0,6.0,30.5,8.5,6.0,27.5,8.5,16.5,34.0,40.0,2.0,47.0,52.0,57.0,61.0
150.0,1.0,4.0,10.0,4.0,12.0,1598.0,74.0,11.0,6000.0,850.0,9999.0,9999.0,11.8,1.32,17.0,23.0,29.0,4.0,6.0,30.5,8.5,6.0,27.5,8.5,16.9,34.0,40.0,2.0,47.0,52.0,57.0,61.0
150.0,1.0,4.0,10.0,4.0,12.0,1595.0,118.0,10.0,7600.0,9999.0,9999.0,9999.0,11.82,956.0,18.0,28.0,33.0,4.0,5.5,33.0,9999.0,5.5,28.0,9999.0,9.2,34.0,40.0,2.0,47.0,52.0,58.0,61.0
150.0,1.0,4.0,10.0,4.0,12.0,1598.0,81.0,11.0,6000.0,9999.0,9999.0,9999.0,11.8,1.32,17.0,25.0,29.0,4.0,9999.0,9999.0,9999.0,9999.0,9999.0,9999.0,13.1,34.0,39.0,2.0,47.0,52.0,57.0,61.0
150.0,1.0,4.0,10.0,4.0,12.0,1598.0,81.0,11.0,6000.0,9999.0,9999.0,9999.0,11.8,1.32,17.0,25.0,29.0,4.0,9999.0,9999.0,9999.0,9999.0,9999.0,9999.0,13.5,34.0,39.0,2.0,47.0,52.0,57.0,61.0
150.0,1.0,4.0,10.0,4.0,12.0,1598.0,81.0,11.0,6000.0,9999.0,9999.0,9999.0,11.8,1.32,17.0,25.0,29.0,4.0,9999.0,9999.0,9999.0,9999.0,9999.0,9999.0,13.3,34.0,39.0,2.0,47.0,52.0,57.0,61.0
150.0,1.0,4.0,10.0,4.0,12.0,1598.0,81.0,11.0,6000.0,9999.0,9999.0,9999.0,11.8,1.32,17.0,25.0,29.0,4.0,9999.0,9999.0,9999.0,9999.0,9999.0,9999.0,13.6,34.0,39.0,2.0,47.0,52.0,57.0,61.0
150.0,1.0,4.0,10.0,4.0,12.0,1598.0,81.0,11.0,6000.0,9999.0,9999.0,9999.0,11.8,1.32,17.0,25.0,29.0,4.0,9999.0,9999.0,9999.0,9999.0,9999.0,9999.0,14.0,34.0,39.0,2.0,47.0,52.0,57.0,61.0
150.0,1.0,4.0,10.0,4.0,12.0,1598.0,81.0,11.0,6000.0,9999.0,9999.0,9999.0,11.8,1.32,17.0,25.0,29.0,4.0,9999.0,9999.0,9999.0,9999.0,9999.0,9999.0,13.8,34.0,39.0,2.0,47.0,52.0,57.0,61.0
150.0,1.0,4.0,10.0,4.0,12.0,1598.0,81.0,11.0,6000.0,9999.0,9999.0,9999.0,11.8,1.32,17.0,25.0,29.0,4.0,9999.0,9999.0,9999.0,9999.0,9999.0,9999.0,13.6,34.0,39.0,2.0,47.0,52.0,57.0,61.0
150.0,1.0,4.0,10.0,4.0,12.0,1598.0,81.0,11.0,6000.0,9999.0,9999.0,9999.0,11.8,1.32,17.0,25.0,29.0,4.0,9999.0,9999.0,9999.0,9999.0,9999.0,9999.0,14.0,34.0,39.0,2.0,47.0,52.0,57.0,61.0
150.0,3.0,4.0,10.0,4.0,12.0,1598.0,74.0,11.0,6000.0,780.0,9999.0,9999.0,11.8,1.32,17.0,23.0,29.0,4.0,9999.0,9999.0,9999.0,9999.0,9999.0,9999.0,17.7,34.0,40.0,2.0,47.0,52.0,58.0,61.0
152.0,1.0,4.0,10.0,4.0,12.0,1840.0,74.0,10.0,5500.0,9999.0,9999.0,9999.0,10.38,1.24,17.0,23.0,29.0,4.0,6.0,35.0,9999.0,6.0,9999.0,9999.0,15.8,34.0,40.0,2.0,47.0,52.0,57.0,61.0
152.0,1.0,4.0,10.0,4.0,12.0,1840.0,74.0,10.0,5500.0,9999.0,9999.0,9999.0,10.38,1.24,17.0,23.0,29.0,4.0,6.0,35.0,9999.0,6.0,9999.0,9999.0,16.1,34.0,40.0,2.0,47.0,52.0,57.0,61.0
152.0,1.0,4.0,10.0,4.0,12.0,1840.0,89.0,10.0,6200.0,800.0,9999.0,9999.0,10.38,988.0,17.0,23.0,29.0,4.0,9999.0,9999.0,9999.0,9999.0,9999.0,9999.0,11.3,34.0,43.0,2.0,47.0,52.0,58.0,61.0
152.0,1.0,4.0,10.0,4.0,12.0,1840.0,89.0,10.0,6200.0,800.0,9999.0,9999.0,10.38,988.0,17.0,23.0,29.0,4.0,9999.0,9999.0,9999.0,9999.0,9999.0,9999.0,11.6,34.0,43.0,2.0,47.0,52.0,58.0,61.0
152.0,1.0,4.0,10.0,4.0,12.0,1793.0,82.0,10.0,5800.0,9999.0,9999.0,9999.0,10.65,1.74,17.0,23.0,29.0,4.0,9999.0,9999.0,9999.0,9999.0,9999.0,9999.0,13.6,34.0,40.0,2.0,47.0,0.0,58.0,61.0
152.0,1.0,4.0,10.0,4.0,12.0,1793.0,82.0,10.0,5800.0,9999.0,9999.0,9999.0,10.65,1.74,17.0,23.0,29.0,4.0,9999.0,9999.0,9999.0,9999.0,9999.0,9999.0,14.0,34.0,40.0,2.0,47.0,0.0,58.0,61.0
152.0,1.0,4.0,10.0,4.0,12.0,1793.0,81.0,10.0,5750.0,9999.0,9999.0,9999.0,10.65,1.74,17.0,23.0,29.0,4.0,9999.0,9999.0,9999.0,9999.0,9999.0,9999.0,13.7,34.0,40.0,2.0,47.0,52.0,58.0,61.0
152.0,1.0,4.0,10.0,4.0,12.0,1793.0,81.0,10.0,5750.0,9999.0,9999.0,9999.0,10.65,1.74,17.0,23.0,29.0,4.0,9999.0,9999.0,9999.0,9999.0,9999.0,9999.0,14.1,34.0,40.0,2.0,47.0,52.0,58.0,61.0
152.0,1.0,4.0,10.0,4.0,12.0,1793.0,85.0,10.0,5750.0,9999.0,9999.0,9999.0,10.65,1.74,17.0,23.0,29.0,4.0,9999.0,9999.0,9999.0,9999.0,9999.0,9999.0,14.4,34.0,40.0,2.0,47.0,52.0,58.0,61.0
152.0,1.0,4.0,10.0,4.0,12.0,1793.0,85.0,10.0,5750.0,9999.0,9999.0,9999.0,10.65,1.74,17.0,23.0,29.0,4.0,9999.0,9999.0,9999.0,9999.0,9999.0,9999.0,14.8,34.0,40.0,2.0,47.0,52.0,58.0,61.0
152.0,1.0,4.0,10.0,4.0,12.0,1840.0,74.0,10.0,5500.0,9999.0,9999.0,9999.0,10.38,1.24,17.0,23.0,29.0,4.0,6.0,35.0,9999.0,6.0,9999.0,9999.0,17.1,34.0,40.0,2.0,47.0,52.0,57.0,61.0
152.0,1.0,4.0,10.0,4.0,12.0,1840.0,89.0,10.0,6200.0,800.0,9999.0,9999.0,10.38,988.0,17.0,23.0,29.0,4.0,9999.0,9999.0,9999.0,9999.0,9999.0,9999.0,11.9,34.0,43.0,2.0,47.0,52.0,58.0,61.0
152.0,1.0,4.0,10.0,4.0,12.0,1793.0,85.0,10.0,5750.0,9999.0,9999.0,9999.0,10.65,1.74,17.0,23.0,29.0,4.0,9999.0,9999.0,9999.0,9999.0,9999.0,9999.0,15.0,34.0,40.0,2.0,47.0,52.0,58.0,61.0
152.0,1.0,4.0,10.0,4.0,12.0,1793.0,85.0,10.0,5750.0,9999.0,9999.0,9999.0,10.65,1.74,17.0,23.0,29.0,4.0,9999.0,9999.0,9999.0,9999.0,9999.0,9999.0,15.4,34.0,40.0,2.0,47.0,52.0,58.0,61.0
153.0,1.0,4.0,10.0,4.0,12.0,1762.0,74.0,9.0,6000.0,850.0,9999.0,9999.0,10.91,981.0,17.0,23.0,29.0,2.0,8.0,41.6,9.7,8.0,34.5,9.7,15.0,34.0,40.0,1.0,47.0,52.0,58.0,61.0
153.0,1.0,4.0,10.0,4.0,12.0,1762.0,74.0,9.0,6000.0,850.0,6500.0,9999.0,10.91,981.0,17.0,23.0,29.0,2.0,8.0,41.6,9.7,8.0,34.5,9.7,16.5,34.0,40.0,1.0,47.0,52.0,58.0,61.0
153.0,1.0,4.0,10.0,4.0,12.0,1762.0,74.0,9.0,6000.0,850.0,6500.0,9999.0,10.91,981.0,17.0,23.0,29.0,2.0,8.0,41.6,9.7,8.0,34.5,9.7,16.0,34.0,40.0,1.0,47.0,52.0,58.0,61.0
153.0,1.0,4.0,10.0,4.0,12.0,1762.0,74.0,9.0,6000.0,850.0,6500.0,9999.0,10.91,981.0,17.0,23.0,29.0,2.0,8.0,41.6,9.7,8.0,34.5,9.7,15.1,34.0,40.0,1.0,47.0,52.0,58.0,61.0
153.0,1.0,4.0,10.0,4.0,12.0,1762.0,74.0,9.0,6000.0,850.0,9999.0,9999.0,10.91,981.0,17.0,23.0,29.0,2.0,8.0,41.6,9.7,8.0,34.5,9.7,15.5,34.0,40.0,1.0,47.0,52.0,58.0,61.0
153.0,1.0,4.0,10.0,4.0,12.0,1762.0,74.0,9.0,6000.0,850.0,6500.0,9999.0,10.91,981.0,17.0,23.0,29.0,2.0,8.0,41.6,9.7,8.0,34.5,9.7,16.0,34.0,40.0,1.0,47.0,52.0,58.0,61.0
153.0,3.0,4.0,10.0,4.0,12.0,1840.0,74.0,10.0,5500.0,725.0,9999.0,9999.0,10.45,1.24,17.0,23.0,29.0,4.0,6.0,33.0,9999.0,6.0,28.0,9999.0,17.7,34.0,40.0,2.0,47.0,52.0,57.0,61.0
154.0,1.0,4.0,10.0,4.0,12.0,1747.0,83.0,10.0,5800.0,9999.0,6550.0,9999.0,11.08,1.9,17.0,23.0,29.0,4.0,6.9,33.0,7.5,6.9,27.5,7.5,13.3,34.0,40.0,2.0,47.0,52.0,58.0,61.0
154.0,1.0,4.0,10.0,4.0,12.0,1747.0,83.0,10.0,5800.0,850.0,6500.0,9999.0,11.08,1.9,17.0,23.0,29.0,4.0,6.9,33.4,7.5,6.9,27.9,7.5,14.4,34.0,40.0,2.0,47.0,52.0,57.0,61.0
154.0,1.0,4.0,10.0,4.0,12.0,1747.0,83.0,10.0,5800.0,850.0,6500.0,9999.0,11.08,1.9,17.0,23.0,29.0,4.0,6.9,33.4,7.5,6.9,27.9,7.5,13.6,34.0,40.0,2.0,47.0,52.0,57.0,61.0
154.0,1.0,4.0,10.0,4.0,12.0,1747.0,83.0,10.0,5800.0,850.0,6500.0,9999.0,11.08,1.9,17.0,23.0,29.0,4.0,6.9,33.4,7.5,6.9,27.9,7.5,15.1,34.0,40.0,2.0,47.0,52.0,57.0,61.0
155.0,1.0,4.0,10.0,4.0,12.0,1762.0,81.0,10.0,5500.0,850.0,9999.0,9999.0,11.05,981.0,17.0,23.0,29.0,4.0,9999.0,32.8,7.9,9999.0,27.5,7.9,15.6,34.0,40.0,2.0,47.0,52.0,58.0,61.0
155.0,1.0,4.0,10.0,4.0,12.0,1762.0,81.0,10.0,5500.0,850.0,9999.0,9999.0,11.05,981.0,17.0,23.0,29.0,4.0,9999.0,32.8,7.9,9999.0,27.5,7.9,15.9,34.0,40.0,2.0,47.0,52.0,58.0,61.0
155.0,1.0,4.0,10.0,4.0,12.0,1762.0,81.0,10.0,5500.0,850.0,9999.0,9999.0,11.05,981.0,17.0,23.0,29.0,4.0,9999.0,34.7,7.9,9999.0,29.7,7.9,13.6,34.0,40.0,2.0,47.0,52.0,58.0,61.0
155.0,1.0,4.0,10.0,4.0,12.0,1762.0,81.0,10.0,5500.0,850.0,9999.0,9999.0,11.05,981.0,17.0,23.0,29.0,4.0,9999.0,34.7,7.9,9999.0,29.7,7.9,13.8,34.0,40.0,2.0,47.0,52.0,58.0,61.0
155.0,1.0,4.0,10.0,4.0,12.0,1762.0,81.0,10.0,5500.0,850.0,6400.0,9999.0,11.05,981.0,17.0,23.0,29.0,4.0,7.0,34.7,10.2,7.0,29.7,10.2,13.8,34.0,40.0,2.0,47.0,52.0,58.0,61.0
155.0,1.0,4.0,10.0,4.0,12.0,1762.0,81.0,10.0,5500.0,850.0,6400.0,9999.0,11.05,981.0,17.0,23.0,29.0,4.0,7.0,34.7,10.2,7.0,29.7,10.2,15.6,34.0,40.0,2.0,47.0,52.0,58.0,61.0
155.0,1.0,4.0,10.0,4.0,12.0,1762.0,81.0,10.0,5600.0,600.0,9999.0,9999.0,11.05,1.56,17.0,23.0,29.0,4.0,6.0,31.0,9999.0,6.0,24.5,9999.0,14.9,34.0,42.0,2.0,47.0,52.0,58.0,61.0
155.0,1.0,4.0,10.0,4.0,12.0,1762.0,81.0,10.0,5600.0,600.0,9999.0,9999.0,11.05,1.56,17.0,23.0,29.0,4.0,6.0,31.0,9999.0,6.0,24.5,9999.0,15.2,34.0,42.0,2.0,47.0,52.0,58.0,61.0
155.0,1.0,4.0,10.0,4.0,12.0,1762.0,81.0,10.0,5600.0,600.0,9999.0,9999.0,11.05,1.56,17.0,23.0,29.0,4.0,6.0,31.0,9999.0,6.0,24.5,9999.0,15.1,34.0,42.0,2.0,47.0,52.0,58.0,61.0
155.0,1.0,4.0,10.0,4.0,12.0,1762.0,81.0,10.0,5600.0,600.0,9999.0,9999.0,11.05,1.56,17.0,23.0,29.0,4.0,6.0,31.0,9999.0,6.0,24.5,9999.0,15.5,34.0,42.0,2.0,47.0,52.0,58.0,61.0
155.0,1.0,4.0,10.0,4.0,12.0,1762.0,81.0,10.0,5500.0,850.0,9999.0,9999.0,11.05,981.0,17.0,23.0,29.0,4.0,9999.0,32.8,7.9,9999.0,27.5,7.9,16.2,34.0,40.0,2.0,47.0,52.0,58.0,61.0
155.0,1.0,4.0,10.0,4.0,12.0,1762.0,81.0,10.0,5500.0,850.0,9999.0,9999.0,11.05,981.0,17.0,23.0,29.0,4.0,9999.0,34.7,7.9,9999.0,29.7,7.9,14.2,34.0,40.0,2.0,47.0,52.0,58.0,61.0
155.0,1.0,4.0,10.0,4.0,12.0,1762.0,81.0,10.0,5500.0,850.0,6400.0,9999.0,11.05,981.0,17.0,23.0,29.0,4.0,7.0,34.7,10.2,7.0,29.7,10.2,14.8,34.0,40.0,2.0,47.0,52.0,58.0,61.0
155.0,1.0,4.0,10.0,4.0,12.0,1762.0,81.0,10.0,5500.0,850.0,6400.0,9999.0,11.05,981.0,17.0,23.0,29.0,4.0,7.0,34.7,10.2,7.0,29.7,10.2,16.2,34.0,40.0,2.0,47.0,52.0,58.0,61.0
155.0,1.0,4.0,10.0,4.0,12.0,1762.0,81.0,10.0,5600.0,600.0,9999.0,9999.0,11.05,1.56,17.0,23.0,29.0,4.0,6.0,31.0,9999.0,6.0,24.5,9999.0,15.3,34.0,42.0,2.0,47.0,52.0,58.0,61.0
155.0,1.0,4.0,10.0,4.0,12.0,1762.0,81.0,10.0,5600.0,600.0,9999.0,9999.0,11.05,1.56,17.0,23.0,29.0,4.0,6.0,31.0,9999.0,6.0,24.5,9999.0,15.7,34.0,42.0,2.0,47.0,52.0,58.0,61.0
158.0,1.0,4.0,10.0,4.0,12.0,1769.0,84.0,10.0,5600.0,700.0,9999.0,9999.0,11.22,1.1,17.0,25.0,29.0,4.0,5.5,30.0,9999.0,5.5,24.0,9999.0,15.6,34.0,39.0,2.0,47.0,52.0,57.0,61.0
158.0,1.0,4.0,10.0,4.0,12.0,1796.0,85.0,10.0,5750.0,800.0,7100.0,9999.0,11.06,1.92,17.0,23.0,29.0,4.0,6.0,33.0,9.1,6.0,28.0,7.9,15.4,34.0,40.0,2.0,47.0,52.0,57.0,61.0
158.0,1.0,4.0,10.0,4.0,12.0,1769.0,83.0,10.0,5600.0,700.0,9999.0,9999.0,11.22,1.1,17.0,25.0,29.0,4.0,5.5,30.0,9999.0,5.5,25.0,9999.0,15.8,34.0,39.0,2.0,47.0,52.0,57.0,61.0
159.0,3.0,4.0,10.0,4.0,12.0,1968.0,62.0,9.0,4300.0,800.0,5300.0,9999.0,10.15,1179.0,17.0,23.0,29.0,2.0,8.0,40.0,10.2,8.0,33.0,10.2,27.5,34.0,40.0,1.0,47.0,52.0,58.0,61.0
159.0,3.0,4.0,10.0,4.0,12.0,1968.0,62.0,9.0,4300.0,800.0,5300.0,9999.0,10.15,1179.0,17.0,23.0,29.0,2.0,8.0,40.0,10.2,8.0,33.0,10.2,28.1,34.0,40.0,1.0,47.0,52.0,58.0,61.0
160.0,1.0,4.0,11.0,4.0,12.0,1689.0,44.0,19.0,3600.0,760.0,4850.0,4650.0,11.9,1.5,16.0,23.0,29.0,4.0,6.0,29.6,8.5,7.0,24.6,8.0,24.3,34.0,38.0,2.0,48.0,53.0,57.0,62.0
160.0,1.0,4.0,10.0,4.0,12.0,1795.0,88.0,9999.0,5500.0,9999.0,9999.0,9999.0,11.2,1.116,17.0,0.0,0.0,4.0,9999.0,9999.0,9999.0,9999.0,9999.0,9999.0,15.7,34.0,0.0,2.0,47.0,52.0,58.0,61.0
160.0,1.0,4.0,10.0,4.0,12.0,1795.0,88.0,9999.0,5500.0,9999.0,9999.0,9999.0,11.2,1.116,17.0,0.0,0.0,4.0,9999.0,9999.0,9999.0,9999.0,9999.0,9999.0,16.1,34.0,0.0,2.0,47.0,52.0,58.0,61.0
160.0,1.0,4.0,10.0,4.0,12.0,1795.0,86.0,11.0,5500.0,9999.0,9999.0,9999.0,11.2,1.116,17.0,23.0,29.0,4.0,6.0,9999.0,9999.0,6.0,9999.0,9999.0,13.7,34.0,40.0,2.0,47.0,52.0,58.0,61.0
160.0,1.0,4.0,10.0,4.0,12.0,1795.0,86.0,11.0,5500.0,9999.0,9999.0,9999.0,11.2,1.116,17.0,23.0,29.0,4.0,6.0,9999.0,9999.0,6.0,9999.0,9999.0,13.4,34.0,40.0,2.0,47.0,52.0,58.0,61.0
160.0,1.0,4.0,10.0,4.0,12.0,1795.0,86.0,11.0,5500.0,9999.0,9999.0,9999.0,11.2,1.116,17.0,23.0,29.0,4.0,6.0,9999.0,9999.0,6.0,9999.0,9999.0,13.7,34.0,40.0,2.0,47.0,52.0,58.0,61.0
160.0,1.0,4.0,10.0,4.0,12.0,1796.0,85.0,10.0,55000.0,9999.0,9999.0,9999.0,11.2,1.92,17.0,23.0,29.0,4.0,6.0,33.0,9.1,6.0,28.0,7.9,13.8,34.0,40.0,2.0,47.0,52.0,57.0,61.0
161.0,1.0,4.0,10.0,4.0,12.0,1840.0,84.0,10.0,6000.0,750.0,9999.0,9999.0,11.0,1.24,17.0,23.0,29.0,4.0,6.0,33.0,9999.0,6.0,28.0,9999.0,14.2,34.0,40.0,2.0,47.0,52.0,57.0,61.0
161.0,1.0,4.0,10.0,4.0,12.0,1840.0,84.0,10.0,6000.0,750.0,9999.0,9999.0,11.0,1.24,17.0,23.0,29.0,4.0,6.0,33.0,9999.0,6.0,28.0,9999.0,14.4,34.0,40.0,2.0,47.0,52.0,57.0,61.0
161.0,3.0,4.0,10.0,4.0,12.0,1840.0,84.0,10.0,6000.0,750.0,9999.0,9999.0,11.0,1.24,17.0,23.0,29.0,4.0,6.0,33.0,9999.0,6.0,28.0,9999.0,15.7,34.0,40.0,2.0,47.0,52.0,57.0,61.0
161.0,3.0,4.0,10.0,4.0,12.0,1840.0,84.0,10.0,6000.0,750.0,9999.0,9999.0,11.0,1.24,17.0,23.0,29.0,4.0,6.0,33.0,9999.0,6.0,28.0,9999.0,15.8,34.0,40.0,2.0,47.0,52.0,57.0,61.0
162.0,1.0,5.0,10.0,4.0,12.0,1840.0,103.0,10.0,6500.0,850.0,9999.0,9999.0,11.06,1.24,17.0,23.0,29.0,4.0,6.0,33.0,9999.0,6.0,28.0,9999.0,10.0,34.0,40.0,2.0,47.0,52.0,57.0,61.0
162.0,1.0,4.0,10.0,4.0,12.0,1834.0,99.0,11.0,6500.0,800.0,9999.0,9999.0,11.1,1.99,15.0,23.0,29.0,4.0,6.0,30.0,9999.0,6.0,27.0,9999.0,10.5,34.0,40.0,2.0,47.0,52.0,57.0,61.0
163.0,1.0,4.0,10.0,4.0,12.0,1749.0,85.0,11.0,5500.0,700.0,9999.0,9999.0,11.71,0.984,17.0,23.0,29.0,4.0,6.0,29.8,8.5,6.0,27.2,8.2,14.6,34.0,40.0,2.0,47.0,52.0,58.0,61.0
163.0,1.0,4.0,10.0,4.0,12.0,1749.0,85.0,11.0,5500.0,700.0,9999.0,9999.0,11.71,0.984,17.0,23.0,29.0,4.0,6.0,29.8,8.5,6.0,27.2,8.2,14.6,34.0,40.0,2.0,47.0,52.0,58.0,61.0
164.0,1.0,4.0,10.0,4.0,12.0,1747.0,96.0,10.0,6300.0,850.0,7150.0,7000.0,11.8,1.9,17.0,25.0,29.0,4.0,7.0,33.0,9.0,7.0,27.5,9.5,12.3,34.0,40.0,2.0,47.0,52.0,60.0,61.0
164.0,1.0,4.0,10.0,4.0,12.0,1747.0,96.0,10.0,6300.0,800.0,6550.0,9999.0,11.8,1.9,17.0,24.0,29.0,4.0,7.0,33.7,7.0,7.0,28.2,7.5,13.5,34.0,40.0,2.0,47.0,52.0,57.0,61.0
164.0,1.0,4.0,10.0,4.0,12.0,1747.0,96.0,10.0,6300.0,800.0,6550.0,9999.0,11.8,1.9,17.0,24.0,29.0,4.0,7.0,33.7,7.0,7.0,28.2,7.5,14.0,34.0,40.0,2.0,47.0,52.0,57.0,61.0
165.0,1.0,5.0,10.0,4.0,12.0,1895.0,77.0,10.0,5300.0,850.0,6000.0,6000.0,10.94,982.0,16.0,23.0,29.0,2.0,7.0,42.0,9999.0,7.0,36.0,9999.0,15.3,34.0,43.0,1.0,47.0,52.0,57.0,61.0
165.0,1.0,5.0,10.0,4.0,12.0,1895.0,77.0,10.0,5300.0,850.0,6000.0,6000.0,10.94,982.0,16.0,23.0,29.0,2.0,7.0,42.0,9999.0,7.0,36.0,9999.0,15.8,34.0,43.0,1.0,47.0,52.0,57.0,61.0
165.0,1.0,5.0,10.0,4.0,12.0,1895.0,77.0,10.0,5300.0,850.0,6000.0,6000.0,10.94,982.0,16.0,23.0,29.0,2.0,7.0,42.0,9999.0,7.0,36.0,9999.0,16.7,34.0,43.0,1.0,47.0,52.0,57.0,61.0
165.0,1.0,5.0,10.0,4.0,12.0,1895.0,77.0,10.0,5300.0,850.0,6000.0,6000.0,10.94,982.0,16.0,23.0,29.0,2.0,7.0,42.0,9999.0,7.0,36.0,9999.0,17.1,34.0,43.0,1.0,47.0,52.0,57.0,61.0
165.0,1.0,4.0,11.0,4.0,12.0,1686.0,55.0,18.0,4400.0,800.0,9999.0,9999.0,12.3,1.89,17.0,23.0,29.0,4.0,9999.0,9999.0,9999.0,9999.0,9999.0,9999.0,21.3,34.0,40.0,2.0,48.0,53.0,57.0,65.0
165.0,1.0,4.0,11.0,4.0,12.0,1686.0,55.0,18.0,4400.0,800.0,9999.0,9999.0,12.3,1.89,17.0,23.0,29.0,4.0,9999.0,9999.0,9999.0,9999.0,9999.0,9999.0,21.6,34.0,40.0,2.0,48.0,53.0,57.0,65.0
165.0,1.0,4.0,11.0,4.0,12.0,1686.0,55.0,18.0,4400.0,800.0,9999.0,9999.0,12.3,1.89,17.0,23.0,29.0,4.0,9999.0,9999.0,9999.0,9999.0,9999.0,9999.0,21.6,34.0,40.0,2.0,48.0,53.0,57.0,65.0
165.0,1.0,4.0,11.0,4.0,12.0,1686.0,55.0,18.0,4400.0,800.0,9999.0,9999.0,12.3,1.89,17.0,23.0,29.0,4.0,9999.0,9999.0,9999.0,9999.0,9999.0,9999.0,21.3,34.0,40.0,2.0,48.0,53.0,57.0,65.0
165.0,1.0,4.0,11.0,4.0,12.0,1686.0,55.0,18.0,4400.0,800.0,9999.0,9999.0,12.3,1.89,17.0,23.0,29.0,4.0,9999.0,9999.0,9999.0,9999.0,9999.0,9999.0,21.6,34.0,40.0,2.0,48.0,53.0,57.0,65.0
165.0,1.0,4.0,10.0,4.0,12.0,1731.0,85.0,11.0,5500.0,750.0,6800.0,6500.0,11.98,0.964,17.0,23.0,29.0,4.0,9999.0,9999.0,9999.0,9999.0,9999.0,9999.0,14.9,34.0,40.0,2.0,47.0,52.0,58.0,61.0
165.0,1.0,4.0,10.0,4.0,12.0,1731.0,85.0,11.0,5500.0,750.0,6800.0,6500.0,11.98,0.964,17.0,23.0,29.0,4.0,9999.0,9999.0,9999.0,9999.0,9999.0,9999.0,15.2,34.0,40.0,2.0,47.0,52.0,58.0,61.0
165.0,1.0,5.0,10.0,4.0,12.0,1795.0,88.0,11.0,5500.0,875.0,9999.0,9999.0,11.55,1.116,17.0,23.0,29.0,4.0,9999.0,27.3,9999.0,9999.0,24.0,9999.0,12.0,34.0,40.0,2.0,47.0,52.0,58.0,61.0
165.0,1.0,5.0,10.0,4.0,12.0,1795.0,88.0,11.0,5500.0,875.0,9999.0,9999.0,11.55,1.116,17.0,23.0,29.0,4.0,9999.0,27.3,9999.0,9999.0,24.0,9999.0,12.0,34.0,40.0,2.0,47.0,52.0,58.0,61.0
165.0,1.0,4.0,10.0,4.0,12.0,1731.0,85.0,11.0,5500.0,9999.0,9999.0,9999.0,11.98,0.964,17.0,23.0,29.0,4.0,9999.0,9999.0,9999.0,9999.0,9999.0,9999.0,15.3,34.0,40.0,2.0,47.0,52.0,58.0,61.0
165.0,2.0,6.0,10.0,4.0,12.0,1795.0,88.0,11.0,5550.0,9999.0,6500.0,9999.0,11.55,1.116,17.0,23.0,29.0,4.0,9999.0,9999.0,9999.0,9999.0,9999.0,9999.0,15.7,34.0,40.0,2.0,47.0,52.0,58.0,61.0
165.0,2.0,6.0,10.0,4.0,12.0,1795.0,88.0,11.0,5550.0,9999.0,6500.0,9999.0,11.55,1.116,17.0,23.0,29.0,4.0,9999.0,9999.0,9999.0,9999.0,9999.0,9999.0,16.2,34.0,40.0,2.0,47.0,52.0,58.0,61.0
165.0,3.0,5.0,10.0,4.0,12.0,1997.0,83.0,10.0,5250.0,9999.0,9999.0,9999.0,10.38,1.35,21.0,23.0,29.0,4.0,6.0,34.0,9999.0,6.0,30.5,9999.0,19.3,34.0,40.0,1.0,47.0,52.0,57.0,61.0
166.0,1.0,4.0,10.0,4.0,12.0,1984.0,85.0,10.0,5400.0,800.0,6500.0,9999.0,10.51,1125.0,17.0,23.0,29.0,2.0,8.0,40.0,9999.0,8.0,33.0,9999.0,14.5,34.0,40.0,1.0,47.0,52.0,57.0,61.0
166.0,1.0,5.0,10.0,4.0,12.0,1795.0,88.0,11.0,5500.0,875.0,9999.0,9999.0,11.62,1.116,17.0,23.0,29.0,4.0,9999.0,27.3,9999.0,9999.0,24.0,9999.0,7.7,34.0,40.0,2.0,47.0,52.0,58.0,61.0
166.0,1.0,4.0,10.0,4.0,12.0,1797.0,124.0,10.0,7600.0,750.0,8400.0,9999.0,11.61,1.77,15.0,28.0,29.0,4.0,9999.0,9999.0,9999.0,9999.0,9999.0,9999.0,9.6,34.0,40.0,2.0,47.0,52.0,58.0,61.0
166.0,1.0,4.0,10.0,4.0,12.0,1797.0,124.0,10.0,7600.0,750.0,8400.0,9999.0,11.61,1.77,15.0,28.0,29.0,4.0,9999.0,9999.0,9999.0,9999.0,9999.0,9999.0,10.0,34.0,40.0,2.0,47.0,52.0,58.0,61.0
168.0,1.0,4.0,10.0,4.0,12.0,1781.0,92.0,10.0,5800.0,800.0,9999.0,9999.0,11.85,1.67,17.0,23.0,29.0,5.0,6.0,27.0,8.8,6.0,30.0,10.3,14.8,34.0,41.0,2.0,47.0,52.0,57.0,61.0
168.0,1.0,4.0,10.0,4.0,12.0,1781.0,92.0,10.0,5800.0,800.0,9999.0,9999.0,11.85,1.67,17.0,23.0,29.0,5.0,6.0,27.0,8.8,6.0,30.0,10.3,15.0,34.0,41.0,2.0,47.0,52.0,57.0,61.0
168.0,1.0,4.0,10.0,4.0,12.0,1781.0,92.0,10.0,5800.0,860.0,7100.0,9999.0,11.85,1.67,17.0,24.0,29.0,5.0,6.0,27.0,9999.0,6.0,30.0,9999.0,14.0,34.0,41.0,2.0,47.0,52.0,57.0,61.0
168.0,1.0,4.0,10.0,4.0,12.0,1781.0,92.0,10.0,5800.0,860.0,7100.0,9999.0,11.85,1.67,17.0,24.0,29.0,5.0,6.0,27.0,9999.0,6.0,30.0,9999.0,14.2,34.0,41.0,2.0,47.0,52.0,57.0,61.0
168.0,1.0,6.0,10.0,4.0,12.0,1781.0,92.0,10.0,5800.0,860.0,7100.0,9999.0,11.85,1.67,17.0,24.0,29.0,5.0,6.0,27.0,9999.0,6.0,30.0,9999.0,15.0,34.0,41.0,2.0,47.0,52.0,57.0,61.0
168.0,1.0,4.0,10.0,4.0,12.0,1998.0,84.0,10.0,5400.0,770.0,9999.0,9999.0,10.57,1125.0,17.0,23.0,29.0,2.0,8.0,40.0,9999.0,8.0,32.5,9999.0,13.2,34.0,40.0,1.0,47.0,52.0,58.0,61.0
168.0,1.0,4.0,10.0,4.0,12.0,1998.0,84.0,10.0,5400.0,770.0,9999.0,9999.0,10.57,1125.0,17.0,23.0,29.0,2.0,8.0,40.0,9999.0,8.0,32.5,9999.0,12.4,34.0,40.0,1.0,47.0,52.0,58.0,61.0
168.0,1.0,4.0,10.0,4.0,12.0,1998.0,84.0,10.0,5400.0,770.0,9999.0,9999.0,10.57,1125.0,17.0,23.0,29.0,2.0,8.0,40.0,9999.0,8.0,32.5,9999.0,12.8,34.0,40.0,1.0,47.0,52.0,58.0,61.0
168.0,1.0,4.0,10.0,4.0,12.0,1998.0,84.0,10.0,5400.0,770.0,9999.0,9999.0,10.57,1125.0,17.0,23.0,29.0,2.0,8.0,40.0,9999.0,8.0,32.5,9999.0,12.9,34.0,40.0,1.0,47.0,52.0,58.0,61.0
168.0,1.0,4.0,10.0,4.0,12.0,1998.0,84.0,10.0,5400.0,770.0,9999.0,9999.0,10.57,1125.0,17.0,23.0,29.0,2.0,8.0,40.0,9999.0,8.0,32.5,9999.0,13.8,34.0,40.0,1.0,47.0,52.0,58.0,61.0
168.0,1.0,4.0,10.0,4.0,12.0,1998.0,84.0,10.0,5400.0,770.0,9999.0,9999.0,10.57,1125.0,17.0,23.0,29.0,2.0,8.0,40.0,9999.0,8.0,32.5,9999.0,13.8,34.0,40.0,1.0,47.0,52.0,58.0,61.0
168.0,1.0,4.0,10.0,4.0,12.0,1998.0,84.0,10.0,5400.0,770.0,9999.0,9999.0,10.57,1125.0,17.0,23.0,29.0,2.0,8.0,40.0,9999.0,8.0,32.5,9999.0,13.5,34.0,40.0,1.0,47.0,52.0,58.0,61.0
168.0,1.0,4.0,10.0,4.0,12.0,1998.0,84.0,10.0,5400.0,770.0,9999.0,9999.0,10.57,1125.0,17.0,23.0,29.0,2.0,8.0,40.0,9999.0,8.0,32.5,9999.0,13.3,34.0,40.0,1.0,47.0,52.0,58.0,61.0
168.0,1.0,4.0,10.0,4.0,12.0,1998.0,84.0,10.0,5400.0,820.0,9999.0,9999.0,10.57,1125.0,17.0,23.0,29.0,2.0,8.0,40.0,9999.0,8.0,32.5,9999.0,15.4,34.0,40.0,1.0,47.0,52.0,58.0,61.0
168.0,1.0,4.0,10.0,4.0,12.0,1781.0,92.0,10.0,5800.0,800.0,9999.0,9999.0,11.85,1.67,17.0,23.0,29.0,5.0,6.0,27.0,8.8,6.0,30.0,10.3,15.4,34.0,41.0,2.0,47.0,52.0,57.0,61.0
168.0,1.0,4.0,10.0,4.0,12.0,1781.0,92.0,10.0,5800.0,800.0,9999.0,9999.0,11.85,1.67,17.0,23.0,29.0,5.0,6.0,27.0,8.8,6.0,30.0,10.3,15.6,34.0,41.0,2.0,47.0,52.0,57.0,61.0
168.0,1.0,4.0,10.0,4.0,12.0,1781.0,92.0,10.0,5800.0,860.0,7100.0,9999.0,11.85,1.67,17.0,24.0,29.0,5.0,6.0,27.0,9999.0,6.0,30.0,9999.0,14.6,34.0,41.0,2.0,47.0,52.0,57.0,61.0
168.0,1.0,6.0,10.0,4.0,12.0,1781.0,92.0,10.0,5800.0,860.0,7100.0,9999.0,11.85,1.67,17.0,24.0,29.0,5.0,6.0,27.0,9999.0,6.0,30.0,9999.0,15.5,34.0,41.0,2.0,47.0,52.0,57.0,61.0
168.0,1.0,4.0,10.0,4.0,12.0,1998.0,84.0,10.0,5400.0,820.0,9999.0,9999.0,10.57,1125.0,17.0,23.0,29.0,2.0,8.0,40.0,9999.0,8.0,32.5,9999.0,15.9,34.0,40.0,1.0,47.0,52.0,58.0,61.0
168.0,3.0,4.0,10.0,4.0,12.0,1998.0,84.0,10.0,5400.0,770.0,9999.0,9999.0,10.57,1125.0,17.0,23.0,29.0,2.0,8.0,40.0,9999.0,8.0,32.5,9999.0,17.7,34.0,40.0,1.0,47.0,52.0,58.0,61.0
168.0,3.0,4.0,10.0,4.0,12.0,1998.0,84.0,10.0,5400.0,770.0,9999.0,9999.0,10.57,1125.0,17.0,23.0,29.0,2.0,8.0,40.0,9999.0,8.0,32.5,9999.0,18.2,34.0,40.0,1.0,47.0,52.0,58.0,61.0
169.0,1.0,4.0,10.0,4.0,12.0,1747.0,106.0,10.0,6500.0,850.0,9999.0,9999.0,12.16,1.9,17.0,24.0,29.0,4.0,7.0,33.5,9999.0,7.0,28.0,9999.0,12.7,34.0,40.0,2.0,47.0,52.0,57.0,61.0
169.0,1.0,4.0,10.0,4.0,12.0,1747.0,106.0,10.0,6500.0,850.0,9999.0,9999.0,12.16,1.9,17.0,24.0,29.0,4.0,7.0,33.5,9999.0,7.0,28.0,9999.0,11.6,34.0,40.0,2.0,47.0,52.0,57.0,61.0
169.0,1.0,4.0,10.0,4.0,12.0,1747.0,106.0,10.0,6500.0,850.0,9999.0,9999.0,12.16,1.9,17.0,24.0,29.0,4.0,7.0,33.5,9999.0,7.0,28.0,9999.0,11.4,34.0,40.0,2.0,47.0,52.0,57.0,61.0
169.0,1.0,4.0,10.0,4.0,12.0,1747.0,106.0,10.0,6500.0,850.0,9999.0,9999.0,12.16,1.9,17.0,24.0,29.0,4.0,7.0,33.5,9999.0,7.0,28.0,9999.0,11.8,34.0,40.0,2.0,47.0,52.0,57.0,61.0
169.0,1.0,4.0,10.0,4.0,12.0,1747.0,106.0,10.0,6500.0,850.0,9999.0,9999.0,12.16,1.9,17.0,24.0,29.0,4.0,7.0,33.5,9999.0,7.0,28.0,9999.0,12.1,34.0,40.0,2.0,47.0,52.0,57.0,61.0
169.0,3.0,5.0,10.0,4.0,12.0,1998.0,93.0,10.0,6000.0,9999.0,9999.0,9999.0,10.63,1.0,18.0,23.0,29.0,4.0,6.0,34.0,9999.0,7.0,30.0,9999.0,16.2,34.0,37.0,2.0,47.0,52.0,57.0,61.0
170.0,1.0,4.0,10.0,4.0,12.0,1781.0,92.0,10.0,6000.0,800.0,6800.0,9999.0,11.99,1.67,17.0,24.0,29.0,5.0,6.0,27.0,9999.0,6.0,30.0,9999.0,12.6,34.0,41.0,2.0,47.0,52.0,57.0,61.0
170.0,1.0,4.0,10.0,4.0,12.0,1781.0,92.0,10.0,6000.0,800.0,6800.0,9999.0,11.99,1.67,17.0,24.0,29.0,5.0,6.0,27.0,9999.0,6.0,30.0,9999.0,12.9,34.0,41.0,2.0,47.0,52.0,57.0,61.0
170.0,1.0,4.0,10.0,4.0,12.0,1799.0,85.0,11.0,5400.0,850.0,9999.0,9999.0,11.87,1.54,17.0,23.0,29.0,4.0,9999.0,9999.0,9999.0,9999.0,9999.0,9999.0,13.7,34.0,40.0,2.0,47.0,52.0,58.0,61.0
170.0,1.0,4.0,10.0,4.0,12.0,1796.0,85.0,11.0,5400.0,780.0,9999.0,9999.0,11.89,1.96,17.0,23.0,29.0,4.0,5.0,31.2,9999.0,5.0,27.5,9999.0,13.5,34.0,40.0,2.0,47.0,52.0,57.0,61.0
170.0,1.0,4.0,10.0,4.0,12.0,1796.0,85.0,11.0,5400.0,780.0,9999.0,9999.0,11.89,1.96,17.0,23.0,29.0,4.0,5.0,31.2,9999.0,5.0,27.5,9999.0,13.7,34.0,40.0,2.0,47.0,52.0,57.0,61.0
170.0,1.0,4.0,10.0,4.0,12.0,1796.0,85.0,11.0,5400.0,780.0,9999.0,9999.0,11.89,1.96,17.0,23.0,29.0,4.0,5.0,31.2,9999.0,5.0,27.5,9999.0,13.7,34.0,40.0,2.0,47.0,52.0,57.0,61.0
170.0,1.0,4.0,10.0,4.0,12.0,1799.0,85.0,11.0,5400.0,850.0,9999.0,9999.0,11.87,1.54,17.0,23.0,29.0,4.0,6.0,32.0,9999.0,6.0,29.0,9999.0,14.8,34.0,40.0,2.0,47.0,52.0,58.0,61.0
170.0,1.0,4.0,10.0,4.0,12.0,1799.0,85.0,11.0,5400.0,850.0,9999.0,9999.0,11.87,1.54,17.0,23.0,29.0,4.0,6.0,32.0,9999.0,6.0,29.0,9999.0,15.0,34.0,40.0,2.0,47.0,52.0,58.0,61.0
170.0,1.0,4.0,10.0,4.0,12.0,1799.0,85.0,11.0,5400.0,850.0,9999.0,9999.0,11.87,1.54,17.0,23.0,29.0,4.0,6.0,32.0,9999.0,6.0,29.0,9999.0,15.0,34.0,40.0,2.0,47.0,52.0,58.0,61.0
170.0,1.0,4.0,10.0,4.0,12.0,1799.0,85.0,11.0,5400.0,850.0,9999.0,9999.0,11.87,1.54,17.0,23.0,29.0,4.0,6.0,32.0,9999.0,6.0,29.0,9999.0,15.2,34.0,40.0,2.0,47.0,52.0,58.0,61.0
170.0,1.0,4.0,10.0,4.0,12.0,1796.0,85.0,11.0,5400.0,780.0,9999.0,9999.0,11.89,1.96,17.0,23.0,29.0,4.0,5.0,31.2,9999.0,5.0,27.5,9999.0,13.7,34.0,40.0,2.0,47.0,52.0,57.0,61.0
170.0,1.0,4.0,10.0,4.0,12.0,1796.0,85.0,11.0,5400.0,780.0,9999.0,9999.0,11.89,1.96,17.0,23.0,29.0,4.0,5.0,31.2,9999.0,5.0,27.5,9999.0,13.9,34.0,40.0,2.0,47.0,52.0,57.0,61.0
170.0,1.0,4.0,10.0,4.0,12.0,1796.0,85.0,11.0,5400.0,780.0,9999.0,9999.0,11.89,1.96,17.0,23.0,29.0,4.0,5.0,31.2,9999.0,5.0,27.5,9999.0,13.9,34.0,40.0,2.0,47.0,52.0,57.0,61.0
170.0,1.0,4.0,10.0,4.0,12.0,1781.0,92.0,10.0,6000.0,800.0,9999.0,9999.0,11.99,1.67,17.0,24.0,29.0,5.0,6.0,27.0,9999.0,6.0,30.0,9999.0,13.3,34.0,41.0,2.0,47.0,52.0,57.0,61.0
170.0,1.0,4.0,10.0,4.0,12.0,1781.0,92.0,10.0,6000.0,800.0,9999.0,9999.0,11.99,1.67,17.0,24.0,29.0,5.0,6.0,27.0,9999.0,6.0,30.0,9999.0,13.3,34.0,41.0,2.0,47.0,52.0,57.0,61.0
170.0,1.0,4.0,10.0,4.0,12.0,1781.0,92.0,10.0,6000.0,800.0,9999.0,9999.0,11.99,1.67,17.0,24.0,29.0,5.0,6.0,27.0,9999.0,6.0,30.0,9999.0,13.7,34.0,41.0,2.0,47.0,52.0,57.0,61.0
170.0,1.0,4.0,10.0,4.0,12.0,1984.0,85.0,10.0,5200.0,780.0,6500.0,9999.0,10.77,1125.0,17.0,23.0,29.0,2.0,8.0,40.0,9999.0,8.0,33.0,9999.0,14.8,34.0,40.0,1.0,47.0,52.0,57.0,61.0
170.0,1.0,4.0,10.0,4.0,12.0,1984.0,85.0,10.0,5200.0,780.0,6500.0,9999.0,10.77,1125.0,17.0,23.0,29.0,2.0,8.0,40.0,9999.0,8.0,33.0,9999.0,15.2,34.0,40.0,1.0,47.0,52.0,57.0,61.0
170.0,1.0,4.0,10.0,4.0,12.0,1984.0,85.0,10.0,5200.0,780.0,6500.0,9999.0,10.77,1125.0,17.0,23.0,29.0,2.0,8.0,40.0,9999.0,8.0,33.0,9999.0,14.6,34.0,40.0,1.0,47.0,52.0,57.0,61.0
170.0,1.0,4.0,10.0,4.0,12.0,1984.0,85.0,10.0,5200.0,780.0,6500.0,9999.0,10.77,1125.0,17.0,23.0,29.0,2.0,8.0,40.0,9999.0,8.0,33.0,9999.0,14.8,34.0,40.0,1.0,47.0,52.0,57.0,61.0
170.0,1.0,6.0,10.0,4.0,12.0,1781.0,92.0,10.0,6000.0,800.0,6800.0,9999.0,11.99,1.67,17.0,24.0,29.0,5.0,6.0,27.0,9999.0,6.0,30.0,9999.0,14.5,34.0,41.0,2.0,47.0,52.0,57.0,61.0
170.0,1.0,4.0,10.0,4.0,12.0,1991.0,85.0,10.0,6000.0,700.0,9999.0,9999.0,10.73,1.18,17.0,23.0,29.0,4.0,6.0,35.0,9999.0,6.0,9999.0,9999.0,14.2,34.0,40.0,2.0,47.0,52.0,57.0,61.0
170.0,1.0,4.0,10.0,4.0,12.0,1991.0,85.0,10.0,6000.0,700.0,9999.0,9999.0,10.73,1.18,17.0,23.0,29.0,4.0,6.0,35.0,9999.0,6.0,9999.0,9999.0,14.2,34.0,40.0,2.0,47.0,52.0,57.0,61.0
170.0,1.0,4.0,10.0,4.0,12.0,1991.0,85.0,10.0,6000.0,700.0,9999.0,9999.0,10.73,1.18,17.0,23.0,29.0,4.0,6.0,35.0,9999.0,6.0,9999.0,9999.0,14.4,34.0,40.0,2.0,47.0,52.0,57.0,61.0
170.0,1.0,4.0,10.0,4.0,12.0,1794.0,105.0,10.0,6400.0,9999.0,7000.0,9999.0,11.91,1158.0,17.0,25.0,29.0,4.0,9999.0,32.0,9999.0,9999.0,27.5,9999.0,10.5,34.0,39.0,2.0,47.0,52.0,57.0,61.0
170.0,1.0,5.0,10.0,4.0,12.0,1799.0,90.0,10.0,5500.0,750.0,6350.0,6200.0,11.87,0.923,17.0,24.0,29.0,4.0,7.0,33.0,9.3,7.0,29.0,8.9,14.9,34.0,39.0,2.0,47.0,52.0,57.0,61.0
170.0,1.0,5.0,10.0,4.0,12.0,1799.0,90.0,10.0,5500.0,750.0,6350.0,6200.0,11.87,0.923,17.0,24.0,29.0,4.0,7.0,33.0,9.3,7.0,29.0,8.9,15.3,34.0,39.0,2.0,47.0,52.0,57.0,61.0
170.0,1.0,4.0,10.0,4.0,12.0,1796.0,85.0,11.0,5400.0,780.0,9999.0,9999.0,11.89,1.96,17.0,23.0,29.0,4.0,5.0,31.2,9999.0,5.0,27.5,9999.0,14.1,34.0,40.0,2.0,47.0,52.0,57.0,61.0
170.0,1.0,4.0,10.0,4.0,12.0,1796.0,85.0,11.0,5400.0,780.0,9999.0,9999.0,11.89,1.96,17.0,23.0,29.0,4.0,5.0,31.2,9999.0,5.0,27.5,9999.0,14.4,34.0,40.0,2.0,47.0,52.0,57.0,61.0
170.0,1.0,4.0,10.0,4.0,12.0,1984.0,85.0,10.0,5200.0,780.0,6500.0,9999.0,10.77,1125.0,17.0,23.0,29.0,2.0,8.0,40.0,9999.0,8.0,33.0,9999.0,15.1,34.0,40.0,1.0,47.0,52.0,57.0,61.0
170.0,1.0,4.0,10.0,4.0,12.0,1984.0,85.0,10.0,5200.0,780.0,6500.0,9999.0,10.77,1125.0,17.0,23.0,29.0,2.0,8.0,40.0,9999.0,8.0,33.0,9999.0,15.4,34.0,40.0,1.0,47.0,52.0,57.0,61.0
170.0,1.0,4.0,10.0,4.0,12.0,1984.0,85.0,10.0,5200.0,780.0,6500.0,9999.0,10.77,1125.0,17.0,23.0,29.0,2.0,8.0,40.0,9999.0,8.0,33.0,9999.0,15.2,34.0,40.0,1.0,47.0,52.0,57.0,61.0
170.0,1.0,4.0,10.0,4.0,12.0,1984.0,85.0,10.0,5200.0,780.0,6500.0,9999.0,10.77,1125.0,17.0,23.0,29.0,2.0,8.0,40.0,9999.0,8.0,33.0,9999.0,15.5,34.0,40.0,1.0,47.0,52.0,57.0,61.0
170.0,1.0,4.0,10.0,4.0,12.0,1991.0,85.0,10.0,6000.0,700.0,9999.0,9999.0,10.73,1.18,17.0,23.0,29.0,4.0,6.0,35.0,9999.0,6.0,9999.0,9999.0,15.0,34.0,40.0,2.0,47.0,52.0,57.0,61.0
170.0,1.0,4.0,10.0,4.0,12.0,1991.0,85.0,10.0,6000.0,700.0,9999.0,9999.0,10.73,1.18,17.0,23.0,29.0,4.0,6.0,35.0,9999.0,6.0,9999.0,9999.0,15.4,34.0,40.0,2.0,47.0,52.0,57.0,61.0
170.0,3.0,4.0,10.0,4.0,12.0,1998.0,85.0,10.0,5500.0,9999.0,9999.0,9999.0,10.69,1.0,17.0,23.0,29.0,2.0,7.0,42.6,9999.0,7.0,38.0,9999.0,19.4,34.0,37.0,2.0,47.0,52.0,57.0,61.0
170.0,3.0,4.0,10.0,4.0,12.0,1796.0,85.0,11.0,5400.0,810.0,9999.0,9999.0,11.89,1.96,17.0,23.0,29.0,4.0,5.0,31.2,9999.0,5.0,27.5,9999.0,15.5,34.0,40.0,2.0,47.0,52.0,57.0,61.0
170.0,3.0,4.0,10.0,4.0,12.0,1796.0,85.0,11.0,5400.0,810.0,9999.0,9999.0,11.89,1.96,17.0,23.0,29.0,4.0,5.0,31.2,9999.0,5.0,27.5,9999.0,15.9,34.0,40.0,2.0,47.0,52.0,57.0,61.0
170.0,3.0,4.0,10.0,4.0,12.0,1984.0,85.0,10.0,5000.0,800.0,9999.0,9999.0,10.77,1125.0,17.0,23.0,29.0,2.0,8.0,40.0,9999.0,8.0,33.0,9999.0,19.2,34.0,40.0,1.0,47.0,52.0,57.0,61.0
170.0,3.0,4.0,10.0,4.0,12.0,1984.0,85.0,10.0,5000.0,800.0,9999.0,9999.0,10.77,1125.0,17.0,23.0,29.0,2.0,8.0,40.0,9999.0,8.0,33.0,9999.0,19.6,34.0,40.0,1.0,47.0,52.0,57.0,61.0
170.0,3.0,4.0,10.0,4.0,12.0,1984.0,85.0,10.0,5000.0,800.0,9999.0,9999.0,10.77,1125.0,17.0,23.0,29.0,2.0,8.0,40.0,9999.0,8.0,33.0,9999.0,19.3,34.0,40.0,1.0,47.0,52.0,57.0,61.0
170.0,3.0,4.0,10.0,4.0,12.0,1984.0,85.0,10.0,5000.0,800.0,9999.0,9999.0,10.77,1125.0,17.0,23.0,29.0,2.0,8.0,40.0,9999.0,8.0,33.0,9999.0,19.6,34.0,40.0,1.0,47.0,52.0,57.0,61.0
170.0,3.0,4.0,10.0,4.0,12.0,1998.0,89.0,10.0,5750.0,800.0,6500.0,9999.0,10.69,1.0,17.0,23.0,29.0,2.0,8.0,42.6,9999.0,8.0,34.5,9999.0,17.0,34.0,40.0,1.0,47.0,52.0,58.0,61.0
170.0,3.0,4.0,10.0,4.0,12.0,1998.0,89.0,10.0,5750.0,800.0,6500.0,9999.0,10.69,1.0,17.0,23.0,29.0,2.0,8.0,42.6,9999.0,8.0,34.5,9999.0,17.0,34.0,40.0,1.0,47.0,52.0,58.0,61.0
171.0,1.0,4.0,10.0,4.0,12.0,1998.0,98.0,10.0,5900.0,9999.0,9999.0,9999.0,10.76,1.0,17.0,23.0,29.0,4.0,9999.0,9999.0,9999.0,9999.0,9999.0,9999.0,12.6,34.0,40.0,2.0,47.0,52.0,58.0,61.0
171.0,1.0,4.0,10.0,4.0,12.0,1998.0,98.0,10.0,5900.0,9999.0,9999.0,9999.0,10.76,1.0,17.0,23.0,29.0,4.0,9999.0,9999.0,9999.0,9999.0,9999.0,9999.0,13.0,34.0,40.0,2.0,47.0,52.0,58.0,61.0
171.0,1.0,4.0,10.0,4.0,12.0,1998.0,98.0,10.0,5900.0,9999.0,9999.0,9999.0,10.76,1.0,17.0,23.0,29.0,4.0,9999.0,9999.0,9999.0,9999.0,9999.0,9999.0,13.6,34.0,40.0,2.0,47.0,52.0,58.0,61.0
173.0,1.0,4.0,10.0,4.0,12.0,1781.0,92.0,10.0,5800.0,9999.0,9999.0,9999.0,12.21,1.67,17.0,24.0,29.0,5.0,6.0,27.0,9999.0,6.0,30.0,9999.0,15.1,34.0,41.0,2.0,47.0,52.0,57.0,61.0
174.0,1.0,4.0,10.0,4.0,12.0,1834.0,92.0,13.0,5500.0,620.0,9999.0,9999.0,11.92,1.99,16.0,23.0,29.0,4.0,6.0,30.0,9999.0,6.0,27.0,9999.0,14.1,34.0,40.0,2.0,47.0,53.0,57.0,67.0
174.0,1.0,5.0,10.0,4.0,12.0,1795.0,107.0,11.0,7000.0,875.0,9999.0,9999.0,12.18,1.116,17.0,27.0,29.0,4.0,6.0,31.5,9.5,6.0,27.3,9.2,10.0,34.0,40.0,2.0,47.0,52.0,58.0,61.0
174.0,1.0,4.0,10.0,4.0,12.0,1795.0,107.0,11.0,6750.0,9999.0,9999.0,9999.0,12.18,1.116,17.0,23.0,29.0,4.0,6.0,9999.0,9999.0,6.0,9999.0,9999.0,9.5,34.0,40.0,2.0,47.0,52.0,58.0,61.0
174.0,1.0,4.0,10.0,4.0,12.0,1834.0,92.0,12.0,5500.0,600.0,9999.0,9999.0,11.92,1.99,16.0,23.0,29.0,4.0,6.0,30.0,9999.0,6.0,27.0,9999.0,13.0,34.0,40.0,2.0,47.0,53.0,57.0,67.0
174.0,1.0,4.0,10.0,4.0,12.0,1834.0,92.0,12.0,5500.0,600.0,9999.0,9999.0,11.92,1.99,16.0,23.0,29.0,4.0,6.0,30.0,9999.0,6.0,27.0,9999.0,13.2,34.0,40.0,2.0,47.0,53.0,57.0,67.0
174.0,1.0,4.0,10.0,4.0,12.0,1834.0,92.0,12.0,5500.0,600.0,9999.0,9999.0,11.92,1.99,16.0,23.0,29.0,4.0,6.0,30.0,9999.0,6.0,27.0,9999.0,13.0,34.0,40.0,2.0,47.0,53.0,57.0,67.0
174.0,1.0,4.0,10.0,4.0,12.0,1834.0,92.0,12.0,5500.0,600.0,9999.0,9999.0,11.92,1.99,16.0,23.0,29.0,4.0,6.0,30.0,9999.0,6.0,27.0,9999.0,13.4,34.0,40.0,2.0,47.0,53.0,57.0,67.0
174.0,1.0,4.0,10.0,4.0,12.0,1834.0,92.0,12.0,5500.0,600.0,9999.0,9999.0,11.92,1.99,16.0,23.0,29.0,4.0,6.0,30.0,9999.0,6.0,27.0,9999.0,13.2,34.0,40.0,2.0,47.0,53.0,57.0,67.0
174.0,1.0,4.0,10.0,4.0,12.0,1834.0,92.0,12.0,5500.0,600.0,9999.0,9999.0,11.92,1.99,16.0,23.0,29.0,4.0,6.0,30.0,9999.0,6.0,27.0,9999.0,13.4,34.0,40.0,2.0,47.0,53.0,57.0,67.0
174.0,1.0,4.0,10.0,4.0,12.0,1834.0,92.0,12.0,5500.0,600.0,9999.0,9999.0,11.92,1.99,16.0,23.0,29.0,4.0,6.0,30.0,9999.0,6.0,27.0,9999.0,13.6,34.0,40.0,2.0,47.0,53.0,57.0,67.0
174.0,1.0,4.0,10.0,4.0,12.0,1834.0,92.0,12.0,5500.0,600.0,9999.0,9999.0,11.92,1.99,16.0,23.0,29.0,4.0,6.0,30.0,9999.0,6.0,27.0,9999.0,13.8,34.0,40.0,2.0,47.0,53.0,57.0,67.0
174.0,1.0,4.0,10.0,4.0,12.0,1834.0,92.0,13.0,5500.0,620.0,9999.0,9999.0,11.92,1.99,16.0,23.0,29.0,4.0,6.0,30.0,9999.0,6.0,27.0,9999.0,14.3,34.0,40.0,2.0,47.0,53.0,57.0,67.0
174.0,3.0,4.0,10.0,4.0,12.0,1834.0,90.0,12.0,5500.0,600.0,9999.0,9999.0,11.92,1.99,16.0,23.0,29.0,4.0,6.0,30.0,9999.0,6.0,27.0,9999.0,13.3,34.0,40.0,2.0,47.0,53.0,57.0,67.0
174.0,3.0,4.0,10.0,4.0,12.0,1834.0,90.0,12.0,5500.0,600.0,9999.0,9999.0,11.92,1.99,16.0,23.0,29.0,4.0,6.0,30.0,9999.0,6.0,27.0,9999.0,13.3,34.0,40.0,2.0,47.0,53.0,57.0,67.0
174.0,2.0,6.0,10.0,4.0,12.0,1834.0,88.0,12.0,5250.0,600.0,9999.0,9999.0,11.92,1.99,16.0,23.0,29.0,4.0,6.0,30.0,9999.0,6.0,27.0,9999.0,14.6,34.0,40.0,2.0,47.0,53.0,57.0,67.0
174.0,2.0,6.0,10.0,4.0,12.0,1834.0,88.0,12.0,5250.0,600.0,9999.0,9999.0,11.92,1.99,16.0,23.0,29.0,4.0,6.0,30.0,9999.0,6.0,27.0,9999.0,14.8,34.0,40.0,2.0,47.0,53.0,57.0,67.0
174.0,2.0,8.0,10.0,4.0,12.0,1995.0,94.0,9.0,6000.0,9999.0,9999.0,9999.0,10.96,1.71,17.0,23.0,29.0,4.0,9999.0,9999.0,9999.0,9999.0,9999.0,9999.0,14.1,34.0,43.0,2.0,47.0,52.0,57.0,61.0
174.0,2.0,8.0,10.0,4.0,12.0,1995.0,94.0,9.0,6000.0,9999.0,9999.0,9999.0,10.96,1.71,17.0,23.0,29.0,4.0,9999.0,9999.0,9999.0,9999.0,9999.0,9999.0,14.4,34.0,43.0,2.0,47.0,52.0,57.0,61.0
174.0,2.0,8.0,10.0,4.0,12.0,1995.0,94.0,9.0,6000.0,9999.0,9999.0,9999.0,10.96,1.71,17.0,23.0,29.0,4.0,9999.0,9999.0,9999.0,9999.0,9999.0,9999.0,14.2,34.0,43.0,2.0,47.0,52.0,57.0,61.0
174.0,2.0,8.0,10.0,4.0,12.0,1995.0,94.0,9.0,6000.0,9999.0,9999.0,9999.0,10.96,1.71,17.0,23.0,29.0,4.0,9999.0,9999.0,9999.0,9999.0,9999.0,9999.0,14.4,34.0,43.0,2.0,47.0,52.0,57.0,61.0
175.0,1.0,4.0,10.0,4.0,12.0,1850.0,100.0,10.0,6000.0,9999.0,9999.0,9999.0,11.89,0.959,21.0,28.0,29.0,4.0,5.5,34.0,9999.0,5.5,29.0,9999.0,13.3,34.0,40.0,1.0,47.0,52.0,58.0,61.0
175.0,1.0,4.0,10.0,4.0,12.0,1850.0,100.0,10.0,6000.0,9999.0,9999.0,9999.0,11.89,0.959,21.0,28.0,29.0,4.0,5.5,34.0,9999.0,5.5,29.0,9999.0,13.6,34.0,40.0,1.0,47.0,52.0,58.0,61.0
175.0,1.0,4.0,10.0,4.0,12.0,1850.0,100.0,10.0,6000.0,9999.0,9999.0,9999.0,11.89,0.959,21.0,28.0,29.0,4.0,5.5,34.0,9999.0,5.5,29.0,9999.0,13.9,34.0,40.0,1.0,47.0,52.0,58.0,61.0
175.0,1.0,4.0,11.0,4.0,12.0,1753.0,55.0,19.0,4000.0,9999.0,9999.0,9999.0,12.54,0.994,17.0,23.0,29.0,2.0,8.0,36.5,9999.0,8.0,32.0,9999.0,22.6,34.0,41.0,1.0,48.0,53.0,57.0,67.0
175.0,3.0,4.0,10.0,4.0,12.0,1991.0,90.0,10.0,5800.0,9999.0,9999.0,9999.0,11.05,1.18,17.0,23.0,29.0,4.0,6.0,35.0,9999.0,6.0,9999.0,9999.0,17.8,34.0,40.0,2.0,47.0,52.0,57.0,61.0
175.0,2.0,8.0,10.0,4.0,12.0,1998.0,94.0,9.0,5300.0,9999.0,9999.0,9999.0,11.01,1.0,17.0,23.0,29.0,4.0,9999.0,9999.0,9999.0,9999.0,9999.0,9999.0,14.7,34.0,40.0,2.0,47.0,52.0,58.0,61.0
175.0,2.0,5.0,10.0,4.0,12.0,1998.0,94.0,9.0,5300.0,9999.0,9999.0,9999.0,11.01,1.0,17.0,23.0,29.0,4.0,9999.0,9999.0,9999.0,9999.0,9999.0,9999.0,15.0,34.0,40.0,2.0,47.0,52.0,58.0,61.0
175.0,2.0,8.0,10.0,4.0,12.0,1998.0,94.0,9.0,5300.0,9999.0,9999.0,9999.0,11.01,1.0,17.0,23.0,29.0,4.0,9999.0,9999.0,9999.0,9999.0,9999.0,9999.0,15.3,34.0,40.0,2.0,47.0,52.0,58.0,61.0
175.0,2.0,8.0,10.0,4.0,12.0,1998.0,94.0,9.0,5300.0,9999.0,9999.0,9999.0,11.01,1.0,17.0,23.0,29.0,4.0,9999.0,9999.0,9999.0,9999.0,9999.0,9999.0,15.6,34.0,40.0,2.0,47.0,52.0,58.0,61.0
175.0,2.0,8.0,10.0,4.0,12.0,1998.0,94.0,9.0,5400.0,9999.0,9999.0,9999.0,11.01,1.0,17.0,23.0,29.0,4.0,9999.0,9999.0,9999.0,9999.0,9999.0,9999.0,16.0,34.0,40.0,2.0,47.0,52.0,58.0,61.0
175.0,2.0,8.0,10.0,4.0,12.0,1998.0,94.0,9.0,5400.0,9999.0,9999.0,9999.0,11.01,1.0,17.0,23.0,29.0,4.0,9999.0,9999.0,9999.0,9999.0,9999.0,9999.0,16.2,34.0,40.0,2.0,47.0,52.0,58.0,61.0
176.0,1.0,4.0,11.0,4.0,12.0,1870.0,66.0,21.0,4250.0,825.0,4900.0,4500.0,11.83,1163.0,17.0,23.0,29.0,2.0,8.0,36.3,9999.0,8.0,31.6,9999.0,19.8,34.0,40.0,1.0,48.0,54.0,58.0,63.0
176.0,1.0,4.0,11.0,4.0,12.0,1870.0,66.0,21.0,4250.0,825.0,4350.0,5000.0,11.83,1163.0,17.0,23.0,29.0,2.0,8.0,36.3,9999.0,8.0,31.6,9999.0,18.9,34.0,40.0,1.0,48.0,54.0,58.0,63.0
176.0,1.0,4.0,11.0,4.0,12.0,1870.0,66.0,21.0,4250.0,825.0,4350.0,5000.0,11.83,1163.0,17.0,23.0,29.0,2.0,8.0,36.3,9999.0,8.0,31.6,9999.0,18.5,34.0,40.0,1.0,48.0,54.0,58.0,63.0
176.0,1.0,4.0,11.0,4.0,12.0,1870.0,66.0,21.0,4250.0,825.0,4900.0,4500.0,11.83,1163.0,17.0,23.0,29.0,2.0,8.0,36.3,9999.0,8.0,31.6,9999.0,20.2,34.0,40.0,1.0,48.0,54.0,58.0,63.0
177.0,1.0,4.0,10.0,4.0,12.0,1985.0,96.0,10.0,6100.0,900.0,6600.0,9999.0,11.21,867.0,17.0,23.0,29.0,4.0,7.0,32.0,8.7,7.0,29.0,8.7,13.5,34.0,37.0,2.0,47.0,52.0,58.0,61.0
177.0,1.0,4.0,10.0,4.0,12.0,1985.0,96.0,10.0,6100.0,900.0,6600.0,9999.0,11.21,867.0,17.0,23.0,29.0,4.0,7.0,32.0,8.7,7.0,29.0,8.7,13.5,34.0,37.0,2.0,47.0,52.0,58.0,61.0
177.0,1.0,4.0,10.0,4.0,12.0,1985.0,96.0,10.0,6100.0,900.0,6600.0,9999.0,11.21,867.0,17.0,23.0,29.0,4.0,7.0,32.0,8.7,7.0,29.0,8.7,13.5,34.0,37.0,2.0,47.0,52.0,58.0,61.0
177.0,1.0,4.0,10.0,4.0,12.0,1985.0,96.0,10.0,6100.0,900.0,6600.0,9999.0,11.21,867.0,17.0,23.0,29.0,4.0,7.0,32.0,8.7,7.0,29.0,8.7,13.5,34.0,37.0,2.0,47.0,52.0,58.0,61.0
177.0,1.0,4.0,10.0,4.0,12.0,1985.0,96.0,10.0,6100.0,900.0,6600.0,9999.0,11.21,867.0,17.0,23.0,29.0,4.0,7.0,32.0,8.7,7.0,29.0,8.7,13.5,34.0,37.0,2.0,47.0,52.0,58.0,61.0
177.0,1.0,4.0,10.0,4.0,12.0,1985.0,96.0,10.0,6100.0,900.0,6600.0,9999.0,11.21,867.0,17.0,23.0,29.0,4.0,7.0,32.0,8.7,7.0,29.0,8.7,13.5,34.0,37.0,2.0,47.0,52.0,58.0,61.0
177.0,1.0,4.0,11.0,4.0,12.0,1753.0,66.0,22.0,4500.0,850.0,5200.0,9999.0,12.69,0.994,17.0,23.0,29.0,2.0,8.0,36.5,9999.0,8.0,32.0,9999.0,20.7,34.0,40.0,1.0,48.0,54.0,57.0,63.0
178.0,1.0,4.0,10.0,4.0,12.0,1988.0,96.0,10.0,5600.0,800.0,9999.0,9999.0,11.25,1.38,17.0,23.0,29.0,4.0,6.0,33.0,9.4,6.0,28.0,8.7,13.7,34.0,40.0,2.0,47.0,52.0,57.0,61.0
178.0,1.0,4.0,10.0,4.0,12.0,1797.0,140.0,11.0,7900.0,750.0,8800.0,9999.0,12.45,1.77,15.0,28.0,29.0,4.0,9999.0,9999.0,9999.0,9999.0,9999.0,9999.0,8.0,34.0,40.0,2.0,47.0,52.0,58.0,61.0
178.0,1.0,4.0,10.0,4.0,12.0,1997.0,100.0,10.0,6000.0,9999.0,9999.0,9999.0,11.2,1.35,15.0,23.0,29.0,4.0,6.0,34.0,9999.0,6.0,30.5,9999.0,12.6,34.0,40.0,1.0,47.0,52.0,57.0,61.0
178.0,1.0,4.0,10.0,4.0,12.0,1991.0,100.0,10.0,5800.0,9999.0,9999.0,9999.0,11.23,1.18,17.0,23.0,29.0,4.0,6.0,35.0,9999.0,6.0,9999.0,9999.0,12.0,34.0,40.0,2.0,47.0,52.0,57.0,61.0
178.0,1.0,4.0,10.0,4.0,12.0,1991.0,100.0,10.0,5800.0,9999.0,9999.0,9999.0,11.23,1.18,17.0,23.0,29.0,4.0,6.0,35.0,9999.0,6.0,9999.0,9999.0,12.2,34.0,40.0,2.0,47.0,52.0,57.0,61.0
178.0,1.0,4.0,10.0,4.0,12.0,1991.0,100.0,10.0,5800.0,9999.0,9999.0,9999.0,11.23,1.18,17.0,23.0,29.0,4.0,6.0,35.0,9999.0,6.0,9999.0,9999.0,12.2,34.0,40.0,2.0,47.0,52.0,57.0,61.0
178.0,1.0,4.0,10.0,4.0,12.0,1991.0,100.0,10.0,5800.0,9999.0,9999.0,9999.0,11.23,1.18,17.0,23.0,29.0,4.0,6.0,35.0,9999.0,6.0,9999.0,9999.0,12.2,34.0,40.0,2.0,47.0,52.0,57.0,61.0
178.0,1.0,4.0,10.0,4.0,12.0,1998.0,94.0,10.0,5400.0,700.0,9999.0,9999.0,11.2,1.0,17.0,23.0,29.0,4.0,6.0,9999.0,9999.0,6.0,9999.0,9999.0,13.2,34.0,40.0,2.0,47.0,52.0,58.0,61.0
178.0,1.0,4.0,10.0,4.0,12.0,1998.0,94.0,10.0,5400.0,700.0,9999.0,9999.0,11.2,1.0,17.0,23.0,29.0,4.0,6.0,9999.0,9999.0,6.0,9999.0,9999.0,13.5,34.0,40.0,2.0,47.0,52.0,58.0,61.0
178.0,1.0,4.0,10.0,4.0,12.0,1998.0,94.0,10.0,5400.0,700.0,9999.0,9999.0,11.2,1.0,17.0,23.0,29.0,4.0,6.0,9999.0,9999.0,6.0,9999.0,9999.0,13.5,34.0,40.0,2.0,47.0,52.0,58.0,61.0
178.0,1.0,4.0,10.0,4.0,12.0,1998.0,94.0,10.0,5400.0,700.0,9999.0,9999.0,11.2,1.0,17.0,23.0,29.0,4.0,6.0,9999.0,9999.0,6.0,9999.0,9999.0,13.7,34.0,40.0,2.0,47.0,52.0,58.0,61.0
178.0,1.0,4.0,10.0,4.0,12.0,1988.0,96.0,10.0,5500.0,9999.0,9999.0,9999.0,11.25,1.38,17.0,23.0,29.0,4.0,6.0,33.0,9.4,6.0,28.0,8.7,12.5,34.0,40.0,2.0,47.0,52.0,57.0,61.0
178.0,1.0,4.0,10.0,4.0,12.0,1988.0,96.0,10.0,5600.0,830.0,6675.0,9999.0,11.25,1.38,17.0,23.0,29.0,4.0,6.0,33.0,9.4,6.0,28.0,8.7,13.9,34.0,40.0,2.0,47.0,52.0,57.0,61.0
178.0,1.0,4.0,10.0,4.0,12.0,1997.0,100.0,10.0,6000.0,9999.0,9999.0,9999.0,11.2,1.35,15.0,23.0,29.0,4.0,6.0,34.0,9999.0,6.0,30.5,9999.0,13.1,34.0,40.0,1.0,47.0,52.0,57.0,61.0
178.0,1.0,4.0,10.0,4.0,12.0,1997.0,100.0,10.0,6000.0,9999.0,9999.0,9999.0,11.2,1.35,15.0,23.0,29.0,4.0,6.0,34.0,9999.0,6.0,30.5,9999.0,13.3,34.0,40.0,1.0,47.0,52.0,57.0,61.0
178.0,1.0,4.0,10.0,4.0,12.0,1991.0,100.0,10.0,5800.0,9999.0,9999.0,9999.0,11.23,1.18,17.0,23.0,29.0,4.0,6.0,35.0,9999.0,6.0,9999.0,9999.0,12.8,34.0,40.0,2.0,47.0,52.0,57.0,61.0
178.0,1.0,4.0,10.0,4.0,12.0,1991.0,100.0,10.0,5800.0,9999.0,9999.0,9999.0,11.23,1.18,17.0,23.0,29.0,4.0,6.0,35.0,9999.0,6.0,9999.0,9999.0,13.2,34.0,40.0,2.0,47.0,52.0,57.0,61.0
178.0,1.0,4.0,10.0,4.0,12.0,1998.0,94.0,10.0,5400.0,700.0,9999.0,9999.0,11.2,1.0,17.0,23.0,29.0,4.0,6.0,9999.0,9999.0,6.0,9999.0,9999.0,13.6,34.0,40.0,2.0,47.0,52.0,58.0,61.0
178.0,1.0,4.0,10.0,4.0,12.0,1998.0,94.0,10.0,5400.0,700.0,9999.0,9999.0,11.2,1.0,17.0,23.0,29.0,4.0,6.0,9999.0,9999.0,6.0,9999.0,9999.0,13.9,34.0,40.0,2.0,47.0,52.0,58.0,61.0
178.0,3.0,4.0,10.0,4.0,12.0,1997.0,100.0,10.0,6000.0,9999.0,9999.0,9999.0,11.2,1.35,15.0,23.0,29.0,4.0,6.0,34.0,9999.0,6.0,30.5,9999.0,13.8,34.0,40.0,1.0,47.0,52.0,57.0,61.0
178.0,3.0,4.0,10.0,4.0,12.0,1997.0,100.0,10.0,6000.0,9999.0,9999.0,9999.0,11.2,1.35,15.0,23.0,29.0,4.0,6.0,34.0,9999.0,6.0,30.5,9999.0,14.0,34.0,40.0,1.0,47.0,52.0,57.0,61.0
178.0,3.0,4.0,10.0,4.0,12.0,1998.0,94.0,10.0,5400.0,9999.0,9999.0,9999.0,11.2,1.0,17.0,23.0,29.0,4.0,9999.0,9999.0,9999.0,9999.0,9999.0,9999.0,14.2,34.0,40.0,2.0,47.0,52.0,58.0,61.0
178.0,3.0,4.0,10.0,4.0,12.0,1998.0,94.0,10.0,5400.0,9999.0,9999.0,9999.0,11.2,1.0,17.0,23.0,29.0,4.0,9999.0,9999.0,9999.0,9999.0,9999.0,9999.0,14.5,34.0,40.0,2.0,47.0,52.0,58.0,61.0
178.0,3.0,4.0,10.0,4.0,12.0,1998.0,94.0,10.0,5400.0,9999.0,9999.0,9999.0,11.2,1.0,17.0,23.0,29.0,4.0,9999.0,9999.0,9999.0,9999.0,9999.0,9999.0,14.2,34.0,40.0,2.0,47.0,52.0,58.0,61.0
178.0,2.0,6.0,10.0,4.0,12.0,1998.0,94.0,10.0,5400.0,800.0,9999.0,9999.0,11.2,1.0,17.0,23.0,29.0,4.0,9999.0,9999.0,9999.0,9999.0,9999.0,9999.0,12.8,34.0,42.0,2.0,47.0,52.0,58.0,61.0
178.0,2.0,6.0,10.0,4.0,12.0,1998.0,94.0,10.0,5400.0,800.0,9999.0,9999.0,11.2,1.0,17.0,23.0,29.0,4.0,9999.0,9999.0,9999.0,9999.0,9999.0,9999.0,13.1,34.0,42.0,2.0,47.0,52.0,58.0,61.0
178.0,2.0,6.0,10.0,4.0,12.0,1998.0,94.0,10.0,5400.0,800.0,9999.0,9999.0,11.2,1.0,17.0,23.0,29.0,4.0,9999.0,9999.0,9999.0,9999.0,9999.0,9999.0,13.5,34.0,42.0,2.0,47.0,52.0,58.0,61.0
178.0,2.0,6.0,10.0,4.0,12.0,1998.0,94.0,10.0,5400.0,800.0,9999.0,9999.0,11.2,1.0,17.0,23.0,29.0,4.0,9999.0,9999.0,9999.0,9999.0,9999.0,9999.0,13.8,34.0,42.0,2.0,47.0,52.0,58.0,61.0
178.0,3.0,4.0,10.0,4.0,12.0,1997.0,102.0,9.0,5800.0,9999.0,9999.0,9999.0,11.2,1.35,18.0,23.0,29.0,4.0,6.0,34.0,9999.0,6.0,30.5,9999.0,13.2,34.0,40.0,2.0,47.0,52.0,57.0,61.0
178.0,3.0,4.0,10.0,4.0,12.0,1997.0,102.0,9.0,5800.0,9999.0,9999.0,9999.0,11.2,1.35,18.0,23.0,29.0,4.0,6.0,34.0,9999.0,6.0,30.5,9999.0,13.4,34.0,40.0,2.0,47.0,52.0,57.0,61.0
178.0,3.0,6.0,10.0,4.0,12.0,1997.0,102.0,9.0,5800.0,9999.0,9999.0,9999.0,11.2,1.35,18.0,23.0,29.0,4.0,6.0,34.0,9999.0,6.0,30.5,9999.0,14.3,34.0,40.0,2.0,47.0,52.0,57.0,61.0
179.0,1.0,4.0,10.0,4.0,12.0,1997.0,98.0,10.0,5300.0,770.0,9999.0,9999.0,11.26,1.35,21.0,23.0,29.0,4.0,5.5,34.0,9999.0,5.5,29.0,9999.0,12.4,34.0,40.0,1.0,47.0,52.0,58.0,61.0
179.0,1.0,4.0,10.0,4.0,12.0,1997.0,104.0,10.0,6000.0,750.0,9999.0,9999.0,11.26,1.35,18.0,23.0,29.0,4.0,6.0,34.0,9999.0,6.0,30.5,9999.0,12.7,34.0,40.0,2.0,47.0,52.0,57.0,61.0
179.0,2.0,8.0,10.0,4.0,12.0,1998.0,94.0,10.0,5500.0,750.0,9999.0,9999.0,11.26,875.0,17.0,24.0,29.0,4.0,7.0,35.0,9999.0,7.0,31.0,9999.0,18.2,34.0,39.0,2.0,47.0,52.0,58.0,61.0
179.0,3.0,4.0,10.0,4.0,12.0,1996.0,98.0,10.0,5900.0,9999.0,9999.0,9999.0,11.27,0.949,15.0,23.0,29.0,4.0,5.9,33.3,7.2,5.9,28.7,7.0,17.4,34.0,40.0,1.0,47.0,52.0,58.0,61.0
180.0,1.0,4.0,11.0,4.0,12.0,1689.0,66.0,19.0,4200.0,760.0,4850.0,4650.0,13.39,1.5,16.0,23.0,29.0,4.0,6.0,29.6,8.5,7.0,25.6,8.0,16.4,34.0,38.0,2.0,48.0,53.0,57.0,62.0
180.0,1.0,4.0,11.0,4.0,12.0,1689.0,66.0,19.0,4200.0,760.0,4850.0,4650.0,13.39,1.5,16.0,23.0,29.0,4.0,6.0,29.6,8.5,7.0,25.6,8.0,16.8,34.0,38.0,2.0,48.0,53.0,57.0,62.0
180.0,1.0,4.0,11.0,4.0,12.0,1689.0,66.0,19.0,4200.0,760.0,4850.0,4650.0,13.39,1.5,16.0,23.0,29.0,4.0,6.0,29.6,8.5,7.0,25.6,8.0,16.4,34.0,38.0,2.0,48.0,53.0,57.0,62.0
180.0,1.0,4.0,10.0,4.0,12.0,1898.0,92.0,11.0,5500.0,750.0,5750.0,6000.0,11.92,1.19,15.0,23.0,29.0,2.0,6.0,42.0,10.0,7.0,36.0,10.0,11.7,34.0,37.0,1.0,47.0,52.0,57.0,61.0
180.0,1.0,4.0,10.0,4.0,12.0,1898.0,92.0,11.0,5500.0,750.0,5750.0,6000.0,11.92,1.19,15.0,23.0,29.0,2.0,6.0,42.0,10.0,7.0,36.0,10.0,11.7,34.0,37.0,1.0,47.0,52.0,57.0,61.0
180.0,1.0,4.0,10.0,4.0,12.0,1898.0,92.0,11.0,5500.0,750.0,5750.0,6000.0,11.92,1.19,15.0,23.0,29.0,2.0,6.0,42.0,10.0,7.0,36.0,10.0,12.1,34.0,37.0,1.0,47.0,52.0,57.0,61.0
180.0,1.0,5.0,10.0,4.0,12.0,1895.0,87.0,10.0,5500.0,9999.0,9999.0,9999.0,11.94,982.0,16.0,23.0,29.0,2.0,7.0,42.0,9999.0,7.0,36.0,9999.0,14.8,34.0,43.0,1.0,47.0,52.0,57.0,61.0
180.0,1.0,5.0,10.0,4.0,12.0,1895.0,87.0,10.0,5500.0,9999.0,9999.0,9999.0,11.94,982.0,16.0,23.0,29.0,2.0,7.0,42.0,9999.0,7.0,36.0,9999.0,15.2,34.0,43.0,1.0,47.0,52.0,57.0,61.0
180.0,1.0,5.0,10.0,4.0,12.0,1895.0,87.0,10.0,5500.0,850.0,6000.0,6000.0,11.94,982.0,16.0,23.0,29.0,2.0,7.0,42.0,9999.0,7.0,36.0,9999.0,14.8,34.0,43.0,1.0,47.0,52.0,57.0,61.0
180.0,1.0,5.0,10.0,4.0,12.0,1895.0,87.0,10.0,5500.0,850.0,6000.0,6000.0,11.94,982.0,16.0,23.0,29.0,2.0,7.0,42.0,9999.0,7.0,36.0,9999.0,15.2,34.0,43.0,1.0,47.0,52.0,57.0,61.0
180.0,1.0,5.0,10.0,4.0,12.0,1895.0,87.0,10.0,5500.0,9999.0,6200.0,9999.0,11.94,982.0,16.0,23.0,29.0,2.0,7.0,42.0,9999.0,7.0,36.0,9999.0,14.0,34.0,37.0,1.0,47.0,52.0,57.0,61.0
180.0,1.0,4.0,10.0,4.0,12.0,1998.0,97.0,10.0,5500.0,800.0,9999.0,9999.0,11.32,1.0,17.0,23.0,29.0,4.0,7.0,34.7,9.2,7.0,29.7,9.2,13.6,34.0,40.0,2.0,47.0,52.0,58.0,61.0
180.0,1.0,4.0,10.0,4.0,12.0,1998.0,97.0,10.0,5500.0,800.0,6300.0,9999.0,11.32,1.0,17.0,23.0,29.0,4.0,7.0,34.7,9.2,7.0,29.7,9.2,14.6,34.0,40.0,2.0,47.0,52.0,58.0,61.0
180.0,1.0,4.0,10.0,4.0,12.0,1998.0,97.0,10.0,5500.0,800.0,6300.0,9999.0,11.32,1.0,17.0,23.0,29.0,4.0,7.0,34.7,9.2,7.0,29.7,9.2,9999.0,34.0,40.0,2.0,47.0,52.0,58.0,61.0
180.0,1.0,4.0,10.0,4.0,12.0,1998.0,97.0,11.0,5500.0,800.0,6500.0,9999.0,11.32,1.0,17.0,23.0,29.0,4.0,7.0,34.7,9.2,7.0,29.7,9.2,13.1,34.0,40.0,2.0,47.0,52.0,58.0,61.0
180.0,1.0,4.0,10.0,4.0,12.0,1997.0,100.0,10.0,5800.0,9999.0,9999.0,9999.0,11.33,1.35,16.0,23.0,29.0,4.0,9999.0,34.0,9999.0,9999.0,30.5,9999.0,13.2,34.0,40.0,2.0,47.0,52.0,57.0,61.0
180.0,1.0,4.0,10.0,4.0,12.0,1997.0,100.0,10.0,5800.0,9999.0,9999.0,9999.0,11.33,1.35,16.0,23.0,29.0,4.0,9999.0,34.0,9999.0,9999.0,30.5,9999.0,13.4,34.0,40.0,2.0,47.0,52.0,57.0,61.0
180.0,1.0,5.0,10.0,4.0,12.0,1895.0,87.0,10.0,5500.0,9999.0,9999.0,9999.0,11.94,982.0,16.0,23.0,29.0,2.0,7.0,42.0,9999.0,7.0,36.0,9999.0,15.7,34.0,43.0,1.0,47.0,52.0,57.0,61.0
180.0,1.0,5.0,10.0,4.0,12.0,1895.0,87.0,10.0,5500.0,9999.0,9999.0,9999.0,11.94,982.0,16.0,23.0,29.0,2.0,7.0,42.0,9999.0,7.0,36.0,9999.0,15.9,34.0,43.0,1.0,47.0,52.0,57.0,61.0
180.0,1.0,4.0,11.0,4.0,12.0,1753.0,66.0,22.0,4500.0,850.0,9999.0,9999.0,12.9,0.994,17.0,23.0,29.0,2.0,8.0,36.5,9999.0,8.0,32.0,9999.0,18.1,34.0,40.0,1.0,48.0,54.0,57.0,63.0
180.0,1.0,4.0,10.0,4.0,12.0,1998.0,97.0,10.0,5500.0,800.0,9999.0,9999.0,11.32,1.0,17.0,23.0,29.0,4.0,7.0,34.7,9.2,7.0,29.7,9.2,14.1,34.0,40.0,2.0,47.0,52.0,58.0,61.0
180.0,1.0,4.0,10.0,4.0,12.0,1998.0,97.0,10.0,5500.0,800.0,9999.0,9999.0,11.32,1.0,17.0,23.0,29.0,4.0,7.0,34.7,9.2,7.0,29.7,9.2,14.3,34.0,40.0,2.0,47.0,52.0,58.0,61.0
180.0,1.0,4.0,10.0,4.0,12.0,1998.0,97.0,10.0,5500.0,800.0,6300.0,9999.0,11.32,1.0,17.0,23.0,29.0,4.0,7.0,34.7,9.2,7.0,29.7,9.2,15.2,34.0,40.0,2.0,47.0,52.0,58.0,61.0
180.0,3.0,4.0,10.0,4.0,12.0,1998.0,97.0,10.0,5500.0,800.0,9999.0,9999.0,11.32,1.0,17.0,23.0,29.0,4.0,7.0,34.7,9999.0,7.0,29.7,9999.0,16.0,34.0,40.0,2.0,47.0,52.0,58.0,61.0
180.0,3.0,4.0,10.0,4.0,12.0,1998.0,97.0,10.0,5500.0,800.0,9999.0,9999.0,11.32,1.0,17.0,23.0,29.0,4.0,7.0,34.7,9.2,7.0,29.7,9.2,16.0,34.0,40.0,2.0,47.0,52.0,58.0,61.0
180.0,3.0,4.0,10.0,4.0,12.0,1998.0,97.0,10.0,5500.0,800.0,9999.0,9999.0,11.32,1.0,17.0,23.0,29.0,4.0,7.0,34.7,9.2,7.0,29.7,9.2,16.0,34.0,40.0,2.0,47.0,52.0,58.0,61.0
180.0,3.0,4.0,10.0,4.0,12.0,1998.0,97.0,11.0,5500.0,800.0,9999.0,9999.0,11.32,1.0,17.0,23.0,29.0,4.0,9999.0,9999.0,9999.0,9999.0,9999.0,9999.0,16.0,34.0,40.0,2.0,47.0,52.0,58.0,61.0
180.0,3.0,4.0,10.0,4.0,12.0,1998.0,97.0,11.0,5500.0,800.0,9999.0,9999.0,11.32,1.0,17.0,23.0,29.0,4.0,9999.0,9999.0,9999.0,9999.0,9999.0,9999.0,16.0,34.0,40.0,2.0,47.0,52.0,58.0,61.0
180.0,3.0,4.0,10.0,4.0,12.0,1998.0,97.0,11.0,5500.0,800.0,9999.0,9999.0,11.32,1.0,17.0,23.0,29.0,4.0,9999.0,9999.0,9999.0,9999.0,9999.0,9999.0,16.0,34.0,40.0,2.0,47.0,52.0,58.0,61.0
180.0,3.0,5.0,10.0,4.0,12.0,2351.0,82.0,9.0,4500.0,9999.0,9999.0,9999.0,9.62,1156.0,0.0,23.0,29.0,2.0,9999.0,9999.0,9999.0,9999.0,9999.0,9999.0,21.8,34.0,40.0,1.0,47.0,0.0,58.0,61.0
180.0,3.0,5.0,10.0,4.0,12.0,2351.0,82.0,9.0,4500.0,9999.0,9999.0,9999.0,9.62,1156.0,0.0,23.0,29.0,2.0,9999.0,9999.0,9999.0,9999.0,9999.0,9999.0,21.5,34.0,40.0,1.0,47.0,0.0,58.0,61.0
180.0,3.0,4.0,10.0,4.0,12.0,1997.0,102.0,9.0,5800.0,9999.0,9999.0,9999.0,11.33,1.35,21.0,23.0,29.0,4.0,6.0,34.0,9999.0,6.0,30.5,9999.0,13.2,34.0,40.0,2.0,47.0,52.0,57.0,61.0
181.0,1.0,4.0,10.0,4.0,12.0,1998.0,103.0,10.0,5800.0,750.0,9999.0,9999.0,11.38,1.0,16.0,23.0,29.0,4.0,6.0,34.0,9999.0,6.0,30.0,9999.0,13.0,34.0,37.0,2.0,47.0,52.0,57.0,61.0
181.0,1.0,4.0,10.0,4.0,12.0,1998.0,103.0,10.0,5800.0,750.0,9999.0,9999.0,11.38,1.0,16.0,23.0,29.0,4.0,6.0,34.0,9999.0,6.0,30.0,9999.0,13.3,34.0,37.0,2.0,47.0,52.0,57.0,61.0
181.0,1.0,4.0,10.0,4.0,12.0,1998.0,103.0,10.0,5800.0,750.0,9999.0,9999.0,11.38,1.0,16.0,23.0,29.0,4.0,6.0,34.0,9999.0,6.0,30.0,9999.0,13.3,34.0,37.0,2.0,47.0,52.0,57.0,61.0
182.0,1.0,4.0,10.0,4.0,12.0,1948.0,100.0,11.0,6000.0,800.0,9999.0,9999.0,11.74,1.84,17.0,23.0,29.0,4.0,9999.0,9999.0,9999.0,9999.0,9999.0,9999.0,14.5,34.0,40.0,2.0,47.0,52.0,58.0,61.0
182.0,1.0,4.0,10.0,4.0,12.0,1948.0,100.0,11.0,6000.0,800.0,9999.0,9999.0,11.74,1.84,17.0,23.0,29.0,4.0,9999.0,9999.0,9999.0,9999.0,9999.0,9999.0,14.9,34.0,40.0,2.0,47.0,52.0,58.0,61.0
182.0,1.0,4.0,10.0,4.0,12.0,1948.0,102.0,11.0,6000.0,9999.0,9999.0,9999.0,11.74,1.84,17.0,23.0,29.0,4.0,9999.0,9999.0,9999.0,9999.0,9999.0,9999.0,12.8,34.0,40.0,2.0,47.0,52.0,58.0,61.0
182.0,1.0,4.0,10.0,4.0,12.0,1975.0,102.0,10.0,6000.0,9999.0,9999.0,9999.0,11.58,1.14,17.0,23.0,29.0,4.0,9999.0,32.0,9999.0,9999.0,27.5,9999.0,11.5,34.0,41.0,2.0,47.0,52.0,57.0,61.0
182.0,1.0,4.0,10.0,4.0,12.0,1975.0,102.0,10.0,6000.0,9999.0,9999.0,9999.0,11.58,1.14,17.0,23.0,29.0,4.0,9999.0,32.0,9999.0,9999.0,27.5,9999.0,11.8,34.0,41.0,2.0,47.0,52.0,57.0,61.0
182.0,1.0,4.0,10.0,4.0,12.0,1975.0,102.0,10.0,6000.0,800.0,9999.0,9999.0,11.58,1.14,17.0,23.0,29.0,4.0,9999.0,32.0,9999.0,9999.0,27.5,9999.0,11.5,34.0,41.0,2.0,47.0,52.0,57.0,61.0
182.0,1.0,4.0,10.0,4.0,12.0,1975.0,102.0,10.0,6000.0,800.0,9999.0,9999.0,11.58,1.14,17.0,23.0,29.0,4.0,9999.0,32.0,9999.0,9999.0,27.5,9999.0,11.8,34.0,41.0,2.0,47.0,52.0,57.0,61.0
182.0,1.0,4.0,10.0,4.0,12.0,1948.0,102.0,11.0,6000.0,9999.0,9999.0,9999.0,11.74,1.84,17.0,23.0,29.0,4.0,9999.0,9999.0,9999.0,9999.0,9999.0,9999.0,13.3,34.0,40.0,2.0,47.0,52.0,58.0,61.0
182.0,1.0,4.0,10.0,4.0,12.0,1975.0,102.0,10.0,6000.0,9999.0,9999.0,9999.0,11.58,1.14,17.0,23.0,29.0,4.0,9999.0,32.0,9999.0,9999.0,27.5,9999.0,11.9,34.0,41.0,2.0,47.0,52.0,57.0,61.0
182.0,1.0,4.0,10.0,4.0,12.0,1975.0,102.0,10.0,6000.0,9999.0,9999.0,9999.0,11.58,1.14,17.0,23.0,29.0,4.0,9999.0,32.0,9999.0,9999.0,27.5,9999.0,12.2,34.0,41.0,2.0,47.0,52.0,57.0,61.0
182.0,2.0,9.0,10.0,4.0,12.0,1973.0,108.0,10.0,6300.0,750.0,9999.0,9999.0,11.59,1.6,18.0,23.0,29.0,4.0,6.5,31.0,9999.0,6.5,28.0,9999.0,12.8,34.0,40.0,2.0,47.0,52.0,58.0,61.0
182.0,2.0,9.0,10.0,4.0,12.0,1973.0,108.0,10.0,6300.0,750.0,9999.0,9999.0,11.59,1.6,18.0,23.0,29.0,4.0,6.5,31.0,9999.0,6.5,28.0,9999.0,12.9,34.0,40.0,2.0,47.0,52.0,58.0,61.0
183.0,1.0,4.0,10.0,4.0,12.0,1948.0,103.0,11.0,6000.0,750.0,6800.0,6500.0,11.81,1.84,17.0,23.0,29.0,4.0,9999.0,9999.0,9999.0,9999.0,9999.0,9999.0,12.4,34.0,40.0,2.0,47.0,52.0,58.0,61.0
183.0,1.0,4.0,10.0,4.0,12.0,1948.0,103.0,11.0,6000.0,750.0,6800.0,6500.0,11.81,1.84,17.0,23.0,29.0,4.0,9999.0,9999.0,9999.0,9999.0,9999.0,9999.0,12.6,34.0,40.0,2.0,47.0,52.0,58.0,61.0
183.0,1.0,4.0,10.0,4.0,12.0,1948.0,103.0,11.0,6000.0,9999.0,9999.0,9999.0,11.81,1.84,17.0,23.0,29.0,4.0,9999.0,9999.0,9999.0,9999.0,9999.0,9999.0,12.6,34.0,40.0,2.0,47.0,52.0,58.0,61.0
183.0,1.0,4.0,10.0,4.0,12.0,1997.0,100.0,10.0,5800.0,9999.0,9999.0,9999.0,11.52,1.35,16.0,23.0,29.0,4.0,9999.0,34.0,9999.0,9999.0,30.5,9999.0,17.4,34.0,40.0,2.0,47.0,52.0,57.0,61.0
183.0,1.0,4.0,10.0,4.0,12.0,1997.0,100.0,10.0,5800.0,9999.0,9999.0,9999.0,11.52,1.35,16.0,23.0,29.0,4.0,9999.0,34.0,9999.0,9999.0,30.5,9999.0,17.5,34.0,40.0,2.0,47.0,52.0,57.0,61.0
184.0,1.0,4.0,10.0,4.0,12.0,1997.0,108.0,10.0,6000.0,9999.0,9999.0,9999.0,11.58,1.35,21.0,28.0,29.0,4.0,5.5,34.0,9999.0,5.5,29.0,9999.0,12.3,34.0,40.0,1.0,47.0,52.0,58.0,61.0
184.0,1.0,4.0,10.0,4.0,12.0,1997.0,108.0,10.0,6000.0,9999.0,9999.0,9999.0,11.58,1.35,21.0,28.0,29.0,4.0,5.5,34.0,9999.0,5.5,29.0,9999.0,12.5,34.0,40.0,1.0,47.0,52.0,58.0,61.0
184.0,1.0,4.0,10.0,4.0,12.0,1997.0,108.0,10.0,6000.0,9999.0,9999.0,9999.0,11.58,1.35,21.0,28.0,29.0,4.0,5.5,34.0,9999.0,5.5,29.0,9999.0,12.1,34.0,40.0,1.0,47.0,52.0,58.0,61.0
184.0,1.0,4.0,10.0,4.0,12.0,1997.0,108.0,10.0,6000.0,9999.0,9999.0,9999.0,11.58,1.35,21.0,28.0,29.0,4.0,5.5,34.0,9999.0,5.5,29.0,9999.0,12.4,34.0,40.0,1.0,47.0,52.0,58.0,61.0
184.0,1.0,6.0,10.0,4.0,14.0,1994.0,92.0,10.0,5600.0,700.0,9999.0,9999.0,11.6,815.0,21.0,23.0,29.0,4.0,6.0,34.0,10.0,6.0,30.0,8.5,12.8,34.0,40.0,2.0,47.0,52.0,57.0,61.0
184.0,1.0,6.0,10.0,4.0,14.0,1994.0,92.0,10.0,5600.0,700.0,9999.0,9999.0,11.6,815.0,21.0,23.0,29.0,4.0,6.0,34.0,10.0,6.0,30.0,8.5,12.8,34.0,40.0,2.0,47.0,52.0,57.0,61.0
184.0,1.0,6.0,10.0,4.0,14.0,1994.0,92.0,10.0,5600.0,700.0,9999.0,9999.0,11.6,815.0,21.0,23.0,29.0,4.0,6.0,34.0,10.0,6.0,30.0,8.5,13.4,34.0,40.0,2.0,47.0,52.0,57.0,61.0
184.0,1.0,6.0,10.0,4.0,14.0,1994.0,92.0,10.0,5600.0,700.0,9999.0,9999.0,11.6,815.0,21.0,23.0,29.0,4.0,6.0,34.0,10.0,6.0,30.0,8.5,13.3,34.0,40.0,2.0,47.0,52.0,57.0,61.0
184.0,1.0,6.0,10.0,4.0,14.0,1994.0,92.0,10.0,5600.0,700.0,9999.0,9999.0,11.6,815.0,21.0,23.0,29.0,4.0,6.0,34.0,10.0,6.0,30.0,8.5,13.2,34.0,40.0,2.0,47.0,52.0,57.0,61.0
184.0,1.0,6.0,10.0,4.0,14.0,1994.0,92.0,10.0,5600.0,700.0,9999.0,9999.0,11.6,815.0,21.0,23.0,29.0,4.0,6.0,34.0,10.0,6.0,30.0,8.5,13.9,34.0,40.0,2.0,47.0,52.0,57.0,61.0
184.0,1.0,6.0,10.0,4.0,14.0,1994.0,92.0,10.0,5600.0,700.0,9999.0,9999.0,11.6,815.0,21.0,23.0,29.0,4.0,6.0,34.0,10.0,6.0,30.0,8.5,14.9,34.0,40.0,2.0,47.0,52.0,57.0,61.0
184.0,1.0,6.0,10.0,4.0,14.0,1994.0,92.0,10.0,5600.0,700.0,9999.0,9999.0,11.6,815.0,21.0,23.0,29.0,4.0,6.0,34.0,10.0,6.0,30.0,8.5,15.1,34.0,40.0,2.0,47.0,52.0,57.0,61.0
184.0,1.0,4.0,10.0,4.0,12.0,1998.0,98.0,10.0,5400.0,9999.0,9999.0,9999.0,11.57,1.0,17.0,23.0,29.0,4.0,9999.0,9999.0,9999.0,9999.0,9999.0,9999.0,12.1,34.0,40.0,2.0,47.0,52.0,58.0,61.0
184.0,1.0,4.0,10.0,4.0,12.0,1998.0,98.0,10.0,5400.0,9999.0,9999.0,9999.0,11.57,1.0,17.0,23.0,29.0,4.0,9999.0,9999.0,9999.0,9999.0,9999.0,9999.0,12.5,34.0,40.0,2.0,47.0,52.0,58.0,61.0
184.0,1.0,6.0,10.0,4.0,14.0,1994.0,92.0,10.0,5600.0,700.0,9999.0,9999.0,11.6,815.0,21.0,23.0,29.0,4.0,6.0,34.0,10.0,6.0,30.0,8.5,15.3,34.0,40.0,2.0,47.0,52.0,57.0,61.0
184.0,1.0,6.0,10.0,4.0,14.0,1994.0,92.0,10.0,5600.0,700.0,9999.0,9999.0,11.6,815.0,21.0,23.0,29.0,4.0,6.0,34.0,10.0,6.0,30.0,8.5,15.5,34.0,40.0,2.0,47.0,52.0,57.0,61.0
184.0,1.0,4.0,10.0,4.0,12.0,1998.0,98.0,10.0,5400.0,9999.0,9999.0,9999.0,11.57,1.0,17.0,23.0,29.0,4.0,9999.0,9999.0,9999.0,9999.0,9999.0,9999.0,12.7,34.0,40.0,2.0,47.0,52.0,58.0,61.0
184.0,2.0,6.0,10.0,4.0,14.0,1994.0,92.0,10.0,5600.0,700.0,9999.0,9999.0,11.6,815.0,21.0,23.0,29.0,4.0,6.0,34.0,10.0,6.0,30.0,8.5,14.8,34.0,40.0,2.0,47.0,52.0,58.0,61.0
184.0,2.0,6.0,10.0,4.0,14.0,1994.0,92.0,10.0,5600.0,700.0,9999.0,9999.0,11.6,815.0,21.0,23.0,29.0,4.0,6.0,34.0,10.0,6.0,30.0,8.5,15.4,34.0,40.0,2.0,47.0,52.0,58.0,61.0
185.0,1.0,4.0,11.0,4.0,12.0,1995.0,60.0,19.0,4300.0,800.0,9999.0,9999.0,11.65,1.71,20.0,23.0,29.0,4.0,9999.0,29.0,9999.0,9999.0,26.0,9999.0,21.3,34.0,37.0,1.0,48.0,53.0,57.0,67.0
185.0,1.0,4.0,11.0,4.0,12.0,1995.0,60.0,19.0,4300.0,800.0,9999.0,9999.0,11.65,1.71,20.0,23.0,29.0,4.0,9999.0,29.0,9999.0,9999.0,26.0,9999.0,20.4,34.0,37.0,1.0,48.0,53.0,57.0,67.0
185.0,1.0,4.0,11.0,4.0,12.0,1995.0,60.0,19.0,4300.0,800.0,9999.0,9999.0,11.65,1.71,20.0,23.0,29.0,4.0,9999.0,29.0,9999.0,9999.0,26.0,9999.0,20.9,34.0,37.0,1.0,48.0,53.0,57.0,67.0
185.0,1.0,4.0,11.0,4.0,12.0,1995.0,60.0,19.0,4300.0,800.0,9999.0,9999.0,11.65,1.71,20.0,23.0,29.0,4.0,9999.0,29.0,9999.0,9999.0,26.0,9999.0,20.8,34.0,37.0,1.0,48.0,53.0,57.0,67.0
185.0,1.0,4.0,11.0,4.0,12.0,1995.0,60.0,19.0,4300.0,800.0,9999.0,9999.0,11.65,1.71,20.0,23.0,29.0,4.0,9999.0,29.0,9999.0,9999.0,26.0,9999.0,21.3,34.0,37.0,1.0,48.0,53.0,57.0,67.0
185.0,1.0,4.0,11.0,4.0,12.0,1995.0,60.0,19.0,4300.0,800.0,9999.0,9999.0,11.65,1.71,17.0,23.0,29.0,4.0,9999.0,29.0,8.5,9999.0,26.0,8.5,22.0,34.0,43.0,1.0,48.0,53.0,57.0,65.0
185.0,1.0,4.0,11.0,4.0,12.0,1995.0,60.0,19.0,4300.0,800.0,9999.0,9999.0,11.65,1.71,17.0,23.0,29.0,4.0,9999.0,29.0,8.5,9999.0,26.0,8.5,22.3,34.0,43.0,1.0,48.0,53.0,57.0,65.0
185.0,1.0,4.0,11.0,4.0,12.0,1995.0,60.0,19.0,4300.0,800.0,9999.0,9999.0,11.65,1.71,20.0,23.0,29.0,4.0,9999.0,29.0,9999.0,9999.0,26.0,9999.0,20.8,34.0,37.0,1.0,48.0,53.0,57.0,67.0
185.0,1.0,4.0,10.0,4.0,12.0,1998.0,108.0,10.0,6000.0,850.0,9999.0,9999.0,11.64,1125.0,17.0,23.0,29.0,4.0,7.0,33.0,9999.0,7.0,28.5,9999.0,11.0,34.0,40.0,2.0,47.0,52.0,58.0,61.0
185.0,1.0,4.0,10.0,4.0,12.0,1998.0,108.0,10.0,6000.0,850.0,9999.0,9999.0,11.64,1125.0,17.0,23.0,29.0,4.0,7.0,33.0,9999.0,7.0,28.5,9999.0,11.0,34.0,40.0,2.0,47.0,52.0,58.0,61.0
185.0,1.0,5.0,10.0,4.0,12.0,1998.0,108.0,10.0,6000.0,9999.0,9999.0,9999.0,11.64,1125.0,17.0,23.0,29.0,4.0,7.0,33.0,9999.0,7.0,28.5,9999.0,8.6,34.0,40.0,2.0,47.0,52.0,58.0,61.0
185.0,1.0,4.0,10.0,4.0,12.0,1998.0,98.0,10.0,5400.0,9999.0,9999.0,9999.0,11.64,1.0,17.0,23.0,29.0,4.0,9999.0,9999.0,9999.0,9999.0,9999.0,9999.0,13.6,34.0,40.0,2.0,47.0,52.0,58.0,61.0
185.0,1.0,4.0,10.0,4.0,12.0,1998.0,98.0,10.0,5400.0,9999.0,9999.0,9999.0,11.64,1.0,17.0,23.0,29.0,4.0,9999.0,9999.0,9999.0,9999.0,9999.0,9999.0,13.5,34.0,40.0,2.0,47.0,52.0,58.0,61.0
185.0,1.0,4.0,10.0,4.0,12.0,1998.0,98.0,10.0,5400.0,9999.0,9999.0,9999.0,11.64,1.0,17.0,23.0,29.0,4.0,9999.0,9999.0,9999.0,9999.0,9999.0,9999.0,13.6,34.0,40.0,2.0,47.0,52.0,58.0,61.0
185.0,3.0,4.0,11.0,4.0,12.0,1995.0,60.0,19.0,4300.0,800.0,9999.0,9999.0,11.65,1.71,20.0,23.0,29.0,4.0,9999.0,29.0,9999.0,9999.0,26.0,9999.0,23.8,34.0,37.0,1.0,48.0,53.0,57.0,67.0
186.0,1.0,4.0,10.0,4.0,12.0,1969.0,114.0,10.0,6400.0,800.0,7400.0,9999.0,11.87,1.96,17.0,24.0,29.0,4.0,7.0,33.5,9999.0,7.0,28.0,9999.0,12.0,34.0,40.0,2.0,47.0,52.0,57.0,61.0
186.0,1.0,4.0,10.0,4.0,12.0,1969.0,114.0,10.0,6400.0,800.0,7400.0,9999.0,11.87,1.96,17.0,24.0,29.0,4.0,7.0,33.5,9999.0,7.0,28.0,9999.0,12.0,34.0,40.0,2.0,47.0,52.0,57.0,61.0
186.0,1.0,4.0,10.0,4.0,12.0,1969.0,114.0,10.0,6400.0,800.0,7400.0,9999.0,11.87,1.96,17.0,24.0,29.0,4.0,7.0,33.5,9999.0,7.0,28.0,9999.0,11.2,34.0,40.0,2.0,47.0,52.0,57.0,61.0
186.0,1.0,4.0,10.0,4.0,12.0,1969.0,114.0,10.0,6400.0,800.0,7400.0,9999.0,11.87,1.96,17.0,24.0,29.0,4.0,7.0,33.5,9999.0,7.0,28.0,9999.0,10.9,34.0,40.0,2.0,47.0,52.0,57.0,61.0
186.0,1.0,4.0,11.0,4.0,12.0,1929.0,66.0,19.0,4100.0,880.0,4950.0,9999.0,12.12,1.9,17.0,23.0,29.0,2.0,8.0,37.5,8.5,8.0,33.5,8.5,19.1,34.0,40.0,1.0,48.0,56.0,59.0,63.0
186.0,2.0,8.0,10.0,4.0,12.0,2463.0,87.0,9.0,5200.0,9999.0,9999.0,9999.0,9.49,823.0,19.0,23.0,29.0,2.0,7.9,48.5,10.5,7.9,38.1,10.4,16.4,35.0,43.0,1.0,47.0,52.0,58.0,61.0
187.0,1.0,4.0,10.0,4.0,12.0,1969.0,114.0,10.0,6400.0,850.0,9999.0,9999.0,11.93,1.96,17.0,24.0,29.0,4.0,7.0,33.5,9999.0,7.0,28.0,9999.0,12.5,34.0,40.0,2.0,47.0,52.0,57.0,61.0
187.0,1.0,4.0,10.0,4.0,12.0,1969.0,114.0,10.0,6400.0,850.0,9999.0,9999.0,11.93,1.96,17.0,24.0,29.0,4.0,7.0,33.5,9999.0,7.0,28.0,9999.0,11.0,34.0,40.0,2.0,47.0,52.0,57.0,61.0
187.0,1.0,4.0,10.0,4.0,12.0,1969.0,114.0,10.0,6400.0,850.0,9999.0,9999.0,11.93,1.96,17.0,24.0,29.0,4.0,7.0,33.5,9999.0,7.0,28.0,9999.0,11.1,34.0,40.0,2.0,47.0,52.0,57.0,61.0
187.0,1.0,4.0,10.0,4.0,12.0,1969.0,114.0,10.0,6400.0,850.0,9999.0,9999.0,11.93,1.96,17.0,24.0,29.0,4.0,7.0,33.5,9999.0,7.0,28.0,9999.0,11.4,34.0,40.0,2.0,47.0,52.0,57.0,61.0
187.0,1.0,4.0,10.0,4.0,12.0,1969.0,114.0,10.0,6400.0,850.0,9999.0,9999.0,11.93,1.96,17.0,24.0,29.0,4.0,7.0,33.5,9999.0,7.0,28.0,9999.0,11.4,34.0,40.0,2.0,47.0,52.0,57.0,61.0
188.0,1.0,4.0,10.0,4.0,12.0,1998.0,100.0,11.0,5600.0,850.0,9999.0,9999.0,11.82,1.0,17.0,23.0,29.0,4.0,7.0,32.0,9.5,7.0,29.0,9.5,12.0,34.0,40.0,2.0,47.0,52.0,58.0,61.0
188.0,1.0,4.0,10.0,4.0,12.0,1998.0,100.0,11.0,5600.0,850.0,9999.0,9999.0,11.82,1.0,17.0,23.0,29.0,4.0,7.0,32.0,9.5,7.0,29.0,9.5,11.8,34.0,40.0,2.0,47.0,52.0,58.0,61.0
188.0,1.0,4.0,10.0,4.0,12.0,1998.0,100.0,11.0,5600.0,850.0,9999.0,9999.0,11.82,1.0,17.0,23.0,29.0,4.0,7.0,32.0,9.5,7.0,29.0,9.5,11.9,34.0,40.0,2.0,47.0,52.0,58.0,61.0
188.0,1.0,4.0,10.0,4.0,12.0,1998.0,100.0,11.0,5600.0,850.0,9999.0,9999.0,11.82,1.0,17.0,23.0,29.0,4.0,7.0,32.0,9.5,7.0,29.0,9.5,12.2,34.0,40.0,2.0,47.0,52.0,58.0,61.0
188.0,1.0,4.0,10.0,4.0,12.0,1998.0,100.0,11.0,5600.0,850.0,9999.0,9999.0,11.82,1.0,17.0,23.0,29.0,4.0,6.0,32.0,9.5,6.0,29.0,9.5,13.3,34.0,40.0,2.0,47.0,52.0,58.0,61.0
188.0,1.0,4.0,10.0,4.0,12.0,1998.0,100.0,11.0,5600.0,850.0,9999.0,9999.0,11.82,1.0,17.0,23.0,29.0,4.0,6.0,32.0,9.5,6.0,29.0,9.5,13.6,34.0,40.0,2.0,47.0,52.0,58.0,61.0
188.0,1.0,4.0,10.0,4.0,12.0,1998.0,100.0,11.0,5600.0,850.0,9999.0,9999.0,11.82,1.0,17.0,23.0,29.0,4.0,6.0,32.0,9.5,6.0,29.0,9.5,13.4,34.0,40.0,2.0,47.0,52.0,58.0,61.0
188.0,1.0,4.0,10.0,4.0,12.0,1998.0,100.0,11.0,5600.0,850.0,9999.0,9999.0,11.82,1.0,17.0,23.0,29.0,4.0,6.0,32.0,9.5,6.0,29.0,9.5,13.9,34.0,40.0,2.0,47.0,52.0,58.0,61.0
188.0,1.0,4.0,10.0,4.0,12.0,1998.0,100.0,11.0,5600.0,850.0,9999.0,9999.0,11.82,1.0,17.0,23.0,29.0,4.0,7.0,32.0,9.5,7.0,29.0,9.5,12.1,34.0,40.0,2.0,47.0,52.0,58.0,61.0
188.0,1.0,4.0,10.0,4.0,12.0,1998.0,100.0,11.0,5600.0,850.0,9999.0,9999.0,11.82,1.0,17.0,23.0,29.0,4.0,7.0,32.0,9.5,7.0,29.0,9.5,12.2,34.0,40.0,2.0,47.0,52.0,58.0,61.0
188.0,1.0,4.0,10.0,4.0,12.0,1998.0,102.0,10.0,5500.0,9999.0,9999.0,9999.0,11.82,1125.0,15.0,24.0,29.0,4.0,9999.0,9999.0,9999.0,9999.0,9999.0,9999.0,12.6,34.0,40.0,2.0,47.0,52.0,58.0,61.0
188.0,1.0,4.0,10.0,4.0,12.0,1998.0,102.0,10.0,5500.0,9999.0,9999.0,9999.0,11.82,1125.0,15.0,24.0,29.0,4.0,9999.0,9999.0,9999.0,9999.0,9999.0,9999.0,12.9,34.0,40.0,2.0,47.0,52.0,58.0,61.0
188.0,3.0,4.0,10.0,4.0,12.0,1998.0,103.0,10.0,5400.0,9999.0,9999.0,9999.0,11.82,1125.0,15.0,24.0,29.0,4.0,9999.0,9999.0,9999.0,9999.0,9999.0,9999.0,14.5,34.0,40.0,2.0,47.0,52.0,58.0,61.0
188.0,3.0,4.0,10.0,4.0,12.0,1998.0,103.0,10.0,5400.0,9999.0,9999.0,9999.0,11.82,1125.0,15.0,24.0,29.0,4.0,9999.0,9999.0,9999.0,9999.0,9999.0,9999.0,14.9,34.0,40.0,2.0,47.0,52.0,58.0,61.0
190.0,1.0,5.0,10.0,4.0,12.0,1998.0,100.0,10.0,5500.0,750.0,6350.0,6200.0,11.95,875.0,17.0,24.0,29.0,4.0,7.0,35.0,9.3,7.0,31.0,9.3,14.4,34.0,39.0,2.0,47.0,52.0,57.0,61.0
190.0,1.0,5.0,10.0,4.0,12.0,1998.0,100.0,10.0,5500.0,750.0,6350.0,6200.0,11.95,875.0,17.0,24.0,29.0,4.0,7.0,35.0,9.3,7.0,31.0,9.3,14.7,34.0,39.0,2.0,47.0,52.0,57.0,61.0
190.0,1.0,5.0,10.0,4.0,12.0,1998.0,100.0,10.0,5500.0,750.0,6350.0,6200.0,11.95,875.0,17.0,24.0,29.0,4.0,7.0,35.0,9.3,7.0,31.0,9.3,13.0,34.0,39.0,2.0,47.0,52.0,57.0,61.0
190.0,1.0,5.0,10.0,4.0,12.0,1998.0,100.0,10.0,5500.0,750.0,6350.0,6200.0,11.95,875.0,17.0,24.0,29.0,4.0,7.0,35.0,9.3,7.0,31.0,9.3,15.0,34.0,39.0,2.0,47.0,52.0,57.0,61.0
190.0,1.0,5.0,10.0,4.0,12.0,1998.0,100.0,10.0,5500.0,750.0,6350.0,6200.0,11.95,875.0,17.0,24.0,29.0,4.0,7.0,35.0,9.3,7.0,31.0,9.3,15.4,34.0,39.0,2.0,47.0,52.0,57.0,61.0
190.0,1.0,5.0,10.0,4.0,12.0,1998.0,95.0,11.0,5300.0,750.0,6350.0,6200.0,11.95,875.0,17.0,24.0,29.0,4.0,7.0,33.0,9.3,7.0,29.0,8.9,14.5,34.0,39.0,2.0,47.0,52.0,57.0,61.0
190.0,1.0,5.0,10.0,4.0,12.0,1998.0,95.0,11.0,5300.0,750.0,6350.0,6200.0,11.95,875.0,17.0,24.0,29.0,4.0,7.0,33.0,9.3,7.0,29.0,8.9,14.8,34.0,39.0,2.0,47.0,52.0,57.0,61.0
190.0,1.0,5.0,11.0,4.0,12.0,1665.0,66.0,22.0,4400.0,820.0,4800.0,4800.0,14.34,1.35,17.0,23.0,29.0,2.0,6.0,36.0,8.0,6.0,31.0,9.4,18.4,34.0,37.0,1.0,48.0,54.0,58.0,63.0
190.0,1.0,4.0,10.0,4.0,12.0,1997.0,99.0,11.0,6000.0,700.0,6500.0,9999.0,11.96,1.35,17.0,23.0,29.0,4.0,9999.0,9999.0,9999.0,9999.0,9999.0,9999.0,10.6,34.0,40.0,2.0,47.0,52.0,58.0,61.0
190.0,1.0,5.0,10.0,4.0,12.0,1998.0,100.0,10.0,5500.0,750.0,6350.0,6200.0,11.95,875.0,17.0,24.0,29.0,4.0,7.0,35.0,9.3,7.0,31.0,8.9,13.5,34.0,39.0,2.0,47.0,52.0,57.0,61.0
190.0,1.0,5.0,10.0,4.0,12.0,1998.0,100.0,10.0,5500.0,750.0,6350.0,6200.0,11.95,875.0,17.0,24.0,29.0,4.0,7.0,35.0,9.3,7.0,31.0,8.9,13.9,34.0,39.0,2.0,47.0,52.0,57.0,61.0
190.0,1.0,5.0,10.0,4.0,12.0,1998.0,100.0,10.0,5500.0,750.0,6350.0,6200.0,11.95,875.0,17.0,24.0,29.0,4.0,7.0,35.0,9.3,7.0,31.0,9.3,15.4,34.0,39.0,2.0,47.0,52.0,57.0,61.0
190.0,1.0,5.0,10.0,4.0,12.0,1998.0,100.0,10.0,5500.0,750.0,6350.0,6200.0,11.95,875.0,17.0,24.0,29.0,4.0,7.0,35.0,9.3,7.0,31.0,9.3,15.7,34.0,39.0,2.0,47.0,52.0,57.0,61.0
190.0,1.0,4.0,10.0,4.0,12.0,1997.0,99.0,11.0,6000.0,800.0,6500.0,9999.0,11.96,1.35,17.0,23.0,29.0,4.0,9999.0,9999.0,9999.0,9999.0,9999.0,9999.0,14.1,34.0,40.0,2.0,47.0,52.0,58.0,61.0
190.0,1.0,4.0,10.0,4.0,12.0,1997.0,99.0,11.0,6000.0,800.0,6500.0,9999.0,11.96,1.35,17.0,23.0,29.0,4.0,9999.0,9999.0,9999.0,9999.0,9999.0,9999.0,14.1,34.0,40.0,2.0,47.0,52.0,58.0,61.0
191.0,2.0,8.0,10.0,4.0,12.0,2389.0,85.0,9.0,4800.0,9999.0,9999.0,9999.0,10.05,1.79,21.0,23.0,29.0,3.0,9999.0,9999.0,9999.0,9999.0,9999.0,9999.0,19.2,34.0,43.0,1.0,47.0,52.0,57.0,61.0
191.0,2.0,8.0,10.0,4.0,12.0,2389.0,87.0,9.0,4800.0,9999.0,9999.0,9999.0,10.05,1.79,21.0,23.0,29.0,3.0,9999.0,9999.0,9999.0,9999.0,9999.0,9999.0,20.2,34.0,43.0,1.0,47.0,52.0,57.0,61.0
193.0,1.0,4.0,10.0,4.0,12.0,1998.0,120.0,11.0,6500.0,800.0,7300.0,9999.0,12.14,1.0,17.0,23.0,29.0,4.0,7.0,34.7,9999.0,7.0,29.7,9999.0,9.9,34.0,40.0,2.0,47.0,52.0,58.0,61.0
193.0,1.0,4.0,10.0,4.0,12.0,1998.0,120.0,10.0,6500.0,800.0,7300.0,9999.0,12.14,1.0,17.0,23.0,29.0,4.0,7.0,34.7,9999.0,7.0,29.7,9999.0,10.1,34.0,40.0,2.0,47.0,52.0,58.0,61.0
195.0,2.0,8.0,11.0,4.0,12.0,1998.0,61.0,21.0,4000.0,9999.0,9999.0,9999.0,12.26,1.0,17.0,23.0,29.0,2.0,9999.0,9999.0,9999.0,9999.0,9999.0,9999.0,23.5,34.0,40.0,1.0,48.0,54.0,58.0,63.0
196.0,1.0,4.0,11.0,4.0,12.0,1905.0,66.0,22.0,4000.0,800.0,4500.0,9999.0,12.93,1.6,17.0,23.0,29.0,2.0,8.0,38.0,9.1,8.0,33.0,9.1,19.9,34.0,40.0,1.0,48.0,54.0,58.0,63.0
196.0,1.0,4.0,11.0,4.0,12.0,1905.0,66.0,22.0,4000.0,800.0,4500.0,9999.0,12.93,1.6,17.0,23.0,29.0,2.0,8.0,38.0,9.1,8.0,33.0,9.1,20.2,34.0,40.0,1.0,48.0,54.0,58.0,63.0
196.0,1.0,4.0,11.0,4.0,12.0,1905.0,66.0,22.0,4000.0,800.0,9999.0,9999.0,12.93,1.6,17.0,23.0,29.0,2.0,8.0,38.5,9.1,8.0,33.0,9.1,17.3,34.0,40.0,1.0,48.0,54.0,59.0,63.0
196.0,1.0,4.0,11.0,4.0,12.0,1905.0,66.0,22.0,4000.0,800.0,5100.0,9999.0,12.93,1.6,17.0,23.0,29.0,2.0,8.0,38.5,9999.0,8.0,33.0,9999.0,17.5,34.0,40.0,1.0,48.0,54.0,58.0,63.0
196.0,1.0,4.0,11.0,4.0,12.0,1910.0,59.0,18.0,3000.0,9999.0,9999.0,9999.0,12.9,1.12,17.0,23.0,29.0,2.0,9999.0,9999.0,9999.0,9999.0,9999.0,9999.0,17.6,34.0,40.0,1.0,48.0,53.0,57.0,62.0
196.0,1.0,4.0,11.0,4.0,12.0,1910.0,59.0,18.0,3000.0,9999.0,9999.0,9999.0,12.9,1.12,17.0,23.0,29.0,2.0,9999.0,9999.0,9999.0,9999.0,9999.0,9999.0,17.9,34.0,40.0,1.0,48.0,53.0,57.0,62.0
196.0,1.0,4.0,11.0,4.0,12.0,1905.0,66.0,22.0,4000.0,800.0,4500.0,9999.0,12.93,1.6,17.0,23.0,29.0,2.0,8.0,38.0,9.1,8.0,33.0,9.1,21.0,34.0,40.0,1.0,48.0,54.0,58.0,63.0
196.0,3.0,4.0,11.0,4.0,12.0,1905.0,66.0,22.0,4000.0,800.0,4500.0,9999.0,12.93,1.6,17.0,23.0,29.0,2.0,8.0,38.5,9.1,8.0,33.0,9.1,23.7,34.0,40.0,1.0,48.0,54.0,58.0,63.0
198.0,1.0,4.0,10.0,4.0,12.0,1588.0,116.0,8.0,6000.0,9999.0,9999.0,9999.0,15.67,988.0,17.0,0.0,0.0,4.0,9999.0,9999.0,9999.0,9999.0,9999.0,9999.0,9.1,34.0,40.0,2.0,48.0,52.0,58.0,61.0
199.0,1.0,4.0,10.0,4.0,12.0,2392.0,104.0,10.0,5800.0,9999.0,9999.0,9999.0,10.45,1.44,17.0,23.0,29.0,4.0,9999.0,35.5,9999.0,9999.0,29.0,9999.0,13.5,34.0,43.0,2.0,47.0,52.0,58.0,61.0
200.0,1.0,4.0,11.0,4.0,12.0,1870.0,72.0,21.0,4000.0,9999.0,9999.0,9999.0,13.44,1163.0,17.0,23.0,29.0,2.0,9999.0,9999.0,9999.0,9999.0,9999.0,9999.0,14.9,34.0,40.0,1.0,48.0,53.0,58.0,66.0
200.0,1.0,4.0,11.0,4.0,12.0,1870.0,72.0,21.0,4000.0,9999.0,9999.0,9999.0,13.44,1163.0,17.0,23.0,29.0,2.0,9999.0,9999.0,9999.0,9999.0,9999.0,9999.0,14.7,34.0,40.0,1.0,48.0,53.0,58.0,66.0
200.0,1.0,4.0,11.0,4.0,12.0,1870.0,72.0,18.0,4000.0,9999.0,9999.0,9999.0,13.44,1163.0,17.0,23.0,29.0,2.0,9999.0,9999.0,9999.0,9999.0,9999.0,9999.0,18.2,34.0,40.0,1.0,48.0,53.0,58.0,66.0
200.0,1.0,4.0,11.0,4.0,12.0,1870.0,72.0,21.0,4000.0,9999.0,9999.0,9999.0,13.44,1163.0,17.0,23.0,29.0,2.0,9999.0,9999.0,9999.0,9999.0,9999.0,9999.0,15.1,34.0,40.0,1.0,48.0,53.0,58.0,66.0
200.0,1.0,4.0,11.0,4.0,12.0,1870.0,72.0,18.0,4000.0,9999.0,9999.0,9999.0,13.44,1163.0,17.0,23.0,29.0,2.0,9999.0,9999.0,9999.0,9999.0,9999.0,9999.0,17.9,34.0,40.0,1.0,48.0,53.0,58.0,66.0
200.0,1.0,4.0,11.0,4.0,12.0,1870.0,72.0,18.0,4000.0,9999.0,9999.0,9999.0,13.44,1163.0,17.0,23.0,29.0,2.0,9999.0,9999.0,9999.0,9999.0,9999.0,9999.0,18.4,34.0,40.0,1.0,48.0,53.0,58.0,66.0
200.0,1.0,4.0,11.0,4.0,12.0,1870.0,72.0,18.0,4000.0,9999.0,9999.0,9999.0,13.44,1163.0,17.0,23.0,29.0,2.0,9999.0,9999.0,9999.0,9999.0,9999.0,9999.0,17.9,34.0,40.0,1.0,48.0,53.0,58.0,66.0
200.0,1.0,4.0,11.0,4.0,12.0,1870.0,72.0,18.0,4000.0,9999.0,9999.0,9999.0,13.44,1163.0,17.0,23.0,29.0,2.0,9999.0,9999.0,9999.0,9999.0,9999.0,9999.0,18.4,34.0,40.0,1.0,48.0,53.0,58.0,66.0
200.0,1.0,4.0,11.0,4.0,12.0,1910.0,77.0,18.0,4000.0,9999.0,9999.0,9999.0,13.16,1.12,17.0,23.0,29.0,2.0,8.0,8.0,9999.0,9999.0,9999.0,9999.0,15.5,34.0,40.0,1.0,48.0,53.0,57.0,62.0
200.0,1.0,4.0,11.0,4.0,12.0,1910.0,77.0,18.0,4000.0,9999.0,9999.0,9999.0,13.16,1.12,17.0,23.0,29.0,2.0,8.0,8.0,9999.0,9999.0,9999.0,9999.0,15.5,34.0,40.0,1.0,48.0,53.0,57.0,62.0
200.0,1.0,4.0,11.0,4.0,12.0,1753.0,66.0,19.0,4000.0,9999.0,9999.0,9999.0,14.34,0.994,17.0,23.0,29.0,2.0,8.0,36.5,9999.0,8.0,32.0,9999.0,18.8,34.0,41.0,1.0,48.0,53.0,57.0,67.0
200.0,1.0,4.0,11.0,4.0,12.0,1870.0,72.0,18.0,4000.0,9999.0,9999.0,9999.0,13.44,1163.0,17.0,23.0,29.0,2.0,9999.0,9999.0,9999.0,9999.0,9999.0,9999.0,18.9,34.0,40.0,1.0,48.0,53.0,58.0,66.0
200.0,3.0,4.0,11.0,4.0,12.0,1910.0,77.0,18.0,4000.0,9999.0,9999.0,9999.0,13.16,1.12,17.0,23.0,29.0,2.0,8.0,8.0,9999.0,9999.0,9999.0,9999.0,17.8,34.0,40.0,1.0,48.0,53.0,57.0,62.0
200.0,3.0,4.0,10.0,4.0,12.0,2254.0,110.0,9.0,5700.0,9999.0,9999.0,9999.0,11.15,1128.0,15.0,28.0,33.0,4.0,5.5,34.0,9999.0,5.5,29.0,9999.0,13.5,34.0,40.0,1.0,47.0,52.0,58.0,61.0
200.0,3.0,4.0,10.0,4.0,12.0,2254.0,110.0,9.0,5700.0,9999.0,9999.0,9999.0,11.15,1128.0,15.0,28.0,33.0,4.0,5.5,34.0,9999.0,5.5,29.0,9999.0,13.5,34.0,40.0,1.0,47.0,52.0,58.0,61.0
202.0,2.0,8.0,10.0,4.0,12.0,2198.0,100.0,10.0,5200.0,9999.0,9999.0,9999.0,11.55,1.1,17.0,23.0,29.0,4.0,9999.0,9999.0,9999.0,9999.0,9999.0,9999.0,17.2,34.0,40.0,2.0,47.0,52.0,58.0,61.0
203.0,3.0,4.0,10.0,4.0,12.0,2295.0,107.0,10.0,5500.0,875.0,9999.0,9999.0,11.12,1.16,17.0,23.0,29.0,4.0,7.0,33.5,9999.0,7.0,30.0,9999.0,15.4,34.0,37.0,2.0,47.0,52.0,57.0,61.0
203.0,3.0,4.0,10.0,4.0,12.0,2295.0,107.0,10.0,5500.0,875.0,9999.0,9999.0,11.12,1.16,17.0,23.0,29.0,4.0,7.0,33.5,9999.0,7.0,30.0,9999.0,15.7,34.0,37.0,2.0,47.0,52.0,57.0,61.0
204.0,2.0,8.0,10.0,4.0,12.0,2295.0,103.0,10.0,5300.0,9999.0,9999.0,9999.0,11.17,973.0,17.0,24.0,29.0,4.0,7.0,35.0,9999.0,7.0,31.0,9999.0,17.8,34.0,39.0,2.0,47.0,52.0,58.0,61.0
205.0,1.0,5.0,10.0,4.0,12.0,2198.0,106.0,11.0,5400.0,9999.0,9999.0,9999.0,11.72,1.1,17.0,23.0,29.0,4.0,9999.0,9999.0,9999.0,9999.0,9999.0,9999.0,15.1,34.0,40.0,2.0,47.0,52.0,58.0,61.0
205.0,1.0,5.0,10.0,4.0,12.0,2198.0,106.0,11.0,5400.0,9999.0,9999.0,9999.0,11.72,1.1,17.0,23.0,29.0,4.0,9999.0,9999.0,9999.0,9999.0,9999.0,9999.0,15.3,34.0,40.0,2.0,47.0,52.0,58.0,61.0
205.0,1.0,4.0,11.0,4.0,12.0,1995.0,74.0,19.0,4300.0,800.0,9999.0,9999.0,12.91,1.71,17.0,23.0,29.0,4.0,9999.0,29.0,8.5,9999.0,26.0,8.5,17.8,34.0,43.0,1.0,48.0,53.0,57.0,65.0
205.0,1.0,4.0,11.0,4.0,12.0,1995.0,74.0,19.0,4300.0,800.0,9999.0,9999.0,12.91,1.71,17.0,23.0,29.0,4.0,9999.0,29.0,8.5,9999.0,26.0,8.5,18.0,34.0,43.0,1.0,48.0,53.0,57.0,65.0
205.0,1.0,4.0,11.0,4.0,12.0,1997.0,66.0,18.0,4000.0,9999.0,9999.0,9999.0,12.9,1.35,16.0,23.0,29.0,2.0,6.0,35.6,8.8,6.0,33.8,9.3,19.7,34.0,40.0,1.0,48.0,53.0,58.0,62.0
205.0,1.0,4.0,11.0,4.0,12.0,1997.0,66.0,18.0,4000.0,9999.0,9999.0,9999.0,12.9,1.35,16.0,23.0,29.0,2.0,6.0,35.6,8.8,6.0,33.8,9.3,19.7,34.0,40.0,1.0,48.0,53.0,58.0,62.0
205.0,1.0,5.0,10.0,4.0,12.0,2198.0,106.0,11.0,5400.0,9999.0,9999.0,9999.0,11.72,1.1,17.0,23.0,29.0,4.0,9999.0,9999.0,9999.0,9999.0,9999.0,9999.0,15.7,34.0,40.0,2.0,47.0,52.0,58.0,61.0
205.0,1.0,5.0,11.0,4.0,12.0,1995.0,74.0,19.0,4300.0,830.0,9999.0,9999.0,12.91,1.71,18.0,23.0,29.0,4.0,9999.0,29.0,9999.0,9999.0,26.0,9999.0,23.4,34.0,40.0,1.0,48.0,53.0,57.0,0.0
205.0,3.0,4.0,11.0,4.0,12.0,2184.0,66.0,23.0,4000.0,9999.0,9999.0,9999.0,11.8,1.93,17.0,23.0,29.0,2.0,9999.0,9999.0,9999.0,9999.0,9999.0,9999.0,20.9,34.0,40.0,1.0,48.0,54.0,58.0,63.0
205.0,3.0,4.0,11.0,4.0,12.0,2184.0,66.0,23.0,4000.0,9999.0,9999.0,9999.0,11.8,1.93,17.0,23.0,29.0,2.0,9999.0,9999.0,9999.0,9999.0,9999.0,9999.0,20.9,34.0,40.0,1.0,48.0,54.0,58.0,63.0
206.0,1.0,4.0,10.0,4.0,12.0,2157.0,136.0,10.0,7000.0,790.0,9999.0,9999.0,12.0,1.43,18.0,28.0,33.0,4.0,5.5,35.0,9999.0,5.5,30.0,9999.0,9.6,34.0,40.0,2.0,47.0,52.0,58.0,61.0
208.0,1.0,5.0,10.0,4.0,12.0,1997.0,177.0,11.0,8300.0,9999.0,9000.0,9999.0,13.09,966.0,15.0,28.0,33.0,4.0,5.5,34.0,9999.0,5.5,29.0,9999.0,7.1,34.0,45.0,2.0,47.0,52.0,58.0,61.0
209.0,2.0,8.0,10.0,4.0,12.0,2295.0,105.0,10.0,5600.0,750.0,9999.0,9999.0,11.44,973.0,17.0,24.0,29.0,4.0,7.0,35.0,9999.0,7.0,31.0,9999.0,17.0,34.0,39.0,2.0,47.0,52.0,58.0,61.0
209.0,2.0,8.0,10.0,4.0,12.0,2295.0,105.0,10.0,5600.0,750.0,9999.0,9999.0,11.44,973.0,17.0,24.0,29.0,4.0,7.0,35.0,9999.0,7.0,31.0,9999.0,17.3,34.0,39.0,2.0,47.0,52.0,58.0,61.0
209.0,2.0,8.0,10.0,4.0,12.0,2295.0,105.0,10.0,5600.0,750.0,9999.0,9999.0,11.44,973.0,17.0,24.0,29.0,4.0,7.0,35.0,9999.0,7.0,31.0,9999.0,17.3,34.0,39.0,2.0,47.0,52.0,58.0,61.0
210.0,1.0,4.0,11.0,4.0,12.0,1896.0,66.0,20.0,4000.0,830.0,4800.0,9999.0,13.92,1.21,17.0,23.0,29.0,2.0,8.0,36.0,9999.0,8.0,31.5,9999.0,21.1,34.0,40.0,1.0,48.0,53.0,57.0,63.0
210.0,1.0,4.0,10.0,4.0,12.0,1781.0,110.0,10.0,5700.0,800.0,6800.0,9999.0,14.82,1.67,17.0,23.0,29.0,5.0,6.0,29.6,7.7,6.0,29.9,9.3,11.4,34.0,41.0,2.0,48.0,52.0,57.0,61.0
210.0,1.0,4.0,10.0,4.0,12.0,1781.0,110.0,10.0,5700.0,860.0,6800.0,9999.0,14.82,1.67,17.0,23.0,29.0,5.0,6.0,29.6,7.7,6.0,29.9,9.3,11.8,34.0,41.0,2.0,48.0,52.0,57.0,61.0
210.0,1.0,4.0,11.0,4.0,12.0,1896.0,66.0,20.0,4000.0,790.0,5000.0,9999.0,13.92,1.21,17.0,23.0,29.0,2.0,8.0,36.0,9999.0,8.0,31.5,9999.0,19.2,34.0,40.0,1.0,48.0,53.0,57.0,63.0
210.0,1.0,4.0,10.0,4.0,12.0,1781.0,110.0,10.0,5700.0,750.0,6800.0,9999.0,14.82,1.67,17.0,23.0,29.0,5.0,6.0,29.6,7.7,6.0,29.9,9.3,12.8,34.0,41.0,2.0,48.0,52.0,57.0,61.0
210.0,1.0,6.0,10.0,4.0,12.0,1781.0,110.0,10.0,5700.0,750.0,6800.0,9999.0,14.82,1.67,17.0,23.0,29.0,5.0,6.0,29.6,7.7,6.0,29.9,9.3,13.7,34.0,41.0,2.0,48.0,52.0,57.0,61.0
210.0,1.0,4.0,10.0,4.0,12.0,1781.0,110.0,10.0,5700.0,750.0,9999.0,9999.0,14.82,1.67,17.0,23.0,29.0,5.0,6.0,29.6,7.7,6.0,29.9,9.3,13.2,34.0,41.0,2.0,48.0,52.0,57.0,61.0
210.0,1.0,4.0,10.0,4.0,12.0,1781.0,110.0,10.0,5700.0,800.0,6800.0,9999.0,14.82,1.67,17.0,23.0,29.0,5.0,6.0,29.9,7.7,6.0,29.9,9.3,10.7,34.0,41.0,2.0,48.0,52.0,57.0,61.0
210.0,1.0,4.0,10.0,4.0,12.0,1781.0,110.0,10.0,5700.0,800.0,6800.0,9999.0,14.82,1.67,17.0,23.0,29.0,5.0,6.0,29.9,7.7,6.0,29.9,9.3,10.9,34.0,41.0,2.0,48.0,52.0,57.0,61.0
210.0,1.0,6.0,10.0,4.0,12.0,1781.0,110.0,10.0,5700.0,800.0,6800.0,9999.0,14.82,1.67,17.0,23.0,29.0,5.0,6.0,29.9,7.7,6.0,29.9,9.3,11.7,34.0,41.0,2.0,48.0,52.0,57.0,61.0
210.0,1.0,4.0,11.0,4.0,12.0,1896.0,66.0,20.0,3750.0,900.0,5000.0,9999.0,13.92,1.21,17.0,23.0,29.0,2.0,8.0,36.0,9999.0,8.0,31.5,9999.0,18.2,34.0,40.0,1.0,48.0,53.0,57.0,66.0
210.0,1.0,4.0,11.0,4.0,12.0,1896.0,66.0,20.0,4000.0,860.0,9999.0,9999.0,13.92,1.21,17.0,23.0,29.0,2.0,8.0,36.0,9999.0,8.0,31.5,9999.0,18.7,34.0,40.0,1.0,48.0,53.0,57.0,66.0
210.0,1.0,4.0,11.0,4.0,12.0,1896.0,66.0,20.0,4000.0,9999.0,9999.0,9999.0,13.92,1.21,17.0,0.0,0.0,2.0,8.0,36.0,9999.0,8.0,31.5,9999.0,17.0,34.0,40.0,1.0,48.0,53.0,57.0,66.0
210.0,1.0,4.0,11.0,4.0,12.0,1896.0,66.0,20.0,4000.0,860.0,9999.0,9999.0,13.92,1.21,17.0,23.0,29.0,2.0,8.0,36.0,9999.0,8.0,31.5,9999.0,18.9,34.0,40.0,1.0,48.0,53.0,57.0,66.0
210.0,1.0,4.0,10.0,4.0,12.0,1781.0,110.0,10.0,5700.0,820.0,6800.0,9999.0,14.82,1.67,17.0,23.0,29.0,5.0,6.0,27.0,7.7,6.0,30.0,9.3,11.7,34.0,41.0,2.0,48.0,52.0,57.0,61.0
210.0,1.0,4.0,10.0,4.0,12.0,1781.0,110.0,10.0,5700.0,820.0,6800.0,9999.0,14.82,1.67,17.0,23.0,29.0,5.0,6.0,27.0,7.7,6.0,30.0,9.3,12.0,34.0,41.0,2.0,48.0,52.0,57.0,61.0
210.0,1.0,4.0,11.0,4.0,12.0,1896.0,66.0,20.0,4000.0,850.0,5000.0,9999.0,9999.0,1.21,17.0,23.0,29.0,2.0,8.0,36.0,9999.0,8.0,31.5,9999.0,19.5,34.0,40.0,1.0,48.0,53.0,57.0,66.0
210.0,1.0,4.0,11.0,4.0,12.0,1896.0,66.0,20.0,3750.0,860.0,5000.0,9999.0,13.92,1.21,17.0,23.0,29.0,2.0,8.0,36.0,9999.0,8.0,31.5,9999.0,19.3,34.0,40.0,1.0,48.0,53.0,57.0,66.0
210.0,1.0,4.0,11.0,4.0,12.0,1896.0,66.0,20.0,3750.0,860.0,5000.0,9999.0,13.92,1.21,17.0,23.0,29.0,2.0,8.0,36.0,9999.0,8.0,31.5,9999.0,19.7,34.0,40.0,1.0,48.0,53.0,57.0,66.0
210.0,1.0,6.0,11.0,4.0,12.0,1896.0,66.0,20.0,3750.0,860.0,5000.0,9999.0,13.92,1.21,17.0,23.0,29.0,2.0,8.0,36.0,9999.0,8.0,31.5,9999.0,20.7,34.0,40.0,1.0,48.0,53.0,57.0,66.0
210.0,1.0,4.0,10.0,4.0,12.0,1781.0,110.0,10.0,5700.0,825.0,9999.0,9999.0,14.82,1.67,17.0,23.0,29.0,5.0,6.0,27.0,7.7,6.0,30.0,9.3,11.9,34.0,41.0,2.0,48.0,52.0,57.0,61.0
210.0,1.0,4.0,10.0,4.0,12.0,1781.0,110.0,10.0,5700.0,825.0,9999.0,9999.0,14.82,1.67,17.0,23.0,29.0,5.0,6.0,27.0,7.7,6.0,30.0,9.3,12.5,34.0,41.0,2.0,48.0,52.0,57.0,61.0
210.0,1.0,4.0,11.0,4.0,12.0,1896.0,66.0,20.0,4000.0,860.0,5000.0,9999.0,13.92,1.21,17.0,23.0,29.0,2.0,8.0,36.0,9999.0,8.0,31.5,9999.0,19.8,34.0,40.0,1.0,48.0,53.0,57.0,66.0
210.0,1.0,4.0,10.0,4.0,12.0,1781.0,110.0,10.0,5700.0,800.0,6800.0,9999.0,14.82,1.67,17.0,23.0,29.0,5.0,6.0,29.6,7.7,6.0,29.9,9.3,11.8,34.0,41.0,2.0,48.0,52.0,57.0,61.0
210.0,1.0,4.0,10.0,4.0,12.0,1781.0,110.0,10.0,5700.0,860.0,6800.0,9999.0,14.82,1.67,17.0,23.0,29.0,5.0,6.0,29.6,7.7,6.0,29.9,9.3,12.2,34.0,41.0,2.0,48.0,52.0,57.0,61.0
210.0,1.0,6.0,10.0,4.0,12.0,1781.0,110.0,10.0,5700.0,800.0,6800.0,9999.0,14.82,1.67,17.0,23.0,29.0,5.0,6.0,29.6,7.7,6.0,29.9,9.3,12.8,34.0,41.0,2.0,48.0,52.0,57.0,61.0
210.0,1.0,4.0,11.0,4.0,12.0,1896.0,66.0,20.0,4000.0,790.0,5000.0,9999.0,13.92,1.21,17.0,23.0,29.0,2.0,8.0,36.0,9999.0,8.0,31.5,9999.0,19.8,34.0,40.0,1.0,48.0,53.0,57.0,63.0
210.0,1.0,4.0,10.0,4.0,12.0,1781.0,110.0,10.0,5700.0,750.0,6800.0,9999.0,14.82,1.67,17.0,23.0,29.0,5.0,6.0,29.6,7.7,6.0,29.9,9.3,13.3,34.0,41.0,2.0,48.0,52.0,57.0,61.0
210.0,1.0,6.0,10.0,4.0,12.0,1781.0,110.0,10.0,5700.0,750.0,6800.0,9999.0,14.82,1.67,17.0,23.0,29.0,5.0,6.0,29.6,7.7,6.0,29.9,9.3,14.2,34.0,41.0,2.0,48.0,52.0,57.0,61.0
210.0,1.0,4.0,10.0,4.0,12.0,1781.0,110.0,10.0,5700.0,750.0,9999.0,9999.0,14.82,1.67,17.0,23.0,29.0,5.0,6.0,29.6,7.7,6.0,29.9,9.3,13.7,34.0,41.0,2.0,48.0,52.0,57.0,61.0
210.0,1.0,4.0,10.0,4.0,12.0,1781.0,110.0,10.0,5700.0,825.0,9999.0,9999.0,14.82,1.67,17.0,23.0,29.0,5.0,6.0,27.0,7.7,6.0,30.0,9.3,12.2,34.0,41.0,2.0,48.0,52.0,57.0,61.0
210.0,1.0,4.0,11.0,4.0,12.0,1896.0,66.0,20.0,4000.0,820.0,5000.0,9999.0,13.92,1.21,17.0,23.0,29.0,2.0,8.0,36.0,9999.0,8.0,31.5,9999.0,20.7,34.0,40.0,1.0,48.0,53.0,57.0,66.0
210.0,1.0,4.0,11.0,4.0,12.0,1896.0,66.0,20.0,3750.0,860.0,5000.0,9999.0,13.92,1.21,17.0,23.0,29.0,2.0,8.0,36.0,9999.0,8.0,31.5,9999.0,19.9,34.0,40.0,1.0,48.0,53.0,57.0,66.0
210.0,1.0,6.0,11.0,4.0,12.0,1896.0,66.0,20.0,3750.0,860.0,5000.0,9999.0,13.92,1.21,17.0,23.0,29.0,2.0,8.0,36.0,9999.0,8.0,31.5,9999.0,21.3,34.0,40.0,1.0,48.0,53.0,57.0,66.0
210.0,1.0,4.0,11.0,4.0,12.0,1896.0,66.0,20.0,3750.0,860.0,5000.0,9999.0,13.92,1.21,17.0,0.0,0.0,2.0,8.0,36.0,9999.0,8.0,31.5,9999.0,17.7,34.0,40.0,1.0,48.0,53.0,57.0,66.0
210.0,3.0,4.0,10.0,4.0,12.0,1781.0,110.0,10.0,5500.0,820.0,9999.0,9999.0,14.82,1.67,17.0,23.0,29.0,5.0,6.0,27.0,7.7,6.0,30.0,9.3,15.0,34.0,41.0,2.0,48.0,52.0,57.0,61.0
210.0,3.0,4.0,10.0,4.0,12.0,1781.0,110.0,10.0,5500.0,820.0,9999.0,9999.0,14.82,1.67,17.0,23.0,29.0,5.0,6.0,27.0,7.7,6.0,30.0,9.3,15.3,34.0,41.0,2.0,48.0,52.0,57.0,61.0
210.0,3.0,4.0,11.0,4.0,12.0,1896.0,66.0,20.0,4000.0,860.0,9999.0,9999.0,13.92,1.21,17.0,23.0,29.0,2.0,8.0,36.0,9999.0,8.0,31.5,9999.0,25.1,34.0,40.0,1.0,48.0,53.0,57.0,66.0
210.0,3.0,4.0,11.0,4.0,12.0,1896.0,66.0,20.0,4000.0,860.0,5000.0,9999.0,13.92,1.21,17.0,23.0,29.0,2.0,8.0,36.0,9999.0,8.0,31.5,9999.0,25.1,34.0,40.0,1.0,48.0,53.0,57.0,66.0
210.0,3.0,4.0,10.0,4.0,12.0,1781.0,110.0,10.0,5500.0,820.0,9999.0,9999.0,14.82,1.67,17.0,23.0,29.0,5.0,6.0,27.0,7.7,6.0,30.0,9.3,15.1,34.0,41.0,2.0,48.0,52.0,57.0,61.0
210.0,3.0,4.0,10.0,4.0,12.0,1781.0,110.0,10.0,5500.0,820.0,9999.0,9999.0,14.82,1.67,17.0,23.0,29.0,5.0,6.0,27.0,7.7,6.0,30.0,9.3,15.4,34.0,41.0,2.0,48.0,52.0,57.0,61.0
210.0,2.0,6.0,11.0,4.0,12.0,1994.0,72.0,20.0,4200.0,9999.0,4500.0,9999.0,13.23,1.52,17.0,0.0,0.0,2.0,9999.0,9999.0,9999.0,9999.0,9999.0,9999.0,21.2,34.0,40.0,1.0,48.0,53.0,57.0,63.0
210.0,3.0,5.0,11.0,4.0,12.0,2477.0,59.0,21.0,3900.0,9999.0,9999.0,9999.0,10.65,1.43,0.0,23.0,29.0,2.0,9999.0,9999.0,9999.0,9999.0,9999.0,9999.0,31.3,34.0,40.0,1.0,48.0,0.0,59.0,63.0
210.0,3.0,5.0,11.0,4.0,12.0,2477.0,59.0,21.0,3900.0,9999.0,9999.0,9999.0,10.65,1.43,0.0,23.0,29.0,2.0,9999.0,9999.0,9999.0,9999.0,9999.0,9999.0,31.3,34.0,40.0,1.0,48.0,0.0,59.0,63.0
213.0,2.0,8.0,11.0,4.0,12.0,2299.0,74.0,22.0,4000.0,700.0,9999.0,9999.0,11.64,1.38,17.0,23.0,29.0,2.0,8.0,38.0,9999.0,9.0,35.0,9999.0,25.1,34.0,39.0,1.0,48.0,56.0,59.0,68.0
215.0,1.0,4.0,10.0,4.0,12.0,2157.0,156.0,11.0,7200.0,9999.0,9999.0,9999.0,12.53,1.43,15.0,28.0,33.0,4.0,5.5,34.0,9999.0,5.5,29.0,9999.0,8.5,34.0,40.0,2.0,47.0,52.0,58.0,61.0
215.0,3.0,4.0,10.0,4.0,12.0,2295.0,105.0,10.0,5000.0,750.0,6200.0,6000.0,11.77,973.0,17.0,24.0,29.0,4.0,7.0,35.0,9.3,7.0,31.0,8.9,18.8,34.0,39.0,2.0,47.0,52.0,57.0,61.0
215.0,3.0,4.0,10.0,4.0,12.0,2295.0,105.0,10.0,5000.0,750.0,6200.0,6000.0,11.77,973.0,17.0,24.0,29.0,4.0,7.0,35.0,9.3,7.0,31.0,8.9,19.0,34.0,39.0,2.0,47.0,52.0,57.0,61.0
216.0,2.0,8.0,11.0,4.0,12.0,1998.0,64.0,21.0,4000.0,9999.0,9999.0,9999.0,13.59,1.0,17.0,23.0,29.0,2.0,9999.0,9999.0,9999.0,9999.0,9999.0,9999.0,23.0,34.0,40.0,1.0,48.0,54.0,58.0,63.0
219.0,1.0,4.0,10.0,4.0,12.0,1985.0,113.0,9.0,5500.0,900.0,9999.0,9999.0,13.86,867.0,17.0,23.0,29.0,4.0,7.0,32.0,8.7,7.0,29.0,8.7,11.6,34.0,37.0,2.0,48.0,52.0,58.0,61.0
219.0,1.0,4.0,10.0,4.0,12.0,1985.0,113.0,9.0,5500.0,900.0,9999.0,9999.0,13.86,867.0,17.0,23.0,29.0,4.0,7.0,32.0,8.7,7.0,29.0,8.7,11.6,34.0,37.0,2.0,48.0,52.0,58.0,61.0
219.0,1.0,4.0,10.0,4.0,12.0,1985.0,113.0,9.0,5500.0,900.0,9999.0,9999.0,13.86,867.0,17.0,23.0,29.0,4.0,7.0,32.0,8.7,7.0,29.0,8.7,11.6,34.0,37.0,2.0,48.0,52.0,58.0,61.0
219.0,1.0,4.0,10.0,4.0,12.0,1985.0,113.0,9.0,5500.0,900.0,9999.0,9999.0,13.86,867.0,17.0,23.0,29.0,4.0,7.0,32.0,8.7,7.0,29.0,8.7,11.6,34.0,37.0,2.0,48.0,52.0,58.0,61.0
219.0,1.0,4.0,10.0,4.0,12.0,1985.0,113.0,9.0,5500.0,900.0,9999.0,9999.0,13.86,867.0,17.0,23.0,29.0,4.0,7.0,32.0,8.7,7.0,29.0,8.7,11.6,34.0,37.0,2.0,48.0,52.0,58.0,61.0
219.0,1.0,4.0,10.0,4.0,12.0,1985.0,113.0,9.0,5500.0,900.0,9999.0,9999.0,13.86,867.0,17.0,23.0,29.0,4.0,7.0,32.0,8.7,7.0,29.0,8.7,11.6,34.0,37.0,2.0,48.0,52.0,58.0,61.0
220.0,1.0,4.0,11.0,4.0,12.0,1998.0,66.0,19.0,4000.0,9999.0,9999.0,9999.0,13.84,1.0,21.0,23.0,29.0,4.0,9999.0,9999.0,9999.0,9999.0,9999.0,9999.0,19.0,34.0,40.0,1.0,48.0,53.0,58.0,67.0
220.0,1.0,4.0,11.0,4.0,12.0,1998.0,66.0,19.0,4000.0,9999.0,9999.0,9999.0,13.84,1.0,21.0,23.0,29.0,4.0,9999.0,9999.0,9999.0,9999.0,9999.0,9999.0,19.2,34.0,40.0,1.0,48.0,53.0,58.0,67.0
220.0,1.0,4.0,11.0,4.0,12.0,1998.0,74.0,19.0,4000.0,9999.0,9999.0,9999.0,13.84,1.0,21.0,23.0,29.0,4.0,9999.0,9999.0,9999.0,9999.0,9999.0,9999.0,17.1,34.0,40.0,1.0,48.0,53.0,58.0,65.0
220.0,1.0,4.0,11.0,4.0,12.0,1998.0,74.0,19.0,4000.0,9999.0,9999.0,9999.0,13.84,1.0,21.0,23.0,29.0,4.0,9999.0,9999.0,9999.0,9999.0,9999.0,9999.0,17.4,34.0,40.0,1.0,48.0,53.0,58.0,65.0
220.0,1.0,4.0,11.0,4.0,12.0,1998.0,74.0,19.0,4000.0,9999.0,9999.0,9999.0,13.84,1.0,21.0,23.0,29.0,4.0,9999.0,9999.0,9999.0,9999.0,9999.0,9999.0,18.4,34.0,40.0,1.0,48.0,53.0,58.0,65.0
220.0,3.0,4.0,11.0,4.0,12.0,1998.0,66.0,19.0,4000.0,9999.0,9999.0,9999.0,13.84,1.0,21.0,23.0,29.0,4.0,9999.0,9999.0,9999.0,9999.0,9999.0,9999.0,21.2,34.0,40.0,1.0,48.0,53.0,58.0,65.0
223.0,1.0,6.0,10.0,4.0,14.0,2457.0,115.0,10.0,5600.0,700.0,9999.0,9999.0,11.41,794.0,17.0,23.0,29.0,4.0,6.0,9999.0,9999.0,6.0,9999.0,9999.0,12.1,34.0,42.0,4.0,47.0,52.0,57.0,61.0
223.0,1.0,6.0,10.0,4.0,14.0,2457.0,115.0,10.0,5600.0,700.0,9999.0,9999.0,11.41,794.0,17.0,23.0,29.0,4.0,6.0,9999.0,9999.0,6.0,9999.0,9999.0,12.2,34.0,42.0,4.0,47.0,52.0,57.0,61.0
223.0,1.0,6.0,10.0,4.0,14.0,2457.0,115.0,10.0,5600.0,700.0,9999.0,9999.0,11.41,794.0,17.0,23.0,29.0,4.0,6.0,9999.0,9999.0,6.0,9999.0,9999.0,12.8,34.0,42.0,4.0,47.0,52.0,57.0,61.0
223.0,1.0,6.0,10.0,4.0,14.0,2457.0,115.0,10.0,5600.0,700.0,9999.0,9999.0,11.41,794.0,17.0,23.0,29.0,4.0,6.0,9999.0,9999.0,6.0,9999.0,9999.0,13.1,34.0,42.0,4.0,47.0,52.0,57.0,61.0
223.0,1.0,6.0,10.0,4.0,14.0,2457.0,115.0,10.0,5600.0,700.0,9999.0,9999.0,11.41,794.0,17.0,23.0,29.0,4.0,6.0,9999.0,9999.0,6.0,9999.0,9999.0,13.2,34.0,42.0,4.0,47.0,52.0,57.0,61.0
225.0,1.0,4.0,10.0,4.0,12.0,2351.0,110.0,12.0,5500.0,9999.0,9999.0,9999.0,12.03,1156.0,16.0,23.0,29.0,4.0,9999.0,9999.0,9999.0,9999.0,9999.0,9999.0,12.0,34.0,40.0,2.0,47.0,53.0,57.0,67.0
225.0,1.0,4.0,10.0,4.0,12.0,2351.0,110.0,12.0,5500.0,9999.0,9999.0,9999.0,12.03,1156.0,16.0,23.0,29.0,4.0,9999.0,9999.0,9999.0,9999.0,9999.0,9999.0,12.2,34.0,40.0,2.0,47.0,53.0,57.0,67.0
225.0,1.0,4.0,10.0,4.0,12.0,2351.0,110.0,12.0,5500.0,9999.0,9999.0,9999.0,12.03,1156.0,16.0,23.0,29.0,4.0,9999.0,9999.0,9999.0,9999.0,9999.0,9999.0,12.5,34.0,40.0,2.0,47.0,53.0,57.0,67.0
225.0,1.0,4.0,10.0,4.0,12.0,2351.0,110.0,12.0,5500.0,9999.0,9999.0,9999.0,12.03,1156.0,16.0,23.0,29.0,4.0,9999.0,9999.0,9999.0,9999.0,9999.0,9999.0,12.6,34.0,40.0,2.0,47.0,53.0,57.0,67.0
225.0,3.0,4.0,10.0,4.0,12.0,2351.0,110.0,12.0,5500.0,9999.0,9999.0,9999.0,12.03,1156.0,16.0,23.0,29.0,4.0,9999.0,9999.0,9999.0,9999.0,9999.0,9999.0,13.7,34.0,40.0,2.0,47.0,53.0,57.0,67.0
225.0,3.0,4.0,10.0,4.0,12.0,2351.0,110.0,12.0,5500.0,9999.0,9999.0,9999.0,12.03,1156.0,16.0,23.0,29.0,4.0,9999.0,9999.0,9999.0,9999.0,9999.0,9999.0,13.9,34.0,40.0,2.0,47.0,53.0,57.0,67.0
225.0,3.0,6.0,10.0,4.0,12.0,2351.0,110.0,12.0,5500.0,9999.0,9999.0,9999.0,12.03,1156.0,16.0,23.0,29.0,4.0,9999.0,9999.0,9999.0,9999.0,9999.0,9999.0,14.6,34.0,40.0,2.0,47.0,53.0,57.0,67.0
225.0,3.0,4.0,10.0,4.0,12.0,2351.0,110.0,12.0,5500.0,9999.0,9999.0,9999.0,12.03,1156.0,16.0,23.0,29.0,4.0,9999.0,9999.0,9999.0,9999.0,9999.0,9999.0,12.9,34.0,40.0,2.0,47.0,53.0,57.0,67.0
225.0,3.0,4.0,10.0,4.0,12.0,2362.0,115.0,10.0,5600.0,9999.0,9999.0,9999.0,11.97,1.85,17.0,25.0,29.0,4.0,9999.0,9999.0,9999.0,9999.0,9999.0,9999.0,13.5,34.0,42.0,2.0,47.0,52.0,57.0,61.0
225.0,3.0,4.0,10.0,4.0,12.0,2362.0,115.0,10.0,5600.0,9999.0,9999.0,9999.0,11.97,1.85,17.0,25.0,29.0,4.0,9999.0,9999.0,9999.0,9999.0,9999.0,9999.0,13.8,34.0,42.0,2.0,47.0,52.0,57.0,61.0
225.0,3.0,4.0,10.0,4.0,12.0,2362.0,115.0,10.0,5600.0,9999.0,9999.0,9999.0,11.97,1.85,17.0,25.0,29.0,4.0,9999.0,9999.0,9999.0,9999.0,9999.0,9999.0,13.6,34.0,42.0,2.0,47.0,52.0,57.0,61.0
225.0,3.0,4.0,10.0,4.0,12.0,2362.0,115.0,10.0,5600.0,9999.0,9999.0,9999.0,11.97,1.85,17.0,25.0,29.0,4.0,9999.0,9999.0,9999.0,9999.0,9999.0,9999.0,13.9,34.0,42.0,2.0,47.0,52.0,57.0,61.0
225.0,3.0,4.0,10.0,4.0,12.0,2362.0,115.0,10.0,5600.0,9999.0,9999.0,9999.0,11.97,1.85,17.0,25.0,29.0,4.0,9999.0,9999.0,9999.0,9999.0,9999.0,9999.0,13.7,34.0,42.0,2.0,47.0,52.0,57.0,61.0
225.0,3.0,4.0,10.0,4.0,12.0,2362.0,115.0,10.0,5600.0,9999.0,9999.0,9999.0,11.97,1.85,17.0,25.0,29.0,4.0,9999.0,9999.0,9999.0,9999.0,9999.0,9999.0,13.9,34.0,42.0,2.0,47.0,52.0,57.0,61.0
229.0,3.0,4.0,10.0,4.0,12.0,2429.0,110.0,9.0,5250.0,750.0,9999.0,9999.0,11.85,1.154,16.0,23.0,29.0,4.0,5.9,34.7,8.3,5.9,30.4,6.5,15.6,34.0,40.0,2.0,47.0,52.0,58.0,61.0
229.0,3.0,4.0,10.0,4.0,12.0,2429.0,110.0,9.0,5250.0,750.0,9999.0,9999.0,11.85,1.154,16.0,23.0,29.0,4.0,5.9,34.7,8.3,5.9,30.4,6.5,15.8,34.0,40.0,2.0,47.0,52.0,58.0,61.0
229.0,3.0,4.0,10.0,4.0,12.0,2429.0,110.0,9.0,5250.0,750.0,9999.0,9999.0,11.85,1.154,16.0,23.0,29.0,4.0,5.9,34.7,8.3,5.9,30.4,6.5,16.2,34.0,40.0,2.0,47.0,52.0,58.0,61.0
230.0,1.0,5.0,10.0,4.0,12.0,1998.0,120.0,10.0,5300.0,750.0,6350.0,6200.0,14.47,875.0,17.0,24.0,29.0,4.0,7.0,35.0,9.3,7.0,31.0,9.3,10.8,34.0,39.0,2.0,49.0,52.0,57.0,61.0
230.0,1.0,5.0,10.0,4.0,12.0,1998.0,120.0,10.0,5300.0,750.0,6350.0,6200.0,14.47,875.0,17.0,24.0,29.0,4.0,7.0,35.0,9.3,7.0,31.0,9.3,10.9,34.0,39.0,2.0,49.0,52.0,57.0,61.0
230.0,1.0,5.0,10.0,4.0,12.0,1998.0,120.0,10.0,5300.0,750.0,6350.0,6200.0,14.47,875.0,17.0,24.0,29.0,4.0,7.0,35.0,9.3,7.0,31.0,9.3,11.8,34.0,39.0,2.0,49.0,52.0,57.0,61.0
230.0,1.0,5.0,10.0,4.0,12.0,1998.0,120.0,10.0,5300.0,750.0,6350.0,6200.0,14.47,875.0,17.0,24.0,29.0,4.0,7.0,35.0,9.3,7.0,31.0,9.3,12.0,34.0,39.0,2.0,49.0,52.0,57.0,61.0
230.0,1.0,4.0,11.0,4.0,12.0,1995.0,74.0,19.0,4300.0,800.0,9999.0,9999.0,14.49,1.71,17.0,23.0,29.0,4.0,9999.0,29.0,8.5,9999.0,26.0,8.5,17.6,34.0,43.0,1.0,48.0,53.0,57.0,65.0
230.0,1.0,4.0,11.0,4.0,12.0,1995.0,74.0,19.0,4300.0,800.0,9999.0,9999.0,14.49,1.71,17.0,23.0,29.0,4.0,9999.0,29.0,8.5,9999.0,26.0,8.5,17.8,34.0,43.0,1.0,48.0,53.0,57.0,65.0
230.0,1.0,4.0,11.0,4.0,12.0,1995.0,74.0,19.0,4300.0,800.0,9999.0,9999.0,14.49,1.71,17.0,23.0,29.0,4.0,9999.0,29.0,8.5,9999.0,26.0,8.5,17.8,34.0,43.0,1.0,48.0,53.0,57.0,65.0
230.0,1.0,4.0,10.0,4.0,12.0,1985.0,136.0,9.0,5750.0,900.0,6190.0,9999.0,14.56,867.0,17.0,23.0,29.0,4.0,7.0,32.0,8.7,7.0,29.0,8.7,9.7,34.0,37.0,2.0,48.0,52.0,58.0,61.0
230.0,1.0,4.0,10.0,4.0,12.0,1985.0,136.0,9.0,5750.0,900.0,6190.0,9999.0,14.56,867.0,17.0,23.0,29.0,4.0,7.0,32.0,8.7,7.0,29.0,8.7,9.7,34.0,37.0,2.0,48.0,52.0,58.0,61.0
230.0,1.0,4.0,10.0,4.0,12.0,1985.0,136.0,9.0,5500.0,900.0,9999.0,9999.0,14.56,867.0,17.0,23.0,29.0,4.0,9999.0,32.0,9999.0,9999.0,29.0,9999.0,9.7,34.0,37.0,2.0,48.0,52.0,58.0,61.0
230.0,1.0,4.0,10.0,4.0,12.0,1948.0,118.0,9.0,5100.0,750.0,6800.0,6500.0,14.84,1.84,17.0,23.0,29.0,4.0,9999.0,9999.0,9999.0,9999.0,9999.0,9999.0,11.0,34.0,40.0,2.0,48.0,52.0,58.0,61.0
230.0,1.0,4.0,10.0,4.0,12.0,1948.0,118.0,9.0,5100.0,750.0,6800.0,6500.0,14.84,1.84,17.0,23.0,29.0,4.0,9999.0,9999.0,9999.0,9999.0,9999.0,9999.0,11.0,34.0,40.0,2.0,48.0,52.0,58.0,61.0
230.0,1.0,4.0,11.0,4.0,12.0,2184.0,81.0,18.0,4000.0,9999.0,9999.0,9999.0,13.23,1.93,17.0,23.0,29.0,4.0,9999.0,9999.0,9999.0,9999.0,9999.0,9999.0,16.3,34.0,37.0,2.0,48.0,53.0,58.0,67.0
230.0,1.0,4.0,11.0,4.0,12.0,1995.0,74.0,19.0,4300.0,800.0,9999.0,9999.0,14.49,1.71,17.0,23.0,29.0,4.0,9999.0,29.0,8.5,9999.0,26.0,8.5,18.3,34.0,43.0,1.0,48.0,53.0,57.0,65.0
230.0,1.0,4.0,10.0,4.0,12.0,1948.0,118.0,9.0,5100.0,750.0,6800.0,6500.0,14.84,1.84,17.0,23.0,29.0,4.0,9999.0,9999.0,9999.0,9999.0,9999.0,9999.0,11.2,34.0,40.0,2.0,48.0,52.0,58.0,61.0
230.0,1.0,4.0,10.0,4.0,12.0,1948.0,118.0,9.0,5100.0,750.0,6800.0,6500.0,14.84,1.84,17.0,23.0,29.0,4.0,9999.0,9999.0,9999.0,9999.0,9999.0,9999.0,11.2,34.0,40.0,2.0,48.0,52.0,58.0,61.0
234.0,1.0,4.0,11.0,4.0,12.0,2188.0,83.0,22.0,4300.0,725.0,9999.0,9999.0,13.44,1.58,21.0,23.0,29.0,3.0,9999.0,9999.0,9999.0,9999.0,9999.0,9999.0,19.0,34.0,40.0,1.0,48.0,54.0,0.0,63.0
235.0,1.0,4.0,10.0,4.0,12.0,1781.0,132.0,10.0,5500.0,860.0,6800.0,9999.0,16.58,1.67,17.0,23.0,29.0,5.0,6.0,27.0,7.7,6.0,30.0,9.3,9.4,34.0,41.0,2.0,48.0,52.0,57.0,61.0
235.0,1.0,4.0,10.0,4.0,12.0,1781.0,132.0,10.0,5500.0,860.0,6800.0,9999.0,16.58,1.67,17.0,23.0,29.0,5.0,6.0,27.0,7.7,6.0,30.0,9.3,9.9,34.0,41.0,2.0,48.0,52.0,57.0,61.0
235.0,1.0,4.0,10.0,4.0,12.0,1781.0,132.0,10.0,6000.0,860.0,6800.0,9999.0,16.58,1.67,17.0,23.0,29.0,5.0,6.0,27.0,7.7,6.0,30.0,9.3,9.5,34.0,41.0,2.0,48.0,52.0,57.0,61.0
235.0,1.0,6.0,10.0,4.0,12.0,1781.0,132.0,10.0,6000.0,860.0,6800.0,9999.0,16.58,1.67,17.0,23.0,29.0,5.0,6.0,27.0,7.7,6.0,30.0,9.3,10.5,34.0,41.0,2.0,48.0,52.0,57.0,61.0
235.0,1.0,4.0,11.0,4.0,12.0,1896.0,81.0,20.0,4150.0,830.0,5000.0,9999.0,15.58,1.21,17.0,23.0,29.0,2.0,8.0,36.0,8.6,8.0,31.5,9.0,17.7,34.0,40.0,1.0,48.0,53.0,57.0,63.0
235.0,1.0,4.0,11.0,4.0,12.0,1896.0,81.0,20.0,4150.0,830.0,5000.0,9999.0,15.58,1.21,17.0,23.0,29.0,2.0,8.0,36.0,8.6,8.0,31.5,9.0,17.8,34.0,40.0,1.0,48.0,53.0,57.0,63.0
235.0,1.0,4.0,10.0,4.0,12.0,1781.0,132.0,10.0,5500.0,860.0,9999.0,9999.0,16.58,1.67,17.0,23.0,29.0,5.0,6.0,27.0,7.7,6.0,30.0,9.3,8.9,34.0,41.0,2.0,48.0,52.0,57.0,61.0
235.0,1.0,4.0,10.0,4.0,12.0,1781.0,132.0,10.0,5500.0,860.0,9999.0,9999.0,16.58,1.67,17.0,23.0,29.0,5.0,6.0,27.0,7.7,6.0,30.0,9.3,8.9,34.0,41.0,2.0,48.0,52.0,57.0,61.0
235.0,1.0,6.0,10.0,4.0,12.0,1781.0,132.0,10.0,5500.0,860.0,9999.0,9999.0,16.58,1.67,17.0,23.0,29.0,5.0,6.0,27.0,7.7,6.0,30.0,9.3,9.9,34.0,41.0,2.0,48.0,52.0,57.0,61.0
235.0,1.0,4.0,11.0,4.0,12.0,1896.0,81.0,20.0,4150.0,860.0,5000.0,9999.0,15.58,1.21,17.0,23.0,29.0,2.0,8.0,36.0,8.6,8.0,31.5,9.0,14.7,34.0,40.0,1.0,48.0,53.0,57.0,63.0
235.0,1.0,4.0,11.0,4.0,12.0,1896.0,81.0,20.0,4150.0,860.0,5000.0,9999.0,15.58,1.21,17.0,23.0,29.0,2.0,8.0,36.0,8.6,8.0,31.5,9.0,14.9,34.0,40.0,1.0,48.0,53.0,57.0,63.0
235.0,1.0,4.0,10.0,4.0,12.0,1781.0,132.0,10.0,5500.0,860.0,6800.0,9999.0,16.58,1.67,17.0,23.0,29.0,5.0,6.0,27.0,7.7,6.0,30.0,9.3,9.4,34.0,40.0,2.0,48.0,52.0,57.0,61.0
235.0,1.0,6.0,10.0,4.0,12.0,1781.0,132.0,10.0,5500.0,860.0,6800.0,9999.0,16.58,1.67,17.0,23.0,29.0,5.0,6.0,27.0,7.7,6.0,30.0,9.3,10.5,34.0,40.0,2.0,48.0,52.0,57.0,61.0
235.0,1.0,4.0,11.0,4.0,12.0,1896.0,81.0,20.0,4150.0,860.0,9999.0,9999.0,15.58,1.21,17.0,23.0,29.0,2.0,8.0,36.0,9999.0,8.0,31.5,9999.0,15.3,34.0,40.0,1.0,48.0,53.0,57.0,63.0
235.0,1.0,4.0,11.0,4.0,12.0,1896.0,81.0,20.0,4000.0,9999.0,9999.0,9999.0,15.58,1.21,17.0,0.0,0.0,2.0,8.0,36.0,9999.0,8.0,31.5,9999.0,13.9,34.0,40.0,1.0,48.0,53.0,57.0,63.0
235.0,1.0,4.0,11.0,4.0,12.0,1896.0,81.0,20.0,4150.0,860.0,9999.0,9999.0,15.58,1.21,17.0,23.0,29.0,2.0,8.0,36.0,9999.0,8.0,31.5,9999.0,15.7,34.0,40.0,1.0,48.0,53.0,57.0,63.0
235.0,1.0,4.0,11.0,4.0,12.0,1896.0,81.0,20.0,4150.0,860.0,9999.0,9999.0,15.58,1.21,17.0,23.0,29.0,2.0,8.0,36.0,9999.0,8.0,31.5,9999.0,16.0,34.0,40.0,1.0,48.0,53.0,57.0,63.0
235.0,1.0,4.0,11.0,4.0,12.0,1896.0,81.0,20.0,4150.0,860.0,5000.0,9999.0,15.58,1.21,17.0,23.0,29.0,2.0,8.0,36.0,9999.0,8.0,31.5,9999.0,15.1,34.0,40.0,1.0,48.0,53.0,57.0,63.0
235.0,1.0,4.0,11.0,4.0,12.0,1896.0,81.0,20.0,4150.0,860.0,5000.0,9999.0,15.58,1.21,17.0,0.0,0.0,2.0,8.0,36.0,9999.0,8.0,31.5,9999.0,15.9,34.0,40.0,1.0,48.0,53.0,57.0,63.0
235.0,1.0,4.0,11.0,4.0,12.0,1896.0,81.0,20.0,4150.0,860.0,5000.0,9999.0,15.58,1.21,17.0,0.0,0.0,2.0,8.0,36.0,9999.0,8.0,31.5,9999.0,16.1,34.0,40.0,1.0,48.0,53.0,57.0,63.0
235.0,1.0,4.0,11.0,4.0,12.0,1896.0,81.0,20.0,4150.0,860.0,5000.0,9999.0,15.58,1.21,17.0,23.0,29.0,2.0,8.0,36.0,9999.0,8.0,31.5,9999.0,16.2,34.0,40.0,1.0,48.0,53.0,57.0,63.0
235.0,1.0,4.0,11.0,4.0,12.0,1896.0,81.0,20.0,4150.0,860.0,5000.0,9999.0,15.58,1.21,17.0,23.0,29.0,2.0,8.0,36.0,9999.0,8.0,31.5,9999.0,16.4,34.0,40.0,1.0,48.0,53.0,57.0,63.0
235.0,1.0,6.0,11.0,4.0,12.0,1896.0,81.0,20.0,4150.0,860.0,5000.0,9999.0,15.58,1.21,17.0,23.0,29.0,2.0,8.0,36.0,9999.0,8.0,31.5,9999.0,17.4,34.0,40.0,1.0,48.0,53.0,57.0,63.0
235.0,1.0,4.0,10.0,4.0,12.0,1998.0,108.0,8.0,5300.0,800.0,6300.0,9999.0,14.78,1.0,17.0,23.0,29.0,2.0,9999.0,42.6,9999.0,9999.0,34.5,9999.0,13.5,34.0,40.0,1.0,48.0,52.0,58.0,61.0
235.0,1.0,4.0,10.0,4.0,12.0,1998.0,108.0,8.0,5300.0,800.0,6300.0,9999.0,14.78,1.0,17.0,23.0,29.0,2.0,9999.0,42.6,9999.0,9999.0,34.5,9999.0,13.8,34.0,40.0,1.0,48.0,52.0,58.0,61.0
235.0,1.0,5.0,11.0,4.0,12.0,2151.0,75.0,19.0,4200.0,750.0,4750.0,4800.0,13.73,1.5,17.0,23.0,29.0,4.0,6.0,30.2,7.9,7.0,28.4,7.9,18.5,34.0,38.0,2.0,48.0,53.0,57.0,62.0
235.0,1.0,5.0,11.0,4.0,12.0,2151.0,75.0,19.0,4200.0,750.0,4750.0,4800.0,13.73,1.5,17.0,23.0,29.0,4.0,6.0,30.2,7.9,7.0,28.4,7.9,18.9,34.0,38.0,2.0,48.0,53.0,57.0,62.0
235.0,1.0,4.0,10.0,4.0,12.0,1781.0,132.0,10.0,6000.0,860.0,6800.0,9999.0,16.58,1.67,17.0,23.0,29.0,5.0,6.0,27.0,7.7,6.0,30.0,9.3,9.9,34.0,41.0,2.0,48.0,52.0,57.0,61.0
235.0,1.0,6.0,10.0,4.0,12.0,1781.0,132.0,10.0,6000.0,860.0,6800.0,9999.0,16.58,1.67,17.0,23.0,29.0,5.0,6.0,27.0,7.7,6.0,30.0,9.3,10.7,34.0,41.0,2.0,48.0,52.0,57.0,61.0
235.0,1.0,4.0,11.0,4.0,12.0,1896.0,81.0,20.0,4150.0,830.0,5000.0,9999.0,15.58,1.21,17.0,23.0,29.0,2.0,8.0,36.0,8.6,8.0,31.5,9.0,18.3,34.0,40.0,1.0,48.0,53.0,57.0,63.0
235.0,1.0,4.0,11.0,4.0,12.0,1896.0,81.0,20.0,4150.0,830.0,5000.0,9999.0,15.58,1.21,17.0,23.0,29.0,2.0,8.0,36.0,8.6,8.0,31.5,9.0,18.5,34.0,40.0,1.0,48.0,53.0,57.0,63.0
235.0,1.0,4.0,11.0,4.0,12.0,1896.0,81.0,20.0,4150.0,860.0,5000.0,9999.0,15.58,1.21,17.0,23.0,29.0,2.0,8.0,36.0,9999.0,8.0,31.5,9999.0,16.8,34.0,40.0,1.0,48.0,53.0,57.0,63.0
235.0,1.0,4.0,11.0,4.0,12.0,1896.0,81.0,20.0,4150.0,860.0,5000.0,9999.0,15.58,1.21,17.0,23.0,29.0,2.0,8.0,36.0,9999.0,8.0,31.5,9999.0,17.0,34.0,40.0,1.0,48.0,53.0,57.0,63.0
235.0,1.0,6.0,11.0,4.0,12.0,1896.0,81.0,20.0,4150.0,860.0,5000.0,9999.0,15.58,1.21,17.0,23.0,29.0,2.0,8.0,36.0,9999.0,8.0,31.5,9999.0,17.9,34.0,40.0,1.0,48.0,53.0,57.0,63.0
235.0,1.0,4.0,11.0,4.0,12.0,1896.0,81.0,20.0,4150.0,860.0,5000.0,9999.0,15.58,1.21,17.0,0.0,0.0,2.0,8.0,36.0,9999.0,8.0,31.5,9999.0,16.4,34.0,40.0,1.0,48.0,53.0,57.0,63.0
235.0,1.0,4.0,11.0,4.0,12.0,1896.0,81.0,20.0,4150.0,860.0,5000.0,9999.0,15.58,1.21,17.0,0.0,0.0,2.0,8.0,36.0,9999.0,8.0,31.5,9999.0,16.6,34.0,40.0,1.0,48.0,53.0,57.0,63.0
235.0,1.0,4.0,11.0,4.0,12.0,1896.0,81.0,20.0,4150.0,860.0,5000.0,9999.0,15.58,1.21,17.0,0.0,0.0,2.0,8.0,36.0,9999.0,8.0,31.5,9999.0,16.5,34.0,40.0,1.0,48.0,53.0,57.0,63.0
235.0,1.0,4.0,11.0,4.0,12.0,1896.0,81.0,20.0,4150.0,860.0,5000.0,9999.0,15.58,1.21,17.0,0.0,0.0,2.0,8.0,36.0,9999.0,8.0,31.5,9999.0,16.8,34.0,40.0,1.0,48.0,53.0,57.0,63.0
235.0,1.0,4.0,11.0,4.0,12.0,1896.0,81.0,20.0,4000.0,900.0,5000.0,9999.0,15.58,1.21,17.0,0.0,0.0,2.0,8.0,36.0,9999.0,8.0,31.5,9999.0,14.7,34.0,40.0,1.0,48.0,53.0,57.0,63.0
235.0,1.0,4.0,10.0,4.0,12.0,1998.0,108.0,8.0,5300.0,800.0,6300.0,9999.0,14.78,1.0,17.0,23.0,29.0,2.0,9999.0,42.6,9999.0,9999.0,34.5,9999.0,14.1,34.0,40.0,1.0,48.0,52.0,58.0,61.0
235.0,1.0,4.0,10.0,4.0,12.0,1998.0,108.0,8.0,5300.0,800.0,6300.0,9999.0,14.78,1.0,17.0,23.0,29.0,2.0,9999.0,42.6,9999.0,9999.0,34.5,9999.0,14.4,34.0,40.0,1.0,48.0,52.0,58.0,61.0
235.0,3.0,4.0,11.0,4.0,12.0,1896.0,81.0,20.0,4150.0,850.0,9999.0,9999.0,15.58,1.21,17.0,23.0,29.0,2.0,8.0,36.0,9999.0,8.0,31.5,9999.0,20.3,34.0,40.0,1.0,48.0,53.0,57.0,63.0
235.0,3.0,4.0,11.0,4.0,12.0,1896.0,81.0,20.0,4150.0,850.0,9999.0,9999.0,15.58,1.21,17.0,23.0,29.0,2.0,8.0,36.0,9999.0,8.0,31.5,9999.0,20.7,34.0,40.0,1.0,48.0,53.0,57.0,63.0
235.0,3.0,4.0,11.0,4.0,12.0,1896.0,81.0,20.0,4150.0,860.0,9999.0,9999.0,15.58,1.21,17.0,23.0,29.0,2.0,8.0,36.0,9999.0,8.0,31.5,9999.0,20.4,34.0,40.0,1.0,48.0,53.0,57.0,63.0
235.0,3.0,4.0,11.0,4.0,12.0,1896.0,81.0,20.0,4150.0,860.0,9999.0,9999.0,15.58,1.21,17.0,23.0,29.0,2.0,8.0,36.0,9999.0,8.0,31.5,9999.0,20.8,34.0,40.0,1.0,48.0,53.0,57.0,63.0
235.0,3.0,4.0,11.0,4.0,12.0,1896.0,81.0,20.0,4150.0,850.0,5000.0,9999.0,15.58,1.21,17.0,23.0,29.0,2.0,8.0,36.0,9999.0,8.0,31.5,9999.0,20.5,34.0,40.0,1.0,48.0,53.0,57.0,63.0
235.0,3.0,4.0,11.0,4.0,12.0,1896.0,81.0,20.0,4150.0,820.0,5000.0,9999.0,15.58,1.21,17.0,23.0,29.0,2.0,8.0,36.0,9999.0,8.0,31.5,9999.0,20.9,34.0,40.0,1.0,48.0,53.0,57.0,63.0
235.0,3.0,4.0,10.0,4.0,12.0,1998.0,108.0,8.0,5300.0,800.0,6200.0,9999.0,14.78,1.0,17.0,23.0,29.0,2.0,8.0,42.6,9999.0,8.0,34.5,9999.0,14.6,34.0,40.0,1.0,48.0,52.0,58.0,61.0
235.0,3.0,4.0,10.0,4.0,12.0,1998.0,108.0,8.0,5300.0,800.0,6200.0,9999.0,14.78,1.0,17.0,23.0,29.0,2.0,8.0,42.6,9999.0,8.0,34.5,9999.0,14.6,34.0,40.0,1.0,48.0,52.0,58.0,61.0
235.0,3.0,4.0,10.0,4.0,12.0,1998.0,108.0,8.0,5300.0,800.0,6200.0,9999.0,14.78,1.0,17.0,23.0,29.0,2.0,8.0,42.6,9999.0,8.0,34.5,9999.0,14.6,34.0,40.0,1.0,48.0,52.0,58.0,61.0
240.0,1.0,4.0,11.0,4.0,12.0,1896.0,74.0,19.0,4000.0,9999.0,9999.0,9999.0,15.91,1.21,17.0,0.0,0.0,2.0,9999.0,9999.0,9999.0,9999.0,9999.0,9999.0,15.6,34.0,40.0,1.0,48.0,53.0,57.0,64.0
240.0,1.0,4.0,10.0,4.0,12.0,1985.0,110.0,9.0,5500.0,825.0,9999.0,9999.0,15.19,867.0,17.0,23.0,29.0,4.0,5.0,32.0,9999.0,5.0,29.0,9999.0,13.8,34.0,37.0,2.0,48.0,52.0,57.0,61.0
240.0,1.0,4.0,10.0,4.0,12.0,1985.0,110.0,9.0,5500.0,825.0,9999.0,9999.0,15.19,867.0,17.0,23.0,29.0,4.0,5.0,32.0,9999.0,5.0,29.0,9999.0,14.0,34.0,37.0,2.0,48.0,52.0,57.0,61.0
240.0,1.0,4.0,11.0,4.0,12.0,1994.0,74.0,20.0,4200.0,9999.0,9999.0,9999.0,15.13,1.52,17.0,23.0,29.0,2.0,9999.0,9999.0,9999.0,9999.0,9999.0,9999.0,15.3,34.0,40.0,1.0,48.0,53.0,57.0,63.0
240.0,1.0,4.0,11.0,4.0,12.0,1994.0,74.0,20.0,4200.0,9999.0,9999.0,9999.0,15.13,1.52,17.0,23.0,29.0,2.0,9999.0,9999.0,9999.0,9999.0,9999.0,9999.0,16.6,34.0,40.0,1.0,48.0,53.0,57.0,63.0
240.0,1.0,4.0,11.0,4.0,12.0,1994.0,74.0,20.0,4200.0,9999.0,9999.0,9999.0,15.13,1.52,17.0,23.0,29.0,2.0,9999.0,9999.0,9999.0,9999.0,9999.0,9999.0,16.6,34.0,40.0,1.0,48.0,53.0,57.0,63.0
240.0,1.0,4.0,10.0,4.0,12.0,1985.0,110.0,9.0,5500.0,825.0,9999.0,9999.0,15.19,867.0,17.0,23.0,29.0,4.0,5.0,32.0,9999.0,5.0,29.0,9999.0,13.7,34.0,37.0,2.0,48.0,52.0,57.0,61.0
240.0,1.0,4.0,10.0,4.0,12.0,1985.0,110.0,9.0,5500.0,9999.0,9999.0,9999.0,15.19,867.0,17.0,23.0,29.0,4.0,5.0,32.0,9999.0,5.0,29.0,9999.0,14.0,34.0,37.0,2.0,48.0,52.0,57.0,61.0
240.0,3.0,4.0,11.0,4.0,12.0,1896.0,66.0,18.0,4000.0,860.0,9999.0,9999.0,15.91,1.21,17.0,23.0,29.0,2.0,8.0,36.0,9999.0,8.0,31.5,9999.0,24.9,34.0,40.0,1.0,48.0,53.0,57.0,64.0
240.0,2.0,6.0,10.0,4.0,14.0,1994.0,125.0,9.0,5600.0,700.0,9999.0,9999.0,15.13,815.0,21.0,23.0,29.0,4.0,6.0,9999.0,9999.0,6.0,9999.0,9999.0,11.7,34.0,40.0,2.0,48.0,52.0,57.0,61.0
240.0,2.0,6.0,10.0,4.0,14.0,1994.0,125.0,9.0,5600.0,700.0,9999.0,9999.0,15.13,815.0,21.0,23.0,29.0,4.0,6.0,9999.0,9999.0,6.0,9999.0,9999.0,11.9,34.0,40.0,2.0,48.0,52.0,57.0,61.0
250.0,1.0,5.0,11.0,4.0,12.0,2151.0,85.0,18.0,4200.0,750.0,4750.0,4500.0,14.61,1.5,17.0,23.0,29.0,4.0,6.0,30.2,7.9,7.0,28.4,7.9,17.9,34.0,38.0,2.0,48.0,53.0,57.0,62.0
250.0,1.0,5.0,11.0,4.0,12.0,2151.0,85.0,18.0,4200.0,750.0,4750.0,4500.0,14.61,1.5,17.0,23.0,29.0,4.0,6.0,30.2,7.9,7.0,28.4,7.9,18.2,34.0,38.0,2.0,48.0,53.0,57.0,62.0
250.0,1.0,5.0,11.0,4.0,12.0,2148.0,85.0,18.0,4200.0,750.0,4750.0,4600.0,14.63,1.3,17.0,23.0,29.0,4.0,6.0,30.2,7.9,7.0,28.4,7.9,16.8,34.0,38.0,2.0,48.0,53.0,57.0,62.0
250.0,1.0,5.0,11.0,4.0,12.0,2148.0,85.0,18.0,4200.0,750.0,4750.0,4600.0,14.63,1.3,17.0,23.0,29.0,4.0,6.0,30.2,7.9,7.0,28.4,7.9,17.1,34.0,38.0,2.0,48.0,53.0,57.0,62.0
250.0,1.0,4.0,11.0,4.0,12.0,2088.0,80.0,22.0,4300.0,675.0,5150.0,9999.0,15.05,1.82,18.0,23.0,29.0,3.0,8.0,33.9,9999.0,8.0,33.9,9999.0,18.3,34.0,40.0,1.0,48.0,54.0,59.0,63.0
250.0,1.0,4.0,11.0,4.0,12.0,2088.0,80.0,22.0,4300.0,675.0,5150.0,9999.0,15.05,1.82,18.0,23.0,29.0,3.0,8.0,33.9,9999.0,8.0,33.9,9999.0,18.7,34.0,40.0,1.0,48.0,54.0,59.0,63.0
250.0,1.0,4.0,11.0,4.0,12.0,1997.0,80.0,18.0,4000.0,780.0,9999.0,9999.0,15.73,1.35,16.0,23.0,29.0,2.0,6.0,35.6,8.8,6.0,33.8,9.3,18.0,36.0,40.0,1.0,48.0,53.0,57.0,62.0
250.0,1.0,4.0,11.0,4.0,12.0,1997.0,80.0,18.0,4000.0,780.0,9999.0,9999.0,15.73,1.35,16.0,23.0,29.0,2.0,6.0,35.6,8.8,6.0,33.8,9.3,18.8,36.0,40.0,1.0,48.0,53.0,57.0,62.0
250.0,1.0,4.0,11.0,4.0,12.0,2188.0,83.0,22.0,4300.0,9999.0,9999.0,9999.0,14.36,1.58,21.0,23.0,29.0,3.0,9999.0,9999.0,9999.0,9999.0,9999.0,9999.0,17.2,34.0,40.0,1.0,48.0,54.0,0.0,63.0
250.0,1.0,4.0,11.0,4.0,12.0,1995.0,81.0,19.0,4000.0,700.0,5250.0,9999.0,15.75,1.144,17.0,23.0,29.0,4.0,6.0,9999.0,9999.0,6.0,9999.0,9999.0,15.4,34.0,40.0,2.0,48.0,53.0,57.0,62.0
250.0,1.0,4.0,11.0,4.0,12.0,2088.0,80.0,22.0,4300.0,675.0,5150.0,9999.0,15.05,1.82,18.0,23.0,29.0,3.0,8.0,33.9,9999.0,8.0,33.9,9999.0,19.1,34.0,40.0,1.0,48.0,54.0,59.0,63.0
250.0,1.0,4.0,11.0,4.0,12.0,2088.0,80.0,22.0,4300.0,675.0,5150.0,9999.0,15.05,1.82,18.0,23.0,29.0,3.0,8.0,33.9,9999.0,8.0,33.9,9999.0,19.5,34.0,40.0,1.0,48.0,54.0,59.0,63.0
250.0,1.0,4.0,11.0,4.0,12.0,1997.0,80.0,18.0,4000.0,780.0,9999.0,9999.0,15.73,1.35,16.0,23.0,29.0,2.0,6.0,35.6,8.8,6.0,33.8,9.3,18.6,36.0,40.0,1.0,48.0,53.0,57.0,62.0
250.0,1.0,4.0,11.0,4.0,12.0,1997.0,80.0,18.0,4000.0,820.0,5150.0,9999.0,15.73,1.35,16.0,23.0,29.0,2.0,6.0,35.6,8.8,6.0,33.8,9.3,18.3,36.0,40.0,1.0,48.0,53.0,57.0,62.0
250.0,1.0,4.0,11.0,4.0,12.0,1997.0,80.0,18.0,4000.0,820.0,5150.0,9999.0,15.73,1.35,16.0,23.0,29.0,2.0,6.0,35.6,8.8,6.0,33.8,9.3,18.3,36.0,40.0,1.0,48.0,53.0,57.0,62.0
250.0,1.0,4.0,11.0,4.0,12.0,2188.0,83.0,22.0,4300.0,9999.0,9999.0,9999.0,14.36,1.58,21.0,23.0,29.0,3.0,9999.0,9999.0,9999.0,9999.0,9999.0,9999.0,17.8,34.0,40.0,1.0,48.0,54.0,0.0,63.0
250.0,1.0,4.0,11.0,4.0,12.0,1995.0,81.0,19.0,4000.0,700.0,5250.0,9999.0,15.75,1.144,17.0,23.0,29.0,4.0,6.0,9999.0,9999.0,6.0,9999.0,9999.0,15.8,34.0,40.0,2.0,48.0,53.0,57.0,62.0
250.0,3.0,4.0,11.0,4.0,12.0,2151.0,75.0,19.0,3800.0,750.0,4750.0,4800.0,14.61,1.5,17.0,23.0,29.0,4.0,6.0,30.2,7.9,7.0,28.4,7.9,26.8,34.0,38.0,2.0,48.0,53.0,57.0,62.0
250.0,3.0,4.0,11.0,4.0,12.0,2151.0,75.0,19.0,3800.0,750.0,4750.0,4800.0,14.61,1.5,17.0,23.0,29.0,4.0,6.0,30.2,7.9,7.0,28.4,7.9,27.1,34.0,38.0,2.0,48.0,53.0,57.0,62.0
250.0,3.0,4.0,11.0,4.0,12.0,2088.0,80.0,22.0,4300.0,675.0,5150.0,9999.0,15.05,1.82,18.0,23.0,29.0,3.0,8.0,33.9,9999.0,8.0,33.9,9999.0,20.2,36.0,40.0,1.0,48.0,54.0,58.0,63.0
250.0,3.0,4.0,11.0,4.0,12.0,2088.0,80.0,22.0,4300.0,675.0,5150.0,9999.0,15.05,1.82,18.0,23.0,29.0,3.0,8.0,33.9,9999.0,8.0,33.9,9999.0,20.2,36.0,40.0,1.0,48.0,54.0,58.0,63.0
250.0,3.0,4.0,11.0,4.0,12.0,2088.0,80.0,22.0,4300.0,675.0,5150.0,9999.0,15.05,1.82,18.0,23.0,29.0,3.0,8.0,33.9,9999.0,8.0,33.9,9999.0,20.2,36.0,40.0,1.0,48.0,54.0,58.0,63.0
250.0,3.0,4.0,11.0,4.0,12.0,2088.0,80.0,22.0,4300.0,675.0,5150.0,9999.0,15.05,1.82,18.0,23.0,29.0,3.0,8.0,33.9,9999.0,8.0,33.9,9999.0,20.2,36.0,40.0,1.0,48.0,54.0,58.0,63.0
250.0,3.0,4.0,11.0,4.0,12.0,2188.0,83.0,22.0,4500.0,725.0,4500.0,9999.0,14.36,1.58,21.0,23.0,29.0,3.0,9999.0,9999.0,9999.0,9999.0,9999.0,9999.0,19.6,34.0,40.0,1.0,48.0,54.0,0.0,63.0
250.0,3.0,4.0,11.0,4.0,12.0,2188.0,83.0,22.0,4500.0,725.0,4500.0,9999.0,14.36,1.58,21.0,23.0,29.0,3.0,9999.0,9999.0,9999.0,9999.0,9999.0,9999.0,20.1,34.0,40.0,1.0,48.0,54.0,0.0,63.0
250.0,3.0,4.0,11.0,4.0,12.0,1997.0,80.0,18.0,4000.0,9999.0,9999.0,9999.0,15.73,1.35,17.0,23.0,29.0,2.0,9999.0,9999.0,9999.0,9999.0,9999.0,9999.0,21.1,34.0,40.0,1.0,48.0,53.0,57.0,62.0
250.0,3.0,4.0,11.0,4.0,12.0,1997.0,80.0,18.0,4000.0,9999.0,9999.0,9999.0,15.73,1.35,17.0,23.0,29.0,2.0,9999.0,9999.0,9999.0,9999.0,9999.0,9999.0,21.1,34.0,40.0,1.0,48.0,53.0,57.0,62.0
250.0,3.0,4.0,11.0,4.0,12.0,1997.0,80.0,18.0,4000.0,9999.0,9999.0,9999.0,15.73,1.35,17.0,23.0,29.0,2.0,9999.0,9999.0,9999.0,9999.0,9999.0,9999.0,20.8,34.0,40.0,1.0,48.0,53.0,57.0,62.0
252.0,2.0,8.0,11.0,4.0,12.0,2477.0,73.0,21.0,3900.0,9999.0,9999.0,9999.0,12.78,1.43,21.0,23.0,29.0,2.0,8.0,40.0,9999.0,7.9,34.0,9999.0,23.9,34.0,40.0,1.0,48.0,54.0,59.0,63.0
252.0,2.0,8.0,11.0,4.0,12.0,2477.0,73.0,21.0,3900.0,9999.0,9999.0,9999.0,12.78,1.43,21.0,23.0,29.0,2.0,8.0,40.0,9999.0,7.9,34.0,9999.0,24.5,34.0,40.0,1.0,48.0,54.0,59.0,63.0
252.0,2.0,8.0,11.0,4.0,12.0,2477.0,73.0,21.0,3900.0,9999.0,9999.0,9999.0,12.78,1.43,21.0,23.0,29.0,2.0,8.0,40.0,9999.0,7.9,34.0,9999.0,25.3,34.0,40.0,1.0,48.0,54.0,59.0,63.0
252.0,2.0,8.0,11.0,4.0,12.0,2477.0,73.0,21.0,3900.0,9999.0,9999.0,9999.0,12.78,1.43,21.0,23.0,29.0,2.0,8.0,40.0,9999.0,7.9,34.0,9999.0,25.8,34.0,40.0,1.0,48.0,54.0,59.0,63.0
255.0,1.0,4.0,11.0,4.0,12.0,1910.0,77.0,18.0,4000.0,9999.0,9999.0,9999.0,16.78,1.12,17.0,23.0,29.0,2.0,8.0,8.0,9999.0,9999.0,9999.0,9999.0,16.2,34.0,40.0,1.0,48.0,53.0,57.0,62.0
255.0,1.0,4.0,11.0,4.0,12.0,1910.0,77.0,18.0,4000.0,9999.0,9999.0,9999.0,16.78,1.12,17.0,23.0,29.0,2.0,8.0,8.0,9999.0,9999.0,9999.0,9999.0,15.7,34.0,40.0,1.0,48.0,53.0,57.0,62.0
255.0,1.0,4.0,11.0,4.0,12.0,1910.0,77.0,18.0,4000.0,9999.0,9999.0,9999.0,16.78,1.12,17.0,23.0,29.0,2.0,8.0,8.0,9999.0,9999.0,9999.0,9999.0,16.5,34.0,40.0,1.0,48.0,53.0,57.0,62.0
255.0,1.0,4.0,11.0,4.0,12.0,1910.0,77.0,18.0,4000.0,9999.0,9999.0,9999.0,16.78,1.12,17.0,23.0,29.0,2.0,8.0,8.0,9999.0,9999.0,9999.0,9999.0,17.0,34.0,40.0,1.0,48.0,53.0,57.0,62.0
255.0,1.0,4.0,11.0,4.0,12.0,1910.0,77.0,18.0,4000.0,9999.0,9999.0,9999.0,16.78,1.12,17.0,23.0,29.0,2.0,8.0,8.0,9999.0,9999.0,9999.0,9999.0,17.1,34.0,40.0,1.0,48.0,53.0,57.0,62.0
255.0,1.0,4.0,11.0,4.0,12.0,1910.0,77.0,18.0,4000.0,9999.0,9999.0,9999.0,16.78,1.12,17.0,23.0,29.0,2.0,8.0,8.0,9999.0,9999.0,9999.0,9999.0,17.5,34.0,40.0,1.0,48.0,53.0,57.0,62.0
260.0,1.0,4.0,11.0,4.0,12.0,2172.0,85.0,20.0,4300.0,9999.0,9999.0,4750.0,15.04,1167.0,17.0,23.0,29.0,4.0,9999.0,29.0,9999.0,9999.0,26.0,9999.0,16.1,34.0,37.0,1.0,48.0,53.0,57.0,65.0
260.0,1.0,4.0,11.0,4.0,12.0,2172.0,85.0,20.0,4300.0,900.0,9999.0,9999.0,15.04,1167.0,20.0,23.0,29.0,4.0,9999.0,29.0,9999.0,9999.0,26.0,9999.0,16.1,34.0,37.0,1.0,48.0,53.0,57.0,65.0
260.0,1.0,4.0,11.0,4.0,12.0,1951.0,85.0,9999.0,4000.0,9999.0,9999.0,9999.0,16.75,1.48,15.0,23.0,29.0,4.0,9999.0,9999.0,9999.0,9999.0,9999.0,9999.0,17.2,34.0,0.0,2.0,48.0,53.0,0.0,62.0
260.0,2.0,8.0,11.0,4.0,12.0,2172.0,85.0,19.0,3800.0,9999.0,9999.0,4750.0,15.04,1167.0,17.0,23.0,29.0,4.0,9999.0,29.0,9999.0,9999.0,26.0,9999.0,20.2,34.0,37.0,1.0,48.0,53.0,57.0,65.0
260.0,2.0,8.0,11.0,4.0,12.0,2172.0,85.0,19.0,4300.0,9999.0,9999.0,4750.0,15.04,1167.0,17.0,23.0,29.0,4.0,9999.0,29.0,9999.0,9999.0,26.0,9999.0,20.4,34.0,37.0,1.0,48.0,53.0,57.0,65.0
260.0,2.0,8.0,11.0,4.0,12.0,2172.0,85.0,19.0,3800.0,9999.0,9999.0,4750.0,15.04,1167.0,17.0,23.0,29.0,4.0,9999.0,29.0,9999.0,9999.0,26.0,9999.0,21.0,34.0,37.0,1.0,48.0,53.0,57.0,65.0
260.0,2.0,8.0,11.0,4.0,12.0,2172.0,85.0,19.0,4300.0,9999.0,9999.0,4750.0,15.04,1167.0,17.0,23.0,29.0,4.0,9999.0,29.0,9999.0,9999.0,26.0,9999.0,21.1,34.0,37.0,1.0,48.0,53.0,57.0,65.0
263.0,1.0,4.0,10.0,4.0,12.0,1985.0,136.0,9.0,5500.0,900.0,6190.0,9999.0,16.65,867.0,17.0,23.0,29.0,4.0,7.0,32.0,8.7,7.0,29.0,8.7,9.7,34.0,37.0,2.0,48.0,52.0,58.0,61.0
263.0,1.0,4.0,10.0,4.0,12.0,1985.0,136.0,9.0,5500.0,900.0,6190.0,9999.0,16.65,867.0,17.0,23.0,29.0,4.0,7.0,32.0,8.7,7.0,29.0,8.7,9.7,34.0,37.0,2.0,48.0,52.0,58.0,61.0
263.0,1.0,4.0,10.0,4.0,12.0,1985.0,136.0,9.0,5500.0,900.0,6190.0,9999.0,16.65,867.0,17.0,23.0,29.0,4.0,9999.0,32.0,9999.0,9999.0,29.0,9999.0,9.7,34.0,37.0,2.0,48.0,52.0,58.0,61.0
265.0,1.0,5.0,10.0,4.0,12.0,1998.0,147.0,9.0,6400.0,9999.0,7000.0,9999.0,16.67,1.0,18.0,24.0,29.0,4.0,6.0,34.0,9999.0,7.0,30.0,9999.0,8.6,34.0,37.0,2.0,48.0,52.0,57.0,61.0
265.0,1.0,5.0,10.0,4.0,12.0,1998.0,147.0,9.0,6400.0,9999.0,7000.0,9999.0,16.67,1.0,18.0,24.0,29.0,4.0,6.0,34.0,9999.0,7.0,30.0,9999.0,8.7,34.0,37.0,2.0,48.0,52.0,57.0,61.0
270.0,3.0,4.0,11.0,4.0,12.0,2500.0,85.0,21.0,4000.0,875.0,9999.0,9999.0,13.57,1.22,21.0,23.0,29.0,2.0,8.0,40.2,9999.0,7.9,33.8,9999.0,21.3,35.0,44.0,1.0,48.0,56.0,58.0,63.0
270.0,3.0,4.0,11.0,4.0,12.0,2500.0,85.0,21.0,4000.0,875.0,9999.0,9999.0,13.57,1.22,21.0,23.0,29.0,2.0,8.0,40.2,9999.0,7.9,33.8,9999.0,22.0,35.0,44.0,1.0,48.0,56.0,58.0,63.0
278.0,2.0,8.0,11.0,4.0,12.0,2664.0,92.0,22.0,3600.0,9999.0,9999.0,9999.0,13.11,958.0,19.0,23.0,29.0,2.0,9999.0,9999.0,9999.0,9999.0,9999.0,9999.0,19.0,35.0,46.0,1.0,48.0,54.0,58.0,63.0
278.0,2.0,8.0,11.0,4.0,12.0,2664.0,92.0,22.0,3600.0,9999.0,9999.0,9999.0,13.11,958.0,19.0,23.0,29.0,2.0,9999.0,9999.0,9999.0,9999.0,9999.0,9999.0,19.3,35.0,46.0,1.0,48.0,54.0,58.0,63.0
278.0,2.0,8.0,11.0,4.0,12.0,2664.0,92.0,22.0,3600.0,9999.0,9999.0,9999.0,13.11,958.0,19.0,23.0,29.0,2.0,9999.0,9999.0,9999.0,9999.0,9999.0,9999.0,20.4,35.0,46.0,1.0,48.0,54.0,58.0,63.0
278.0,2.0,8.0,11.0,4.0,12.0,2664.0,92.0,22.0,3600.0,9999.0,9999.0,9999.0,13.11,958.0,19.0,23.0,29.0,2.0,9999.0,9999.0,9999.0,9999.0,9999.0,9999.0,20.8,35.0,46.0,1.0,48.0,54.0,58.0,63.0
280.0,1.0,5.0,10.0,4.0,12.0,2295.0,142.0,9.0,5300.0,750.0,6350.0,5800.0,15.33,973.0,17.0,24.0,29.0,4.0,7.0,35.0,9.3,7.0,31.0,9.3,9.5,34.0,39.0,2.0,49.0,52.0,57.0,61.0
280.0,1.0,5.0,10.0,4.0,12.0,2295.0,142.0,9.0,5300.0,750.0,6350.0,5800.0,15.33,973.0,17.0,24.0,29.0,4.0,7.0,35.0,9.3,7.0,31.0,9.3,9.7,34.0,39.0,2.0,49.0,52.0,57.0,61.0
280.0,1.0,5.0,10.0,4.0,12.0,2295.0,142.0,9.0,5300.0,750.0,6350.0,5800.0,15.33,973.0,17.0,24.0,29.0,4.0,7.0,35.0,9.3,7.0,31.0,9.3,10.9,34.0,39.0,2.0,49.0,52.0,57.0,61.0
280.0,1.0,5.0,10.0,4.0,12.0,2295.0,142.0,9.0,5300.0,750.0,6350.0,5800.0,15.33,973.0,17.0,24.0,29.0,4.0,7.0,35.0,9.3,7.0,31.0,9.3,11.1,34.0,39.0,2.0,49.0,52.0,57.0,61.0
280.0,1.0,5.0,10.0,4.0,12.0,2295.0,145.0,9.0,5500.0,750.0,6350.0,6200.0,15.33,973.0,17.0,24.0,29.0,4.0,7.0,35.0,9.3,7.0,31.0,9.3,9.0,34.0,39.0,2.0,49.0,52.0,57.0,61.0
280.0,1.0,5.0,10.0,4.0,12.0,2295.0,145.0,9.0,5500.0,750.0,6350.0,6200.0,15.33,973.0,17.0,24.0,29.0,4.0,7.0,35.0,9.3,7.0,31.0,9.3,9.2,34.0,39.0,2.0,49.0,52.0,57.0,61.0
280.0,1.0,6.0,10.0,4.0,12.0,1781.0,165.0,9.0,5900.0,860.0,6800.0,9999.0,19.76,1.67,17.0,23.0,29.0,5.0,6.0,27.0,7.7,6.0,30.0,9.3,8.5,34.0,40.0,2.0,48.0,52.0,57.0,61.0
280.0,1.0,6.0,10.0,4.0,12.0,1781.0,165.0,9.0,5900.0,860.0,6800.0,9999.0,19.76,1.67,17.0,23.0,29.0,5.0,6.0,27.0,7.7,6.0,30.0,9.3,8.9,34.0,40.0,2.0,48.0,52.0,57.0,61.0
280.0,1.0,5.0,11.0,4.0,12.0,1951.0,100.0,19.0,4000.0,835.0,4750.0,9999.0,18.03,1.48,16.0,23.0,29.0,4.0,6.0,25.9,7.5,6.0,25.9,8.0,14.9,34.0,39.0,2.0,48.0,53.0,57.0,67.0
280.0,1.0,5.0,11.0,4.0,12.0,1951.0,100.0,19.0,4000.0,835.0,4750.0,9999.0,18.03,1.48,16.0,23.0,29.0,4.0,6.0,25.9,7.5,6.0,25.9,8.0,13.8,34.0,39.0,2.0,48.0,53.0,57.0,67.0
280.0,1.0,5.0,11.0,4.0,12.0,1951.0,100.0,19.0,4000.0,835.0,4750.0,9999.0,18.03,1.48,16.0,23.0,29.0,4.0,6.0,25.9,7.5,6.0,25.9,8.0,9999.0,34.0,39.0,2.0,48.0,53.0,57.0,67.0
280.0,1.0,4.0,10.0,4.0,12.0,2290.0,125.0,9.0,5500.0,825.0,9999.0,9999.0,15.37,1.0,17.0,23.0,29.0,4.0,5.0,32.0,9999.0,5.0,29.0,9999.0,12.4,34.0,37.0,2.0,48.0,52.0,57.0,61.0
280.0,1.0,5.0,10.0,4.0,12.0,2295.0,142.0,9.0,5300.0,750.0,5800.0,5800.0,15.33,973.0,17.0,24.0,29.0,4.0,7.0,35.0,9.4,7.0,31.0,9.3,10.2,34.0,39.0,2.0,49.0,52.0,57.0,61.0
280.0,1.0,5.0,11.0,4.0,12.0,1951.0,100.0,19.0,4000.0,835.0,4750.0,9999.0,18.03,1.48,16.0,23.0,29.0,4.0,6.0,25.9,7.5,6.0,25.9,8.0,14.6,34.0,39.0,2.0,48.0,53.0,57.0,67.0
280.0,1.0,5.0,11.0,4.0,12.0,1951.0,100.0,19.0,4000.0,835.0,4750.0,9999.0,18.03,1.48,16.0,23.0,29.0,4.0,6.0,25.9,7.5,6.0,25.9,8.0,16.0,34.0,39.0,2.0,48.0,53.0,57.0,67.0
280.0,1.0,4.0,10.0,4.0,12.0,2290.0,125.0,9.0,5500.0,825.0,9999.0,9999.0,15.37,1.0,17.0,23.0,29.0,4.0,5.0,32.0,9999.0,5.0,29.0,9999.0,12.1,34.0,37.0,2.0,48.0,52.0,57.0,61.0
280.0,1.0,4.0,10.0,4.0,12.0,2290.0,125.0,9.0,5500.0,9999.0,9999.0,9999.0,15.37,1.0,17.0,23.0,29.0,4.0,5.0,32.0,9999.0,5.0,29.0,9999.0,12.3,34.0,37.0,2.0,48.0,52.0,57.0,61.0
283.0,1.0,4.0,10.0,4.0,12.0,1985.0,147.0,9.0,5500.0,900.0,9999.0,9999.0,17.92,867.0,17.0,23.0,29.0,4.0,7.0,32.0,8.7,7.0,29.0,8.7,9.0,34.0,37.0,2.0,47.0,52.0,58.0,61.0
283.0,1.0,4.0,10.0,4.0,12.0,1985.0,147.0,9.0,5500.0,900.0,9999.0,9999.0,17.92,867.0,17.0,23.0,29.0,4.0,7.0,32.0,8.7,7.0,29.0,8.7,9.0,34.0,37.0,2.0,47.0,52.0,58.0,61.0
283.0,1.0,4.0,10.0,4.0,12.0,1985.0,147.0,9.0,5500.0,900.0,9999.0,9999.0,17.92,867.0,17.0,23.0,29.0,4.0,9999.0,32.0,9999.0,9999.0,29.0,9999.0,9.0,34.0,37.0,2.0,48.0,52.0,58.0,61.0
285.0,1.0,4.0,11.0,4.0,12.0,1896.0,85.0,18.0,4000.0,900.0,5000.0,9999.0,18.89,1.21,17.0,23.0,29.0,2.0,8.0,36.0,9999.0,8.0,31.5,9999.0,15.8,34.0,40.0,1.0,48.0,53.0,57.0,64.0
285.0,1.0,4.0,11.0,4.0,12.0,2446.0,95.0,22.0,4300.0,750.0,4800.0,9999.0,14.64,1.0,18.0,23.0,29.0,3.0,7.0,36.9,8.4,7.0,36.9,9.3,16.6,34.0,40.0,1.0,48.0,54.0,58.0,63.0
285.0,1.0,4.0,11.0,4.0,12.0,1896.0,85.0,18.0,4000.0,900.0,5000.0,9999.0,18.89,1.21,17.0,23.0,29.0,2.0,8.0,36.0,9999.0,8.0,31.5,9999.0,15.9,34.0,40.0,1.0,48.0,53.0,57.0,64.0
285.0,1.0,4.0,11.0,4.0,12.0,1896.0,85.0,18.0,4000.0,900.0,5000.0,9999.0,18.89,1.21,17.0,23.0,29.0,2.0,8.0,36.0,9999.0,8.0,31.5,9999.0,16.0,34.0,40.0,1.0,48.0,53.0,57.0,64.0
285.0,1.0,6.0,11.0,4.0,12.0,1896.0,85.0,18.0,4000.0,900.0,5000.0,9999.0,18.89,1.21,17.0,23.0,29.0,2.0,8.0,36.0,9999.0,8.0,31.5,9999.0,17.2,34.0,40.0,1.0,48.0,53.0,57.0,64.0
285.0,1.0,4.0,11.0,4.0,12.0,2446.0,95.0,22.0,4300.0,750.0,4800.0,9999.0,14.64,1.0,18.0,23.0,29.0,3.0,7.0,36.9,8.4,7.0,36.9,9.3,17.3,34.0,40.0,1.0,48.0,54.0,58.0,63.0
290.0,1.0,6.0,10.0,4.0,14.0,1994.0,160.0,8.0,5600.0,9999.0,9999.0,9999.0,18.28,815.0,17.0,23.0,29.0,4.0,6.0,9999.0,9999.0,6.0,9999.0,9999.0,8.0,34.0,40.0,4.0,48.0,52.0,57.0,61.0
295.0,2.0,6.0,11.0,4.0,12.0,2982.0,92.0,21.0,3600.0,700.0,4600.0,9999.0,12.43,1.73,17.0,23.0,29.0,2.0,8.0,9999.0,9999.0,8.0,9999.0,9999.0,19.0,34.0,40.0,1.0,48.0,54.0,58.0,63.0
295.0,2.0,6.0,11.0,4.0,12.0,2982.0,92.0,21.0,3600.0,700.0,4600.0,9999.0,12.43,1.73,17.0,23.0,29.0,2.0,8.0,9999.0,9999.0,8.0,9999.0,9999.0,19.0,34.0,40.0,1.0,48.0,54.0,58.0,63.0
295.0,2.0,6.0,11.0,4.0,12.0,2982.0,92.0,21.0,3600.0,700.0,4600.0,9999.0,12.43,1.73,17.0,23.0,29.0,2.0,8.0,9999.0,9999.0,8.0,9999.0,9999.0,20.1,34.0,40.0,1.0,48.0,54.0,58.0,63.0
295.0,2.0,6.0,11.0,4.0,12.0,2982.0,92.0,21.0,3600.0,700.0,4600.0,9999.0,12.43,1.73,17.0,23.0,29.0,2.0,8.0,9999.0,9999.0,8.0,9999.0,9999.0,20.1,34.0,40.0,1.0,48.0,54.0,58.0,63.0
295.0,2.0,6.0,11.0,4.0,12.0,2982.0,92.0,21.0,3600.0,700.0,4600.0,9999.0,12.43,1.73,17.0,23.0,29.0,2.0,8.0,9999.0,9999.0,8.0,9999.0,9999.0,20.2,34.0,40.0,1.0,48.0,54.0,58.0,63.0
300.0,1.0,4.0,10.0,4.0,12.0,1855.0,147.0,9.0,5500.0,750.0,6700.0,6500.0,20.32,1111.0,17.0,23.0,29.0,4.0,9999.0,9999.0,9999.0,9999.0,9999.0,9999.0,8.8,34.0,40.0,2.0,48.0,52.0,58.0,61.0
300.0,1.0,4.0,10.0,4.0,12.0,1855.0,147.0,9.0,5500.0,750.0,6700.0,6500.0,20.32,1111.0,17.0,23.0,29.0,4.0,9999.0,9999.0,9999.0,9999.0,9999.0,9999.0,8.8,34.0,40.0,2.0,48.0,52.0,58.0,61.0
300.0,1.0,5.0,11.0,4.0,12.0,2151.0,92.0,19.0,4200.0,750.0,4750.0,4800.0,17.53,1.5,17.0,23.0,29.0,4.0,6.0,30.2,7.9,7.0,28.4,7.9,15.1,34.0,38.0,2.0,48.0,53.0,57.0,62.0
300.0,1.0,5.0,11.0,4.0,12.0,2151.0,92.0,19.0,4200.0,750.0,4750.0,4800.0,17.53,1.5,17.0,23.0,29.0,4.0,6.0,30.2,7.9,7.0,28.4,7.9,15.4,34.0,38.0,2.0,48.0,53.0,57.0,62.0
300.0,1.0,4.0,10.0,4.0,12.0,1855.0,147.0,9.0,5500.0,750.0,6700.0,6500.0,20.32,1111.0,17.0,23.0,29.0,4.0,9999.0,9999.0,9999.0,9999.0,9999.0,9999.0,9.0,34.0,40.0,2.0,48.0,52.0,58.0,61.0
300.0,1.0,4.0,10.0,4.0,12.0,1855.0,147.0,9.0,5500.0,750.0,6700.0,6500.0,20.32,1111.0,17.0,23.0,29.0,4.0,9999.0,9999.0,9999.0,9999.0,9999.0,9999.0,9.0,34.0,40.0,2.0,48.0,52.0,58.0,61.0
300.0,3.0,4.0,11.0,4.0,12.0,2151.0,90.0,19.0,3800.0,750.0,4750.0,4800.0,17.53,1.5,17.0,23.0,29.0,4.0,6.0,30.2,7.9,7.0,28.4,7.9,22.3,34.0,38.0,2.0,48.0,53.0,57.0,62.0
300.0,3.0,4.0,11.0,4.0,12.0,2151.0,90.0,19.0,3800.0,750.0,4750.0,4800.0,17.53,1.5,17.0,23.0,29.0,4.0,6.0,30.2,7.9,7.0,28.4,7.9,22.6,34.0,38.0,2.0,48.0,53.0,57.0,62.0
300.0,2.0,8.0,11.0,4.0,12.0,2500.0,85.0,21.0,3900.0,750.0,9999.0,9999.0,15.08,1.22,19.0,23.0,29.0,2.0,7.9,40.2,9999.0,7.9,33.8,9999.0,18.8,35.0,44.0,1.0,48.0,54.0,57.0,63.0
310.0,1.0,4.0,11.0,4.0,12.0,1896.0,85.0,18.0,4000.0,900.0,5000.0,9999.0,20.55,1.21,17.0,23.0,29.0,2.0,8.0,36.0,9999.0,8.0,31.5,9999.0,15.1,34.0,40.0,1.0,48.0,53.0,57.0,64.0
310.0,1.0,4.0,11.0,4.0,12.0,1896.0,85.0,18.0,4000.0,900.0,5000.0,9999.0,20.55,1.21,17.0,23.0,29.0,2.0,8.0,36.0,9999.0,8.0,31.5,9999.0,15.6,34.0,40.0,1.0,48.0,53.0,57.0,64.0
310.0,1.0,6.0,11.0,4.0,12.0,1896.0,85.0,18.0,4000.0,900.0,5000.0,9999.0,20.55,1.21,17.0,23.0,29.0,2.0,8.0,36.0,9999.0,8.0,31.5,9999.0,16.8,34.0,40.0,1.0,48.0,53.0,57.0,64.0
310.0,1.0,4.0,11.0,4.0,12.0,1896.0,85.0,18.0,4000.0,900.0,5000.0,9999.0,20.55,1.21,17.0,23.0,29.0,2.0,8.0,36.0,9999.0,8.0,31.5,9999.0,15.5,34.0,40.0,1.0,48.0,53.0,57.0,64.0
310.0,1.0,4.0,11.0,4.0,12.0,1896.0,85.0,18.0,4000.0,900.0,5000.0,9999.0,20.55,1.21,17.0,23.0,29.0,2.0,8.0,36.0,9999.0,8.0,31.5,9999.0,16.1,34.0,40.0,1.0,48.0,53.0,57.0,64.0
310.0,1.0,6.0,11.0,4.0,12.0,1896.0,85.0,18.0,4000.0,900.0,5000.0,9999.0,20.55,1.21,17.0,23.0,29.0,2.0,8.0,36.0,9999.0,8.0,31.5,9999.0,17.2,34.0,40.0,1.0,48.0,53.0,57.0,64.0
315.0,1.0,5.0,11.0,4.0,12.0,2151.0,105.0,18.0,4200.0,750.0,4750.0,4600.0,18.4,1.5,17.0,23.0,29.0,4.0,6.0,30.2,7.9,7.0,28.4,7.9,14.5,34.0,38.0,2.0,48.0,53.0,57.0,62.0
315.0,1.0,5.0,11.0,4.0,12.0,2151.0,105.0,18.0,4200.0,750.0,4750.0,4600.0,18.4,1.5,17.0,23.0,29.0,4.0,6.0,30.2,7.9,7.0,28.4,7.9,14.7,34.0,38.0,2.0,48.0,53.0,57.0,62.0
315.0,1.0,5.0,11.0,4.0,12.0,2148.0,105.0,18.0,4200.0,750.0,4750.0,4600.0,18.43,1.3,17.0,23.0,29.0,4.0,6.0,30.2,7.9,7.0,28.4,7.9,13.8,34.0,38.0,2.0,48.0,53.0,57.0,62.0
315.0,1.0,5.0,11.0,4.0,12.0,2148.0,105.0,18.0,4200.0,750.0,4750.0,4600.0,18.43,1.3,17.0,23.0,29.0,4.0,6.0,30.2,7.9,7.0,28.4,7.9,14.0,34.0,38.0,2.0,48.0,53.0,57.0,62.0
315.0,1.0,5.0,11.0,4.0,12.0,2151.0,105.0,18.0,4200.0,750.0,4750.0,4600.0,18.4,1.5,17.0,23.0,29.0,4.0,6.0,30.2,7.9,7.0,28.4,7.9,15.4,34.0,38.0,2.0,48.0,53.0,57.0,62.0
315.0,1.0,5.0,11.0,4.0,12.0,2151.0,105.0,18.0,4200.0,750.0,4750.0,4600.0,18.4,1.5,17.0,23.0,29.0,4.0,6.0,30.2,7.9,7.0,28.4,7.9,15.7,34.0,38.0,2.0,48.0,53.0,57.0,62.0
323.0,2.0,8.0,11.0,4.0,12.0,2953.0,116.0,18.0,3600.0,9999.0,9999.0,9999.0,13.75,1.63,17.0,23.0,29.0,4.0,9999.0,9999.0,9999.0,9999.0,9999.0,9999.0,19.0,34.0,43.0,2.0,48.0,53.0,58.0,67.0
323.0,2.0,8.0,11.0,4.0,12.0,2953.0,116.0,18.0,3600.0,9999.0,9999.0,9999.0,13.75,1.63,17.0,23.0,29.0,4.0,9999.0,9999.0,9999.0,9999.0,9999.0,9999.0,19.0,34.0,43.0,2.0,48.0,53.0,58.0,67.0
333.0,2.0,8.0,11.0,4.0,12.0,2999.0,117.0,19.0,3900.0,9999.0,9999.0,9999.0,13.95,1.1,17.0,23.0,29.0,4.0,9999.0,9999.0,9999.0,9999.0,9999.0,9999.0,17.4,34.0,40.0,2.0,48.0,53.0,58.0,62.0
333.0,2.0,8.0,11.0,4.0,12.0,2999.0,117.0,19.0,3900.0,9999.0,9999.0,9999.0,13.95,1.1,17.0,23.0,29.0,4.0,9999.0,9999.0,9999.0,9999.0,9999.0,9999.0,17.4,34.0,40.0,2.0,48.0,53.0,58.0,62.0
333.0,2.0,8.0,11.0,4.0,12.0,2999.0,117.0,19.0,3900.0,9999.0,9999.0,9999.0,13.95,1.1,17.0,23.0,29.0,4.0,9999.0,9999.0,9999.0,9999.0,9999.0,9999.0,18.3,34.0,40.0,2.0,48.0,53.0,58.0,62.0
333.0,2.0,8.0,11.0,4.0,12.0,2999.0,117.0,19.0,3900.0,9999.0,9999.0,9999.0,13.95,1.1,17.0,23.0,29.0,4.0,9999.0,9999.0,9999.0,9999.0,9999.0,9999.0,18.3,34.0,40.0,2.0,48.0,53.0,58.0,62.0
338.0,3.0,4.0,11.0,4.0,12.0,2903.0,93.0,19.0,3600.0,9999.0,9999.0,9999.0,14.63,1.9,17.0,23.0,29.0,4.0,9999.0,9999.0,9999.0,9999.0,9999.0,9999.0,20.2,34.0,40.0,2.0,48.0,53.0,58.0,62.0
338.0,3.0,4.0,11.0,4.0,12.0,2903.0,93.0,19.0,3600.0,9999.0,9999.0,9999.0,14.63,1.9,17.0,23.0,29.0,4.0,9999.0,9999.0,9999.0,9999.0,9999.0,9999.0,20.2,34.0,40.0,2.0,48.0,53.0,58.0,62.0
342.0,1.0,4.0,10.0,4.0,12.0,2290.0,165.0,9.0,5500.0,9999.0,9999.0,9999.0,18.77,1.0,17.0,23.0,29.0,4.0,9999.0,32.0,9999.0,9999.0,29.0,9999.0,8.0,34.0,37.0,2.0,48.0,52.0,58.0,61.0
342.0,1.0,4.0,10.0,4.0,12.0,2290.0,165.0,9.0,5500.0,9999.0,9999.0,9999.0,18.77,1.0,17.0,23.0,29.0,4.0,9999.0,32.0,9999.0,9999.0,29.0,9999.0,8.0,34.0,37.0,2.0,48.0,52.0,58.0,61.0
354.0,1.0,5.0,10.0,4.0,12.0,2174.0,197.0,8.0,6500.0,9999.0,9999.0,9999.0,20.46,0.8,17.0,0.0,0.0,4.0,9999.0,9999.0,9999.0,9999.0,9999.0,9999.0,6.8,34.0,40.0,2.0,48.0,52.0,58.0,61.0
354.0,2.0,8.0,11.0,4.0,12.0,2953.0,116.0,18.0,3600.0,9999.0,9999.0,9999.0,15.06,1.63,17.0,23.0,29.0,4.0,9999.0,9999.0,9999.0,9999.0,9999.0,9999.0,18.8,34.0,43.0,2.0,48.0,53.0,58.0,67.0
354.0,2.0,8.0,11.0,4.0,12.0,2953.0,116.0,18.0,3600.0,9999.0,9999.0,9999.0,15.06,1.63,17.0,23.0,29.0,4.0,9999.0,9999.0,9999.0,9999.0,9999.0,9999.0,20.1,34.0,43.0,2.0,48.0,53.0,58.0,67.0
354.0,2.0,8.0,11.0,4.0,12.0,2953.0,116.0,18.0,3600.0,9999.0,9999.0,9999.0,15.06,1.63,17.0,23.0,29.0,4.0,9999.0,9999.0,9999.0,9999.0,9999.0,9999.0,20.1,34.0,43.0,2.0,48.0,53.0,58.0,67.0
354.0,2.0,8.0,11.0,4.0,12.0,2953.0,116.0,18.0,3600.0,9999.0,9999.0,9999.0,15.06,1.63,17.0,23.0,29.0,4.0,9999.0,9999.0,9999.0,9999.0,9999.0,9999.0,19.6,34.0,43.0,2.0,48.0,53.0,58.0,67.0
373.0,2.0,6.0,11.0,4.0,12.0,3200.0,121.0,17.0,3800.0,9999.0,9999.0,9999.0,14.65,1.66,17.0,23.0,29.0,4.0,9999.0,9999.0,9999.0,9999.0,9999.0,9999.0,15.9,34.0,40.0,2.0,48.0,53.0,58.0,63.0
373.0,2.0,6.0,11.0,4.0,12.0,3200.0,121.0,17.0,3800.0,9999.0,9999.0,9999.0,14.65,1.66,17.0,23.0,29.0,4.0,9999.0,9999.0,9999.0,9999.0,9999.0,9999.0,17.2,34.0,40.0,2.0,48.0,53.0,58.0,63.0
373.0,2.0,6.0,11.0,4.0,12.0,3200.0,121.0,17.0,3800.0,9999.0,9999.0,9999.0,14.65,1.66,17.0,23.0,29.0,4.0,9999.0,9999.0,9999.0,9999.0,9999.0,9999.0,17.2,34.0,40.0,2.0,48.0,53.0,58.0,63.0
377.0,1.0,5.0,10.0,4.0,12.0,2174.0,224.0,8.0,6400.0,9999.0,9999.0,9999.0,21.79,0.8,17.0,0.0,0.0,4.0,9999.0,9999.0,9999.0,9999.0,9999.0,9999.0,6.0,34.0,40.0,2.0,48.0,52.0,58.0,61.0
389.0,1.0,5.0,10.0,4.0,12.0,2174.0,225.0,8.0,6400.0,9999.0,9999.0,9999.0,22.49,0.8,17.0,0.0,0.0,4.0,9999.0,9999.0,9999.0,9999.0,9999.0,9999.0,5.4,34.0,40.0,2.0,48.0,52.0,58.0,61.0
160.0,3.0,4.0,11.0,5.0,12.0,2370.0,55.0,23.0,3700.0,850.0,4800.0,9999.0,8.48,1.21,17.0,23.0,29.0,2.0,8.0,36.0,9999.0,8.0,31.0,9999.0,32.4,34.0,40.0,1.0,47.0,54.0,59.0,63.0
160.0,3.0,4.0,11.0,5.0,12.0,2370.0,55.0,23.0,3700.0,850.0,4800.0,9999.0,8.48,1.21,17.0,23.0,29.0,2.0,8.0,36.0,9999.0,8.0,31.0,9999.0,33.1,34.0,40.0,1.0,47.0,54.0,59.0,63.0
186.0,1.0,4.0,10.0,5.0,12.0,1998.0,113.0,10.0,6700.0,750.0,7000.0,9999.0,11.7,0.923,17.0,24.0,29.0,4.0,6.9,29.5,9.0,6.9,25.5,8.0,11.2,34.0,40.0,2.0,47.0,52.0,58.0,61.0
186.0,1.0,4.0,10.0,5.0,12.0,1998.0,113.0,11.0,6500.0,750.0,7000.0,9999.0,11.7,0.923,17.0,24.0,29.0,4.0,6.9,29.5,9.0,6.9,25.5,8.0,11.1,34.0,40.0,2.0,47.0,52.0,58.0,61.0
186.0,1.0,4.0,10.0,5.0,12.0,1998.0,113.0,11.0,6500.0,750.0,7000.0,9999.0,11.7,0.923,17.0,24.0,29.0,4.0,6.9,29.5,9.0,6.9,25.5,8.0,10.5,34.0,40.0,2.0,47.0,52.0,58.0,61.0
186.0,1.0,4.0,10.0,5.0,12.0,1998.0,114.0,10.0,6500.0,9999.0,9999.0,9999.0,11.7,0.923,17.0,24.0,29.0,4.0,9999.0,9999.0,9999.0,9999.0,9999.0,9999.0,12.6,34.0,40.0,2.0,47.0,52.0,57.0,61.0
186.0,1.0,4.0,10.0,5.0,12.0,1998.0,114.0,10.0,6500.0,9999.0,9999.0,9999.0,11.7,0.923,17.0,24.0,29.0,4.0,9999.0,9999.0,9999.0,9999.0,9999.0,9999.0,12.6,34.0,40.0,2.0,47.0,52.0,57.0,61.0
186.0,1.0,4.0,10.0,5.0,12.0,1998.0,114.0,10.0,6500.0,9999.0,9999.0,9999.0,11.7,0.923,17.0,24.0,29.0,4.0,9999.0,9999.0,9999.0,9999.0,9999.0,9999.0,12.9,34.0,40.0,2.0,47.0,52.0,57.0,61.0
186.0,1.0,4.0,10.0,5.0,12.0,1998.0,113.0,11.0,6500.0,750.0,7000.0,9999.0,11.7,0.923,17.0,24.0,29.0,4.0,6.9,29.5,9.0,6.9,25.5,8.0,11.9,34.0,40.0,2.0,47.0,52.0,58.0,61.0
186.0,1.0,4.0,10.0,5.0,12.0,1998.0,113.0,11.0,6500.0,750.0,7000.0,9999.0,11.7,0.923,17.0,24.0,29.0,4.0,6.9,29.5,9.0,6.9,25.5,8.0,12.2,34.0,40.0,2.0,47.0,52.0,58.0,61.0
186.0,1.0,4.0,10.0,5.0,12.0,1998.0,113.0,11.0,6500.0,750.0,7000.0,9999.0,11.7,0.923,17.0,24.0,29.0,4.0,6.9,29.5,9.0,6.9,25.5,8.0,11.6,34.0,40.0,2.0,47.0,52.0,58.0,61.0
186.0,1.0,4.0,10.0,5.0,12.0,1998.0,114.0,10.0,6500.0,9999.0,9999.0,9999.0,11.7,0.923,17.0,24.0,29.0,4.0,9999.0,9999.0,9999.0,9999.0,9999.0,9999.0,13.2,34.0,40.0,2.0,47.0,52.0,57.0,61.0
186.0,1.0,4.0,10.0,5.0,12.0,1998.0,113.0,11.0,6500.0,750.0,7000.0,9999.0,11.7,0.923,17.0,24.0,29.0,4.0,6.9,29.5,9.0,6.9,25.5,8.0,12.3,34.0,40.0,2.0,47.0,52.0,58.0,61.0
186.0,1.0,4.0,10.0,5.0,12.0,1998.0,113.0,11.0,6500.0,750.0,7000.0,9999.0,11.7,0.923,17.0,24.0,29.0,4.0,6.9,29.5,9.0,6.9,25.5,8.0,12.6,34.0,40.0,2.0,47.0,52.0,58.0,61.0
195.0,3.0,4.0,11.0,5.0,12.0,2461.0,65.0,21.0,3600.0,780.0,9999.0,9999.0,9.96,1179.0,17.0,23.0,29.0,2.0,9999.0,9999.0,9999.0,9999.0,9999.0,9999.0,27.8,34.0,40.0,1.0,48.0,53.0,57.0,63.0
195.0,3.0,4.0,11.0,5.0,12.0,2461.0,65.0,21.0,3600.0,780.0,9999.0,9999.0,9.96,1179.0,17.0,23.0,29.0,2.0,9999.0,9999.0,9999.0,9999.0,9999.0,9999.0,28.5,34.0,40.0,1.0,48.0,53.0,57.0,63.0
200.0,3.0,4.0,10.0,5.0,12.0,2461.0,85.0,10.0,4500.0,800.0,9999.0,9999.0,10.21,1179.0,17.0,23.0,29.0,2.0,8.0,40.0,9999.0,8.0,33.0,9999.0,20.9,34.0,40.0,1.0,47.0,52.0,58.0,61.0
200.0,3.0,6.0,10.0,5.0,12.0,2461.0,85.0,10.0,4500.0,800.0,9999.0,9999.0,10.21,1179.0,17.0,23.0,29.0,2.0,8.0,40.0,9999.0,8.0,33.0,9999.0,22.1,34.0,40.0,1.0,47.0,52.0,58.0,61.0
200.0,3.0,4.0,10.0,5.0,12.0,2461.0,85.0,10.0,4500.0,800.0,9999.0,9999.0,10.21,1179.0,17.0,23.0,29.0,2.0,8.0,40.0,9999.0,8.0,33.0,9999.0,21.4,34.0,40.0,1.0,47.0,52.0,58.0,61.0
200.0,3.0,4.0,10.0,5.0,12.0,2461.0,85.0,10.0,4500.0,800.0,9999.0,9999.0,10.21,1179.0,17.0,23.0,29.0,2.0,8.0,40.0,9999.0,8.0,33.0,9999.0,21.8,34.0,40.0,1.0,47.0,52.0,58.0,61.0
200.0,3.0,6.0,10.0,5.0,12.0,2461.0,85.0,10.0,4500.0,800.0,9999.0,9999.0,10.21,1179.0,17.0,23.0,29.0,2.0,8.0,40.0,9999.0,8.0,33.0,9999.0,22.6,34.0,40.0,1.0,47.0,52.0,58.0,61.0
205.0,1.0,4.0,10.0,5.0,13.0,2324.0,110.0,10.0,6000.0,700.0,9999.0,9999.0,11.08,1114.0,17.0,23.0,29.0,2.0,9999.0,39.0,10.7,9999.0,34.2,10.7,11.8,34.0,37.0,2.0,47.0,52.0,57.0,61.0
205.0,1.0,4.0,10.0,5.0,13.0,2324.0,110.0,10.0,6000.0,700.0,6600.0,9999.0,11.08,1114.0,17.0,23.0,29.0,2.0,9999.0,39.0,10.7,9999.0,34.2,10.7,11.8,34.0,37.0,2.0,47.0,52.0,57.0,61.0
205.0,1.0,4.0,10.0,5.0,13.0,2324.0,110.0,10.0,6000.0,700.0,6600.0,9999.0,11.08,1114.0,17.0,23.0,29.0,2.0,9999.0,39.0,10.7,9999.0,34.2,10.7,12.1,34.0,37.0,2.0,47.0,52.0,57.0,61.0
205.0,1.0,4.0,10.0,5.0,13.0,2324.0,110.0,10.0,6000.0,700.0,6600.0,9999.0,11.08,1114.0,17.0,23.0,29.0,2.0,9999.0,39.0,10.7,9999.0,34.2,10.7,12.7,34.0,37.0,2.0,47.0,52.0,57.0,61.0
205.0,1.0,4.0,10.0,5.0,13.0,2324.0,110.0,10.0,6000.0,700.0,6600.0,9999.0,11.08,1114.0,17.0,23.0,29.0,2.0,9999.0,39.0,10.7,9999.0,34.2,10.7,12.6,34.0,37.0,2.0,47.0,52.0,57.0,61.0
205.0,1.0,4.0,10.0,5.0,13.0,2324.0,110.0,10.0,6000.0,700.0,6600.0,9999.0,11.08,1114.0,17.0,23.0,29.0,2.0,9999.0,39.0,10.7,9999.0,34.2,10.7,13.1,34.0,37.0,2.0,47.0,52.0,57.0,61.0
205.0,1.0,6.0,10.0,5.0,13.0,2324.0,110.0,10.0,6000.0,700.0,6600.0,9999.0,11.08,1114.0,17.0,23.0,29.0,2.0,9999.0,39.0,10.7,9999.0,34.2,10.7,13.3,34.0,37.0,2.0,47.0,52.0,57.0,61.0
205.0,1.0,4.0,10.0,5.0,13.0,2324.0,110.0,10.0,6000.0,700.0,6600.0,9999.0,11.08,1114.0,17.0,23.0,29.0,2.0,9999.0,39.0,10.7,9999.0,34.2,10.7,12.4,34.0,37.0,2.0,47.0,52.0,57.0,61.0
205.0,1.0,6.0,10.0,5.0,13.0,2324.0,110.0,10.0,6000.0,700.0,6600.0,9999.0,11.08,1114.0,17.0,23.0,29.0,2.0,9999.0,39.0,10.7,9999.0,34.2,10.7,13.4,34.0,37.0,2.0,47.0,52.0,57.0,61.0
211.0,1.0,4.0,10.0,5.0,12.0,2435.0,121.0,11.0,6000.0,750.0,9999.0,9999.0,10.89,1.84,17.0,23.0,29.0,4.0,7.0,31.0,8.5,7.0,27.0,8.5,12.4,34.0,40.0,2.0,47.0,52.0,57.0,61.0
220.0,1.0,4.0,10.0,5.0,12.0,2435.0,103.0,10.0,5700.0,850.0,9999.0,9999.0,11.35,1.84,17.0,23.0,29.0,4.0,7.0,31.0,8.5,7.0,27.0,8.5,14.4,34.0,40.0,2.0,47.0,52.0,57.0,61.0
220.0,1.0,4.0,10.0,5.0,12.0,2435.0,103.0,10.0,5700.0,9999.0,9999.0,9999.0,11.35,1.84,17.0,23.0,29.0,4.0,7.0,31.0,8.5,7.0,27.0,8.5,14.6,34.0,40.0,2.0,47.0,52.0,57.0,61.0
230.0,1.0,4.0,10.0,5.0,12.0,2435.0,125.0,10.0,6100.0,850.0,9999.0,9999.0,11.87,1.84,17.0,23.0,29.0,4.0,9999.0,9999.0,9999.0,9999.0,9999.0,9999.0,11.4,34.0,40.0,2.0,47.0,52.0,57.0,61.0
230.0,1.0,4.0,10.0,5.0,12.0,2435.0,125.0,10.0,5700.0,850.0,9999.0,9999.0,11.87,1.84,17.0,23.0,29.0,4.0,7.0,31.0,8.5,7.0,27.0,8.5,11.9,34.0,40.0,2.0,47.0,52.0,57.0,61.0
230.0,1.0,4.0,10.0,5.0,12.0,2435.0,125.0,10.0,5700.0,9999.0,9999.0,9999.0,11.87,1.84,17.0,23.0,29.0,4.0,7.0,31.0,8.5,7.0,27.0,8.5,12.1,34.0,40.0,2.0,47.0,52.0,57.0,61.0
230.0,1.0,4.0,10.0,5.0,12.0,2446.0,129.0,10.0,6100.0,9999.0,9999.0,9999.0,11.82,1.89,17.0,24.0,29.0,4.0,7.0,33.5,9999.0,7.0,28.0,9999.0,11.2,34.0,40.0,2.0,47.0,52.0,57.0,61.0
230.0,1.0,4.0,10.0,5.0,12.0,2446.0,129.0,10.0,6100.0,9999.0,9999.0,9999.0,11.82,1.89,17.0,24.0,29.0,4.0,7.0,33.5,9999.0,7.0,28.0,9999.0,11.2,34.0,40.0,2.0,47.0,52.0,57.0,61.0
230.0,1.0,4.0,10.0,5.0,12.0,2446.0,129.0,10.0,6100.0,9999.0,9999.0,9999.0,11.82,1.89,17.0,24.0,29.0,4.0,7.0,33.5,9999.0,7.0,28.0,9999.0,11.0,34.0,40.0,2.0,47.0,52.0,57.0,61.0
230.0,1.0,4.0,10.0,5.0,12.0,2446.0,129.0,10.0,6100.0,9999.0,9999.0,9999.0,11.82,1.89,17.0,24.0,29.0,4.0,7.0,33.5,9999.0,7.0,28.0,9999.0,11.8,34.0,40.0,2.0,47.0,52.0,57.0,61.0
250.0,3.0,4.0,11.0,5.0,12.0,2461.0,75.0,21.0,3500.0,780.0,9999.0,9999.0,12.77,1179.0,17.0,23.0,29.0,2.0,9999.0,9999.0,9999.0,9999.0,9999.0,9999.0,24.1,34.0,40.0,1.0,48.0,53.0,57.0,63.0
250.0,3.0,4.0,11.0,5.0,12.0,2461.0,75.0,21.0,3500.0,780.0,9999.0,9999.0,12.77,1179.0,17.0,23.0,29.0,2.0,9999.0,9999.0,9999.0,9999.0,9999.0,9999.0,24.5,34.0,40.0,1.0,48.0,53.0,57.0,63.0
250.0,3.0,6.0,11.0,5.0,12.0,2461.0,75.0,21.0,3500.0,780.0,9999.0,9999.0,12.77,1179.0,17.0,23.0,29.0,2.0,9999.0,9999.0,9999.0,9999.0,9999.0,9999.0,25.5,34.0,40.0,1.0,48.0,53.0,57.0,63.0
250.0,3.0,4.0,11.0,5.0,12.0,2461.0,75.0,21.0,3500.0,780.0,9999.0,9999.0,12.77,1179.0,17.0,23.0,29.0,2.0,9999.0,9999.0,9999.0,9999.0,9999.0,9999.0,24.7,34.0,40.0,1.0,48.0,53.0,57.0,63.0
250.0,3.0,4.0,11.0,5.0,12.0,2461.0,75.0,21.0,3500.0,780.0,9999.0,9999.0,12.77,1179.0,17.0,23.0,29.0,2.0,9999.0,9999.0,9999.0,9999.0,9999.0,9999.0,25.1,34.0,40.0,1.0,48.0,53.0,57.0,63.0
250.0,3.0,6.0,11.0,5.0,12.0,2461.0,75.0,21.0,3500.0,780.0,9999.0,9999.0,12.77,1179.0,17.0,23.0,29.0,2.0,9999.0,9999.0,9999.0,9999.0,9999.0,9999.0,26.0,34.0,40.0,1.0,48.0,53.0,57.0,63.0
250.0,2.0,8.0,11.0,5.0,12.0,2874.0,88.0,22.0,4000.0,700.0,9999.0,9999.0,10.93,1.38,17.0,23.0,29.0,2.0,8.0,38.0,9999.0,9.0,35.0,9999.0,21.4,34.0,39.0,1.0,48.0,56.0,59.0,68.0
256.0,2.0,8.0,11.0,5.0,12.0,2874.0,88.0,22.0,4000.0,700.0,9999.0,9999.0,11.19,1.38,17.0,23.0,29.0,2.0,8.0,38.0,9999.0,9.0,35.0,9999.0,20.8,34.0,39.0,1.0,48.0,56.0,59.0,68.0
256.0,2.0,8.0,11.0,5.0,12.0,2874.0,88.0,22.0,4000.0,700.0,9999.0,9999.0,11.19,1.38,17.0,23.0,29.0,2.0,8.0,38.0,9999.0,9.0,35.0,9999.0,21.1,34.0,39.0,1.0,48.0,56.0,59.0,68.0
256.0,2.0,8.0,11.0,5.0,12.0,2874.0,88.0,22.0,4000.0,700.0,9999.0,9999.0,11.19,1.38,17.0,23.0,29.0,2.0,8.0,38.0,9999.0,9.0,35.0,9999.0,21.1,34.0,39.0,1.0,48.0,56.0,59.0,68.0
270.0,1.0,4.0,10.0,5.0,12.0,2435.0,142.0,9.0,5100.0,850.0,9999.0,9999.0,13.93,1.84,17.0,23.0,29.0,4.0,9999.0,9999.0,9999.0,9999.0,9999.0,9999.0,10.2,34.0,40.0,2.0,48.0,52.0,57.0,61.0
270.0,1.0,4.0,10.0,5.0,12.0,2435.0,142.0,9.0,5100.0,9999.0,9999.0,9999.0,13.93,1.84,17.0,23.0,29.0,4.0,9999.0,9999.0,9999.0,9999.0,9999.0,9999.0,10.3,34.0,40.0,2.0,48.0,52.0,57.0,61.0
270.0,1.0,4.0,10.0,5.0,12.0,2435.0,142.0,9.0,5100.0,850.0,9999.0,9999.0,13.93,1.84,17.0,23.0,29.0,4.0,9999.0,9999.0,9999.0,9999.0,9999.0,9999.0,11.2,34.0,40.0,2.0,48.0,52.0,57.0,61.0
270.0,1.0,4.0,10.0,5.0,12.0,2435.0,142.0,9.0,5100.0,9999.0,9999.0,9999.0,13.93,1.84,17.0,23.0,29.0,4.0,9999.0,9999.0,9999.0,9999.0,9999.0,9999.0,11.3,34.0,40.0,2.0,48.0,52.0,57.0,61.0
270.0,1.0,6.0,10.0,5.0,12.0,2435.0,142.0,9.0,5100.0,9999.0,9999.0,9999.0,13.93,1.84,17.0,23.0,29.0,4.0,9999.0,9999.0,9999.0,9999.0,9999.0,9999.0,11.6,34.0,40.0,2.0,48.0,52.0,57.0,61.0
270.0,1.0,6.0,10.0,5.0,12.0,2435.0,142.0,9.0,5100.0,9999.0,9999.0,9999.0,13.93,1.84,17.0,23.0,29.0,4.0,9999.0,9999.0,9999.0,9999.0,9999.0,9999.0,11.4,34.0,40.0,2.0,48.0,52.0,57.0,61.0
270.0,1.0,6.0,10.0,5.0,12.0,2435.0,142.0,9.0,5100.0,9999.0,9999.0,9999.0,13.93,1.84,17.0,23.0,29.0,4.0,9999.0,9999.0,9999.0,9999.0,9999.0,9999.0,11.6,34.0,40.0,2.0,48.0,52.0,57.0,61.0
280.0,1.0,5.0,11.0,5.0,12.0,2497.0,110.0,22.0,4400.0,720.0,5400.0,5450.0,14.09,966.0,17.0,23.0,29.0,4.0,6.0,29.0,7.9,7.0,26.0,9.5,13.2,34.0,38.0,2.0,48.0,56.0,57.0,68.0
280.0,1.0,5.0,11.0,5.0,12.0,2497.0,110.0,22.0,4400.0,720.0,5400.0,5450.0,14.09,966.0,17.0,23.0,29.0,4.0,6.0,29.0,7.9,7.0,26.0,9.5,13.5,34.0,38.0,2.0,48.0,56.0,57.0,68.0
280.0,2.0,8.0,11.0,5.0,12.0,2874.0,88.0,20.0,3800.0,680.0,4200.0,4200.0,12.24,1.38,17.0,23.0,29.0,2.0,8.0,38.0,9999.0,9.0,35.0,9999.0,22.5,34.0,39.0,1.0,48.0,53.0,57.0,63.0
280.0,2.0,8.0,11.0,5.0,12.0,2874.0,88.0,20.0,3800.0,680.0,4200.0,4200.0,12.24,1.38,17.0,23.0,29.0,2.0,8.0,38.0,9999.0,9.0,35.0,9999.0,23.9,34.0,39.0,1.0,48.0,53.0,57.0,63.0
285.0,1.0,4.0,10.0,5.0,12.0,2435.0,147.0,9.0,6000.0,670.0,9999.0,9999.0,14.71,1.84,17.0,0.0,0.0,4.0,9999.0,9999.0,9999.0,9999.0,9999.0,9999.0,10.4,34.0,40.0,2.0,48.0,52.0,58.0,61.0
285.0,1.0,4.0,10.0,5.0,12.0,2435.0,147.0,9.0,6000.0,670.0,9999.0,9999.0,14.71,1.84,17.0,0.0,0.0,4.0,9999.0,9999.0,9999.0,9999.0,9999.0,9999.0,9999.0,34.0,40.0,2.0,48.0,52.0,58.0,61.0
285.0,1.0,4.0,10.0,5.0,12.0,2435.0,147.0,9.0,6000.0,670.0,9999.0,9999.0,14.71,1.84,17.0,0.0,0.0,4.0,9999.0,9999.0,9999.0,9999.0,9999.0,9999.0,9999.0,34.0,40.0,2.0,48.0,52.0,58.0,61.0
290.0,1.0,4.0,11.0,5.0,12.0,2461.0,103.0,21.0,4000.0,810.0,9999.0,9999.0,14.81,1179.0,17.0,23.0,29.0,2.0,9999.0,9999.0,9999.0,9999.0,9999.0,9999.0,15.3,34.0,40.0,1.0,48.0,53.0,57.0,63.0
290.0,1.0,4.0,11.0,5.0,12.0,2461.0,103.0,21.0,4000.0,810.0,9999.0,9999.0,14.81,1179.0,17.0,23.0,29.0,2.0,9999.0,9999.0,9999.0,9999.0,9999.0,9999.0,15.5,34.0,40.0,1.0,48.0,53.0,57.0,63.0
290.0,1.0,4.0,11.0,5.0,12.0,2461.0,103.0,21.0,4000.0,9999.0,9999.0,9999.0,14.81,1179.0,17.0,23.0,29.0,2.0,9999.0,9999.0,9999.0,9999.0,9999.0,9999.0,15.5,34.0,40.0,1.0,48.0,53.0,57.0,63.0
295.0,3.0,4.0,11.0,5.0,12.0,2461.0,111.0,19.0,4000.0,780.0,4950.0,9999.0,15.06,1179.0,17.0,23.0,29.0,2.0,9999.0,9999.0,9999.0,9999.0,9999.0,9999.0,16.5,34.0,40.0,1.0,48.0,53.0,57.0,63.0
300.0,2.0,6.0,11.0,5.0,12.0,2496.0,101.0,20.0,4200.0,9999.0,9999.0,9999.0,15.1,1.53,15.0,23.0,29.0,2.0,9999.0,9999.0,9999.0,9999.0,9999.0,9999.0,21.3,34.0,43.0,1.0,48.0,53.0,58.0,64.0
304.0,1.0,4.0,11.0,5.0,12.0,2387.0,100.0,18.0,4000.0,9999.0,9999.0,9999.0,16.0,1.12,17.0,23.0,29.0,2.0,8.0,8.0,9999.0,9999.0,9999.0,9999.0,14.9,34.0,40.0,1.0,48.0,53.0,57.0,62.0
304.0,1.0,4.0,11.0,5.0,12.0,2387.0,100.0,18.0,4000.0,9999.0,9999.0,9999.0,16.0,1.12,17.0,23.0,29.0,2.0,8.0,8.0,9999.0,9999.0,9999.0,9999.0,13.5,34.0,40.0,1.0,48.0,53.0,57.0,62.0
304.0,1.0,4.0,11.0,5.0,12.0,2387.0,100.0,18.0,4000.0,9999.0,9999.0,9999.0,16.0,1.12,17.0,23.0,29.0,2.0,8.0,8.0,9999.0,9999.0,9999.0,9999.0,13.0,34.0,40.0,1.0,48.0,53.0,57.0,62.0
304.0,1.0,4.0,11.0,5.0,12.0,2387.0,100.0,18.0,4000.0,9999.0,9999.0,9999.0,16.0,1.12,17.0,23.0,29.0,2.0,8.0,8.0,9999.0,9999.0,9999.0,9999.0,15.1,34.0,40.0,1.0,48.0,53.0,57.0,62.0
304.0,1.0,4.0,11.0,5.0,12.0,2387.0,99.0,18.0,4000.0,9999.0,9999.0,9999.0,16.0,1.12,17.0,23.0,29.0,2.0,8.0,8.0,9999.0,9999.0,9999.0,9999.0,13.8,34.0,40.0,1.0,48.0,53.0,57.0,62.0
304.0,1.0,4.0,11.0,5.0,12.0,2387.0,100.0,18.0,4000.0,9999.0,9999.0,9999.0,16.0,1.12,17.0,23.0,29.0,2.0,8.0,8.0,9999.0,9999.0,9999.0,9999.0,14.0,34.0,40.0,1.0,48.0,53.0,57.0,62.0
304.0,1.0,4.0,11.0,5.0,12.0,2387.0,100.0,18.0,4000.0,9999.0,9999.0,9999.0,16.0,1.12,17.0,23.0,29.0,2.0,8.0,8.0,9999.0,9999.0,9999.0,9999.0,13.6,34.0,40.0,1.0,48.0,53.0,57.0,62.0
304.0,1.0,4.0,11.0,5.0,12.0,2387.0,100.0,18.0,4000.0,9999.0,9999.0,9999.0,16.0,1.12,17.0,23.0,29.0,2.0,8.0,8.0,9999.0,9999.0,9999.0,9999.0,15.8,34.0,40.0,1.0,48.0,53.0,57.0,62.0
309.0,1.0,4.0,10.0,5.0,12.0,1998.0,162.0,9.0,5750.0,9999.0,9999.0,9999.0,19.43,0.923,17.0,24.0,29.0,4.0,6.9,29.5,9999.0,6.9,25.5,9999.0,9.3,34.0,40.0,2.0,48.0,52.0,57.0,61.0
309.0,1.0,4.0,10.0,5.0,12.0,1998.0,162.0,9.0,5750.0,9999.0,9999.0,9999.0,19.43,0.923,17.0,24.0,29.0,4.0,6.9,29.5,9999.0,6.9,25.5,9999.0,9.1,34.0,40.0,2.0,48.0,52.0,57.0,61.0
310.0,1.0,4.0,10.0,5.0,12.0,1998.0,162.0,9.0,5750.0,9999.0,9999.0,9999.0,19.5,0.923,17.0,24.0,29.0,4.0,6.9,29.5,9999.0,6.9,25.5,9999.0,8.1,34.0,40.0,2.0,48.0,52.0,57.0,61.0
315.0,2.0,6.0,11.0,5.0,12.0,2496.0,101.0,20.0,4200.0,9999.0,9999.0,9999.0,15.86,1.53,15.0,23.0,29.0,2.0,9999.0,9999.0,9999.0,9999.0,9999.0,9999.0,21.3,34.0,43.0,1.0,48.0,53.0,58.0,64.0
330.0,1.0,4.0,10.0,5.0,12.0,2319.0,176.0,9.0,5100.0,9999.0,9999.0,9999.0,17.88,1111.0,17.0,23.0,29.0,4.0,9999.0,9999.0,9999.0,9999.0,9999.0,9999.0,8.4,34.0,40.0,2.0,48.0,52.0,57.0,61.0
330.0,1.0,4.0,10.0,5.0,12.0,2319.0,176.0,9.0,5100.0,850.0,9999.0,9999.0,17.88,1111.0,17.0,23.0,29.0,4.0,9999.0,9999.0,9999.0,9999.0,9999.0,9999.0,9.1,34.0,40.0,2.0,48.0,52.0,57.0,61.0
330.0,1.0,4.0,10.0,5.0,12.0,2319.0,176.0,9.0,5100.0,9999.0,9999.0,9999.0,17.88,1111.0,17.0,23.0,29.0,4.0,9999.0,9999.0,9999.0,9999.0,9999.0,9999.0,9.2,34.0,40.0,2.0,48.0,52.0,57.0,61.0
330.0,1.0,4.0,10.0,5.0,12.0,2319.0,184.0,9.0,5200.0,670.0,9999.0,9999.0,17.88,1111.0,17.0,0.0,0.0,4.0,9999.0,9999.0,9999.0,9999.0,9999.0,9999.0,8.4,34.0,40.0,2.0,48.0,52.0,58.0,61.0
330.0,1.0,4.0,10.0,5.0,12.0,2319.0,176.0,9.0,5400.0,670.0,9999.0,9999.0,17.88,1111.0,17.0,0.0,0.0,4.0,9999.0,9999.0,9999.0,9999.0,9999.0,9999.0,9999.0,34.0,40.0,2.0,48.0,52.0,58.0,61.0
330.0,1.0,4.0,10.0,5.0,12.0,2319.0,176.0,9.0,5400.0,670.0,9999.0,9999.0,17.88,1111.0,17.0,0.0,0.0,4.0,9999.0,9999.0,9999.0,9999.0,9999.0,9999.0,9999.0,34.0,40.0,2.0,48.0,52.0,58.0,61.0
370.0,1.0,5.0,11.0,5.0,12.0,2688.0,125.0,18.0,4200.0,680.0,4750.0,4600.0,17.3,1.5,17.0,23.0,29.0,4.0,6.0,30.2,7.9,7.0,28.4,7.9,12.6,34.0,38.0,2.0,48.0,53.0,57.0,62.0
370.0,1.0,5.0,11.0,5.0,12.0,2685.0,125.0,18.0,4200.0,680.0,4750.0,4600.0,17.32,1.3,17.0,23.0,29.0,4.0,6.0,30.2,7.9,7.0,28.4,7.9,12.2,34.0,38.0,2.0,48.0,53.0,57.0,62.0
370.0,2.0,6.0,11.0,5.0,12.0,2688.0,120.0,18.0,4200.0,680.0,4750.0,4600.0,17.3,1.5,17.0,23.0,29.0,4.0,6.0,30.2,7.9,7.0,28.4,7.9,17.0,34.0,38.0,2.0,48.0,53.0,57.0,62.0
384.0,2.0,6.0,11.0,5.0,12.0,3124.0,103.0,21.0,3600.0,700.0,4750.0,9999.0,15.45,1.22,19.0,23.0,29.0,2.0,7.9,40.2,9999.0,7.9,33.8,9999.0,18.4,35.0,44.0,1.0,48.0,54.0,57.0,63.0
400.0,1.0,5.0,11.0,5.0,12.0,2688.0,125.0,18.0,4200.0,680.0,4750.0,4600.0,18.7,1.5,17.0,23.0,29.0,4.0,6.0,30.2,7.9,7.0,28.4,7.9,12.8,34.0,38.0,2.0,48.0,53.0,57.0,62.0
400.0,1.0,5.0,11.0,5.0,12.0,2688.0,125.0,18.0,4200.0,680.0,4750.0,4600.0,18.7,1.5,17.0,23.0,29.0,4.0,6.0,30.2,7.9,7.0,28.4,7.9,13.6,34.0,38.0,2.0,48.0,53.0,57.0,62.0
400.0,2.0,6.0,11.0,5.0,12.0,2688.0,120.0,18.0,4200.0,680.0,4750.0,4600.0,18.7,1.5,17.0,23.0,29.0,4.0,6.0,30.2,7.9,7.0,28.4,7.9,17.0,34.0,38.0,2.0,48.0,53.0,57.0,62.0
176.0,1.0,4.0,10.0,6.0,13.0,1995.0,105.0,10.0,6000.0,670.0,9999.0,9999.0,11.09,892.0,17.0,23.0,29.0,4.0,6.0,28.5,9999.0,6.0,23.1,9999.0,13.4,34.0,42.0,4.0,47.0,52.0,57.0,61.0
179.0,1.0,4.0,10.0,6.0,13.0,1995.0,103.0,10.0,6400.0,9999.0,9999.0,9999.0,11.28,965.0,17.0,23.0,29.0,4.0,6.0,29.0,9999.0,6.0,23.9,9999.0,13.7,34.0,39.0,4.0,47.0,52.0,57.0,61.0
179.0,1.0,4.0,10.0,6.0,13.0,1995.0,103.0,10.0,6400.0,9999.0,9999.0,9999.0,11.28,965.0,17.0,23.0,29.0,4.0,6.0,29.0,9999.0,6.0,23.9,9999.0,14.0,34.0,39.0,4.0,47.0,52.0,57.0,61.0
185.0,1.0,4.0,10.0,6.0,13.0,1991.0,110.0,9999.0,6500.0,9999.0,9999.0,9999.0,11.68,9999.0,17.0,23.0,29.0,4.0,9999.0,9999.0,9999.0,9999.0,9999.0,9999.0,13.1,34.0,40.0,4.0,47.0,52.0,58.0,61.0
185.0,1.0,4.0,10.0,6.0,13.0,1991.0,110.0,9999.0,6500.0,9999.0,9999.0,9999.0,11.68,9999.0,17.0,23.0,29.0,4.0,9999.0,9999.0,9999.0,9999.0,9999.0,9999.0,13.3,34.0,40.0,4.0,47.0,52.0,58.0,61.0
185.0,1.0,4.0,10.0,6.0,13.0,1997.0,110.0,11.0,6500.0,9999.0,9999.0,9999.0,11.64,828.0,17.0,23.0,29.0,4.0,9999.0,9999.0,9999.0,9999.0,9999.0,9999.0,11.5,34.0,40.0,4.0,47.0,52.0,58.0,61.0
185.0,1.0,4.0,10.0,6.0,13.0,1997.0,110.0,11.0,6500.0,9999.0,9999.0,9999.0,11.64,828.0,17.0,23.0,29.0,4.0,9999.0,9999.0,9999.0,9999.0,9999.0,9999.0,11.5,34.0,40.0,4.0,47.0,52.0,58.0,61.0
190.0,1.0,5.0,10.0,6.0,12.0,1991.0,110.0,11.0,5900.0,720.0,9999.0,6500.0,11.99,825.0,17.0,25.0,31.0,4.0,6.0,30.0,9.0,6.0,27.0,9.0,12.4,34.0,43.0,2.0,47.0,52.0,57.0,61.0
190.0,1.0,5.0,10.0,6.0,12.0,1991.0,110.0,11.0,5900.0,720.0,9999.0,6500.0,11.99,825.0,17.0,25.0,31.0,4.0,6.0,30.0,9.0,6.0,27.0,9.0,12.7,34.0,43.0,2.0,47.0,52.0,57.0,61.0
190.0,1.0,5.0,10.0,6.0,12.0,1991.0,110.0,11.0,5900.0,720.0,9999.0,6500.0,11.99,825.0,17.0,25.0,31.0,4.0,6.0,30.0,9.0,6.0,27.0,9.0,12.4,34.0,43.0,2.0,47.0,52.0,57.0,61.0
190.0,1.0,5.0,10.0,6.0,12.0,1991.0,110.0,11.0,5900.0,720.0,9999.0,6500.0,11.99,825.0,17.0,25.0,31.0,4.0,6.0,30.0,9.0,6.0,27.0,9.0,12.7,34.0,43.0,2.0,47.0,52.0,57.0,61.0
190.0,1.0,5.0,10.0,6.0,12.0,1991.0,110.0,11.0,5900.0,700.0,6500.0,6500.0,11.99,825.0,17.0,25.0,31.0,4.0,6.0,33.0,9.0,6.0,27.0,9.0,11.9,34.0,37.0,2.0,47.0,52.0,57.0,61.0
190.0,1.0,5.0,10.0,6.0,12.0,1991.0,110.0,11.0,5900.0,700.0,9999.0,6500.0,11.99,825.0,17.0,24.0,30.0,4.0,6.0,30.0,9.0,6.0,27.0,9.0,13.4,34.0,37.0,2.0,47.0,52.0,57.0,61.0
190.0,1.0,5.0,10.0,6.0,12.0,1991.0,110.0,11.0,5900.0,700.0,9999.0,6500.0,11.99,825.0,17.0,24.0,30.0,4.0,6.0,30.0,9.0,6.0,27.0,9.0,13.6,34.0,37.0,2.0,47.0,52.0,57.0,61.0
190.0,1.0,5.0,10.0,6.0,12.0,1991.0,110.0,11.0,5900.0,720.0,9999.0,6500.0,11.99,825.0,17.0,25.0,31.0,4.0,6.0,30.0,9.0,6.0,27.0,9.0,13.0,34.0,43.0,2.0,47.0,52.0,57.0,61.0
190.0,1.0,5.0,10.0,6.0,12.0,1991.0,110.0,11.0,5900.0,720.0,9999.0,6500.0,11.99,825.0,17.0,25.0,31.0,4.0,6.0,30.0,9.0,6.0,27.0,9.0,13.3,34.0,43.0,2.0,47.0,52.0,57.0,61.0
190.0,1.0,5.0,10.0,6.0,12.0,1991.0,110.0,11.0,5900.0,700.0,9999.0,6500.0,11.99,825.0,17.0,24.0,30.0,4.0,6.0,30.0,9.0,6.0,27.0,9.0,14.3,34.0,37.0,2.0,47.0,52.0,57.0,61.0
190.0,1.0,5.0,10.0,6.0,12.0,1991.0,110.0,11.0,5900.0,700.0,9999.0,6500.0,11.99,825.0,17.0,24.0,30.0,4.0,6.0,30.0,9.0,6.0,27.0,9.0,14.5,34.0,37.0,2.0,47.0,52.0,57.0,61.0
195.0,1.0,5.0,10.0,6.0,12.0,1988.0,114.0,10.0,6200.0,9999.0,9999.0,6500.0,12.33,1.0,17.0,25.0,29.0,4.0,5.0,9999.0,9999.0,5.0,9999.0,9999.0,11.9,34.0,42.0,2.0,47.0,52.0,57.0,61.0
195.0,1.0,5.0,10.0,6.0,12.0,1988.0,114.0,10.0,6200.0,9999.0,9999.0,6500.0,12.33,1.0,17.0,25.0,29.0,4.0,5.0,9999.0,9999.0,5.0,9999.0,9999.0,12.0,34.0,42.0,2.0,47.0,52.0,57.0,61.0
195.0,1.0,5.0,10.0,6.0,12.0,1988.0,114.0,10.0,6200.0,9999.0,9999.0,6500.0,12.33,1.0,17.0,25.0,29.0,4.0,5.0,9999.0,9999.0,5.0,9999.0,9999.0,11.9,34.0,42.0,2.0,47.0,52.0,57.0,61.0
195.0,1.0,5.0,10.0,6.0,12.0,1988.0,114.0,10.0,6200.0,9999.0,9999.0,6500.0,12.33,1.0,17.0,25.0,29.0,4.0,5.0,9999.0,9999.0,5.0,9999.0,9999.0,12.0,34.0,42.0,2.0,47.0,52.0,57.0,61.0
208.0,2.0,8.0,10.0,6.0,13.0,2494.0,106.0,10.0,6200.0,9999.0,9999.0,9999.0,10.48,893.0,17.0,23.0,29.0,4.0,9999.0,9999.0,9999.0,9999.0,9999.0,9999.0,13.3,34.0,39.0,4.0,47.0,52.0,57.0,61.0
208.0,2.0,8.0,10.0,6.0,13.0,2494.0,106.0,10.0,6200.0,9999.0,9999.0,9999.0,10.48,893.0,17.0,23.0,29.0,4.0,9999.0,9999.0,9999.0,9999.0,9999.0,9999.0,13.4,34.0,39.0,4.0,47.0,52.0,57.0,61.0
212.0,1.0,4.0,10.0,6.0,13.0,2497.0,123.0,9.0,6000.0,650.0,9999.0,9999.0,10.67,878.0,17.0,23.0,29.0,4.0,6.0,32.0,9999.0,6.0,27.6,9999.0,11.5,34.0,42.0,4.0,47.0,52.0,57.0,61.0
212.0,1.0,4.0,10.0,6.0,13.0,2497.0,123.0,9.0,6000.0,650.0,9999.0,9999.0,10.67,878.0,17.0,23.0,29.0,4.0,6.0,32.0,9999.0,6.0,27.6,9999.0,11.8,34.0,42.0,4.0,47.0,52.0,57.0,61.0
220.0,1.0,4.0,10.0,6.0,13.0,2495.0,125.0,10.0,6250.0,725.0,9999.0,9999.0,11.08,0.974,16.0,23.0,29.0,4.0,6.0,32.0,9.8,6.0,26.0,9.8,11.1,34.0,43.0,4.0,47.0,52.0,57.0,61.0
220.0,1.0,4.0,10.0,6.0,13.0,2495.0,125.0,10.0,6250.0,725.0,9999.0,9999.0,11.08,0.974,16.0,23.0,29.0,4.0,6.0,32.0,9.8,6.0,26.0,9.8,11.3,34.0,43.0,4.0,47.0,52.0,57.0,61.0
220.0,2.0,8.0,10.0,6.0,13.0,2972.0,104.0,9.0,5000.0,9999.0,9999.0,9999.0,9.3,0.8340000000000001,21.0,23.0,29.0,2.0,8.0,43.0,9999.0,8.0,35.0,9999.0,17.6,34.0,40.0,2.0,47.0,52.0,57.0,61.0
220.0,2.0,8.0,10.0,6.0,13.0,2972.0,104.0,9.0,5000.0,9999.0,9999.0,9999.0,9.3,0.8340000000000001,21.0,23.0,29.0,2.0,8.0,43.0,9999.0,8.0,35.0,9999.0,17.6,34.0,40.0,2.0,47.0,52.0,57.0,61.0
220.0,2.0,8.0,10.0,6.0,13.0,2972.0,104.0,9.0,5000.0,9999.0,9999.0,9999.0,9.3,0.8340000000000001,21.0,23.0,29.0,2.0,8.0,43.0,9999.0,8.0,35.0,9999.0,19.6,34.0,40.0,2.0,47.0,52.0,57.0,61.0
222.0,1.0,4.0,10.0,6.0,13.0,2492.0,140.0,10.0,6300.0,9999.0,9999.0,9999.0,11.19,0.7759999999999999,17.0,23.0,29.0,4.0,9999.0,9999.0,9999.0,9999.0,9999.0,9999.0,9.5,34.0,40.0,4.0,47.0,52.0,57.0,61.0
222.0,1.0,4.0,10.0,6.0,13.0,2492.0,140.0,10.0,6300.0,9999.0,9999.0,9999.0,11.19,0.7759999999999999,17.0,23.0,29.0,4.0,9999.0,9999.0,9999.0,9999.0,9999.0,9999.0,10.6,34.0,40.0,4.0,47.0,52.0,57.0,61.0
222.0,1.0,4.0,10.0,6.0,13.0,2492.0,140.0,10.0,6300.0,9999.0,9999.0,9999.0,11.19,0.7759999999999999,17.0,23.0,29.0,4.0,9999.0,9999.0,9999.0,9999.0,9999.0,9999.0,9.6,34.0,40.0,4.0,47.0,52.0,57.0,61.0
222.0,1.0,4.0,10.0,6.0,13.0,2492.0,140.0,10.0,6300.0,9999.0,9999.0,9999.0,11.19,0.7759999999999999,17.0,23.0,29.0,4.0,9999.0,9999.0,9999.0,9999.0,9999.0,9999.0,9.8,34.0,40.0,4.0,47.0,52.0,57.0,61.0
222.0,3.0,4.0,10.0,6.0,13.0,2497.0,121.0,10.0,6500.0,725.0,9999.0,9999.0,11.17,1.35,17.0,23.0,29.0,4.0,6.0,9999.0,9999.0,6.0,9999.0,9999.0,14.6,34.0,40.0,4.0,47.0,52.0,57.0,61.0
223.0,1.0,4.0,10.0,6.0,13.0,2498.0,120.0,10.0,5750.0,9999.0,9999.0,9999.0,11.22,998.0,15.0,23.0,29.0,4.0,9999.0,9999.0,9999.0,9999.0,9999.0,9999.0,10.8,34.0,40.0,4.0,47.0,52.0,57.0,61.0
223.0,1.0,4.0,10.0,6.0,13.0,2498.0,120.0,10.0,5750.0,9999.0,9999.0,9999.0,11.22,998.0,15.0,23.0,29.0,4.0,9999.0,9999.0,9999.0,9999.0,9999.0,9999.0,10.9,34.0,40.0,4.0,47.0,52.0,57.0,61.0
223.0,1.0,4.0,10.0,6.0,13.0,2498.0,120.0,10.0,5750.0,9999.0,9999.0,9999.0,11.22,998.0,15.0,23.0,29.0,4.0,9999.0,9999.0,9999.0,9999.0,9999.0,9999.0,11.3,34.0,40.0,4.0,47.0,52.0,57.0,61.0
225.0,1.0,5.0,10.0,6.0,13.0,2398.0,125.0,10.0,5900.0,550.0,6000.0,6000.0,11.79,883.0,15.0,23.0,29.0,3.0,7.0,30.0,9.6,7.0,34.0,10.0,12.1,34.0,39.0,2.0,47.0,52.0,57.0,61.0
225.0,1.0,5.0,10.0,6.0,13.0,2398.0,125.0,10.0,5900.0,550.0,6000.0,6000.0,11.79,883.0,15.0,23.0,29.0,3.0,7.0,30.0,9.6,7.0,34.0,10.0,12.1,34.0,39.0,2.0,47.0,52.0,57.0,61.0
225.0,1.0,5.0,10.0,6.0,13.0,2398.0,125.0,10.0,5900.0,550.0,6000.0,6000.0,11.79,883.0,15.0,23.0,29.0,3.0,7.0,30.0,9.6,7.0,34.0,10.0,12.2,34.0,39.0,2.0,47.0,52.0,57.0,61.0
225.0,1.0,4.0,10.0,6.0,13.0,2598.0,110.0,10.0,5500.0,790.0,9999.0,9999.0,10.88,982.0,17.0,23.0,29.0,2.0,8.0,40.0,9999.0,8.0,33.0,9999.0,12.9,34.0,40.0,2.0,47.0,52.0,58.0,61.0
225.0,1.0,5.0,10.0,6.0,13.0,2398.0,125.0,10.0,5900.0,550.0,6000.0,6000.0,11.79,883.0,15.0,23.0,29.0,3.0,7.0,30.0,9.6,7.0,34.0,10.0,11.4,34.0,39.0,2.0,47.0,52.0,57.0,61.0
225.0,1.0,5.0,10.0,6.0,13.0,2398.0,125.0,10.0,5900.0,550.0,6000.0,6000.0,11.79,883.0,15.0,23.0,29.0,3.0,7.0,30.0,9.6,7.0,34.0,10.0,12.8,34.0,39.0,2.0,47.0,52.0,57.0,61.0
225.0,1.0,5.0,10.0,6.0,13.0,2398.0,125.0,10.0,5900.0,550.0,6000.0,6000.0,11.79,883.0,15.0,23.0,29.0,3.0,7.0,30.0,9.6,7.0,34.0,10.0,13.0,34.0,39.0,2.0,47.0,52.0,57.0,61.0
227.0,1.0,5.0,10.0,6.0,13.0,2498.0,125.0,11.0,6000.0,650.0,9999.0,9999.0,11.42,976.0,17.0,23.0,29.0,4.0,6.0,32.0,10.0,6.0,29.0,10.0,13.4,34.0,40.0,4.0,47.0,52.0,57.0,61.0
227.0,1.0,5.0,10.0,6.0,13.0,2498.0,125.0,11.0,6000.0,650.0,9999.0,9999.0,11.42,976.0,17.0,23.0,29.0,4.0,6.0,32.0,10.0,6.0,29.0,10.0,13.6,34.0,40.0,4.0,47.0,52.0,57.0,61.0
227.0,1.0,5.0,10.0,6.0,13.0,2498.0,125.0,11.0,6000.0,650.0,9999.0,9999.0,11.42,976.0,17.0,23.0,29.0,4.0,6.0,32.0,10.0,6.0,29.0,10.0,13.7,34.0,40.0,4.0,47.0,52.0,57.0,61.0
227.0,1.0,5.0,10.0,6.0,13.0,2498.0,125.0,11.0,6000.0,650.0,9999.0,9999.0,11.42,976.0,17.0,23.0,29.0,4.0,6.0,32.0,10.0,6.0,29.0,10.0,13.9,34.0,40.0,4.0,47.0,52.0,57.0,61.0
230.0,1.0,4.0,10.0,6.0,13.0,2393.0,121.0,11.0,6000.0,720.0,6800.0,9999.0,12.08,956.0,17.0,24.0,29.0,5.0,9999.0,27.0,8.4,9999.0,30.0,10.4,11.2,34.0,41.0,4.0,47.0,52.0,57.0,61.0
230.0,1.0,4.0,10.0,6.0,13.0,2393.0,121.0,11.0,6000.0,720.0,6800.0,9999.0,12.08,956.0,17.0,24.0,29.0,5.0,9999.0,27.0,8.4,9999.0,30.0,10.4,11.7,34.0,41.0,4.0,47.0,52.0,57.0,61.0
230.0,1.0,4.0,10.0,6.0,13.0,2393.0,121.0,11.0,6000.0,650.0,6800.0,9999.0,12.08,956.0,17.0,24.0,29.0,5.0,9999.0,27.0,8.4,9999.0,30.0,10.4,12.0,34.0,41.0,4.0,47.0,52.0,57.0,61.0
230.0,1.0,6.0,10.0,6.0,13.0,2393.0,121.0,11.0,6000.0,650.0,6800.0,9999.0,12.08,956.0,17.0,24.0,29.0,5.0,9999.0,27.0,8.4,9999.0,30.0,10.4,13.3,34.0,41.0,4.0,47.0,52.0,57.0,61.0
230.0,1.0,4.0,10.0,6.0,13.0,2393.0,121.0,11.0,6000.0,650.0,6800.0,9999.0,12.08,956.0,17.0,24.0,29.0,5.0,9999.0,27.0,8.4,9999.0,30.0,10.4,12.5,34.0,41.0,4.0,47.0,52.0,57.0,61.0
230.0,1.0,4.0,10.0,6.0,13.0,2498.0,125.0,11.0,5800.0,720.0,9999.0,9999.0,11.57,976.0,17.0,23.0,29.0,4.0,6.0,32.0,10.0,6.0,29.0,10.0,10.8,34.0,40.0,4.0,47.0,52.0,57.0,61.0
230.0,1.0,4.0,10.0,6.0,13.0,2498.0,125.0,11.0,5800.0,720.0,9999.0,9999.0,11.57,976.0,17.0,23.0,29.0,4.0,6.0,32.0,10.0,6.0,29.0,10.0,11.1,34.0,40.0,4.0,47.0,52.0,57.0,61.0
230.0,1.0,4.0,10.0,6.0,13.0,2498.0,125.0,11.0,5800.0,720.0,9999.0,9999.0,11.57,976.0,17.0,23.0,29.0,4.0,6.0,32.0,10.0,6.0,29.0,10.0,11.1,34.0,40.0,4.0,47.0,52.0,57.0,61.0
230.0,1.0,4.0,10.0,6.0,13.0,2498.0,125.0,11.0,5800.0,720.0,9999.0,9999.0,11.57,976.0,17.0,23.0,29.0,4.0,6.0,32.0,10.0,6.0,29.0,10.0,11.2,34.0,40.0,4.0,47.0,52.0,57.0,61.0
230.0,1.0,4.0,10.0,6.0,13.0,2494.0,118.0,10.0,6000.0,9999.0,9999.0,9999.0,11.59,893.0,16.0,23.0,29.0,4.0,9999.0,9999.0,9999.0,9999.0,9999.0,9999.0,11.3,34.0,40.0,4.0,47.0,52.0,57.0,61.0
230.0,1.0,4.0,10.0,6.0,13.0,2393.0,121.0,11.0,6000.0,720.0,6800.0,9999.0,12.08,956.0,17.0,24.0,29.0,5.0,9999.0,27.0,8.4,9999.0,30.0,10.4,11.7,34.0,41.0,4.0,47.0,52.0,57.0,61.0
230.0,1.0,4.0,10.0,6.0,13.0,2393.0,121.0,11.0,6000.0,650.0,6800.0,9999.0,12.08,956.0,17.0,24.0,29.0,5.0,9999.0,27.0,8.4,9999.0,30.0,10.4,12.4,34.0,41.0,4.0,47.0,52.0,57.0,61.0
230.0,1.0,6.0,10.0,6.0,13.0,2393.0,121.0,11.0,6000.0,650.0,6800.0,9999.0,12.08,956.0,17.0,24.0,29.0,5.0,9999.0,27.0,8.4,9999.0,30.0,10.4,13.3,34.0,41.0,4.0,47.0,52.0,57.0,61.0
230.0,1.0,6.0,10.0,6.0,13.0,2393.0,121.0,11.0,6000.0,650.0,6800.0,9999.0,12.08,956.0,17.0,24.0,29.0,5.0,9999.0,27.0,8.4,9999.0,30.0,10.4,13.7,34.0,41.0,4.0,47.0,52.0,57.0,61.0
235.0,1.0,4.0,10.0,6.0,13.0,2495.0,151.0,10.0,6500.0,725.0,6750.0,9999.0,11.84,0.974,16.0,23.0,29.0,4.0,6.0,32.0,9999.0,6.0,26.0,9999.0,9.2,34.0,43.0,4.0,47.0,52.0,57.0,61.0
235.0,3.0,4.0,10.0,6.0,13.0,2792.0,128.0,10.0,5800.0,700.0,9999.0,9999.0,10.58,1115.0,17.0,23.0,29.0,2.0,7.0,39.0,9999.0,7.0,34.2,9999.0,13.2,34.0,43.0,2.0,47.0,52.0,57.0,61.0
235.0,3.0,4.0,10.0,6.0,13.0,2792.0,128.0,10.0,5800.0,700.0,9999.0,9999.0,10.58,1115.0,17.0,23.0,29.0,2.0,7.0,39.0,9999.0,7.0,34.2,9999.0,13.4,34.0,43.0,2.0,47.0,52.0,57.0,61.0
235.0,3.0,4.0,10.0,6.0,13.0,2792.0,128.0,10.0,5800.0,700.0,9999.0,9999.0,10.58,1115.0,17.0,23.0,29.0,2.0,7.0,39.0,9999.0,7.0,34.2,9999.0,13.4,34.0,43.0,2.0,47.0,52.0,57.0,61.0
235.0,3.0,4.0,10.0,6.0,13.0,2792.0,128.0,10.0,5800.0,700.0,9999.0,9999.0,10.58,1115.0,17.0,23.0,29.0,2.0,7.0,39.0,9999.0,7.0,34.2,9999.0,13.6,34.0,43.0,2.0,47.0,52.0,57.0,61.0
235.0,3.0,6.0,10.0,6.0,13.0,2792.0,128.0,10.0,5800.0,700.0,9999.0,9999.0,10.58,1115.0,17.0,23.0,29.0,2.0,7.0,39.0,9999.0,7.0,34.2,9999.0,14.3,34.0,43.0,2.0,47.0,52.0,57.0,61.0
237.0,3.0,4.0,10.0,6.0,13.0,2792.0,128.0,10.0,6000.0,700.0,6200.0,6200.0,10.67,1115.0,17.0,23.0,29.0,2.0,7.0,39.0,10.2,7.0,34.2,10.2,15.9,34.0,39.0,2.0,47.0,52.0,57.0,61.0
240.0,1.0,5.0,10.0,6.0,13.0,2597.0,125.0,11.0,5500.0,9999.0,6000.0,6000.0,11.61,759.0,15.0,23.0,29.0,3.0,7.0,30.0,9.6,7.0,34.0,10.0,11.7,34.0,39.0,2.0,47.0,52.0,57.0,61.0
240.0,1.0,5.0,10.0,6.0,13.0,2597.0,125.0,11.0,5500.0,9999.0,6000.0,6000.0,11.61,759.0,15.0,23.0,29.0,3.0,7.0,30.0,9.6,7.0,34.0,10.0,11.9,34.0,39.0,2.0,47.0,52.0,57.0,61.0
240.0,1.0,4.0,10.0,6.0,13.0,2498.0,143.0,11.0,6500.0,720.0,9999.0,9999.0,12.07,976.0,17.0,23.0,29.0,4.0,6.0,32.0,10.0,6.0,29.0,10.0,9.9,34.0,40.0,4.0,47.0,52.0,57.0,61.0
240.0,1.0,4.0,10.0,6.0,13.0,2497.0,129.0,9999.0,6500.0,9999.0,9999.0,9999.0,12.08,1.35,17.0,23.0,29.0,4.0,9999.0,9999.0,9999.0,9999.0,9999.0,9999.0,11.2,34.0,40.0,4.0,47.0,52.0,58.0,61.0
240.0,1.0,4.0,10.0,6.0,13.0,2497.0,129.0,9999.0,6500.0,9999.0,9999.0,9999.0,12.08,1.35,17.0,23.0,29.0,4.0,9999.0,9999.0,9999.0,9999.0,9999.0,9999.0,11.3,34.0,40.0,4.0,47.0,52.0,58.0,61.0
240.0,3.0,6.0,10.0,6.0,13.0,2792.0,128.0,10.0,5800.0,700.0,9999.0,9999.0,10.8,1115.0,17.0,23.0,29.0,2.0,7.0,39.0,9999.0,7.0,34.2,9999.0,14.1,34.0,43.0,2.0,47.0,52.0,57.0,61.0
240.0,3.0,4.0,10.0,6.0,13.0,2792.0,103.0,10.0,4500.0,700.0,9999.0,9999.0,10.8,1115.0,17.0,23.0,29.0,2.0,7.0,39.0,9.1,7.0,34.2,9.1,17.6,34.0,43.0,2.0,47.0,52.0,57.0,61.0
240.0,3.0,4.0,10.0,6.0,13.0,2792.0,103.0,10.0,4500.0,700.0,9999.0,9999.0,10.8,1115.0,17.0,23.0,29.0,2.0,7.0,39.0,9.1,7.0,34.2,9.1,17.9,34.0,43.0,2.0,47.0,52.0,57.0,61.0
240.0,3.0,4.0,10.0,6.0,13.0,2792.0,103.0,10.0,4500.0,700.0,9999.0,9999.0,10.8,1115.0,17.0,23.0,29.0,2.0,7.0,39.0,9.1,7.0,34.2,9.1,18.0,34.0,43.0,2.0,47.0,52.0,57.0,61.0
240.0,3.0,4.0,10.0,6.0,13.0,2792.0,103.0,10.0,4500.0,700.0,9999.0,9999.0,10.8,1115.0,17.0,23.0,29.0,2.0,7.0,39.0,9.1,7.0,34.2,9.1,18.3,34.0,43.0,2.0,47.0,52.0,57.0,61.0
245.0,1.0,5.0,10.0,6.0,12.0,2494.0,125.0,11.0,5500.0,700.0,6500.0,6500.0,12.34,893.0,17.0,24.0,29.0,4.0,6.0,33.0,9.0,6.0,30.5,9.0,10.0,34.0,37.0,2.0,47.0,52.0,57.0,61.0
245.0,1.0,5.0,10.0,6.0,12.0,2494.0,125.0,11.0,5500.0,700.0,6500.0,6500.0,12.34,893.0,17.0,24.0,29.0,4.0,6.0,33.0,9.0,6.0,30.5,9.0,10.3,34.0,37.0,2.0,47.0,52.0,57.0,61.0
245.0,1.0,5.0,10.0,6.0,12.0,2494.0,125.0,11.0,5500.0,720.0,9999.0,6500.0,12.34,893.0,17.0,25.0,31.0,4.0,6.0,33.0,9.0,6.0,30.5,9.0,11.0,34.0,37.0,2.0,47.0,52.0,57.0,61.0
245.0,1.0,5.0,10.0,6.0,12.0,2494.0,125.0,11.0,5500.0,720.0,9999.0,6500.0,12.34,893.0,17.0,25.0,31.0,4.0,6.0,33.0,9.0,6.0,30.5,9.0,11.0,34.0,37.0,2.0,47.0,52.0,57.0,61.0
245.0,1.0,5.0,10.0,6.0,12.0,2494.0,125.0,11.0,5500.0,700.0,9999.0,6500.0,12.34,893.0,17.0,24.0,30.0,4.0,6.0,33.0,9.0,6.0,30.5,9.0,11.8,34.0,37.0,2.0,47.0,52.0,57.0,61.0
245.0,1.0,5.0,10.0,6.0,12.0,2494.0,125.0,11.0,5500.0,700.0,9999.0,6500.0,12.34,893.0,17.0,24.0,30.0,4.0,6.0,33.0,9.0,6.0,30.5,9.0,12.0,34.0,37.0,2.0,47.0,52.0,57.0,61.0
245.0,1.0,5.0,10.0,6.0,12.0,2494.0,125.0,11.0,5500.0,700.0,9999.0,6500.0,12.34,893.0,17.0,24.0,30.0,4.0,6.0,33.0,9.0,6.0,30.5,9.0,12.6,34.0,37.0,2.0,47.0,52.0,57.0,61.0
245.0,1.0,5.0,10.0,6.0,12.0,2494.0,125.0,11.0,5500.0,700.0,9999.0,6500.0,12.34,893.0,17.0,24.0,30.0,4.0,6.0,33.0,9.0,6.0,30.5,9.0,12.9,34.0,37.0,2.0,47.0,52.0,57.0,61.0
250.0,1.0,4.0,10.0,6.0,13.0,2771.0,128.0,10.0,5500.0,750.0,6500.0,6700.0,11.34,1.47,17.0,23.0,29.0,2.0,8.0,40.0,10.6,8.0,33.0,10.6,11.2,34.0,40.0,2.0,47.0,52.0,57.0,61.0
250.0,1.0,5.0,11.0,6.0,12.0,2497.0,96.0,23.0,4500.0,750.0,9999.0,9999.0,12.58,1.35,17.0,0.0,0.0,2.0,9999.0,36.0,9999.0,9999.0,31.0,9999.0,17.4,34.0,43.0,1.0,48.0,52.0,58.0,63.0
250.0,1.0,5.0,11.0,6.0,12.0,2497.0,96.0,23.0,4500.0,750.0,9999.0,9999.0,12.58,1.35,17.0,0.0,0.0,2.0,9999.0,36.0,9999.0,9999.0,31.0,9999.0,17.7,34.0,43.0,1.0,48.0,52.0,58.0,63.0
250.0,1.0,5.0,11.0,6.0,12.0,2497.0,96.0,23.0,4500.0,750.0,9999.0,9999.0,12.58,1.35,17.0,0.0,0.0,2.0,9999.0,36.0,9999.0,9999.0,31.0,9999.0,17.8,34.0,43.0,1.0,48.0,52.0,58.0,63.0
250.0,1.0,5.0,11.0,6.0,12.0,2497.0,96.0,23.0,4500.0,750.0,9999.0,9999.0,12.58,1.35,17.0,0.0,0.0,2.0,9999.0,36.0,9999.0,9999.0,31.0,9999.0,18.1,34.0,43.0,1.0,48.0,52.0,58.0,63.0
253.0,3.0,4.0,10.0,6.0,13.0,2986.0,108.0,9.0,5000.0,9999.0,9999.0,9999.0,10.65,899.0,19.0,23.0,29.0,2.0,8.0,42.0,9999.0,8.0,35.0,9999.0,17.2,35.0,43.0,1.0,47.0,52.0,57.0,61.0
255.0,1.0,4.0,10.0,6.0,13.0,2972.0,138.0,10.0,6000.0,9999.0,9999.0,9999.0,10.78,0.8340000000000001,18.0,23.0,29.0,4.0,9999.0,9999.0,9999.0,9999.0,9999.0,9999.0,12.2,34.0,40.0,4.0,47.0,52.0,57.0,61.0
255.0,2.0,6.0,10.0,6.0,13.0,2972.0,130.0,9.0,5000.0,9999.0,9999.0,9999.0,10.78,0.8340000000000001,15.0,23.0,29.0,4.0,8.0,35.0,9999.0,8.0,30.5,9999.0,13.3,34.0,40.0,2.0,47.0,52.0,57.0,61.0
255.0,2.0,6.0,10.0,6.0,13.0,2972.0,130.0,9.0,5000.0,9999.0,9999.0,9999.0,10.78,0.8340000000000001,15.0,23.0,29.0,4.0,8.0,35.0,9999.0,8.0,30.5,9999.0,13.3,34.0,40.0,2.0,47.0,52.0,57.0,61.0
255.0,2.0,8.0,10.0,6.0,13.0,2972.0,130.0,9.0,5000.0,9999.0,9999.0,9999.0,10.78,0.8340000000000001,15.0,23.0,29.0,4.0,8.0,35.0,9999.0,8.0,30.5,9999.0,14.3,34.0,40.0,2.0,47.0,52.0,57.0,61.0
259.0,1.0,5.0,10.0,6.0,13.0,2935.0,124.0,9.0,5400.0,9999.0,9999.0,9999.0,11.09,774.0,19.0,23.0,29.0,2.0,8.0,42.0,9999.0,8.0,36.0,9999.0,8.4,35.0,43.0,1.0,47.0,52.0,57.0,61.0
260.0,1.0,5.0,10.0,6.0,14.0,2687.0,162.0,11.0,6400.0,9999.0,9999.0,9999.0,12.16,912.0,17.0,24.0,29.0,4.0,6.0,33.3,9999.0,6.0,28.1,9999.0,7.8,34.0,39.0,4.0,47.0,52.0,57.0,61.0
260.0,1.0,5.0,10.0,6.0,14.0,2687.0,162.0,11.0,6400.0,9999.0,9999.0,9999.0,12.16,912.0,17.0,24.0,29.0,4.0,6.0,33.3,9999.0,6.0,28.1,9999.0,8.1,34.0,39.0,4.0,47.0,52.0,57.0,61.0
260.0,1.0,4.0,10.0,6.0,13.0,2959.0,141.0,10.0,5600.0,9999.0,9999.0,9999.0,11.04,0.7809999999999999,22.0,23.0,29.0,2.0,9.0,43.9,9999.0,9.0,38.6,9999.0,10.1,34.0,40.0,2.0,47.0,52.0,57.0,61.0
265.0,1.0,4.0,10.0,6.0,13.0,2997.0,147.0,9.0,5500.0,9999.0,9999.0,9999.0,11.11,1.0,21.0,28.0,29.0,4.0,9999.0,9999.0,9999.0,9999.0,9999.0,9999.0,9.9,34.0,40.0,2.0,47.0,52.0,58.0,61.0
265.0,1.0,5.0,10.0,6.0,13.0,2799.0,145.0,10.0,5800.0,700.0,6000.0,6000.0,11.9,818.0,15.0,23.0,29.0,3.0,7.0,36.0,9.7,7.0,41.0,10.0,9.7,34.0,39.0,2.0,47.0,52.0,57.0,61.0
265.0,1.0,5.0,10.0,6.0,13.0,2799.0,145.0,10.0,5800.0,700.0,6000.0,6000.0,11.9,818.0,15.0,23.0,29.0,3.0,7.0,36.0,9.7,7.0,41.0,10.0,9.9,34.0,39.0,2.0,47.0,52.0,57.0,61.0
266.0,2.0,8.0,10.0,6.0,13.0,3275.0,110.0,9.0,4800.0,9999.0,9999.0,9999.0,10.21,0.97,21.0,23.0,29.0,2.0,7.0,42.0,9999.0,8.0,35.0,9999.0,17.6,34.0,40.0,2.0,47.0,52.0,57.0,61.0
266.0,2.0,8.0,10.0,6.0,13.0,3275.0,110.0,9.0,4800.0,9999.0,9999.0,9999.0,10.21,0.97,21.0,23.0,29.0,2.0,7.0,42.0,9999.0,8.0,35.0,9999.0,17.7,34.0,40.0,2.0,47.0,52.0,57.0,61.0
267.0,1.0,4.0,10.0,6.0,13.0,2946.0,140.0,11.0,5500.0,650.0,6800.0,9999.0,11.39,0.949,17.0,23.0,29.0,4.0,6.0,33.8,9.2,6.0,31.5,9.2,10.7,34.0,40.0,4.0,47.0,52.0,58.0,61.0
267.0,1.0,4.0,10.0,6.0,13.0,2946.0,140.0,11.0,5500.0,650.0,6800.0,9999.0,11.39,0.949,17.0,23.0,29.0,4.0,6.0,33.8,9.2,6.0,31.5,9.2,10.5,34.0,40.0,4.0,47.0,52.0,58.0,61.0
267.0,1.0,4.0,10.0,6.0,13.0,2946.0,140.0,11.0,5500.0,650.0,6800.0,9999.0,11.39,0.949,17.0,23.0,29.0,4.0,6.0,33.8,9.2,6.0,31.5,9.2,11.1,34.0,40.0,4.0,47.0,52.0,58.0,61.0
267.0,1.0,4.0,10.0,6.0,13.0,2946.0,140.0,11.0,5500.0,650.0,6800.0,9999.0,11.39,0.949,17.0,23.0,29.0,4.0,6.0,33.8,9.2,6.0,31.5,9.2,11.4,34.0,40.0,4.0,47.0,52.0,58.0,61.0
267.0,1.0,4.0,10.0,6.0,13.0,2946.0,140.0,11.0,5750.0,650.0,6800.0,9999.0,11.39,0.949,17.0,23.0,29.0,4.0,6.0,33.8,9.2,6.0,31.5,9.2,10.0,34.0,40.0,4.0,47.0,52.0,58.0,61.0
267.0,1.0,4.0,10.0,6.0,13.0,2946.0,140.0,11.0,5750.0,650.0,6800.0,9999.0,11.39,0.949,17.0,23.0,29.0,4.0,6.0,33.8,9.2,6.0,31.5,9.2,10.1,34.0,40.0,4.0,47.0,52.0,58.0,61.0
267.0,1.0,4.0,10.0,6.0,13.0,2946.0,140.0,11.0,5500.0,650.0,6800.0,9999.0,11.39,0.949,17.0,23.0,29.0,4.0,6.0,33.8,9.2,6.0,31.5,9.2,11.8,34.0,40.0,4.0,47.0,52.0,58.0,61.0
267.0,1.0,4.0,10.0,6.0,13.0,2946.0,140.0,11.0,5500.0,650.0,6800.0,9999.0,11.39,0.949,17.0,23.0,29.0,4.0,6.0,33.8,9.2,6.0,31.5,9.2,10.1,34.0,40.0,4.0,47.0,52.0,58.0,61.0
267.0,1.0,4.0,10.0,6.0,13.0,2946.0,140.0,11.0,5500.0,650.0,6800.0,9999.0,11.39,0.949,17.0,23.0,29.0,4.0,6.0,33.8,9.2,6.0,31.5,9.2,10.3,34.0,40.0,4.0,47.0,52.0,58.0,61.0
267.0,1.0,4.0,10.0,6.0,13.0,2946.0,140.0,11.0,5500.0,650.0,6800.0,9999.0,11.39,0.949,17.0,23.0,29.0,4.0,6.0,33.8,9.2,6.0,31.5,9.2,10.8,34.0,40.0,4.0,47.0,52.0,58.0,61.0
267.0,1.0,4.0,10.0,6.0,13.0,2946.0,140.0,11.0,5500.0,650.0,6800.0,9999.0,11.39,0.949,17.0,23.0,29.0,4.0,6.0,33.8,9.2,6.0,31.5,9.2,10.9,34.0,40.0,4.0,47.0,52.0,58.0,61.0
267.0,1.0,4.0,10.0,6.0,13.0,2946.0,140.0,11.0,5750.0,650.0,6800.0,9999.0,11.39,0.949,17.0,23.0,29.0,4.0,6.0,33.8,9.2,6.0,31.5,9.2,10.4,34.0,40.0,4.0,47.0,52.0,58.0,61.0
267.0,1.0,4.0,10.0,6.0,13.0,2946.0,140.0,11.0,5750.0,650.0,6800.0,9999.0,11.39,0.949,17.0,23.0,29.0,4.0,6.0,33.8,9.2,6.0,31.5,9.2,10.5,34.0,40.0,4.0,47.0,52.0,58.0,61.0
267.0,3.0,4.0,10.0,6.0,13.0,2946.0,140.0,11.0,5750.0,650.0,9999.0,9999.0,11.39,0.949,17.0,23.0,29.0,4.0,6.0,33.8,9.2,6.0,31.5,9.2,12.0,34.0,40.0,4.0,47.0,52.0,58.0,61.0
267.0,3.0,4.0,10.0,6.0,13.0,2946.0,140.0,11.0,5750.0,650.0,9999.0,9999.0,11.39,0.949,17.0,23.0,29.0,4.0,6.0,33.8,9.2,6.0,31.5,9.2,12.3,34.0,40.0,4.0,47.0,52.0,58.0,61.0
270.0,1.0,5.0,10.0,6.0,13.0,2799.0,150.0,10.0,5700.0,560.0,6000.0,6000.0,12.12,818.0,15.0,23.0,29.0,3.0,7.0,36.0,9.7,7.0,41.0,10.0,10.3,34.0,39.0,2.0,47.0,52.0,57.0,61.0
270.0,1.0,5.0,10.0,6.0,13.0,2799.0,150.0,10.0,5700.0,560.0,6000.0,6000.0,12.12,818.0,15.0,23.0,29.0,3.0,7.0,36.0,9.7,7.0,41.0,10.0,10.4,34.0,39.0,2.0,47.0,52.0,57.0,61.0
270.0,1.0,6.0,10.0,6.0,13.0,2799.0,150.0,10.0,5700.0,560.0,6000.0,6000.0,12.12,818.0,15.0,23.0,29.0,3.0,7.0,36.0,9.7,7.0,41.0,10.0,11.0,34.0,39.0,2.0,47.0,52.0,57.0,61.0
270.0,1.0,5.0,10.0,6.0,13.0,2799.0,150.0,10.0,5700.0,700.0,6000.0,6000.0,12.12,818.0,15.0,23.0,29.0,3.0,7.0,36.0,9.7,7.0,41.0,10.0,11.6,34.0,39.0,2.0,47.0,52.0,57.0,61.0
270.0,1.0,5.0,10.0,6.0,13.0,2799.0,150.0,10.0,5700.0,700.0,6000.0,6000.0,12.12,818.0,15.0,23.0,29.0,3.0,7.0,36.0,9.7,7.0,41.0,10.0,11.7,34.0,39.0,2.0,47.0,52.0,57.0,61.0
270.0,1.0,5.0,10.0,6.0,13.0,2962.0,155.0,11.0,6000.0,650.0,9999.0,9999.0,11.45,988.0,17.0,23.0,29.0,4.0,6.0,32.0,10.0,6.0,29.0,10.0,10.8,34.0,40.0,4.0,47.0,52.0,57.0,61.0
270.0,1.0,5.0,10.0,6.0,13.0,2962.0,155.0,11.0,6000.0,650.0,9999.0,9999.0,11.45,988.0,17.0,23.0,29.0,4.0,6.0,32.0,10.0,6.0,29.0,10.0,10.9,34.0,40.0,4.0,47.0,52.0,57.0,61.0
270.0,1.0,4.0,10.0,6.0,13.0,2959.0,162.0,10.0,6300.0,700.0,7000.0,9999.0,11.47,0.7809999999999999,0.0,23.0,29.0,4.0,7.0,35.6,9999.0,7.0,31.1,9999.0,8.7,34.0,40.0,4.0,47.0,52.0,57.0,61.0
270.0,1.0,4.0,10.0,6.0,13.0,2959.0,162.0,10.0,6300.0,700.0,7000.0,9999.0,11.47,0.7809999999999999,0.0,23.0,29.0,4.0,7.0,35.6,9999.0,7.0,31.1,9999.0,8.7,34.0,40.0,4.0,47.0,52.0,57.0,61.0
270.0,1.0,4.0,10.0,6.0,13.0,2959.0,150.0,10.0,6300.0,9999.0,9999.0,9999.0,11.47,0.7809999999999999,22.0,23.0,29.0,4.0,9999.0,9999.0,9999.0,9999.0,9999.0,9999.0,10.3,34.0,40.0,2.0,47.0,52.0,57.0,61.0
270.0,1.0,4.0,10.0,6.0,13.0,2959.0,150.0,10.0,6300.0,9999.0,9999.0,9999.0,11.47,0.7809999999999999,22.0,23.0,29.0,4.0,9999.0,9999.0,9999.0,9999.0,9999.0,9999.0,10.1,34.0,40.0,2.0,47.0,52.0,57.0,61.0
270.0,1.0,4.0,10.0,6.0,13.0,2959.0,150.0,10.0,6300.0,9999.0,9999.0,9999.0,11.47,0.7809999999999999,22.0,23.0,29.0,4.0,9999.0,9999.0,9999.0,9999.0,9999.0,9999.0,10.1,34.0,40.0,2.0,47.0,52.0,57.0,61.0
270.0,1.0,5.0,10.0,6.0,13.0,2799.0,150.0,10.0,5700.0,560.0,6000.0,6000.0,12.12,818.0,15.0,23.0,29.0,3.0,7.0,36.0,9.7,7.0,41.0,10.0,10.9,34.0,39.0,2.0,47.0,52.0,57.0,61.0
270.0,1.0,5.0,10.0,6.0,13.0,2799.0,150.0,10.0,5700.0,560.0,6000.0,6000.0,12.12,818.0,15.0,23.0,29.0,3.0,7.0,36.0,9.7,7.0,41.0,10.0,11.0,34.0,39.0,2.0,47.0,52.0,57.0,61.0
270.0,1.0,6.0,10.0,6.0,13.0,2799.0,150.0,10.0,5700.0,560.0,6000.0,6000.0,12.12,818.0,15.0,23.0,29.0,3.0,7.0,36.0,9.7,7.0,41.0,10.0,11.6,34.0,39.0,2.0,47.0,52.0,57.0,61.0
270.0,1.0,5.0,10.0,6.0,13.0,2962.0,155.0,11.0,6000.0,650.0,9999.0,9999.0,11.45,988.0,17.0,23.0,29.0,4.0,6.0,32.0,10.0,6.0,29.0,10.0,11.1,34.0,40.0,4.0,47.0,52.0,57.0,61.0
270.0,1.0,5.0,10.0,6.0,13.0,2962.0,155.0,11.0,6000.0,650.0,9999.0,9999.0,11.45,988.0,17.0,23.0,29.0,4.0,6.0,32.0,10.0,6.0,29.0,10.0,11.2,34.0,40.0,4.0,47.0,52.0,57.0,61.0
270.0,1.0,4.0,10.0,6.0,13.0,2959.0,150.0,10.0,6300.0,9999.0,9999.0,9999.0,11.47,0.7809999999999999,22.0,23.0,29.0,4.0,9999.0,9999.0,9999.0,9999.0,9999.0,9999.0,10.7,34.0,40.0,2.0,47.0,52.0,57.0,61.0
270.0,2.0,6.0,11.0,6.0,12.0,2497.0,100.0,23.0,4400.0,9999.0,9999.0,9999.0,13.59,1.35,17.0,23.0,29.0,2.0,7.0,37.0,9999.0,7.0,31.0,9999.0,21.0,34.0,40.0,1.0,48.0,54.0,58.0,63.0
270.0,2.0,6.0,11.0,6.0,12.0,2497.0,100.0,23.0,4400.0,9999.0,9999.0,9999.0,13.59,1.35,17.0,23.0,29.0,2.0,7.0,37.0,9999.0,7.0,31.0,9999.0,21.0,34.0,40.0,1.0,48.0,54.0,58.0,63.0
271.0,1.0,4.0,10.0,6.0,13.0,1997.0,148.0,8.0,6000.0,9999.0,6500.0,9999.0,17.05,828.0,22.0,23.0,29.0,2.0,9.0,36.5,9999.0,9.0,32.5,9999.0,9.7,34.0,40.0,2.0,48.0,52.0,57.0,61.0
271.0,1.0,4.0,10.0,6.0,13.0,2988.0,147.0,10.0,6400.0,9999.0,9999.0,9999.0,11.4,0.7879999999999999,17.0,23.0,29.0,4.0,6.0,36.0,9999.0,6.0,31.3,9999.0,9.7,34.0,39.0,4.0,47.0,52.0,57.0,61.0
271.0,1.0,4.0,10.0,6.0,13.0,2988.0,147.0,10.0,6400.0,9999.0,9999.0,9999.0,11.4,0.7879999999999999,17.0,23.0,29.0,4.0,6.0,36.0,9999.0,6.0,31.3,9999.0,9.9,34.0,39.0,4.0,47.0,52.0,57.0,61.0
275.0,1.0,5.0,10.0,6.0,12.0,2793.0,141.0,10.0,5300.0,700.0,9999.0,6500.0,12.37,1.0,17.0,24.0,29.0,4.0,6.0,33.0,9.0,6.0,30.5,9.0,9.2,34.0,37.0,2.0,47.0,52.0,57.0,61.0
275.0,1.0,5.0,10.0,6.0,12.0,2793.0,141.0,10.0,5300.0,700.0,9999.0,6500.0,12.37,1.0,17.0,24.0,29.0,4.0,6.0,33.0,9.0,6.0,30.5,9.0,9.5,34.0,37.0,2.0,47.0,52.0,57.0,61.0
275.0,1.0,4.0,10.0,6.0,13.0,2959.0,166.0,10.0,6200.0,700.0,7000.0,9999.0,11.68,0.7809999999999999,0.0,23.0,29.0,4.0,7.0,35.6,9999.0,7.0,31.1,9999.0,9.1,34.0,40.0,4.0,47.0,52.0,57.0,61.0
275.0,1.0,4.0,10.0,6.0,13.0,2959.0,166.0,10.0,6200.0,700.0,7000.0,9999.0,11.68,0.7809999999999999,0.0,23.0,29.0,4.0,7.0,35.6,9999.0,7.0,31.1,9999.0,9.3,34.0,40.0,4.0,47.0,52.0,57.0,61.0
275.0,3.0,4.0,10.0,6.0,13.0,3301.0,116.0,9.0,4700.0,750.0,9999.0,9999.0,10.47,871.0,15.0,23.0,29.0,2.0,10.2,45.5,7.9,10.2,37.5,7.9,15.3,35.0,37.0,1.0,47.0,52.0,57.0,61.0
275.0,3.0,4.0,10.0,6.0,13.0,3301.0,116.0,9.0,4700.0,750.0,9999.0,9999.0,10.47,871.0,15.0,23.0,29.0,2.0,10.2,45.5,7.9,10.2,37.5,7.9,16.2,35.0,37.0,1.0,47.0,52.0,57.0,61.0
280.0,1.0,4.0,10.0,6.0,13.0,2771.0,142.0,11.0,6000.0,750.0,6500.0,9999.0,12.7,1.47,17.0,24.0,29.0,5.0,9999.0,9999.0,9999.0,9999.0,9999.0,9999.0,10.8,34.0,41.0,4.0,47.0,52.0,57.0,61.0
280.0,1.0,6.0,10.0,6.0,13.0,2771.0,142.0,11.0,6000.0,750.0,6500.0,9999.0,12.7,1.47,17.0,24.0,29.0,5.0,9999.0,9999.0,9999.0,9999.0,9999.0,9999.0,11.4,34.0,41.0,4.0,47.0,52.0,57.0,61.0
280.0,1.0,4.0,10.0,6.0,13.0,2771.0,142.0,11.0,6000.0,750.0,6500.0,9999.0,12.7,1.47,17.0,24.0,29.0,5.0,9999.0,9999.0,9999.0,9999.0,9999.0,9999.0,11.3,34.0,41.0,4.0,47.0,52.0,57.0,61.0
280.0,1.0,6.0,10.0,6.0,13.0,2771.0,142.0,11.0,6000.0,750.0,6500.0,9999.0,12.7,1.47,17.0,24.0,29.0,5.0,9999.0,9999.0,9999.0,9999.0,9999.0,9999.0,11.7,34.0,41.0,4.0,47.0,52.0,57.0,61.0
280.0,1.0,6.0,10.0,6.0,13.0,2771.0,142.0,11.0,6000.0,750.0,6000.0,9999.0,12.7,1.47,17.0,24.0,29.0,5.0,9999.0,9999.0,9999.0,9999.0,9999.0,9999.0,10.1,34.0,41.0,4.0,47.0,52.0,57.0,61.0
280.0,1.0,6.0,10.0,6.0,13.0,2771.0,142.0,11.0,6000.0,750.0,6000.0,9999.0,12.7,1.47,17.0,24.0,29.0,5.0,9999.0,9999.0,9999.0,9999.0,9999.0,9999.0,10.5,34.0,41.0,4.0,47.0,52.0,57.0,61.0
280.0,1.0,4.0,10.0,6.0,13.0,2771.0,142.0,11.0,6000.0,9999.0,6600.0,9999.0,12.7,1.47,17.0,24.0,29.0,5.0,9999.0,9999.0,9999.0,9999.0,9999.0,9999.0,10.3,34.0,41.0,4.0,47.0,52.0,57.0,61.0
280.0,1.0,6.0,10.0,6.0,13.0,2771.0,142.0,11.0,6000.0,9999.0,6600.0,9999.0,12.7,1.47,17.0,24.0,29.0,5.0,9999.0,9999.0,9999.0,9999.0,9999.0,9999.0,11.0,34.0,41.0,4.0,47.0,52.0,57.0,61.0
280.0,1.0,6.0,10.0,6.0,13.0,2771.0,142.0,11.0,6000.0,9999.0,6600.0,9999.0,12.7,1.47,17.0,24.0,29.0,5.0,9999.0,9999.0,9999.0,9999.0,9999.0,9999.0,11.4,34.0,41.0,4.0,47.0,52.0,57.0,61.0
280.0,1.0,4.0,10.0,6.0,13.0,2771.0,142.0,11.0,6000.0,9999.0,6600.0,9999.0,12.7,1.47,17.0,24.0,29.0,5.0,9999.0,9999.0,9999.0,9999.0,9999.0,9999.0,10.6,34.0,41.0,4.0,47.0,52.0,57.0,61.0
280.0,1.0,5.0,10.0,6.0,12.0,2793.0,142.0,10.0,5500.0,700.0,9999.0,6500.0,12.6,1.0,17.0,24.0,30.0,4.0,6.0,33.0,9.0,6.0,30.5,9.0,10.6,34.0,37.0,2.0,47.0,52.0,57.0,61.0
280.0,1.0,5.0,10.0,6.0,12.0,2793.0,142.0,10.0,5500.0,700.0,9999.0,6500.0,12.6,1.0,17.0,24.0,30.0,4.0,6.0,33.0,9.0,6.0,30.5,9.0,10.8,34.0,37.0,2.0,47.0,52.0,57.0,61.0
280.0,1.0,5.0,10.0,6.0,12.0,2793.0,142.0,10.0,5500.0,720.0,9999.0,6500.0,12.6,1.0,17.0,25.0,31.0,4.0,6.0,33.0,9.0,6.0,30.5,9.0,9.8,34.0,37.0,2.0,47.0,52.0,57.0,61.0
280.0,1.0,5.0,10.0,6.0,12.0,2793.0,142.0,10.0,5500.0,720.0,9999.0,6500.0,12.6,1.0,17.0,25.0,31.0,4.0,6.0,33.0,9.0,6.0,30.5,9.0,10.1,34.0,37.0,2.0,47.0,52.0,57.0,61.0
280.0,1.0,5.0,10.0,6.0,12.0,2793.0,142.0,10.0,5500.0,720.0,9999.0,6500.0,12.6,1.0,17.0,25.0,31.0,4.0,6.0,33.0,9.0,6.0,30.5,9.0,10.1,34.0,37.0,2.0,47.0,52.0,57.0,61.0
280.0,1.0,5.0,10.0,6.0,12.0,2793.0,142.0,10.0,5500.0,700.0,6500.0,6500.0,12.6,1.0,17.0,25.0,31.0,4.0,6.0,33.0,9.0,6.0,30.5,9.0,9.0,34.0,37.0,2.0,47.0,52.0,57.0,61.0
280.0,1.0,5.0,10.0,6.0,12.0,2793.0,142.0,10.0,5500.0,700.0,6500.0,6500.0,12.6,1.0,17.0,25.0,31.0,4.0,6.0,33.0,9.0,6.0,30.5,9.0,9.3,34.0,37.0,2.0,47.0,52.0,58.0,61.0
280.0,1.0,5.0,10.0,6.0,12.0,2793.0,142.0,10.0,5500.0,700.0,9999.0,9999.0,12.6,1.0,17.0,25.0,31.0,4.0,9999.0,9999.0,9999.0,9999.0,9999.0,9999.0,12.0,34.0,37.0,2.0,47.0,52.0,58.0,61.0
280.0,1.0,5.0,10.0,6.0,12.0,2793.0,142.0,10.0,5500.0,700.0,9999.0,9999.0,12.6,1.0,17.0,25.0,31.0,4.0,9999.0,9999.0,9999.0,9999.0,9999.0,9999.0,12.2,34.0,37.0,2.0,47.0,52.0,58.0,61.0
280.0,1.0,5.0,10.0,6.0,12.0,2793.0,142.0,10.0,5500.0,700.0,9999.0,9999.0,12.6,1.0,17.0,25.0,31.0,4.0,9999.0,9999.0,9999.0,9999.0,9999.0,9999.0,12.4,34.0,37.0,2.0,47.0,52.0,58.0,61.0
280.0,1.0,4.0,10.0,6.0,12.0,2922.0,147.0,11.0,6000.0,650.0,9999.0,9999.0,12.04,1.84,17.0,24.0,29.0,4.0,9999.0,32.0,9999.0,9999.0,27.0,9999.0,10.6,34.0,40.0,2.0,47.0,52.0,57.0,61.0
280.0,1.0,4.0,10.0,6.0,12.0,2922.0,147.0,11.0,6000.0,9999.0,9999.0,9999.0,12.04,1.84,17.0,24.0,29.0,4.0,9999.0,32.0,9999.0,9999.0,27.0,9999.0,10.8,34.0,40.0,2.0,47.0,52.0,57.0,61.0
280.0,1.0,6.0,10.0,6.0,13.0,2771.0,142.0,11.0,6000.0,750.0,6000.0,9999.0,12.7,1.47,17.0,24.0,29.0,5.0,9999.0,9999.0,9999.0,9999.0,9999.0,9999.0,10.3,34.0,41.0,4.0,47.0,52.0,57.0,61.0
280.0,1.0,4.0,10.0,6.0,13.0,2771.0,142.0,11.0,6000.0,9999.0,6600.0,9999.0,12.7,1.47,17.0,24.0,29.0,5.0,9999.0,9999.0,9999.0,9999.0,9999.0,9999.0,10.7,34.0,41.0,4.0,47.0,52.0,57.0,61.0
280.0,1.0,6.0,10.0,6.0,13.0,2771.0,142.0,11.0,6000.0,9999.0,6600.0,9999.0,12.7,1.47,17.0,24.0,29.0,5.0,9999.0,9999.0,9999.0,9999.0,9999.0,9999.0,11.4,34.0,41.0,4.0,47.0,52.0,57.0,61.0
280.0,1.0,6.0,10.0,6.0,13.0,2771.0,142.0,11.0,6000.0,9999.0,6600.0,9999.0,12.7,1.47,17.0,24.0,29.0,5.0,9999.0,9999.0,9999.0,9999.0,9999.0,9999.0,11.8,34.0,41.0,4.0,47.0,52.0,57.0,61.0
280.0,1.0,4.0,10.0,6.0,13.0,2771.0,142.0,11.0,6000.0,9999.0,6600.0,9999.0,12.7,1.47,17.0,24.0,29.0,5.0,9999.0,9999.0,9999.0,9999.0,9999.0,9999.0,11.0,34.0,41.0,4.0,47.0,52.0,57.0,61.0
280.0,1.0,5.0,10.0,6.0,12.0,2793.0,142.0,10.0,5500.0,700.0,9999.0,6500.0,12.6,1.0,17.0,24.0,30.0,4.0,6.0,33.0,9.0,6.0,30.5,9.0,11.4,34.0,37.0,2.0,47.0,52.0,57.0,61.0
280.0,1.0,5.0,10.0,6.0,12.0,2793.0,142.0,10.0,5500.0,700.0,9999.0,6500.0,12.6,1.0,17.0,24.0,30.0,4.0,6.0,33.0,9.0,6.0,30.5,9.0,11.6,34.0,37.0,2.0,47.0,52.0,57.0,61.0
280.0,1.0,5.0,10.0,6.0,12.0,2793.0,142.0,10.0,5500.0,720.0,9999.0,6500.0,12.6,1.0,17.0,25.0,31.0,4.0,6.0,33.0,9.0,6.0,30.5,9.0,10.3,34.0,37.0,2.0,47.0,52.0,57.0,61.0
280.0,1.0,6.0,10.0,6.0,13.0,2771.0,142.0,11.0,6000.0,700.0,9999.0,9999.0,12.7,1.47,17.0,24.0,29.0,5.0,9999.0,9999.0,9999.0,9999.0,9999.0,9999.0,10.7,34.0,41.0,4.0,47.0,52.0,57.0,61.0
280.0,1.0,6.0,10.0,6.0,13.0,2771.0,142.0,11.0,6000.0,700.0,9999.0,9999.0,12.7,1.47,17.0,24.0,29.0,5.0,9999.0,9999.0,9999.0,9999.0,9999.0,9999.0,11.1,34.0,41.0,4.0,47.0,52.0,57.0,61.0
284.0,1.0,5.0,10.0,6.0,13.0,2977.0,188.0,10.0,6800.0,750.0,7800.0,7500.0,11.99,867.0,18.0,28.0,33.0,4.0,5.5,35.0,9999.0,5.5,30.0,9999.0,7.5,34.0,40.0,4.0,47.0,52.0,58.0,61.0
285.0,3.0,4.0,10.0,6.0,13.0,3350.0,137.0,10.0,5200.0,9999.0,9999.0,9999.0,10.69,0.913,19.0,23.0,29.0,2.0,9999.0,44.7,9999.0,9999.0,36.2,9999.0,12.9,35.0,43.0,1.0,47.0,52.0,58.0,61.0
290.0,2.0,8.0,10.0,6.0,13.0,3165.0,151.0,9.0,5400.0,9999.0,9999.0,9999.0,11.51,0.8240000000000001,17.0,23.0,29.0,4.0,9999.0,9999.0,9999.0,9999.0,9999.0,9999.0,11.8,34.0,40.0,4.0,47.0,52.0,58.0,61.0
290.0,2.0,8.0,10.0,6.0,13.0,3165.0,151.0,9.0,5400.0,9999.0,9999.0,9999.0,11.51,0.8240000000000001,17.0,23.0,29.0,4.0,9999.0,9999.0,9999.0,9999.0,9999.0,9999.0,11.9,34.0,40.0,4.0,47.0,52.0,58.0,61.0
293.0,1.0,5.0,10.0,6.0,13.0,2967.0,175.0,11.0,6800.0,9999.0,9999.0,7000.0,12.41,893.0,17.0,25.0,29.0,4.0,5.5,9999.0,9999.0,5.5,9999.0,9999.0,8.9,34.0,37.0,4.0,47.0,52.0,57.0,61.0
293.0,1.0,5.0,10.0,6.0,13.0,2967.0,175.0,11.0,6800.0,9999.0,9999.0,7000.0,12.41,893.0,17.0,25.0,29.0,4.0,5.5,9999.0,9999.0,5.5,9999.0,9999.0,9.3,34.0,37.0,4.0,47.0,52.0,57.0,61.0
295.0,2.0,6.0,10.0,6.0,12.0,3954.0,140.0,9.0,5000.0,9999.0,9999.0,9999.0,9.38,0.8809999999999999,19.0,23.0,29.0,2.0,7.9,48.5,10.4,7.9,38.1,10.5,12.9,35.0,43.0,1.0,47.0,52.0,58.0,61.0
296.0,2.0,8.0,10.0,6.0,12.0,3954.0,130.0,9.0,4600.0,9999.0,9999.0,9999.0,9.41,0.8809999999999999,19.0,23.0,29.0,2.0,7.9,48.5,10.4,7.9,38.1,10.5,11.5,35.0,43.0,1.0,47.0,52.0,58.0,61.0
296.0,2.0,8.0,10.0,6.0,12.0,3954.0,130.0,9.0,4600.0,9999.0,9999.0,9999.0,9.41,0.8809999999999999,19.0,23.0,29.0,2.0,7.9,48.5,10.4,7.9,38.1,10.5,11.5,35.0,43.0,1.0,47.0,52.0,58.0,61.0
297.0,2.0,6.0,10.0,6.0,12.0,3199.0,156.0,10.0,6000.0,700.0,9999.0,9999.0,11.67,934.0,17.0,24.0,29.0,4.0,7.0,35.0,9999.0,7.0,31.0,9999.0,11.8,34.0,39.0,2.0,47.0,52.0,57.0,61.0
298.0,1.0,5.0,10.0,6.0,13.0,3179.0,206.0,10.0,7300.0,9999.0,9999.0,9999.0,11.78,0.8390000000000001,18.0,28.0,33.0,4.0,5.5,35.0,9999.0,5.5,30.0,9999.0,6.7,34.0,40.0,4.0,47.0,52.0,58.0,61.0
298.0,1.0,5.0,10.0,6.0,13.0,3179.0,206.0,10.0,7300.0,9999.0,9999.0,9999.0,11.78,0.8390000000000001,18.0,28.0,33.0,4.0,5.5,35.0,9999.0,5.5,30.0,9999.0,6.9,34.0,40.0,4.0,47.0,52.0,58.0,61.0
298.0,1.0,5.0,10.0,6.0,12.0,2997.0,163.0,11.0,5800.0,9999.0,9999.0,9999.0,12.5,1.0,17.0,25.0,29.0,4.0,6.0,33.5,9999.0,6.0,29.0,9999.0,10.2,34.0,42.0,2.0,47.0,52.0,57.0,61.0
300.0,2.0,6.0,10.0,6.0,12.0,2979.0,170.0,10.0,5900.0,700.0,6500.0,6500.0,12.65,1.67,17.0,24.0,30.0,4.0,6.0,33.0,9.7,6.0,30.5,9.0,11.7,34.0,37.0,2.0,47.0,52.0,57.0,61.0
300.0,2.0,6.0,10.0,6.0,12.0,2979.0,170.0,10.0,5900.0,700.0,6500.0,6500.0,12.65,1.67,17.0,24.0,30.0,4.0,6.0,33.0,9.7,6.0,30.5,9.0,11.9,34.0,37.0,2.0,47.0,52.0,57.0,61.0
303.0,1.0,4.0,10.0,6.0,13.0,3474.0,153.0,10.0,5200.0,600.0,9999.0,9999.0,10.96,1.11,21.0,23.0,29.0,4.0,5.5,33.0,9999.0,5.5,28.0,9999.0,11.3,34.0,40.0,2.0,47.0,52.0,58.0,61.0
303.0,2.0,6.0,10.0,6.0,13.0,3378.0,131.0,10.0,4600.0,700.0,9999.0,9999.0,11.27,877.0,17.0,23.0,29.0,4.0,6.0,9999.0,9999.0,6.0,9999.0,9999.0,13.1,34.0,42.0,4.0,47.0,52.0,57.0,61.0
303.0,2.0,6.0,10.0,6.0,13.0,3378.0,131.0,10.0,4600.0,700.0,9999.0,9999.0,11.27,877.0,17.0,23.0,29.0,4.0,6.0,9999.0,9999.0,6.0,9999.0,9999.0,13.1,34.0,42.0,4.0,47.0,52.0,57.0,61.0
303.0,2.0,6.0,10.0,6.0,13.0,3378.0,131.0,10.0,4600.0,700.0,9999.0,9999.0,11.27,877.0,17.0,23.0,29.0,4.0,6.0,9999.0,9999.0,6.0,9999.0,9999.0,13.7,34.0,42.0,4.0,47.0,52.0,57.0,61.0
303.0,2.0,6.0,10.0,6.0,13.0,3378.0,131.0,10.0,4600.0,700.0,9999.0,9999.0,11.27,877.0,17.0,23.0,29.0,4.0,6.0,9999.0,9999.0,6.0,9999.0,9999.0,13.8,34.0,42.0,4.0,47.0,52.0,57.0,61.0
305.0,1.0,5.0,10.0,6.0,14.0,3179.0,185.0,11.0,6250.0,9999.0,9999.0,9999.0,12.06,0.8390000000000001,17.0,24.0,29.0,4.0,6.0,9999.0,9999.0,6.0,9999.0,9999.0,7.0,34.0,39.0,4.0,47.0,52.0,57.0,61.0
305.0,1.0,5.0,10.0,6.0,14.0,3179.0,185.0,11.0,6250.0,9999.0,9999.0,9999.0,12.06,0.8390000000000001,17.0,24.0,29.0,4.0,6.0,9999.0,9999.0,6.0,9999.0,9999.0,7.2,34.0,39.0,4.0,47.0,52.0,57.0,61.0
308.0,1.0,5.0,10.0,6.0,13.0,3199.0,160.0,10.0,5700.0,550.0,6000.0,6000.0,12.1,934.0,15.0,23.0,29.0,3.0,7.0,36.0,9.8,7.0,41.0,10.0,8.9,34.0,39.0,2.0,47.0,52.0,57.0,61.0
308.0,1.0,5.0,10.0,6.0,13.0,3199.0,160.0,10.0,5700.0,550.0,6000.0,6000.0,12.1,934.0,15.0,23.0,29.0,3.0,7.0,36.0,9.8,7.0,41.0,10.0,10.1,34.0,39.0,2.0,47.0,52.0,57.0,61.0
310.0,1.0,5.0,10.0,6.0,13.0,3199.0,160.0,10.0,5700.0,550.0,6000.0,6000.0,12.18,934.0,15.0,23.0,29.0,3.0,7.0,36.0,9.8,7.0,41.0,10.0,8.3,34.0,39.0,2.0,47.0,52.0,57.0,61.0
310.0,1.0,5.0,10.0,6.0,13.0,3199.0,160.0,10.0,5700.0,550.0,6000.0,6000.0,12.18,934.0,15.0,23.0,29.0,3.0,7.0,36.0,9.8,7.0,41.0,10.0,8.4,34.0,39.0,2.0,47.0,52.0,57.0,61.0
310.0,1.0,5.0,10.0,6.0,13.0,3199.0,160.0,10.0,5700.0,9999.0,6000.0,6000.0,12.18,934.0,15.0,23.0,29.0,3.0,7.0,36.0,9.7,7.0,41.0,10.0,9.3,34.0,39.0,2.0,47.0,52.0,57.0,61.0
310.0,1.0,4.0,11.0,6.0,13.0,2496.0,110.0,20.0,4000.0,750.0,4800.0,9999.0,15.61,1.13,18.0,23.0,29.0,4.0,9999.0,27.1,7.9,9999.0,24.1,9.0,12.9,34.0,42.0,4.0,48.0,53.0,57.0,65.0
310.0,1.0,6.0,11.0,6.0,13.0,2496.0,110.0,20.0,4000.0,750.0,4800.0,9999.0,15.61,1.13,18.0,23.0,29.0,4.0,9999.0,27.1,7.9,9999.0,24.1,9.0,13.6,34.0,42.0,4.0,48.0,53.0,57.0,65.0
310.0,1.0,6.0,11.0,6.0,13.0,2496.0,110.0,20.0,4000.0,750.0,4800.0,9999.0,15.61,1.13,18.0,23.0,29.0,4.0,9999.0,27.1,7.9,9999.0,24.1,9.0,14.0,34.0,42.0,4.0,48.0,53.0,57.0,65.0
310.0,1.0,4.0,10.0,6.0,13.0,2671.0,169.0,9.0,5800.0,700.0,6800.0,9999.0,14.58,1.67,17.0,24.0,29.0,5.0,9999.0,27.0,7.7,9999.0,30.0,10.4,9.1,34.0,41.0,4.0,50.0,52.0,57.0,61.0
310.0,1.0,6.0,10.0,6.0,13.0,2671.0,169.0,9.0,5800.0,700.0,6800.0,9999.0,14.58,1.67,17.0,24.0,29.0,5.0,9999.0,27.0,7.7,9999.0,30.0,10.4,9.6,34.0,41.0,4.0,50.0,52.0,57.0,61.0
310.0,1.0,4.0,10.0,6.0,13.0,2671.0,169.0,9.0,5800.0,700.0,6800.0,9999.0,14.58,1.67,17.0,24.0,29.0,5.0,9999.0,27.0,7.7,9999.0,30.0,10.4,9.3,34.0,41.0,4.0,50.0,52.0,57.0,61.0
310.0,1.0,6.0,10.0,6.0,13.0,2671.0,169.0,9.0,5800.0,700.0,6800.0,9999.0,14.58,1.67,17.0,24.0,29.0,5.0,9999.0,27.0,7.7,9999.0,30.0,10.4,9.9,34.0,41.0,4.0,50.0,52.0,57.0,61.0
310.0,1.0,4.0,11.0,6.0,13.0,2496.0,110.0,20.0,4000.0,750.0,4800.0,9999.0,15.61,1.13,18.0,23.0,29.0,4.0,9999.0,27.1,7.9,9999.0,24.1,9.0,13.9,34.0,42.0,4.0,48.0,53.0,57.0,65.0
310.0,1.0,6.0,11.0,6.0,13.0,2496.0,110.0,20.0,4000.0,750.0,4800.0,9999.0,15.61,1.13,18.0,23.0,29.0,4.0,9999.0,27.1,7.9,9999.0,24.1,9.0,14.9,34.0,42.0,4.0,48.0,53.0,57.0,65.0
310.0,1.0,6.0,11.0,6.0,13.0,2496.0,110.0,20.0,4000.0,750.0,4800.0,9999.0,15.61,1.13,18.0,23.0,29.0,4.0,9999.0,27.1,7.9,9999.0,24.1,9.0,15.2,34.0,42.0,4.0,48.0,53.0,57.0,65.0
310.0,1.0,4.0,10.0,6.0,13.0,2962.0,147.0,10.0,5000.0,700.0,9999.0,9999.0,13.15,988.0,17.0,23.0,29.0,4.0,9999.0,32.0,9999.0,9999.0,29.0,9999.0,10.7,34.0,40.0,4.0,48.0,52.0,57.0,61.0
310.0,1.0,4.0,11.0,6.0,13.0,2496.0,110.0,20.0,4000.0,750.0,4800.0,9999.0,15.61,1.13,18.0,23.0,29.0,4.0,9999.0,27.1,7.9,9999.0,24.1,9.0,13.0,34.0,42.0,4.0,48.0,53.0,57.0,65.0
310.0,1.0,4.0,11.0,6.0,13.0,2496.0,110.0,20.0,4000.0,750.0,4800.0,9999.0,15.61,1.13,18.0,23.0,29.0,4.0,9999.0,27.1,7.9,9999.0,24.1,9.0,13.3,34.0,42.0,4.0,48.0,53.0,57.0,65.0
310.0,1.0,6.0,11.0,6.0,13.0,2496.0,110.0,20.0,4000.0,750.0,4800.0,9999.0,15.61,1.13,18.0,23.0,29.0,4.0,9999.0,27.1,7.9,9999.0,24.1,9.0,14.4,34.0,42.0,4.0,48.0,53.0,57.0,65.0
310.0,1.0,4.0,10.0,6.0,13.0,2671.0,169.0,9.0,5800.0,700.0,6800.0,9999.0,14.58,1.67,17.0,24.0,29.0,5.0,9999.0,27.0,7.7,9999.0,30.0,10.4,9.5,34.0,41.0,4.0,50.0,52.0,57.0,61.0
310.0,1.0,6.0,10.0,6.0,13.0,2671.0,169.0,9.0,5800.0,700.0,6800.0,9999.0,14.58,1.67,17.0,24.0,29.0,5.0,9999.0,27.0,7.7,9999.0,30.0,10.4,10.0,34.0,41.0,4.0,50.0,52.0,57.0,61.0
310.0,1.0,4.0,10.0,6.0,13.0,2671.0,169.0,9.0,5800.0,700.0,6800.0,9999.0,14.58,1.67,17.0,24.0,29.0,5.0,9999.0,27.0,7.7,9999.0,30.0,10.4,9.7,34.0,41.0,4.0,50.0,52.0,57.0,61.0
310.0,1.0,6.0,10.0,6.0,13.0,2671.0,169.0,9.0,5800.0,700.0,6800.0,9999.0,14.58,1.67,17.0,24.0,29.0,5.0,9999.0,27.0,7.7,9999.0,30.0,10.4,10.2,34.0,41.0,4.0,50.0,52.0,57.0,61.0
310.0,1.0,4.0,11.0,6.0,13.0,2496.0,110.0,20.0,4000.0,750.0,4800.0,9999.0,15.61,1.13,18.0,23.0,29.0,4.0,9999.0,27.1,7.9,9999.0,24.1,9.0,14.4,34.0,42.0,4.0,48.0,53.0,57.0,65.0
310.0,1.0,6.0,11.0,6.0,13.0,2496.0,110.0,20.0,4000.0,750.0,4800.0,9999.0,15.61,1.13,18.0,23.0,29.0,4.0,9999.0,27.1,7.9,9999.0,24.1,9.0,15.4,34.0,42.0,4.0,48.0,53.0,57.0,65.0
310.0,1.0,4.0,11.0,6.0,13.0,2496.0,110.0,20.0,4000.0,750.0,4800.0,9999.0,15.61,1.13,18.0,23.0,29.0,4.0,9999.0,27.1,7.9,9999.0,24.1,9.0,14.7,34.0,42.0,4.0,48.0,53.0,57.0,65.0
310.0,1.0,6.0,11.0,6.0,13.0,2496.0,110.0,20.0,4000.0,750.0,4800.0,9999.0,15.61,1.13,18.0,23.0,29.0,4.0,9999.0,27.1,7.9,9999.0,24.1,9.0,15.7,34.0,42.0,4.0,48.0,53.0,57.0,65.0
310.0,1.0,4.0,11.0,6.0,13.0,2496.0,110.0,20.0,4000.0,750.0,4800.0,9999.0,15.61,1.13,18.0,23.0,29.0,4.0,9999.0,27.1,7.9,9999.0,24.1,9.0,14.0,34.0,42.0,4.0,48.0,53.0,57.0,65.0
310.0,1.0,4.0,10.0,6.0,13.0,2962.0,147.0,10.0,5000.0,700.0,9999.0,9999.0,13.15,988.0,17.0,23.0,29.0,4.0,9999.0,32.0,9999.0,9999.0,29.0,9999.0,10.4,34.0,40.0,4.0,48.0,52.0,57.0,61.0
310.0,2.0,6.0,10.0,6.0,13.0,3199.0,160.0,10.0,5600.0,730.0,6000.0,6000.0,12.18,934.0,15.0,23.0,29.0,3.0,7.0,36.0,9.8,7.0,41.0,10.0,12.8,34.0,39.0,2.0,47.0,52.0,57.0,61.0
310.0,2.0,8.0,10.0,6.0,13.0,3494.0,158.0,9.0,5400.0,9999.0,9999.0,9999.0,11.15,0.91,17.0,23.0,29.0,4.0,9999.0,9999.0,9999.0,9999.0,9999.0,9999.0,12.3,34.0,40.0,4.0,47.0,52.0,58.0,61.0
310.0,2.0,8.0,10.0,6.0,13.0,3494.0,158.0,9.0,5400.0,9999.0,9999.0,9999.0,11.15,0.91,17.0,23.0,29.0,4.0,9999.0,9999.0,9999.0,9999.0,9999.0,9999.0,12.3,34.0,40.0,4.0,47.0,52.0,58.0,61.0
310.0,2.0,8.0,10.0,6.0,13.0,3494.0,158.0,9.0,5400.0,9999.0,9999.0,9999.0,11.15,0.91,17.0,23.0,29.0,4.0,9999.0,9999.0,9999.0,9999.0,9999.0,9999.0,12.9,34.0,40.0,4.0,47.0,52.0,58.0,61.0
310.0,2.0,8.0,10.0,6.0,13.0,3494.0,158.0,9.0,5400.0,9999.0,9999.0,9999.0,11.15,0.91,17.0,23.0,29.0,4.0,9999.0,9999.0,9999.0,9999.0,9999.0,9999.0,13.0,34.0,40.0,4.0,47.0,52.0,58.0,61.0
310.0,2.0,6.0,10.0,6.0,12.0,3199.0,162.0,10.0,5500.0,700.0,9999.0,9999.0,12.18,934.0,17.0,24.0,29.0,4.0,7.0,35.0,9999.0,7.0,31.0,9999.0,12.4,34.0,39.0,2.0,47.0,52.0,57.0,61.0
315.0,1.0,5.0,10.0,6.0,13.0,3199.0,165.0,10.0,5600.0,700.0,6000.0,6000.0,12.37,934.0,15.0,23.0,29.0,3.0,7.0,36.0,9.8,7.0,41.0,10.0,10.3,34.0,39.0,2.0,47.0,52.0,57.0,61.0
315.0,1.0,5.0,10.0,6.0,13.0,3199.0,165.0,10.0,5600.0,700.0,6000.0,6000.0,12.37,934.0,15.0,23.0,29.0,3.0,7.0,36.0,9.8,7.0,41.0,10.0,10.5,34.0,39.0,2.0,47.0,52.0,57.0,61.0
315.0,1.0,5.0,10.0,6.0,13.0,3199.0,165.0,10.0,5600.0,575.0,6000.0,6000.0,12.37,934.0,15.0,23.0,29.0,3.0,7.0,36.0,9.8,7.0,41.0,10.0,9.5,34.0,39.0,2.0,47.0,52.0,57.0,61.0
315.0,1.0,6.0,10.0,6.0,13.0,3199.0,165.0,10.0,5600.0,575.0,6000.0,6000.0,12.37,934.0,15.0,23.0,29.0,3.0,7.0,36.0,9.8,7.0,41.0,10.0,10.0,34.0,39.0,2.0,47.0,52.0,57.0,61.0
315.0,1.0,5.0,10.0,6.0,13.0,3199.0,165.0,10.0,5600.0,700.0,6000.0,6000.0,12.37,934.0,15.0,23.0,29.0,3.0,7.0,36.0,9.8,7.0,41.0,10.0,10.7,34.0,39.0,2.0,47.0,52.0,57.0,61.0
315.0,1.0,5.0,10.0,6.0,13.0,3199.0,165.0,10.0,5600.0,575.0,6000.0,6000.0,12.37,934.0,15.0,23.0,29.0,3.0,7.0,36.0,9.8,7.0,41.0,10.0,10.0,34.0,39.0,2.0,47.0,52.0,57.0,61.0
315.0,1.0,6.0,10.0,6.0,13.0,3199.0,165.0,10.0,5600.0,575.0,6000.0,6000.0,12.37,934.0,15.0,23.0,29.0,3.0,7.0,36.0,9.8,7.0,41.0,10.0,10.5,34.0,39.0,2.0,47.0,52.0,57.0,61.0
315.0,2.0,6.0,10.0,6.0,13.0,3199.0,165.0,10.0,5600.0,575.0,6000.0,6000.0,12.37,934.0,15.0,23.0,29.0,3.0,7.0,36.0,9.8,7.0,41.0,10.0,13.2,34.0,39.0,2.0,47.0,52.0,57.0,61.0
315.0,2.0,6.0,10.0,6.0,13.0,3199.0,165.0,10.0,5600.0,575.0,6000.0,6000.0,12.37,934.0,15.0,23.0,29.0,3.0,7.0,36.0,9.8,7.0,41.0,10.0,13.8,34.0,39.0,2.0,47.0,52.0,57.0,61.0
318.0,2.0,6.0,10.0,6.0,13.0,3497.0,149.0,10.0,5000.0,9999.0,9999.0,9999.0,11.43,0.923,17.0,23.0,29.0,4.0,9999.0,9999.0,9999.0,9999.0,9999.0,9999.0,12.9,34.0,40.0,4.0,47.0,53.0,57.0,61.0
318.0,2.0,6.0,10.0,6.0,13.0,3497.0,149.0,10.0,5000.0,9999.0,9999.0,9999.0,11.43,0.923,17.0,23.0,29.0,4.0,9999.0,9999.0,9999.0,9999.0,9999.0,9999.0,12.9,34.0,40.0,4.0,47.0,53.0,57.0,61.0
318.0,2.0,6.0,10.0,6.0,13.0,3497.0,149.0,10.0,5000.0,9999.0,9999.0,9999.0,11.43,0.923,17.0,23.0,29.0,4.0,9999.0,9999.0,9999.0,9999.0,9999.0,9999.0,13.8,34.0,40.0,4.0,47.0,53.0,57.0,61.0
318.0,2.0,6.0,10.0,6.0,13.0,3497.0,149.0,10.0,5000.0,9999.0,9999.0,9999.0,11.43,0.923,17.0,23.0,29.0,4.0,9999.0,9999.0,9999.0,9999.0,9999.0,9999.0,13.8,34.0,40.0,4.0,47.0,53.0,57.0,61.0
330.0,2.0,6.0,11.0,6.0,12.0,2996.0,130.0,22.0,4400.0,610.0,5400.0,5300.0,13.84,966.0,17.0,23.0,29.0,4.0,6.0,29.0,7.9,7.0,26.0,9.5,17.3,34.0,38.0,2.0,48.0,56.0,57.0,68.0
330.0,2.0,6.0,11.0,6.0,12.0,2996.0,130.0,22.0,4400.0,610.0,5400.0,5300.0,13.84,966.0,17.0,23.0,29.0,4.0,6.0,29.0,7.9,7.0,26.0,9.5,18.1,34.0,38.0,2.0,48.0,56.0,57.0,68.0
330.0,2.0,6.0,11.0,6.0,12.0,2996.0,130.0,22.0,4400.0,610.0,5400.0,5300.0,13.84,966.0,17.0,23.0,29.0,4.0,6.0,29.0,7.9,7.0,26.0,9.5,16.5,34.0,38.0,2.0,48.0,56.0,57.0,68.0
339.0,2.0,8.0,10.0,6.0,13.0,4009.0,152.0,10.0,5000.0,9999.0,9999.0,9999.0,10.63,841.0,16.0,23.0,29.0,2.0,7.0,46.0,12.0,7.0,39.0,12.0,12.9,34.0,43.0,2.0,47.0,52.0,57.0,61.0
350.0,1.0,5.0,11.0,6.0,12.0,2497.0,120.0,22.0,4000.0,9999.0,9999.0,9999.0,17.61,1.35,16.0,23.0,29.0,4.0,6.0,25.9,7.5,6.0,25.9,8.0,13.1,34.0,37.0,2.0,48.0,53.0,57.0,62.0
350.0,1.0,5.0,10.0,6.0,12.0,3201.0,236.0,11.0,7400.0,9999.0,7600.0,7600.0,13.74,1.53,17.0,25.0,31.0,4.0,6.0,35.0,9999.0,6.0,30.5,9999.0,5.9,34.0,39.0,2.0,47.0,52.0,57.0,61.0
350.0,1.0,5.0,10.0,6.0,12.0,3201.0,236.0,11.0,7400.0,9999.0,7600.0,7600.0,13.74,1.53,17.0,25.0,31.0,4.0,6.0,35.0,9999.0,6.0,30.5,9999.0,5.7,34.0,39.0,2.0,47.0,52.0,57.0,61.0
350.0,1.0,5.0,10.0,6.0,14.0,3387.0,221.0,11.0,6800.0,700.0,7300.0,9999.0,12.99,813.0,17.0,24.0,29.0,4.0,6.0,37.1,10.5,6.0,32.5,10.0,6.0,34.0,39.0,4.0,47.0,52.0,57.0,61.0
350.0,1.0,5.0,10.0,6.0,14.0,3387.0,221.0,11.0,6800.0,700.0,7300.0,9999.0,12.99,813.0,17.0,24.0,29.0,4.0,6.0,37.1,10.5,6.0,32.5,10.0,6.2,34.0,39.0,4.0,47.0,52.0,57.0,61.0
350.0,1.0,5.0,10.0,6.0,14.0,3387.0,221.0,11.0,6800.0,700.0,7300.0,9999.0,12.99,813.0,17.0,24.0,29.0,4.0,6.0,37.1,10.5,6.0,32.5,10.0,6.3,34.0,39.0,4.0,47.0,52.0,57.0,61.0
350.0,1.0,5.0,10.0,6.0,14.0,3387.0,221.0,11.0,6800.0,700.0,7300.0,9999.0,12.99,813.0,17.0,24.0,29.0,4.0,6.0,37.1,10.5,6.0,32.5,10.0,6.5,34.0,39.0,4.0,47.0,52.0,57.0,61.0
350.0,1.0,6.0,10.0,6.0,14.0,3387.0,221.0,11.0,6800.0,700.0,7300.0,9999.0,12.99,813.0,17.0,24.0,29.0,4.0,6.0,37.1,10.5,6.0,32.5,10.0,6.2,34.0,39.0,4.0,47.0,52.0,57.0,61.0
350.0,1.0,6.0,10.0,6.0,14.0,3387.0,221.0,11.0,6800.0,700.0,7300.0,9999.0,12.99,813.0,17.0,24.0,29.0,4.0,6.0,37.1,10.5,6.0,32.5,10.0,6.4,34.0,39.0,4.0,47.0,52.0,57.0,61.0
350.0,1.0,6.0,10.0,6.0,14.0,3387.0,221.0,11.0,6800.0,700.0,7300.0,9999.0,12.99,813.0,17.0,24.0,29.0,4.0,6.0,37.1,10.5,6.0,32.5,10.0,6.6,34.0,39.0,4.0,47.0,52.0,57.0,61.0
350.0,1.0,6.0,10.0,6.0,14.0,3387.0,221.0,11.0,6800.0,700.0,7300.0,9999.0,12.99,813.0,17.0,24.0,29.0,4.0,6.0,37.1,10.5,6.0,32.5,10.0,6.8,34.0,39.0,4.0,47.0,52.0,57.0,61.0
350.0,1.0,6.0,10.0,6.0,13.0,2671.0,184.0,9.0,5800.0,9999.0,9999.0,9999.0,16.47,1.67,17.0,24.0,29.0,5.0,9999.0,27.0,7.7,9999.0,30.0,10.4,9.8,34.0,41.0,4.0,50.0,52.0,57.0,61.0
350.0,1.0,5.0,11.0,6.0,12.0,2497.0,120.0,22.0,4000.0,9999.0,9999.0,9999.0,17.61,1.35,16.0,23.0,29.0,4.0,6.0,25.9,7.5,6.0,25.9,8.0,14.0,34.0,37.0,2.0,48.0,53.0,57.0,62.0
350.0,1.0,5.0,11.0,6.0,12.0,2497.0,120.0,22.0,4000.0,9999.0,9999.0,9999.0,17.61,1.35,16.0,23.0,29.0,4.0,6.0,25.9,7.5,6.0,25.9,8.0,14.1,34.0,37.0,2.0,48.0,53.0,57.0,62.0
370.0,1.0,4.0,11.0,6.0,13.0,2496.0,132.0,19.0,4000.0,9999.0,9999.0,9999.0,18.63,1.13,18.0,23.0,29.0,4.0,9999.0,27.1,7.9,9999.0,24.1,9.0,11.9,34.0,42.0,4.0,48.0,53.0,57.0,65.0
370.0,1.0,6.0,11.0,6.0,13.0,2496.0,132.0,19.0,4000.0,9999.0,9999.0,9999.0,18.63,1.13,18.0,23.0,29.0,4.0,9999.0,27.1,7.9,9999.0,24.1,9.0,12.5,34.0,42.0,4.0,48.0,53.0,57.0,65.0
370.0,1.0,6.0,11.0,6.0,13.0,2496.0,132.0,19.0,4000.0,9999.0,9999.0,9999.0,18.63,1.13,18.0,23.0,29.0,4.0,9999.0,27.1,7.9,9999.0,24.1,9.0,12.7,34.0,42.0,4.0,48.0,53.0,57.0,65.0
370.0,1.0,4.0,11.0,6.0,13.0,2496.0,132.0,19.0,4000.0,9999.0,9999.0,9999.0,18.63,1.13,18.0,23.0,29.0,4.0,9999.0,27.1,7.9,9999.0,24.1,9.0,12.6,34.0,42.0,4.0,48.0,53.0,57.0,65.0
370.0,1.0,6.0,11.0,6.0,13.0,2496.0,132.0,19.0,4000.0,9999.0,9999.0,9999.0,18.63,1.13,18.0,23.0,29.0,4.0,9999.0,27.1,7.9,9999.0,24.1,9.0,13.1,34.0,42.0,4.0,48.0,53.0,57.0,65.0
370.0,1.0,5.0,10.0,6.0,14.0,3600.0,265.0,12.0,7200.0,700.0,7600.0,9999.0,12.92,764.0,17.0,24.0,29.0,4.0,6.0,37.1,9999.0,6.0,32.5,9999.0,5.1,34.0,39.0,4.0,47.0,52.0,57.0,61.0
370.0,1.0,4.0,11.0,6.0,13.0,2496.0,132.0,19.0,4000.0,9999.0,9999.0,9999.0,18.63,1.13,18.0,23.0,29.0,4.0,9999.0,27.1,7.9,9999.0,24.1,9.0,12.3,34.0,42.0,4.0,48.0,53.0,57.0,65.0
370.0,1.0,6.0,11.0,6.0,13.0,2496.0,132.0,19.0,4000.0,9999.0,9999.0,9999.0,18.63,1.13,18.0,23.0,29.0,4.0,9999.0,27.1,7.9,9999.0,24.1,9.0,12.9,34.0,42.0,4.0,48.0,53.0,57.0,65.0
370.0,1.0,6.0,11.0,6.0,13.0,2496.0,132.0,19.0,4000.0,9999.0,9999.0,9999.0,18.63,1.13,18.0,23.0,29.0,4.0,9999.0,27.1,7.9,9999.0,24.1,9.0,13.1,34.0,42.0,4.0,48.0,53.0,57.0,65.0
370.0,1.0,6.0,11.0,6.0,13.0,2496.0,132.0,19.0,4000.0,9999.0,9999.0,9999.0,18.63,1.13,18.0,23.0,29.0,4.0,9999.0,27.1,7.9,9999.0,24.1,9.0,13.6,34.0,42.0,4.0,48.0,53.0,57.0,65.0
380.0,1.0,4.0,10.0,6.0,12.0,2783.0,200.0,9.0,5400.0,650.0,9999.0,9999.0,17.16,1111.0,17.0,23.0,30.0,4.0,9999.0,32.0,9999.0,9999.0,27.0,9999.0,8.1,34.0,40.0,2.0,50.0,52.0,58.0,61.0
390.0,1.0,5.0,11.0,6.0,12.0,2926.0,135.0,18.0,4000.0,9999.0,9999.0,9999.0,16.75,1.48,16.0,23.0,29.0,4.0,6.0,25.9,7.5,6.0,25.9,8.0,11.3,34.0,37.0,2.0,48.0,53.0,57.0,62.0
390.0,1.0,5.0,11.0,6.0,12.0,2926.0,135.0,18.0,4000.0,9999.0,9999.0,9999.0,16.75,1.48,16.0,23.0,29.0,4.0,6.0,25.9,7.5,6.0,25.9,8.0,11.4,34.0,37.0,2.0,48.0,53.0,57.0,62.0
390.0,1.0,5.0,11.0,6.0,12.0,2926.0,135.0,18.0,4000.0,9999.0,9999.0,9999.0,16.75,1.48,16.0,23.0,29.0,4.0,6.0,25.9,7.5,6.0,25.9,8.0,11.7,34.0,37.0,2.0,48.0,53.0,57.0,62.0
390.0,1.0,5.0,11.0,6.0,12.0,2926.0,135.0,18.0,4000.0,9999.0,9999.0,9999.0,16.75,1.48,16.0,23.0,29.0,4.0,6.0,25.9,7.5,6.0,25.9,8.0,11.7,34.0,37.0,2.0,48.0,53.0,57.0,62.0
390.0,1.0,5.0,11.0,6.0,12.0,2926.0,135.0,18.0,4000.0,9999.0,9999.0,9999.0,16.75,1.48,16.0,23.0,29.0,4.0,6.0,25.9,7.5,6.0,25.9,8.0,11.8,34.0,37.0,2.0,48.0,53.0,57.0,62.0
390.0,1.0,5.0,11.0,6.0,12.0,2926.0,135.0,18.0,4000.0,9999.0,9999.0,9999.0,16.75,1.48,16.0,23.0,29.0,4.0,6.0,25.9,7.5,6.0,25.9,8.0,11.9,34.0,37.0,2.0,48.0,53.0,57.0,62.0
390.0,1.0,5.0,11.0,6.0,12.0,2926.0,135.0,18.0,4000.0,9999.0,9999.0,9999.0,16.75,1.48,16.0,23.0,29.0,4.0,6.0,25.9,7.5,6.0,25.9,8.0,12.5,34.0,37.0,2.0,48.0,53.0,57.0,62.0
390.0,1.0,5.0,11.0,6.0,12.0,2926.0,135.0,18.0,4000.0,9999.0,9999.0,9999.0,16.75,1.48,16.0,23.0,29.0,4.0,6.0,25.9,7.5,6.0,25.9,8.0,12.6,34.0,37.0,2.0,48.0,53.0,57.0,62.0
397.0,1.0,5.0,10.0,6.0,13.0,2790.0,206.0,7.0,6000.0,9999.0,9999.0,9999.0,17.88,713.0,17.0,23.0,29.0,4.0,9999.0,9999.0,9999.0,9999.0,9999.0,9999.0,7.5,34.0,41.0,4.0,50.0,52.0,58.0,61.0
397.0,1.0,5.0,10.0,6.0,13.0,2790.0,206.0,7.0,6000.0,9999.0,9999.0,9999.0,17.88,713.0,17.0,23.0,29.0,4.0,9999.0,9999.0,9999.0,9999.0,9999.0,9999.0,7.6,34.0,41.0,4.0,50.0,52.0,58.0,61.0
400.0,1.0,6.0,10.0,6.0,13.0,2671.0,195.0,9.0,5800.0,9999.0,6800.0,9999.0,18.82,1.67,17.0,24.0,29.0,5.0,9999.0,27.0,7.7,9999.0,30.0,10.4,8.1,34.0,41.0,4.0,50.0,52.0,57.0,61.0
407.0,1.0,6.0,10.0,6.0,13.0,2972.0,210.0,8.0,6000.0,700.0,9999.0,9999.0,17.21,0.8340000000000001,18.0,23.0,29.0,4.0,8.0,35.0,9.5,8.0,30.5,9.0,8.2,34.0,40.0,4.0,50.0,52.0,57.0,61.0
410.0,1.0,5.0,11.0,6.0,12.0,2926.0,135.0,18.0,4000.0,9999.0,9999.0,9999.0,17.61,1.48,16.0,23.0,29.0,4.0,6.0,25.9,7.5,6.0,25.9,8.0,13.6,34.0,37.0,2.0,48.0,53.0,57.0,62.0
430.0,2.0,6.0,11.0,6.0,12.0,4164.0,150.0,19.0,3400.0,9999.0,9999.0,9999.0,12.98,1.64,15.0,23.0,29.0,4.0,9999.0,9999.0,9999.0,9999.0,9999.0,9999.0,16.1,34.0,40.0,2.0,48.0,53.0,58.0,67.0
430.0,2.0,6.0,11.0,6.0,12.0,4164.0,150.0,19.0,3400.0,9999.0,9999.0,9999.0,12.98,1.64,15.0,23.0,29.0,4.0,9999.0,9999.0,9999.0,9999.0,9999.0,9999.0,16.3,34.0,40.0,2.0,48.0,53.0,58.0,67.0
430.0,2.0,6.0,11.0,6.0,12.0,4164.0,150.0,19.0,3400.0,9999.0,9999.0,9999.0,12.98,1.64,15.0,23.0,29.0,4.0,9999.0,9999.0,9999.0,9999.0,9999.0,9999.0,16.1,34.0,40.0,2.0,48.0,53.0,58.0,67.0
430.0,2.0,6.0,11.0,6.0,12.0,4164.0,150.0,19.0,3400.0,9999.0,9999.0,9999.0,12.98,1.64,15.0,23.0,29.0,4.0,9999.0,9999.0,9999.0,9999.0,9999.0,9999.0,16.3,34.0,40.0,2.0,48.0,53.0,58.0,67.0
440.0,1.0,6.0,10.0,6.0,13.0,2671.0,280.0,9.0,6100.0,9999.0,9999.0,9999.0,20.7,1.67,17.0,24.0,29.0,5.0,9999.0,9999.0,9999.0,9999.0,9999.0,9999.0,5.8,34.0,41.0,4.0,50.0,52.0,57.0,61.0
470.0,1.0,5.0,11.0,6.0,12.0,3226.0,145.0,18.0,4200.0,630.0,4750.0,4700.0,18.31,1.5,17.0,23.0,29.0,4.0,6.0,30.2,7.9,7.0,28.4,7.9,11.1,34.0,38.0,2.0,48.0,53.0,57.0,62.0
470.0,1.0,5.0,11.0,6.0,12.0,3226.0,145.0,18.0,4200.0,630.0,4750.0,4700.0,18.31,1.5,17.0,23.0,29.0,4.0,6.0,30.2,7.9,7.0,28.4,7.9,12.6,34.0,38.0,2.0,48.0,53.0,57.0,62.0
470.0,1.0,5.0,11.0,6.0,12.0,3226.0,145.0,18.0,4200.0,630.0,4750.0,4700.0,18.31,1.5,17.0,23.0,29.0,4.0,6.0,30.2,7.9,7.0,28.4,7.9,11.8,34.0,38.0,2.0,48.0,53.0,57.0,62.0
490.0,1.0,5.0,10.0,6.0,12.0,3239.0,250.0,8.0,5750.0,9999.0,9999.0,9999.0,19.01,912.0,17.0,0.0,0.0,4.0,9999.0,9999.0,9999.0,9999.0,9999.0,9999.0,6.8,34.0,39.0,2.0,49.0,52.0,57.0,61.0
490.0,1.0,5.0,10.0,6.0,12.0,3239.0,250.0,8.0,5750.0,9999.0,9999.0,9999.0,19.01,912.0,17.0,0.0,0.0,4.0,9999.0,9999.0,9999.0,9999.0,9999.0,9999.0,7.0,34.0,39.0,2.0,49.0,52.0,57.0,61.0
490.0,1.0,5.0,10.0,6.0,12.0,3239.0,250.0,8.0,5750.0,9999.0,9999.0,9999.0,19.01,912.0,17.0,0.0,0.0,4.0,9999.0,9999.0,9999.0,9999.0,9999.0,9999.0,7.1,34.0,39.0,2.0,49.0,52.0,57.0,61.0
490.0,1.0,5.0,10.0,6.0,12.0,3239.0,250.0,8.0,5750.0,9999.0,9999.0,9999.0,19.01,912.0,17.0,0.0,0.0,4.0,9999.0,9999.0,9999.0,9999.0,9999.0,9999.0,7.3,34.0,39.0,2.0,49.0,52.0,57.0,61.0
560.0,1.0,6.0,10.0,6.0,14.0,3600.0,309.0,9.0,6000.0,9999.0,9999.0,9999.0,19.55,764.0,17.0,26.0,29.0,4.0,6.0,37.1,9999.0,6.0,32.5,9999.0,5.0,34.0,39.0,4.0,50.0,52.0,57.0,61.0
560.0,1.0,6.0,10.0,6.0,14.0,3600.0,309.0,9.0,6000.0,9999.0,9999.0,9999.0,19.55,764.0,17.0,26.0,29.0,4.0,6.0,37.1,9999.0,6.0,32.5,9999.0,5.1,34.0,37.0,4.0,50.0,52.0,57.0,61.0
310.0,1.0,5.0,10.0,8.0,13.0,3253.0,174.0,11.0,6350.0,9999.0,6950.0,9999.0,11.98,0.8140000000000001,17.0,23.0,29.0,4.0,5.0,9999.0,8.4,5.0,9999.0,9999.0,9.8,34.0,37.0,4.0,47.0,52.0,57.0,61.0
310.0,1.0,5.0,10.0,8.0,13.0,3253.0,174.0,11.0,6350.0,9999.0,6950.0,9999.0,11.98,0.8140000000000001,17.0,23.0,29.0,4.0,5.0,9999.0,8.4,5.0,9999.0,9999.0,10.3,34.0,37.0,4.0,47.0,52.0,57.0,61.0
320.0,2.0,6.0,10.0,8.0,13.0,3947.0,140.0,9.0,4750.0,9999.0,9999.0,9999.0,10.19,0.7559999999999999,19.0,0.0,0.0,2.0,9999.0,9999.0,9999.0,9999.0,9999.0,9999.0,15.0,35.0,43.0,1.0,47.0,52.0,57.0,61.0
340.0,2.0,6.0,10.0,8.0,13.0,3947.0,136.0,9.0,4750.0,9999.0,9999.0,9999.0,10.82,0.7559999999999999,19.0,0.0,0.0,2.0,9999.0,9999.0,9999.0,9999.0,9999.0,9999.0,15.4,35.0,43.0,1.0,47.0,52.0,57.0,61.0
340.0,2.0,6.0,10.0,8.0,13.0,3947.0,136.0,9.0,4750.0,9999.0,9999.0,9999.0,10.82,0.7559999999999999,19.0,0.0,0.0,2.0,9999.0,9999.0,9999.0,9999.0,9999.0,9999.0,9999.0,35.0,43.0,1.0,47.0,52.0,57.0,61.0
345.0,1.0,5.0,10.0,8.0,13.0,3498.0,180.0,10.0,5800.0,600.0,9999.0,6500.0,12.39,0.939,17.0,24.0,29.0,4.0,6.0,32.0,9.0,6.0,32.5,9.0,8.9,34.0,37.0,4.0,47.0,52.0,57.0,61.0
345.0,1.0,5.0,10.0,8.0,13.0,3498.0,180.0,10.0,5800.0,600.0,9999.0,6500.0,12.39,0.939,17.0,24.0,29.0,4.0,6.0,32.0,9.0,6.0,32.5,9.0,9.2,34.0,37.0,4.0,47.0,52.0,57.0,61.0
345.0,1.0,5.0,10.0,8.0,13.0,3498.0,175.0,10.0,5800.0,600.0,6500.0,9999.0,12.39,0.939,17.0,25.0,29.0,4.0,6.0,32.0,9.0,6.0,28.5,9.0,10.3,34.0,37.0,4.0,47.0,52.0,57.0,61.0
345.0,1.0,5.0,10.0,8.0,13.0,3498.0,175.0,10.0,5800.0,600.0,6500.0,9999.0,12.39,0.939,17.0,25.0,29.0,4.0,6.0,32.0,9.0,6.0,28.5,9.0,10.5,34.0,37.0,4.0,47.0,52.0,57.0,61.0
350.0,1.0,4.0,10.0,8.0,13.0,3697.0,191.0,11.0,6000.0,630.0,6600.0,7200.0,11.9,975.0,16.0,25.0,29.0,5.0,9999.0,27.0,10.7,9999.0,30.0,9.7,8.6,34.0,41.0,4.0,47.0,52.0,57.0,61.0
350.0,1.0,6.0,10.0,8.0,13.0,3697.0,191.0,11.0,6000.0,630.0,6600.0,7200.0,11.9,975.0,16.0,25.0,29.0,5.0,9999.0,27.0,10.7,9999.0,30.0,9.7,9.0,34.0,41.0,4.0,47.0,52.0,57.0,61.0
363.0,1.0,5.0,10.0,8.0,13.0,3495.0,280.0,11.0,8250.0,9999.0,9999.0,9999.0,13.05,0.96,17.0,23.0,29.0,5.0,9999.0,9999.0,9999.0,9999.0,9999.0,9999.0,4.8,34.0,40.0,4.0,47.0,52.0,58.0,61.0
363.0,1.0,5.0,10.0,8.0,13.0,3495.0,280.0,11.0,8250.0,9999.0,9999.0,9999.0,13.05,0.96,17.0,23.0,29.0,5.0,9999.0,9999.0,9999.0,9999.0,9999.0,9999.0,4.8,34.0,40.0,4.0,47.0,52.0,58.0,61.0
363.0,1.0,5.0,10.0,8.0,13.0,3495.0,280.0,11.0,8250.0,9999.0,9999.0,9999.0,13.05,0.96,17.0,23.0,29.0,5.0,9999.0,9999.0,9999.0,9999.0,9999.0,9999.0,4.8,34.0,40.0,4.0,47.0,52.0,58.0,61.0
366.0,1.0,5.0,10.0,8.0,13.0,3947.0,168.0,11.0,5500.0,9999.0,9999.0,6250.0,11.65,0.7559999999999999,19.0,0.0,0.0,2.0,9999.0,9999.0,9999.0,9999.0,9999.0,9999.0,6.3,35.0,43.0,1.0,47.0,52.0,57.0,61.0
366.0,1.0,5.0,10.0,8.0,13.0,3947.0,168.0,11.0,5500.0,9999.0,9999.0,6250.0,11.65,0.7559999999999999,19.0,0.0,0.0,2.0,9999.0,9999.0,9999.0,9999.0,9999.0,9999.0,6.5,35.0,43.0,1.0,47.0,52.0,57.0,61.0
373.0,1.0,5.0,10.0,8.0,13.0,3586.0,294.0,11.0,8500.0,9999.0,9999.0,9999.0,13.07,929.0,17.0,0.0,32.0,5.0,9999.0,9999.0,9999.0,9999.0,9999.0,9999.0,4.7,34.0,40.0,4.0,47.0,52.0,57.0,61.0
373.0,1.0,5.0,10.0,8.0,13.0,3586.0,294.0,11.0,8500.0,9999.0,9999.0,9999.0,13.07,929.0,17.0,0.0,32.0,5.0,9999.0,9999.0,9999.0,9999.0,9999.0,9999.0,4.7,34.0,40.0,4.0,47.0,52.0,57.0,61.0
373.0,1.0,5.0,10.0,8.0,13.0,3586.0,294.0,11.0,8500.0,9999.0,9999.0,9999.0,13.07,929.0,17.0,0.0,32.0,5.0,9999.0,9999.0,9999.0,9999.0,9999.0,9999.0,4.8,34.0,40.0,4.0,47.0,52.0,57.0,61.0
373.0,1.0,5.0,10.0,8.0,13.0,3586.0,294.0,11.0,8500.0,9999.0,9999.0,9999.0,13.07,929.0,17.0,0.0,32.0,5.0,9999.0,9999.0,9999.0,9999.0,9999.0,9999.0,4.8,34.0,40.0,4.0,47.0,52.0,57.0,61.0
375.0,1.0,5.0,10.0,8.0,13.0,3996.0,209.0,11.0,6100.0,9999.0,6950.0,9999.0,11.79,1.0,17.0,25.0,29.0,4.0,5.0,9999.0,9999.0,5.0,9999.0,9999.0,8.2,34.0,37.0,4.0,47.0,52.0,57.0,61.0
375.0,1.0,5.0,10.0,8.0,13.0,3996.0,209.0,11.0,6100.0,9999.0,6950.0,9999.0,11.79,1.0,17.0,25.0,29.0,4.0,5.0,9999.0,9999.0,5.0,9999.0,9999.0,8.6,34.0,37.0,4.0,47.0,52.0,57.0,61.0
375.0,1.0,5.0,10.0,8.0,13.0,3996.0,209.0,11.0,6100.0,9999.0,6950.0,9999.0,11.79,1.0,17.0,25.0,29.0,4.0,5.0,9999.0,9999.0,5.0,9999.0,9999.0,8.3,34.0,37.0,4.0,47.0,52.0,57.0,61.0
375.0,1.0,5.0,10.0,8.0,13.0,3996.0,209.0,11.0,6100.0,9999.0,6950.0,9999.0,11.79,1.0,17.0,25.0,29.0,4.0,5.0,9999.0,9999.0,5.0,9999.0,9999.0,7.7,34.0,37.0,4.0,47.0,52.0,57.0,61.0
375.0,1.0,5.0,10.0,8.0,13.0,3996.0,209.0,11.0,6100.0,9999.0,6950.0,9999.0,11.79,1.0,17.0,25.0,29.0,4.0,5.0,9999.0,9999.0,5.0,9999.0,9999.0,8.2,34.0,37.0,4.0,47.0,52.0,57.0,61.0
380.0,2.0,6.0,10.0,8.0,13.0,4552.0,165.0,9.0,4750.0,9999.0,9999.0,9999.0,10.49,872.0,19.0,0.0,0.0,2.0,9999.0,9999.0,9999.0,9999.0,9999.0,9999.0,12.7,35.0,43.0,1.0,47.0,52.0,57.0,61.0
387.0,1.0,5.0,10.0,8.0,13.0,3969.0,203.0,11.0,5900.0,9999.0,9999.0,9999.0,12.25,943.0,17.0,25.0,29.0,4.0,6.0,33.5,9999.0,6.0,28.0,9999.0,8.8,34.0,42.0,4.0,47.0,52.0,57.0,61.0
390.0,2.0,6.0,10.0,8.0,13.0,4266.0,200.0,10.0,5750.0,650.0,6000.0,6000.0,11.49,934.0,15.0,23.0,29.0,3.0,7.0,36.0,9.7,7.0,41.0,10.0,10.5,34.0,39.0,2.0,47.0,52.0,57.0,61.0
400.0,1.0,5.0,10.0,8.0,13.0,4266.0,205.0,10.0,5700.0,650.0,6000.0,6000.0,11.78,934.0,15.0,23.0,29.0,3.0,7.0,36.0,9.7,7.0,41.0,10.0,8.8,34.0,39.0,2.0,47.0,52.0,57.0,61.0
400.0,1.0,5.0,10.0,8.0,13.0,4266.0,205.0,10.0,5750.0,650.0,6000.0,6000.0,11.78,934.0,15.0,23.0,29.0,3.0,7.0,36.0,9.7,7.0,41.0,10.0,7.9,34.0,39.0,2.0,47.0,52.0,57.0,61.0
400.0,1.0,6.0,10.0,8.0,13.0,4266.0,205.0,10.0,5750.0,650.0,6000.0,6000.0,11.78,934.0,15.0,23.0,29.0,3.0,7.0,36.0,9.7,7.0,41.0,10.0,8.3,34.0,39.0,2.0,47.0,52.0,57.0,61.0
400.0,1.0,5.0,10.0,8.0,13.0,4266.0,205.0,10.0,5750.0,650.0,6000.0,6000.0,11.78,934.0,15.0,23.0,29.0,3.0,7.0,36.0,9.7,7.0,41.0,10.0,7.2,34.0,39.0,2.0,47.0,52.0,57.0,61.0
400.0,1.0,5.0,10.0,8.0,13.0,4266.0,205.0,10.0,5750.0,650.0,6000.0,6000.0,11.78,934.0,15.0,23.0,29.0,3.0,7.0,36.0,9.7,7.0,41.0,10.0,8.2,34.0,39.0,2.0,47.0,52.0,57.0,61.0
400.0,1.0,6.0,10.0,8.0,13.0,4172.0,220.0,11.0,6200.0,9999.0,7200.0,9999.0,12.05,1.11,16.0,25.0,29.0,5.0,9999.0,27.0,11.0,9999.0,30.0,9.7,8.0,34.0,41.0,4.0,47.0,52.0,57.0,61.0
400.0,1.0,5.0,10.0,8.0,13.0,3506.0,260.0,8.0,6500.0,850.0,9999.0,7000.0,14.34,976.0,17.0,23.0,29.0,4.0,9999.0,33.5,9.0,9999.0,28.3,8.2,5.3,34.0,41.0,4.0,50.0,52.0,58.0,61.0
400.0,1.0,6.0,10.0,8.0,13.0,4172.0,220.0,11.0,6200.0,9999.0,7200.0,9999.0,12.05,1.11,16.0,25.0,29.0,5.0,9999.0,27.0,11.0,9999.0,30.0,9.7,8.3,34.0,41.0,4.0,47.0,52.0,57.0,61.0
407.0,1.0,4.0,10.0,8.0,13.0,4565.0,205.0,10.0,5600.0,700.0,9999.0,9999.0,11.2,0.93,17.0,23.0,29.0,4.0,9999.0,33.2,9999.0,9999.0,20.9,9999.0,9.0,34.0,37.0,4.0,47.0,52.0,58.0,61.0
410.0,1.0,6.0,10.0,8.0,13.0,4172.0,228.0,11.0,6000.0,630.0,6600.0,7200.0,12.35,1.11,16.0,25.0,29.0,5.0,9999.0,27.0,11.0,9999.0,30.0,9.7,7.7,34.0,41.0,4.0,47.0,52.0,57.0,61.0
410.0,1.0,6.0,10.0,8.0,13.0,4172.0,228.0,11.0,6000.0,630.0,6600.0,7200.0,12.35,1.11,16.0,25.0,29.0,5.0,9999.0,27.0,11.0,9999.0,30.0,9.7,7.9,34.0,41.0,4.0,47.0,52.0,57.0,61.0
420.0,1.0,6.0,10.0,8.0,13.0,4172.0,250.0,11.0,7000.0,780.0,7200.0,9999.0,12.65,1.11,16.0,25.0,29.0,5.0,9999.0,27.0,11.0,9999.0,30.0,9.7,6.9,34.0,41.0,4.0,47.0,52.0,57.0,61.0
420.0,1.0,6.0,10.0,8.0,13.0,4172.0,250.0,11.0,7000.0,780.0,7200.0,9999.0,12.65,1.11,16.0,25.0,29.0,5.0,9999.0,27.0,11.0,9999.0,30.0,9.7,7.0,34.0,41.0,4.0,47.0,52.0,57.0,61.0
420.0,1.0,6.0,10.0,8.0,13.0,4172.0,250.0,11.0,7000.0,780.0,7200.0,9999.0,12.65,1.11,16.0,25.0,29.0,5.0,9999.0,27.0,11.0,9999.0,30.0,9.7,7.2,34.0,41.0,4.0,47.0,52.0,57.0,61.0
420.0,1.0,6.0,10.0,8.0,13.0,4172.0,250.0,11.0,7000.0,780.0,7200.0,9999.0,12.65,1.11,16.0,25.0,29.0,5.0,9999.0,27.0,11.0,9999.0,30.0,9.7,7.3,34.0,41.0,4.0,47.0,52.0,57.0,61.0
427.0,2.0,8.0,10.0,8.0,13.0,5327.0,201.0,10.0,5200.0,9999.0,9999.0,9999.0,10.07,958.0,19.0,23.0,29.0,2.0,9999.0,9999.0,9999.0,9999.0,9999.0,9999.0,12.0,35.0,43.0,1.0,47.0,52.0,57.0,61.0
430.0,1.0,6.0,10.0,8.0,13.0,4172.0,265.0,11.0,7000.0,9999.0,9999.0,9999.0,12.95,1.11,16.0,25.0,29.0,5.0,9999.0,27.0,9999.0,9999.0,30.0,9999.0,6.5,34.0,41.0,4.0,47.0,52.0,57.0,61.0
430.0,1.0,6.0,10.0,8.0,13.0,4172.0,265.0,11.0,7000.0,9999.0,9999.0,9999.0,12.95,1.11,16.0,25.0,29.0,5.0,9999.0,27.0,9999.0,9999.0,30.0,9999.0,6.6,34.0,41.0,4.0,47.0,52.0,57.0,61.0
434.0,2.0,6.0,10.0,8.0,13.0,4664.0,173.0,10.0,4800.0,700.0,9999.0,9999.0,11.69,894.0,17.0,25.0,29.0,4.0,5.5,9999.0,9999.0,5.5,9999.0,9999.0,13.1,34.0,42.0,4.0,47.0,52.0,57.0,61.0
440.0,1.0,5.0,10.0,8.0,13.0,4398.0,210.0,10.0,5400.0,600.0,9999.0,9999.0,12.57,899.0,17.0,24.0,29.0,4.0,6.0,35.0,9.0,6.0,30.5,9.0,7.8,34.0,37.0,4.0,47.0,52.0,57.0,61.0
440.0,1.0,5.0,10.0,8.0,13.0,4398.0,210.0,10.0,5400.0,600.0,9999.0,9999.0,12.57,899.0,17.0,24.0,29.0,4.0,6.0,35.0,9.0,6.0,30.5,9.0,7.9,34.0,37.0,4.0,47.0,52.0,57.0,61.0
440.0,1.0,5.0,10.0,8.0,13.0,4398.0,210.0,10.0,5400.0,600.0,6500.0,9999.0,12.57,899.0,17.0,25.0,29.0,4.0,6.0,35.0,9.0,6.0,30.5,9.0,8.8,34.0,37.0,4.0,47.0,52.0,57.0,61.0
440.0,1.0,5.0,10.0,8.0,13.0,4398.0,210.0,10.0,5400.0,600.0,6500.0,9999.0,12.57,899.0,17.0,25.0,29.0,4.0,6.0,35.0,9.0,6.0,30.5,9.0,9.0,34.0,37.0,4.0,47.0,52.0,57.0,61.0
440.0,1.0,5.0,10.0,8.0,13.0,4398.0,210.0,10.0,5400.0,600.0,9999.0,9999.0,12.57,899.0,17.0,24.0,29.0,4.0,6.0,35.0,9.0,6.0,30.5,9.0,8.3,34.0,37.0,4.0,47.0,52.0,57.0,61.0
440.0,1.0,5.0,10.0,8.0,13.0,4398.0,210.0,10.0,5400.0,600.0,9999.0,9999.0,12.57,899.0,17.0,24.0,29.0,4.0,6.0,35.0,9.0,6.0,30.5,9.0,8.4,34.0,37.0,4.0,47.0,52.0,57.0,61.0
440.0,2.0,6.0,10.0,8.0,13.0,4398.0,210.0,10.0,5400.0,9999.0,9999.0,9999.0,12.57,899.0,17.0,24.0,29.0,4.0,6.0,35.0,9.0,6.0,30.5,9.0,10.0,34.0,37.0,4.0,47.0,52.0,57.0,61.0
450.0,1.0,5.0,10.0,8.0,13.0,3217.0,247.0,7.0,6400.0,9999.0,9999.0,9999.0,17.58,1.0,17.0,23.0,29.0,4.0,9999.0,9999.0,9999.0,9999.0,9999.0,9999.0,6.7,34.0,41.0,4.0,50.0,52.0,58.0,61.0
450.0,1.0,5.0,10.0,8.0,13.0,3217.0,247.0,7.0,6400.0,9999.0,9999.0,9999.0,17.58,1.0,17.0,23.0,29.0,4.0,9999.0,9999.0,9999.0,9999.0,9999.0,9999.0,6.8,34.0,41.0,4.0,50.0,52.0,58.0,61.0
456.0,2.0,6.0,10.0,8.0,13.0,4966.0,218.0,10.0,5500.0,650.0,6000.0,6000.0,11.54,866.0,15.0,23.0,29.0,3.0,7.0,38.0,9.5,7.0,43.0,10.0,10.8,34.0,39.0,2.0,47.0,52.0,57.0,61.0
456.0,2.0,6.0,10.0,8.0,13.0,4966.0,218.0,10.0,5500.0,650.0,6000.0,6000.0,11.54,866.0,15.0,23.0,29.0,3.0,7.0,38.0,9.5,7.0,43.0,10.0,11.3,34.0,39.0,2.0,47.0,52.0,57.0,61.0
456.0,2.0,6.0,10.0,8.0,13.0,4966.0,218.0,10.0,5500.0,650.0,6000.0,6000.0,11.54,866.0,15.0,23.0,29.0,3.0,7.0,38.0,9.5,7.0,43.0,10.0,10.8,34.0,39.0,2.0,47.0,52.0,57.0,61.0
460.0,1.0,5.0,10.0,8.0,13.0,4966.0,225.0,10.0,5600.0,650.0,6000.0,6000.0,11.64,866.0,15.0,23.0,29.0,3.0,7.0,38.0,9.5,7.0,43.0,10.0,8.1,34.0,39.0,2.0,47.0,52.0,57.0,61.0
460.0,1.0,5.0,10.0,8.0,13.0,4966.0,225.0,10.0,5500.0,650.0,6000.0,6000.0,11.64,866.0,15.0,23.0,29.0,3.0,7.0,38.0,9.5,7.0,43.0,10.0,7.9,34.0,39.0,2.0,47.0,52.0,57.0,61.0
460.0,1.0,5.0,10.0,8.0,13.0,4966.0,225.0,10.0,5500.0,650.0,6000.0,6000.0,11.64,866.0,15.0,23.0,29.0,3.0,7.0,38.0,9.5,7.0,43.0,10.0,8.0,34.0,39.0,2.0,47.0,52.0,57.0,61.0
460.0,1.0,5.0,10.0,8.0,13.0,4966.0,225.0,10.0,5600.0,650.0,6000.0,6000.0,11.64,866.0,15.0,23.0,29.0,3.0,7.0,38.0,9.5,7.0,43.0,10.0,8.0,34.0,39.0,2.0,47.0,52.0,57.0,61.0
460.0,1.0,5.0,10.0,8.0,13.0,4966.0,220.0,10.0,5500.0,650.0,6000.0,6000.0,11.64,866.0,15.0,23.0,29.0,3.0,7.0,38.0,9.5,7.0,43.0,10.0,8.1,34.0,39.0,2.0,47.0,52.0,57.0,61.0
481.0,1.0,5.0,10.0,8.0,13.0,4997.0,227.0,10.0,5250.0,9999.0,9999.0,6250.0,12.1,0.957,19.0,0.0,0.0,2.0,9999.0,9999.0,9999.0,9999.0,9999.0,9999.0,4.8,35.0,43.0,1.0,47.0,52.0,57.0,61.0
481.0,1.0,5.0,10.0,8.0,13.0,4997.0,227.0,10.0,5250.0,9999.0,9999.0,6250.0,12.1,0.957,19.0,0.0,0.0,2.0,9999.0,9999.0,9999.0,9999.0,9999.0,9999.0,4.7,35.0,43.0,1.0,47.0,52.0,57.0,61.0
483.0,1.0,5.0,10.0,8.0,13.0,5665.0,253.0,10.0,5400.0,9999.0,9999.0,9999.0,10.71,929.0,19.0,23.0,29.0,2.0,9999.0,50.8,9999.0,9999.0,39.4,9999.0,5.8,35.0,43.0,1.0,47.0,52.0,57.0,61.0
483.0,1.0,5.0,10.0,8.0,13.0,5665.0,253.0,10.0,5400.0,9999.0,9999.0,9999.0,10.71,929.0,19.0,23.0,29.0,2.0,9999.0,50.8,9999.0,9999.0,39.4,9999.0,5.9,35.0,43.0,1.0,47.0,52.0,57.0,61.0
483.0,1.0,5.0,10.0,8.0,13.0,5665.0,253.0,10.0,5400.0,9999.0,9999.0,9999.0,10.71,929.0,19.0,23.0,29.0,2.0,9999.0,50.8,9999.0,9999.0,39.4,9999.0,5.8,35.0,43.0,1.0,47.0,52.0,57.0,61.0
483.0,1.0,5.0,10.0,8.0,13.0,5665.0,253.0,10.0,5400.0,9999.0,9999.0,9999.0,10.71,929.0,19.0,23.0,29.0,2.0,9999.0,50.8,9999.0,9999.0,39.4,9999.0,5.9,35.0,43.0,1.0,47.0,52.0,57.0,61.0
491.0,1.0,5.0,10.0,8.0,13.0,3217.0,271.0,8.0,6250.0,9999.0,9999.0,9999.0,19.18,1.0,0.0,23.0,29.0,4.0,9999.0,9999.0,9999.0,9999.0,9999.0,9999.0,5.9,34.0,41.0,4.0,50.0,52.0,58.0,61.0
491.0,1.0,5.0,10.0,8.0,13.0,3217.0,271.0,8.0,6250.0,9999.0,9999.0,9999.0,19.18,1.0,0.0,23.0,29.0,4.0,9999.0,9999.0,9999.0,9999.0,9999.0,9999.0,5.9,34.0,41.0,4.0,50.0,52.0,58.0,61.0
500.0,1.0,5.0,10.0,8.0,13.0,4941.0,294.0,11.0,6600.0,600.0,7000.0,7000.0,12.72,0.947,17.0,24.0,30.0,4.0,6.0,35.0,10.3,6.0,30.5,10.2,5.9,34.0,39.0,4.0,47.0,52.0,58.0,61.0
500.0,1.0,5.0,10.0,8.0,13.0,4941.0,294.0,11.0,6600.0,600.0,7000.0,7000.0,12.72,0.947,17.0,24.0,30.0,4.0,6.0,35.0,10.3,6.0,30.5,10.2,5.5,34.0,39.0,4.0,47.0,52.0,57.0,61.0
500.0,1.0,5.0,10.0,8.0,13.0,5341.0,260.0,10.0,6000.0,9999.0,9999.0,9999.0,11.76,0.85,17.0,0.0,0.0,4.0,9999.0,9999.0,9999.0,9999.0,9999.0,9999.0,7.5,34.0,39.0,2.0,0.0,52.0,57.0,61.0
500.0,1.0,5.0,10.0,8.0,13.0,5341.0,260.0,10.0,6000.0,9999.0,9999.0,9999.0,11.76,0.85,17.0,0.0,0.0,4.0,9999.0,9999.0,9999.0,9999.0,9999.0,9999.0,7.9,34.0,39.0,2.0,0.0,52.0,57.0,61.0
505.0,1.0,5.0,10.0,8.0,13.0,3996.0,267.0,9.0,6150.0,9999.0,6950.0,9999.0,15.88,1.0,17.0,23.0,29.0,4.0,5.0,9999.0,9999.0,5.0,9999.0,9999.0,6.7,34.0,37.0,4.0,49.0,52.0,57.0,61.0
505.0,1.0,5.0,10.0,8.0,13.0,3996.0,267.0,9.0,6150.0,9999.0,6950.0,9999.0,15.88,1.0,17.0,23.0,29.0,4.0,5.0,9999.0,9999.0,5.0,9999.0,9999.0,6.1,34.0,37.0,4.0,49.0,52.0,57.0,61.0
505.0,1.0,5.0,10.0,8.0,13.0,3996.0,267.0,9.0,6150.0,9999.0,6950.0,9999.0,15.88,1.0,17.0,23.0,29.0,4.0,5.0,9999.0,9999.0,5.0,9999.0,9999.0,6.6,34.0,37.0,4.0,49.0,52.0,57.0,61.0
510.0,1.0,5.0,10.0,8.0,13.0,5439.0,255.0,11.0,5500.0,650.0,6000.0,6000.0,11.78,0.949,15.0,23.0,29.0,3.0,7.0,38.0,11.0,7.0,43.0,11.0,6.1,34.0,39.0,2.0,47.0,52.0,57.0,61.0
510.0,2.0,6.0,10.0,8.0,13.0,5439.0,255.0,11.0,5500.0,650.0,6000.0,6000.0,11.78,0.949,15.0,23.0,29.0,3.0,7.0,38.0,11.0,7.0,43.0,11.0,8.5,34.0,39.0,2.0,47.0,52.0,57.0,61.0
530.0,1.0,5.0,10.0,8.0,13.0,5439.0,260.0,11.0,5500.0,650.0,6000.0,6000.0,12.25,0.949,15.0,23.0,29.0,3.0,7.0,38.0,11.0,7.0,43.0,11.0,6.3,34.0,39.0,2.0,47.0,52.0,57.0,61.0
560.0,1.0,5.0,11.0,8.0,13.0,3996.0,184.0,19.0,4000.0,9999.0,9999.0,4750.0,17.61,1.0,17.0,23.0,29.0,4.0,6.0,28.7,7.9,7.0,26.2,7.9,10.4,34.0,39.0,4.0,50.0,53.0,57.0,62.0
560.0,1.0,5.0,11.0,8.0,13.0,3901.0,180.0,18.0,4000.0,620.0,4700.0,9999.0,18.04,1.48,16.0,23.0,29.0,4.0,6.0,25.9,7.5,6.0,25.9,8.0,10.9,34.0,38.0,4.0,50.0,53.0,57.0,62.0
570.0,1.0,5.0,10.0,8.0,13.0,4398.0,260.0,9.0,5500.0,9999.0,9999.0,9999.0,16.29,899.0,17.0,23.0,29.0,4.0,6.0,35.0,9.0,6.0,32.5,9.0,9.2,34.0,37.0,4.0,50.0,52.0,57.0,61.0
745.0,1.0,5.0,10.0,8.0,13.0,5341.0,410.0,8.0,6500.0,9999.0,9999.0,9999.0,17.53,0.85,17.0,0.0,0.0,4.0,9999.0,9999.0,9999.0,9999.0,9999.0,9999.0,4.9,34.0,39.0,2.0,51.0,52.0,57.0,61.0
750.0,1.0,5.0,10.0,8.0,13.0,6750.0,286.0,8.0,4000.0,9999.0,9999.0,9999.0,13.96,951.0,19.0,0.0,0.0,2.0,9999.0,9999.0,9999.0,9999.0,9999.0,9999.0,9.1,35.0,44.0,1.0,48.0,52.0,0.0,61.0
830.0,1.0,5.0,10.0,8.0,13.0,6750.0,298.0,8.0,4000.0,9999.0,9999.0,9999.0,15.45,951.0,19.0,0.0,0.0,2.0,9999.0,9999.0,9999.0,9999.0,9999.0,9999.0,8.5,35.0,44.0,1.0,48.0,52.0,0.0,61.0
835.0,1.0,5.0,10.0,8.0,13.0,6750.0,300.0,8.0,4000.0,9999.0,9999.0,9999.0,15.55,951.0,19.0,0.0,0.0,2.0,9999.0,9999.0,9999.0,9999.0,9999.0,9999.0,8.7,35.0,44.0,1.0,48.0,52.0,0.0,61.0
875.0,1.0,5.0,10.0,8.0,13.0,6750.0,312.0,8.0,4000.0,9999.0,9999.0,9999.0,16.29,951.0,19.0,0.0,0.0,2.0,9999.0,9999.0,9999.0,9999.0,9999.0,9999.0,7.9,35.0,44.0,1.0,48.0,52.0,0.0,61.0
490.0,1.0,5.0,10.0,12.0,13.0,5379.0,240.0,10.0,5000.0,600.0,9999.0,6000.0,11.45,929.0,16.0,23.0,29.0,2.0,7.0,42.0,9999.0,7.0,36.0,9999.0,8.3,34.0,37.0,2.0,47.0,52.0,57.0,61.0
490.0,1.0,5.0,10.0,12.0,13.0,5379.0,240.0,10.0,5000.0,600.0,9999.0,6000.0,11.45,929.0,16.0,23.0,29.0,2.0,7.0,42.0,9999.0,7.0,36.0,9999.0,8.5,34.0,37.0,2.0,47.0,52.0,57.0,61.0
490.0,1.0,5.0,10.0,12.0,13.0,5379.0,240.0,10.0,5000.0,600.0,9999.0,6000.0,11.45,929.0,16.0,23.0,29.0,2.0,7.0,42.0,9999.0,7.0,36.0,9999.0,9.8,34.0,37.0,2.0,47.0,52.0,57.0,61.0
530.0,1.0,5.0,10.0,12.0,13.0,5786.0,270.0,10.0,5500.0,650.0,6000.0,6000.0,11.51,1.36,15.0,24.0,30.0,3.0,7.0,33.0,10.0,7.0,36.0,10.0,7.0,34.0,39.0,2.0,47.0,52.0,57.0,61.0
530.0,1.0,5.0,10.0,12.0,13.0,5786.0,270.0,10.0,5500.0,650.0,6000.0,6000.0,11.51,1.36,15.0,24.0,30.0,3.0,7.0,33.0,10.0,7.0,36.0,10.0,7.3,34.0,39.0,2.0,47.0,52.0,57.0,61.0
540.0,1.0,5.0,10.0,12.0,13.0,5935.0,309.0,10.0,6000.0,9999.0,7000.0,9999.0,11.43,893.0,17.0,0.0,0.0,4.0,9999.0,9999.0,9999.0,9999.0,9999.0,9999.0,5.8,34.0,39.0,4.0,0.0,52.0,57.0,61.0
540.0,1.0,5.0,10.0,12.0,13.0,5935.0,309.0,10.0,6000.0,9999.0,7000.0,9999.0,11.43,893.0,17.0,0.0,0.0,4.0,9999.0,9999.0,9999.0,9999.0,9999.0,9999.0,5.8,34.0,39.0,4.0,0.0,52.0,57.0,61.0
540.0,1.0,5.0,10.0,12.0,13.0,5935.0,309.0,10.0,6000.0,9999.0,7000.0,9999.0,11.43,893.0,17.0,0.0,0.0,4.0,9999.0,9999.0,9999.0,9999.0,9999.0,9999.0,6.1,34.0,39.0,4.0,0.0,52.0,57.0,61.0
540.0,1.0,5.0,10.0,12.0,13.0,5935.0,309.0,10.0,6000.0,9999.0,7000.0,9999.0,11.43,893.0,17.0,0.0,0.0,4.0,9999.0,9999.0,9999.0,9999.0,9999.0,9999.0,6.1,34.0,39.0,4.0,0.0,52.0,57.0,61.0
550.0,1.0,5.0,10.0,12.0,13.0,5474.0,325.0,11.0,6250.0,950.0,7000.0,9999.0,12.63,852.0,17.0,23.0,29.0,4.0,9999.0,9999.0,9999.0,9999.0,9999.0,9999.0,5.2,34.0,40.0,4.0,47.0,52.0,57.0,61.0
569.0,1.0,5.0,10.0,12.0,13.0,5474.0,357.0,11.0,7000.0,9999.0,7500.0,9999.0,13.06,852.0,17.0,23.0,29.0,4.0,9999.0,9999.0,9999.0,9999.0,9999.0,9999.0,4.7,34.0,40.0,4.0,47.0,52.0,57.0,61.0
570.0,1.0,5.0,10.0,12.0,13.0,5987.0,290.0,10.0,5200.0,650.0,6200.0,6000.0,11.96,0.91,17.0,24.0,29.0,4.0,7.0,35.0,9.3,7.0,31.0,9.2,6.8,34.0,39.0,4.0,47.0,52.0,57.0,61.0
605.0,1.0,5.0,10.0,12.0,13.0,5707.0,390.0,10.0,7100.0,9999.0,9999.0,9999.0,13.32,0.92,17.0,24.0,29.0,4.0,9999.0,9999.0,9999.0,9999.0,9999.0,9999.0,3.9,34.0,43.0,4.0,47.0,52.0,58.0,0.0
605.0,1.0,6.0,10.0,12.0,13.0,5707.0,390.0,10.0,7100.0,9999.0,9999.0,9999.0,13.32,0.92,17.0,24.0,29.0,4.0,9999.0,9999.0,9999.0,9999.0,9999.0,9999.0,4.2,34.0,43.0,4.0,47.0,52.0,58.0,0.0
605.0,1.0,6.0,10.0,12.0,13.0,5707.0,390.0,10.0,7100.0,9999.0,9999.0,9999.0,13.32,0.92,17.0,24.0,29.0,4.0,9999.0,9999.0,9999.0,9999.0,9999.0,9999.0,4.2,34.0,43.0,4.0,47.0,52.0,58.0,0.0
630.0,1.0,5.0,10.0,12.0,13.0,5992.0,423.0,11.0,7300.0,9999.0,9999.0,9999.0,13.21,966.0,17.0,24.0,29.0,4.0,9999.0,9999.0,9999.0,9999.0,9999.0,9999.0,3.5,34.0,43.0,4.0,47.0,52.0,57.0,0.0
