0,1,2,3,4,5,6,7,8,9,10,11,12,13,14
3.9,2.0,7.0,5707.0,390.0,9.0,3.9,9999.0,9999.0,9999.0,320.0,1.42,70.1,43.3,2.788
4.0,3.0,7.0,5707.0,390.0,9.0,4.2,9999.0,9999.0,9999.0,335.0,1.9,70.1,43.3,2.788
4.2,3.0,7.0,3600.0,309.0,9.0,5.0,9999.0,9999.0,9999.0,305.0,9999.0,9999.0,9999.0,2583.0
4.3,2.0,7.0,5474.0,357.0,9.0,4.7,9999.0,2.3,3.5,317.0,1.14,49.2,41.0,2.959
4.5,2.0,7.0,3586.0,294.0,9.0,4.7,9999.0,9999.0,9999.0,295.0,1.1,38.7,31.6,3.774
4.6,2.0,7.0,5341.0,410.0,9.0,4.9,9999.0,9999.0,9999.0,300.0,667.0,51.6,69.2,1885.0
4.7,2.0,7.0,3495.0,280.0,9.0,4.8,9999.0,9999.0,9999.0,295.0,871.0,67.3,41.1,2983.0
4.7,2.0,7.0,3495.0,280.0,9.0,4.8,9999.0,9999.0,9999.0,295.0,871.0,67.3,41.1,2983.0
4.8,2.0,7.0,3600.0,265.0,9.0,5.1,0.582,9999.0,9999.0,302.0,1.39,43.9,40.4,2859.0
4.8,2.0,7.0,3586.0,294.0,9.0,4.8,9999.0,9999.0,9999.0,295.0,1.1,38.7,31.6,3.774
4.8,2.0,7.0,2174.0,225.0,9.0,5.4,9999.0,9999.0,9999.0,261.0,1.92,40.1,37.4,3.189
4.8,2.0,7.0,3506.0,260.0,9.0,5.3,9999.0,9999.0,9999.0,282.0,1.61,39.1,40.9,2.9
4.9,3.0,7.0,3600.0,309.0,9.0,5.1,9999.0,9999.0,9999.0,298.0,9999.0,9999.0,9999.0,2399.0
4.9,2.0,7.0,2174.0,224.0,9.0,6.0,9999.0,9999.0,9999.0,260.0,1.77,37.7,37.7,3.189
4.9,2.0,7.0,4997.0,227.0,9.0,4.8,9999.0,9999.0,9999.0,271.0,1.6,45.2,48.7,2416.0
4.9,2.0,7.0,4997.0,227.0,9.0,4.7,9999.0,9999.0,9999.0,271.0,1.6,45.2,48.7,2416.0
5.0,2.0,7.0,5935.0,309.0,9.0,5.8,9999.0,9999.0,9999.0,298.0,0.788,58.8,63.1,1865.0
5.0,2.0,7.0,5935.0,309.0,9.0,6.1,9999.0,9999.0,9999.0,298.0,0.788,58.8,63.1,1865.0
5.0,2.0,7.0,5935.0,309.0,9.0,6.1,9999.0,9999.0,9999.0,266.0,0.911,54.1,48.6,2417.0
5.0,2.0,7.0,2174.0,197.0,9.0,6.8,9999.0,9999.0,9999.0,257.0,1.58,35.6,37.4,3.189
5.1,2.0,7.0,3217.0,271.0,9.0,5.9,669.0,9999.0,9999.0,280.0,1.93,38.8,41.0,2.868
5.2,2.0,7.0,3387.0,221.0,9.0,6.0,0.582,9999.0,9999.0,280.0,1.23,40.8,40.3,2.893
5.2,3.0,7.0,3387.0,221.0,9.0,6.2,0.582,9999.0,9999.0,280.0,1.23,40.8,40.3,2.893
5.2,2.0,7.0,5474.0,325.0,9.0,5.2,9999.0,9999.0,9999.0,302.0,1.77,51.6,44.8,2.7
5.2,2.0,7.0,3947.0,168.0,9.0,6.3,9999.0,9999.0,9999.0,235.0,1.72,37.9,39.8,2.876
5.2,2.0,7.0,5665.0,253.0,9.0,5.8,9999.0,9999.0,9999.0,274.0,9999.0,9999.0,9999.0,1.7
5.2,2.0,7.0,5665.0,253.0,9.0,5.8,9999.0,9999.0,9999.0,274.0,9999.0,9999.0,9999.0,1.7
5.4,2.0,7.0,5439.0,255.0,9.0,6.1,649.0,3.0,4.1,250.0,925.0,34.1,49.1,2.341
5.4,3.0,7.0,4172.0,265.0,9.0,6.5,653.0,9999.0,4.0,250.0,0.864,29.3,41.3,3.1
5.4,2.0,7.0,3201.0,236.0,9.0,5.9,0.681,9999.0,9999.0,250.0,0.926,28.2,36.5,3.2
5.4,2.0,7.0,3201.0,236.0,9.0,5.7,773.0,9999.0,9999.0,250.0,0.926,28.2,36.5,3.2
5.4,2.0,7.0,3387.0,221.0,9.0,6.3,0.582,9999.0,9999.0,280.0,1.23,40.8,40.3,2.893
5.4,3.0,7.0,3387.0,221.0,9.0,6.6,0.582,9999.0,9999.0,280.0,1.23,40.8,40.3,2.893
5.4,2.0,7.0,3996.0,267.0,9.0,6.1,9999.0,9999.0,9999.0,250.0,0.822,41.1,49.4,2.5
5.5,2.0,7.0,5474.0,325.0,9.0,5.4,9999.0,9999.0,9999.0,298.0,0.949,52.0,50.2,2.4
5.6,2.0,7.0,3996.0,267.0,9.0,6.6,9999.0,9999.0,9999.0,250.0,853.0,39.7,47.6,2.5
5.6,2.0,7.0,3996.0,267.0,9.0,6.6,9999.0,9999.0,9999.0,250.0,0.822,41.1,49.4,2.5
5.6,2.0,7.0,5665.0,253.0,9.0,5.9,9999.0,9999.0,9999.0,274.0,9999.0,9999.0,9999.0,2.192
5.6,2.0,7.0,5665.0,253.0,9.0,5.9,9999.0,9999.0,9999.0,274.0,9999.0,9999.0,9999.0,2.192
5.7,2.0,7.0,5439.0,260.0,9.0,6.3,629.0,2.9,4.2,250.0,0.95,34.9,50.2,2.341
5.7,3.0,7.0,4172.0,250.0,9.0,6.9,748.0,9999.0,4.1,250.0,0.92,27.5,38.8,3.1
5.7,3.0,7.0,2671.0,195.0,9.0,7.9,629.0,9999.0,3.9,250.0,1.47,14.9,41.2,2812.0
5.7,2.0,7.0,3996.0,267.0,9.0,6.7,9999.0,9999.0,9999.0,250.0,0.832,40.6,48.8,2.5
5.7,2.0,7.0,3239.0,250.0,9.0,6.8,9999.0,9999.0,9999.0,266.0,1.35,28.5,44.7,2673.0
5.7,2.0,7.0,3239.0,250.0,9.0,7.0,9999.0,9999.0,9999.0,266.0,1.0,40.8,46.2,2.584
5.7,2.0,7.0,5341.0,260.0,9.0,7.5,9999.0,9999.0,9999.0,266.0,0.959,56.0,46.2,2822.0
5.7,3.0,7.0,2972.0,210.0,9.0,8.2,0.65,9999.0,9999.0,250.0,0.81,27.8,51.4,2339.0
5.8,2.0,7.0,3217.0,247.0,9.0,6.7,9999.0,9999.0,9999.0,270.0,1.14,36.9,41.6,2763.0
5.8,2.0,7.0,3217.0,247.0,9.0,6.8,9999.0,9999.0,9999.0,265.0,955.0,54.3,43.4,2.652
5.8,2.0,7.0,3947.0,168.0,9.0,6.5,9999.0,9999.0,9999.0,235.0,935.0,43.5,45.7,2615.0
5.8,3.0,7.0,4172.0,250.0,9.0,7.2,748.0,9999.0,4.2,250.0,0.92,27.5,38.8,3.1
5.8,3.0,7.0,2671.0,195.0,9.0,8.1,653.0,9999.0,4.0,250.0,1.47,14.9,41.2,2812.0
5.9,2.0,7.0,3179.0,185.0,9.0,7.0,618.0,9999.0,9999.0,260.0,1.33,39.9,40.3,2.893
5.9,2.0,7.0,2790.0,206.0,9.0,7.5,9999.0,9999.0,9999.0,260.0,1.41,29.3,41.6,2763.0
5.9,2.0,7.0,2790.0,206.0,9.0,7.6,9999.0,9999.0,9999.0,255.0,1.52,41.6,40.4,2847.0
5.9,2.0,7.0,1795.0,88.0,9.0,7.7,9999.0,9999.0,9999.0,202.0,988.0,26.9,37.2,3.12
5.9,2.0,7.0,6750.0,312.0,9.0,7.9,9999.0,9999.0,9999.0,270.0,1.44,43.0,64.6,2.18
5.9,2.0,7.0,5439.0,260.0,9.0,6.7,0.71,3.0,4.2,250.0,0.95,34.9,50.2,2.341
6.0,2.0,7.0,3387.0,221.0,9.0,6.2,0.582,9999.0,9999.0,275.0,0.944,39.8,42.8,2.7
6.0,3.0,7.0,3387.0,221.0,9.0,6.4,0.582,9999.0,9999.0,275.0,0.944,39.8,42.8,2.7
6.0,2.0,7.0,3239.0,250.0,9.0,7.1,9999.0,9999.0,9999.0,250.0,972.0,28.5,44.7,2673.0
6.0,2.0,7.0,3239.0,250.0,9.0,7.3,9999.0,9999.0,9999.0,250.0,966.0,40.8,45.0,2655.0
6.1,2.0,7.0,5987.0,290.0,9.0,6.8,0.63,3.2,4.5,250.0,888.0,47.6,54.2,2.2
6.2,2.0,7.0,3387.0,221.0,9.0,6.5,0.582,9999.0,9999.0,275.0,0.944,39.8,42.8,2.7
6.2,3.0,7.0,3387.0,221.0,9.0,6.8,0.582,9999.0,9999.0,275.0,0.944,39.8,42.8,2.7
6.2,2.0,7.0,1997.0,177.0,9.0,7.1,0.692,9999.0,9999.0,240.0,0.83,67.6,34.8,3321.0
6.3,2.0,7.0,5786.0,270.0,9.0,7.0,616.0,3.0,4.5,250.0,9999.0,9999.0,9999.0,2.341
6.3,2.0,7.0,5786.0,270.0,9.0,7.3,621.0,3.0,4.5,250.0,0.97,47.5,50.1,2.341
6.3,2.0,7.0,6750.0,286.0,9.0,8.6,9999.0,9999.0,9999.0,245.0,0.947,39.1,64.6,2.18
6.3,3.0,7.0,1994.0,160.0,9.0,8.0,0.663,9999.0,9999.0,231.0,0.999,34.5,41.3,2886.0
6.3,2.0,7.0,4398.0,210.0,9.0,8.3,716.0,9999.0,9999.0,250.0,0.94,36.2,51.2,2332.0
6.4,2.0,7.0,4266.0,205.0,9.0,7.2,617.0,3.2,4.7,250.0,826.0,33.3,52.6,2.2
6.4,3.0,7.0,1781.0,165.0,9.0,8.5,677.0,9999.0,4.3,243.0,1.76,17.7,38.3,3.24
6.4,2.0,7.0,4398.0,210.0,9.0,7.9,0.673,9999.0,9999.0,250.0,871.0,42.9,53.2,2248.0
6.4,2.0,7.0,6750.0,300.0,9.0,8.7,9999.0,9999.0,9999.0,245.0,0.947,42.0,64.6,2.18
6.4,3.0,7.0,1994.0,160.0,9.0,8.2,0.704,9999.0,9999.0,229.0,991.0,34.5,41.3,2886.0
6.5,2.0,7.0,4966.0,225.0,9.0,8.1,0.65,3.2,4.7,250.0,0.824,33.8,54.2,2.2
6.5,2.0,7.0,4966.0,225.0,9.0,8.0,621.0,3.2,4.7,250.0,0.86,36.6,52.8,2.341
6.5,2.0,7.0,4966.0,225.0,9.0,8.0,616.0,3.1,4.6,250.0,9999.0,9999.0,9999.0,2.341
6.5,2.0,7.0,3179.0,185.0,9.0,7.2,618.0,9999.0,9999.0,255.0,0.967,38.4,42.2,2.8
6.5,2.0,7.0,5341.0,260.0,9.0,7.9,9999.0,9999.0,9999.0,240.0,865.0,56.0,46.2,2822.0
6.5,2.0,7.0,4398.0,260.0,9.0,9.2,0.921,9999.0,9999.0,240.0,9999.0,9999.0,9999.0,2315.0
6.6,2.0,7.0,4266.0,205.0,9.0,7.9,629.0,3.2,4.6,250.0,0.864,35.0,50.3,2343.0
6.6,3.0,7.0,4172.0,265.0,9.0,6.6,653.0,9999.0,4.8,250.0,0.864,31.7,41.4,2.999
6.6,2.0,7.0,2687.0,162.0,9.0,7.8,598.0,9999.0,9999.0,250.0,0.949,44.1,41.1,2812.0
6.7,3.0,7.0,1781.0,165.0,9.0,8.9,716.0,9999.0,4.8,237.0,1.5,17.7,38.3,3.24
6.7,3.0,7.0,4172.0,250.0,9.0,7.0,748.0,9999.0,4.9,250.0,865.0,31.6,41.3,2823.0
6.7,1.0,7.0,2959.0,162.0,9.0,8.7,9999.0,9999.0,9999.0,240.0,0.936,47.7,40.7,2.8
6.7,2.0,7.0,3996.0,209.0,9.0,7.7,9999.0,9999.0,9999.0,251.0,812.0,45.9,50.7,2448.0
6.7,2.0,7.0,6750.0,286.0,9.0,9.1,9999.0,9999.0,9999.0,241.0,932.0,39.1,64.6,2.18
6.7,1.0,7.0,1797.0,140.0,9.0,8.0,9999.0,9999.0,9999.0,233.0,1.19,51.5,28.9,3766.0
6.8,3.0,7.0,4266.0,205.0,9.0,8.3,632.0,3.2,4.8,250.0,0.94,32.1,46.2,2551.0
6.8,3.0,7.0,1781.0,154.0,9.0,9.1,639.0,9999.0,4.8,238.0,1.72,16.9,38.3,3.24
6.8,2.0,7.0,2793.0,141.0,9.0,9.2,677.0,9999.0,9999.0,231.0,1186.0,34.5,36.7,3.2
6.8,2.0,7.0,5379.0,240.0,9.0,8.3,0.707,9999.0,9999.0,250.0,882.0,49.2,56.7,2.2
6.8,1.0,7.0,2290.0,165.0,9.0,8.0,9999.0,9999.0,9999.0,250.0,1.6,20.9,42.9,2673.0
6.8,2.0,7.0,6750.0,298.0,9.0,8.5,0.921,9999.0,9999.0,249.0,9999.0,9999.0,9999.0,2.18
6.8,1.0,7.0,4565.0,224.0,9.0,8.3,9999.0,9999.0,9999.0,240.0,0.83,50.5,49.8,2.527
6.8,3.0,7.0,4172.0,250.0,9.0,7.3,748.0,9999.0,5.0,250.0,865.0,31.6,41.3,2823.0
6.9,2.0,7.0,3199.0,160.0,9.0,8.4,632.0,3.2,4.8,242.0,0.999,26.9,42.5,2.724
6.9,3.0,7.0,4172.0,228.0,9.0,7.7,675.0,9999.0,4.9,250.0,0.788,35.7,52.9,2339.0
6.9,3.0,7.0,4172.0,220.0,9.0,8.0,613.0,9999.0,4.8,250.0,752.0,36.2,53.6,2193.0
6.9,2.0,7.0,3498.0,180.0,9.0,8.9,0.673,9999.0,9999.0,250.0,1.57,36.8,40.8,2.9
6.9,2.0,7.0,1998.0,108.0,9.0,8.6,9999.0,9999.0,9999.0,215.0,1119.0,38.1,32.0,3613.0
6.9,1.0,7.0,2319.0,176.0,9.0,8.2,624.0,9999.0,9999.0,250.0,1186.0,22.6,41.3,2.8
6.9,2.0,7.0,2935.0,124.0,9.0,8.4,9999.0,9999.0,9999.0,226.0,1.5,33.9,39.8,2.876
6.9,2.0,7.0,4266.0,205.0,9.0,8.3,0.707,3.3,4.9,243.0,0.839,35.0,50.3,2343.0
7.0,3.0,7.0,4172.0,228.0,9.0,7.9,675.0,9999.0,5.0,250.0,0.788,35.7,52.9,2339.0
7.0,2.0,7.0,2793.0,142.0,9.0,9.8,594.0,9999.0,9999.0,242.0,1114.0,32.8,39.5,2.9
7.0,2.0,7.0,2793.0,142.0,9.0,9.8,597.0,9999.0,5.1,240.0,1.15,32.8,39.5,2.9
7.0,2.0,7.0,4398.0,210.0,9.0,8.8,0.663,9999.0,9999.0,250.0,862.0,43.3,53.7,2344.0
7.0,2.0,7.0,4398.0,210.0,9.0,9.0,0.663,9999.0,9999.0,250.0,862.0,43.3,53.7,2344.0
7.0,2.0,7.0,3996.0,209.0,9.0,8.2,9999.0,9999.0,9999.0,248.0,0.82,45.9,50.7,2448.0
7.1,3.0,7.0,2671.0,169.0,9.0,9.6,613.0,9999.0,5.1,245.0,1.1,13.9,41.8,2812.0
7.1,2.0,7.0,2793.0,141.0,9.0,9.5,677.0,9999.0,9999.0,229.0,1.17,39.0,39.0,2964.0
7.1,1.0,7.0,2290.0,165.0,9.0,8.0,9999.0,9999.0,9999.0,245.0,1.39,20.9,42.9,2673.0
7.1,2.0,7.0,3996.0,203.0,9.0,8.1,9999.0,9999.0,9999.0,240.0,0.817,47.8,48.1,2483.0
7.1,2.0,7.0,3969.0,203.0,9.0,8.8,581.0,9999.0,9999.0,250.0,843.0,46.2,50.3,2459.0
7.1,3.0,7.0,4172.0,220.0,9.0,8.3,748.0,9999.0,5.1,250.0,752.0,36.2,53.6,2193.0
7.1,1.0,7.0,2319.0,184.0,9.0,8.4,669.0,9999.0,9999.0,250.0,1145.0,20.8,42.0,2.8
7.2,2.0,7.0,2295.0,145.0,9.0,9.0,632.0,3.5,4.9,240.0,1.33,19.8,42.2,2.7
7.2,2.0,7.0,2793.0,142.0,9.0,9.3,769.0,9999.0,9999.0,223.0,1.39,34.6,39.0,2964.0
7.2,1.0,7.0,2319.0,176.0,9.0,8.4,624.0,9999.0,9999.0,240.0,1.22,30.1,46.0,2.514
7.2,1.0,7.0,1588.0,116.0,9.0,9.1,9999.0,9999.0,9999.0,214.0,1.51,35.4,33.9,3178.0
7.2,1.0,7.0,2157.0,156.0,9.0,8.5,9999.0,9999.0,9999.0,228.0,1.26,54.8,30.9,3.711
7.2,3.0,7.0,4266.0,205.0,9.0,8.7,0.707,3.3,4.9,243.0,914.0,32.1,46.2,2551.0
7.3,2.0,7.0,4266.0,205.0,9.0,8.7,621.0,3.6,5.3,250.0,0.83,36.6,52.8,2.341
7.3,2.0,7.0,4266.0,205.0,9.0,8.8,621.0,3.6,5.3,250.0,0.83,36.6,52.8,2.341
7.3,2.0,7.0,2295.0,145.0,9.0,9.2,632.0,3.2,5.0,237.0,1.14,22.4,42.5,2.724
7.3,3.0,7.0,2771.0,142.0,9.0,10.1,0.65,9999.0,5.2,238.0,1.62,26.9,37.3,3.68
7.3,1.0,7.0,1985.0,147.0,9.0,9.0,9999.0,9999.0,9999.0,235.0,9999.0,9999.0,9999.0,9999.0
7.3,1.0,7.0,1855.0,147.0,9.0,8.8,9999.0,9999.0,9999.0,235.0,1.2,19.3,41.9,2763.0
7.3,1.0,7.0,2492.0,140.0,9.0,9.5,639.0,9999.0,9999.0,230.0,1.33,41.2,35.3,3242.0
7.3,1.0,7.0,2959.0,141.0,9.0,10.1,9999.0,9999.0,9999.0,225.0,1.24,45.2,39.2,2853.0
7.3,1.0,7.0,1998.0,162.0,9.0,9.3,9999.0,9999.0,9999.0,243.0,965.0,23.5,43.8,2.644
7.3,1.0,7.0,1998.0,162.0,9.0,9.1,9999.0,9999.0,9999.0,243.0,965.0,23.5,43.8,2.644
7.3,2.0,7.0,3996.0,209.0,9.0,8.2,9999.0,9999.0,9999.0,240.0,777.0,45.9,50.7,2448.0
7.3,3.0,7.0,2671.0,169.0,9.0,10.0,679.0,9999.0,5.3,243.0,1.2,13.9,41.8,2812.0
7.3,2.0,7.0,2793.0,142.0,9.0,10.3,659.0,9999.0,5.2,237.0,1433.0,25.0,30.1,3.9
7.3,1.0,7.0,1855.0,147.0,9.0,9.0,9999.0,9999.0,9999.0,235.0,1.2,19.3,41.9,2763.0
7.4,2.0,7.0,3199.0,160.0,9.0,8.9,617.0,3.5,5.3,240.0,927.0,28.8,45.4,2548.0
7.4,2.0,7.0,4266.0,205.0,9.0,8.2,696.0,3.6,5.3,250.0,895.0,30.8,48.6,2.382
7.4,1.0,7.0,1781.0,132.0,9.0,9.4,677.0,9999.0,5.5,228.0,1182.0,17.4,35.1,3.3
7.4,2.0,7.0,2687.0,162.0,9.0,8.1,598.0,9999.0,9999.0,245.0,0.984,37.3,38.9,2975.0
7.4,1.0,7.0,1997.0,148.0,9.0,9.7,9999.0,9999.0,9999.0,235.0,1.76,21.1,36.4,3.75
7.4,2.0,7.0,3996.0,209.0,9.0,8.3,9999.0,9999.0,9999.0,240.0,779.0,45.8,50.5,2448.0
7.4,3.0,7.0,2671.0,184.0,9.0,9.8,9999.0,9999.0,9999.0,236.0,9999.0,9999.0,9999.0,3194.0
7.4,1.0,7.0,2492.0,140.0,9.0,9.8,639.0,9999.0,9999.0,230.0,1.13,42.0,36.0,3242.0
7.5,1.0,7.0,2671.0,169.0,9.0,9.1,613.0,9999.0,5.7,247.0,0.842,14.7,50.6,2325.0
7.5,1.0,7.0,1781.0,132.0,9.0,8.9,639.0,9999.0,5.6,228.0,1.16,18.6,37.5,3.56
7.5,1.0,7.0,1781.0,132.0,9.0,8.9,639.0,9999.0,5.6,228.0,1.16,18.6,37.5,3.56
7.5,3.0,7.0,1781.0,132.0,9.0,9.9,639.0,9999.0,5.2,226.0,1.154,13.9,35.6,3217.0
7.5,2.0,7.0,2793.0,142.0,9.0,10.6,0.651,9999.0,9999.0,240.0,1.73,33.8,40.7,2.9
7.5,1.0,7.0,2319.0,176.0,9.0,9.1,738.0,9999.0,9999.0,235.0,1115.0,22.6,41.3,2.8
7.5,2.0,7.0,2967.0,175.0,9.0,8.9,726.0,9999.0,9999.0,234.0,884.0,41.4,38.9,3.1
7.5,2.0,7.0,5379.0,240.0,9.0,9.8,0.921,9999.0,9999.0,225.0,799.0,48.9,56.3,2315.0
7.5,1.0,7.0,2157.0,136.0,9.0,9.4,9999.0,9999.0,9999.0,228.0,1.71,42.7,30.4,3534.0
7.5,2.0,7.0,1998.0,147.0,9.0,8.6,9999.0,9999.0,9999.0,235.0,982.0,45.3,37.4,3.94
7.5,3.0,7.0,2771.0,142.0,9.0,10.3,653.0,9999.0,5.3,234.0,1.44,26.9,37.3,3.68
7.5,1.0,7.0,2319.0,176.0,9.0,9999.0,669.0,9999.0,9999.0,240.0,0.939,24.3,47.3,2484.0
7.5,1.0,7.0,2319.0,176.0,9.0,9999.0,669.0,9999.0,9999.0,240.0,0.939,24.3,47.3,2484.0
7.5,3.0,7.0,4398.0,210.0,10.0,10.0,9999.0,9999.0,9999.0,206.0,9999.0,9999.0,9999.0,2912.0
7.7,1.0,7.0,1781.0,132.0,9.0,9.4,9999.0,9999.0,9999.0,229.0,1.82,17.0,38.5,3.7
7.7,1.0,7.0,2946.0,140.0,9.0,10.0,0.666,9999.0,9999.0,235.0,1.99,34.1,37.2,3.81
7.7,2.0,7.0,1795.0,107.0,9.0,10.0,648.0,9999.0,9999.0,212.0,9999.0,49.1,9999.0,9999.0
7.7,1.0,7.0,2671.0,169.0,9.0,9.5,635.0,9999.0,5.9,245.0,835.0,14.7,50.6,2325.0
7.7,3.0,7.0,2671.0,184.0,9.0,9.9,9999.0,9999.0,9999.0,234.0,9999.0,9999.0,9999.0,2294.0
7.7,1.0,7.0,1998.0,162.0,9.0,9.4,9999.0,9999.0,9999.0,235.0,934.0,23.5,43.8,2.644
7.8,2.0,7.0,3199.0,160.0,9.0,9.3,9999.0,9999.0,9999.0,245.0,1.8,27.0,42.6,2714.0
7.8,2.0,8.0,3996.0,184.0,9.0,10.4,9999.0,9999.0,9999.0,250.0,1.38,23.7,60.2,2.53
7.8,2.0,7.0,2494.0,125.0,9.0,10.0,0.686,9999.0,9999.0,230.0,1.12,34.9,37.3,3.1
7.8,2.0,8.0,2926.0,135.0,9.0,11.3,639.0,9999.0,9999.0,227.0,1.17,17.1,51.2,2.3
7.8,1.0,7.0,2435.0,142.0,9.0,10.2,624.0,9999.0,9999.0,230.0,1.91,17.0,41.3,2.8
7.8,1.0,7.0,2959.0,166.0,9.0,9.1,9999.0,9999.0,9999.0,243.0,1.32,44.3,38.0,3.46
7.8,1.0,7.0,1795.0,107.0,9.0,9.5,9999.0,9999.0,9999.0,205.0,0.95,32.4,33.6,3213.0
7.8,1.0,7.0,1834.0,99.0,9.0,10.5,9999.0,9999.0,9999.0,210.0,0.979,44.5,33.0,3267.0
7.8,1.0,7.0,4565.0,205.0,9.0,9.0,9999.0,9999.0,9999.0,203.0,0.61,60.2,59.4,2.118
7.8,1.0,7.0,2495.0,151.0,9.0,9.2,0.697,9999.0,9999.0,227.0,893.0,48.3,39.1,2.9
7.9,2.0,7.0,3199.0,165.0,9.0,9.5,629.0,3.4,5.3,238.0,0.921,29.2,46.2,2548.0
7.9,1.0,7.0,1781.0,132.0,9.0,9.9,716.0,9999.0,5.8,222.0,1151.0,17.4,35.1,3.3
7.9,1.0,7.0,1781.0,132.0,9.0,9.5,0.65,9999.0,9999.0,231.0,1.31,17.9,37.3,3.11
7.9,1.0,7.0,2498.0,143.0,9.0,9.9,557.0,9999.0,9999.0,233.0,975.0,29.3,36.7,3.119
7.9,1.0,7.0,2946.0,140.0,9.0,10.1,0.666,9999.0,9999.0,230.0,1339.0,49.2,29.9,3886.0
7.9,2.0,7.0,2793.0,142.0,9.0,11.4,0.673,9999.0,9999.0,233.0,1.92,32.3,38.8,3.1
7.9,2.0,8.0,2926.0,135.0,9.0,11.8,0.68,9999.0,9999.0,225.0,1.97,17.1,51.2,2.3
7.9,3.0,7.0,2771.0,142.0,9.0,10.7,667.0,9999.0,5.4,232.0,1.25,27.2,37.7,3.68
8.0,3.0,7.0,2771.0,142.0,9.0,11.0,613.0,9999.0,5.7,234.0,1.34,27.2,37.7,3.68
8.0,2.0,7.0,2494.0,125.0,9.0,11.0,594.0,9999.0,9999.0,233.0,1124.0,31.2,37.7,3.1
8.0,2.0,7.0,2494.0,125.0,9.0,11.0,597.0,9999.0,5.6,231.0,1111.0,31.3,37.8,3.1
8.0,2.0,8.0,2926.0,135.0,9.0,11.7,0.651,9999.0,9999.0,225.0,1.11,19.3,50.7,2.4
8.0,1.0,7.0,1985.0,136.0,9.0,9.7,9999.0,9999.0,9999.0,230.0,992.0,17.3,42.2,2673.0
8.0,1.0,7.0,1985.0,136.0,9.0,9.7,9999.0,9999.0,9999.0,230.0,992.0,17.3,42.2,2673.0
8.0,1.0,7.0,2319.0,176.0,9.0,9.2,738.0,9999.0,9999.0,225.0,1.497,19.3,29.5,3928.0
8.0,1.0,7.0,1998.0,113.0,9.0,10.5,9999.0,9999.0,9999.0,213.0,1.14,32.4,32.3,3.4
8.0,3.0,7.0,1781.0,132.0,9.0,10.7,0.673,9999.0,9999.0,227.0,1.65,15.8,35.5,3259.0
8.1,1.0,7.0,3697.0,191.0,9.0,8.6,675.0,9999.0,6.1,250.0,773.0,34.9,53.9,2294.0
8.1,1.0,7.0,2771.0,142.0,9.0,10.3,613.0,9999.0,5.7,236.0,992.0,28.6,39.6,2.919
8.1,1.0,7.0,2771.0,142.0,9.0,10.6,613.0,9999.0,5.7,230.0,3353.0,6.1,11.4,1125.0
8.1,2.0,7.0,2793.0,142.0,9.0,10.1,594.0,9999.0,9999.0,237.0,848.0,36.0,50.8,2278.0
8.1,2.0,7.0,2793.0,142.0,9.0,10.1,597.0,9999.0,5.9,235.0,841.0,36.0,50.8,2278.0
8.1,1.0,7.0,2946.0,140.0,9.0,10.5,0.686,9999.0,9999.0,230.0,1.11,32.7,38.0,3.17
8.1,1.0,7.0,1781.0,132.0,9.0,9.9,653.0,9999.0,9999.0,228.0,1.18,17.9,37.3,3.11
8.2,2.0,7.0,3199.0,165.0,9.0,10.3,621.0,3.7,5.8,240.0,883.0,30.7,48.5,2548.0
8.2,2.0,7.0,3199.0,165.0,9.0,10.5,621.0,3.7,5.8,240.0,883.0,30.7,48.5,2548.0
8.2,2.0,7.0,1998.0,120.0,9.0,10.8,611.0,3.8,6.0,223.0,1.65,18.6,39.5,2.9
8.2,3.0,8.0,3328.0,165.0,9.0,11.3,653.0,9999.0,5.9,242.0,1.73,22.9,56.4,2193.0
8.2,3.0,7.0,2671.0,169.0,9.0,9.9,613.0,9999.0,5.6,242.0,0.814,17.7,51.3,2294.0
8.2,1.0,7.0,1781.0,110.0,9.0,10.7,639.0,9999.0,5.8,217.0,1.11,16.7,37.7,3.84
8.2,3.0,7.0,1781.0,110.0,9.0,11.7,639.0,9999.0,5.8,215.0,1.71,15.6,35.2,3.296
8.2,2.0,8.0,2926.0,135.0,9.0,11.4,639.0,9999.0,9999.0,227.0,1.37,21.1,54.7,2136.0
8.2,2.0,7.0,3498.0,175.0,9.0,10.3,0.663,9999.0,9999.0,243.0,0.839,42.5,50.0,2.5
8.2,1.0,7.0,2435.0,142.0,9.0,10.3,624.0,9999.0,9999.0,225.0,958.0,22.6,46.0,2.514
8.2,1.0,7.0,2922.0,147.0,9.0,10.6,9999.0,9999.0,9999.0,235.0,991.0,37.9,39.5,2975.0
8.2,1.0,7.0,1595.0,118.0,9.0,9.2,9999.0,9999.0,9999.0,207.0,0.92,56.1,29.6,3733.0
8.2,1.0,7.0,2498.0,120.0,9.0,10.8,9999.0,9999.0,9999.0,225.0,1.42,38.7,37.5,3.52
8.2,1.0,7.0,2988.0,147.0,9.0,9.7,9999.0,9999.0,9999.0,230.0,0.928,33.7,38.7,3.37
8.2,2.0,7.0,2997.0,163.0,9.0,10.2,9999.0,9999.0,9999.0,230.0,0.939,36.0,42.2,2722.0
8.3,2.0,8.0,3226.0,145.0,9.0,11.1,629.0,3.7,5.7,230.0,1.25,22.3,53.4,2.22
8.3,3.0,7.0,3199.0,165.0,9.0,10.0,632.0,3.5,5.7,234.0,0.95,29.2,46.2,2548.0
8.3,1.0,7.0,2671.0,169.0,9.0,9.3,613.0,9999.0,5.9,244.0,772.0,18.8,54.5,2.159
8.3,1.0,7.0,2962.0,147.0,9.0,10.7,9999.0,9999.0,9999.0,235.0,1.23,31.3,45.9,2.6
8.3,1.0,7.0,1969.0,114.0,9.0,10.9,9999.0,9999.0,9999.0,211.0,0.96,36.7,34.3,3.172
8.3,1.0,7.0,1797.0,124.0,9.0,9.6,9999.0,9999.0,9999.0,223.0,0.974,49.8,30.1,3.618
8.3,2.0,7.0,1998.0,147.0,9.0,8.7,9999.0,9999.0,9999.0,223.0,0.814,50.9,42.8,2.72
8.3,3.0,7.0,2771.0,142.0,9.0,11.4,679.0,9999.0,5.9,232.0,1.25,27.2,37.7,3.68
8.3,1.0,7.0,2771.0,142.0,9.0,11.0,679.0,9999.0,5.8,228.0,3324.0,6.1,11.4,1125.0
8.3,2.0,8.0,2926.0,135.0,9.0,11.9,0.68,9999.0,9999.0,225.0,1.28,21.1,54.7,2136.0
8.3,2.0,8.0,2926.0,135.0,9.0,12.5,0.694,9999.0,9999.0,222.0,1.95,19.3,50.7,2.4
8.3,1.0,7.0,2962.0,147.0,9.0,10.4,9999.0,9999.0,9999.0,235.0,1.6,25.4,44.3,2.652
8.3,1.0,7.0,2435.0,147.0,9.0,9999.0,669.0,9999.0,9999.0,220.0,787.0,17.9,46.6,2484.0
8.3,1.0,7.0,2435.0,147.0,9.0,9999.0,669.0,9999.0,9999.0,220.0,787.0,17.9,46.6,2484.0
8.4,2.0,7.0,2295.0,142.0,9.0,9.5,617.0,4.1,5.9,234.0,1.56,21.7,41.8,2.768
8.4,2.0,7.0,2295.0,142.0,9.0,9.7,617.0,3.7,5.8,231.0,1.22,22.5,42.6,2714.0
8.4,2.0,7.0,3199.0,165.0,9.0,10.7,0.65,3.7,5.7,238.0,1.22,26.4,41.6,2864.0
8.4,1.0,7.0,2771.0,142.0,9.0,10.8,675.0,9999.0,6.1,236.0,976.0,29.1,40.3,3.68
8.4,1.0,7.0,1781.0,110.0,9.0,11.4,629.0,9999.0,5.9,221.0,1.35,14.5,37.4,3.11
8.4,2.0,8.0,2926.0,135.0,9.0,11.7,0.651,9999.0,9999.0,225.0,1.8,24.6,55.8,2136.0
8.4,2.0,8.0,3901.0,180.0,9.0,10.9,685.0,9999.0,9999.0,242.0,1.6,23.4,60.1,2.94
8.4,1.0,7.0,2946.0,140.0,9.0,11.1,639.0,9999.0,9999.0,233.0,1133.0,33.7,37.4,3.64
8.4,1.0,7.0,1855.0,147.0,9.0,8.8,9999.0,9999.0,9999.0,225.0,0.923,29.0,44.3,2611.0
8.4,1.0,7.0,1969.0,114.0,9.0,12.0,9999.0,9999.0,9999.0,210.0,981.0,35.7,33.4,3.4
8.4,1.0,7.0,2492.0,140.0,9.0,10.6,9999.0,9999.0,9999.0,225.0,1.5,42.7,35.5,3.257
8.4,1.0,7.0,1969.0,114.0,9.0,11.2,9999.0,9999.0,9999.0,216.0,983.0,36.7,34.3,3.172
8.4,2.0,7.0,2295.0,142.0,9.0,10.1,0.68,4.1,5.7,230.0,1.35,21.7,41.9,2.768
8.4,2.0,7.0,2295.0,142.0,9.0,10.2,0.68,3.9,6.0,227.0,1.1,22.6,42.8,2714.0
8.4,3.0,7.0,2671.0,169.0,9.0,10.2,679.0,9999.0,5.7,240.0,0.87,17.7,51.3,2294.0
8.4,1.0,7.0,2771.0,142.0,9.0,10.7,679.0,9999.0,6.1,234.0,0.984,28.6,39.6,2.919
8.4,2.0,7.0,2793.0,142.0,9.0,10.5,659.0,9999.0,6.0,232.0,1.19,27.0,38.0,3.42
8.4,1.0,7.0,2946.0,140.0,9.0,10.1,0.683,9999.0,9999.0,227.0,1.87,32.7,38.0,3.17
8.4,1.0,7.0,1855.0,147.0,9.0,9.0,9999.0,9999.0,9999.0,225.0,0.923,29.0,44.3,2611.0
8.4,3.0,7.0,1994.0,125.0,10.0,11.7,0.901,9999.0,9999.0,198.0,0.957,24.7,36.9,3286.0
8.5,2.0,7.0,1998.0,120.0,9.0,10.9,611.0,3.9,6.1,220.0,1.44,21.0,39.8,2.882
8.5,3.0,7.0,2771.0,142.0,9.0,11.4,675.0,9999.0,5.9,235.0,1.27,27.5,38.1,3.244
8.5,2.0,7.0,2494.0,125.0,9.0,11.8,629.0,9999.0,9999.0,228.0,1.75,31.9,38.6,3.1
8.5,1.0,7.0,2498.0,125.0,9.0,10.8,557.0,9999.0,9999.0,230.0,1.62,27.0,37.3,3.1
8.5,1.0,7.0,2498.0,125.0,9.0,11.1,557.0,9999.0,9999.0,230.0,1.62,27.0,37.3,3.1
8.5,1.0,7.0,1985.0,136.0,9.0,9.7,9999.0,9999.0,9999.0,230.0,1.15,21.5,39.4,2.9
8.5,1.0,7.0,1985.0,136.0,9.0,9.7,9999.0,9999.0,9999.0,230.0,992.0,17.3,42.2,2673.0
8.5,1.0,7.0,1985.0,136.0,9.0,9.7,9999.0,9999.0,9999.0,230.0,1.15,21.5,39.4,2.9
8.5,1.0,8.0,2172.0,85.0,9.0,16.1,9999.0,9999.0,9999.0,200.0,1.4,15.7,44.7,2521.0
8.5,1.0,7.0,1948.0,118.0,9.0,11.0,9999.0,9999.0,9999.0,215.0,1.83,16.0,38.9,2.8
8.5,1.0,7.0,2435.0,142.0,9.0,11.2,738.0,9999.0,9999.0,220.0,1.44,17.0,41.3,2.8
8.5,1.0,7.0,2959.0,166.0,9.0,9.3,9999.0,9999.0,9999.0,237.0,1138.0,50.4,33.6,3446.0
8.5,1.0,7.0,2492.0,140.0,9.0,9.6,639.0,9999.0,9999.0,227.0,956.0,51.3,37.7,3.42
8.5,2.0,7.0,2967.0,175.0,9.0,9.3,726.0,9999.0,9999.0,226.0,0.69,50.0,48.1,2483.0
8.5,2.0,7.0,3253.0,174.0,9.0,9.8,9999.0,9999.0,9999.0,225.0,0.75,43.9,47.3,2616.0
8.5,2.0,7.0,3253.0,174.0,9.0,10.3,9999.0,9999.0,9999.0,225.0,0.75,43.9,47.3,2616.0
8.5,1.0,7.0,2997.0,147.0,9.0,9.9,9999.0,9999.0,9999.0,225.0,1.11,52.2,40.5,2.9
8.5,2.0,7.0,2799.0,145.0,9.0,9.7,0.68,3.9,5.7,230.0,1.3,24.6,39.5,2.936
8.5,1.0,7.0,2671.0,169.0,9.0,9.7,635.0,9999.0,6.1,242.0,0.766,18.8,54.5,2.159
8.5,1.0,7.0,2495.0,125.0,9.0,11.1,0.697,9999.0,9999.0,215.0,0.9,36.5,38.2,2.9
8.5,1.0,7.0,2946.0,140.0,9.0,10.8,735.0,9999.0,9999.0,227.0,1.91,32.7,37.8,3.28
8.5,3.0,7.0,2435.0,142.0,9.0,11.6,9999.0,9999.0,9999.0,220.0,1.19,14.5,38.9,2975.0
8.5,1.0,7.0,2492.0,140.0,9.0,10.0,639.0,9999.0,9999.0,227.0,938.0,52.3,38.4,3.42
8.5,3.0,7.0,2979.0,170.0,10.0,11.7,9999.0,9999.0,9999.0,202.0,9999.0,9999.0,9999.0,4.1
8.6,3.0,7.0,3697.0,191.0,9.0,9.0,675.0,9999.0,6.2,250.0,773.0,34.9,53.9,2294.0
8.6,3.0,7.0,1781.0,110.0,9.0,12.5,0.65,9999.0,5.8,219.0,1.78,13.8,35.6,3259.0
8.6,1.0,7.0,2393.0,121.0,9.0,11.2,0.65,9999.0,6.1,222.0,978.0,27.3,37.8,3.68
8.6,2.0,7.0,2793.0,142.0,9.0,12.0,0.663,9999.0,9999.0,228.0,1.67,32.3,38.9,3.2
8.6,1.0,7.0,1998.0,108.0,9.0,10.1,608.0,9999.0,9999.0,215.0,1.87,36.2,33.0,3339.0
8.6,1.0,7.0,2435.0,125.0,9.0,11.4,624.0,9999.0,9999.0,215.0,853.0,41.0,41.3,2.8
8.6,1.0,7.0,1969.0,114.0,9.0,11.0,639.0,9999.0,9999.0,216.0,983.0,29.1,34.3,3.371
8.6,1.0,7.0,1969.0,114.0,9.0,11.1,639.0,9999.0,9999.0,216.0,993.0,31.8,34.0,3.371
8.6,1.0,7.0,1998.0,113.0,9.0,11.1,9999.0,9999.0,9999.0,210.0,1.17,30.9,31.8,3431.0
8.6,1.0,7.0,1747.0,96.0,9.0,10.8,9999.0,9999.0,9999.0,205.0,1.36,30.1,31.4,3372.0
8.6,1.0,7.0,2497.0,123.0,9.0,11.5,0.61,9999.0,9999.0,220.0,993.0,38.8,36.9,3.26
8.6,1.0,7.0,1781.0,110.0,9.0,11.8,653.0,9999.0,6.0,217.0,1.17,14.5,37.4,3.11
8.6,1.0,7.0,2393.0,121.0,9.0,11.2,632.0,9999.0,6.1,222.0,978.0,27.3,37.8,3.68
8.6,1.0,7.0,1998.0,113.0,9.0,11.6,9999.0,9999.0,9999.0,210.0,1.17,30.9,31.8,3431.0
8.7,1.0,7.0,1587.0,87.0,9.0,10.4,604.0,9999.0,9999.0,205.0,1.14,39.6,30.6,3.349
8.7,1.0,7.0,1998.0,120.0,9.0,9.9,617.0,9999.0,9999.0,220.0,1.24,46.3,33.1,3295.0
8.7,1.0,7.0,1998.0,108.0,9.0,11.0,563.0,9999.0,9999.0,215.0,1.85,36.3,33.0,3333.0
8.7,1.0,7.0,1998.0,108.0,9.0,11.0,563.0,9999.0,9999.0,215.0,1.85,36.3,33.0,3333.0
8.7,1.0,7.0,2290.0,125.0,9.0,12.2,9999.0,9999.0,9999.0,225.0,924.0,15.6,44.3,2673.0
8.7,1.0,7.0,2446.0,129.0,9.0,11.0,9999.0,9999.0,9999.0,218.0,1.7,32.0,35.5,3.3
8.7,2.0,7.0,2799.0,145.0,9.0,9.9,0.68,3.9,5.9,226.0,855.0,28.9,45.6,2548.0
8.7,2.0,7.0,3199.0,165.0,9.0,10.0,745.0,3.9,5.9,230.0,0.89,29.2,46.2,2548.0
8.7,1.0,7.0,2290.0,125.0,9.0,12.1,9999.0,9999.0,9999.0,225.0,924.0,15.6,44.3,2673.0
8.7,3.0,7.0,2435.0,142.0,9.0,11.5,687.0,9999.0,9999.0,215.0,1.84,14.5,38.9,2975.0
8.8,1.0,7.0,1898.0,92.0,9.0,11.7,736.0,4.2,5.8,198.0,1.1,36.2,35.6,3.88
8.8,1.0,7.0,1898.0,92.0,9.0,11.7,736.0,4.2,5.8,198.0,1.1,36.2,35.6,3.88
8.8,2.0,7.0,2295.0,142.0,9.0,10.9,0.64,4.1,5.9,230.0,1.38,21.7,41.8,2.768
8.8,2.0,8.0,3226.0,145.0,9.0,12.6,621.0,4.0,6.1,230.0,0.974,23.4,56.2,2.2
8.8,1.0,8.0,2496.0,132.0,9.0,11.9,698.0,9999.0,9999.0,221.0,1.57,15.9,52.3,2214.0
8.8,3.0,8.0,2496.0,132.0,9.0,12.5,698.0,9999.0,9999.0,223.0,1.51,11.9,53.0,2182.0
8.8,1.0,8.0,2496.0,132.0,9.0,12.3,675.0,9999.0,9999.0,227.0,1.33,12.8,54.9,2.3
8.8,2.0,7.0,2793.0,142.0,9.0,10.8,0.651,9999.0,9999.0,235.0,815.0,37.0,52.4,2272.0
8.8,1.0,7.0,1998.0,120.0,9.0,10.1,684.0,9999.0,9999.0,218.0,992.0,50.6,33.8,3.223
8.8,1.0,7.0,1985.0,113.0,9.0,11.6,9999.0,9999.0,9999.0,210.0,0.95,29.6,42.2,2673.0
8.8,1.0,7.0,1985.0,113.0,9.0,11.6,9999.0,9999.0,9999.0,210.0,0.95,29.6,42.2,2673.0
8.8,1.0,7.0,2497.0,129.0,9.0,11.2,609.0,9999.0,9999.0,220.0,9999.0,9999.0,9999.0,3.191
8.8,1.0,7.0,1969.0,114.0,9.0,11.4,639.0,9999.0,9999.0,216.0,973.0,32.4,34.7,3.371
8.8,1.0,7.0,1969.0,114.0,9.0,11.4,639.0,9999.0,9999.0,216.0,983.0,29.1,34.3,3.371
8.8,1.0,7.0,1797.0,124.0,9.0,10.0,9999.0,9999.0,9999.0,215.0,0.939,49.8,30.1,3.618
8.8,3.0,7.0,2979.0,170.0,10.0,11.9,9999.0,9999.0,9999.0,202.0,9999.0,9999.0,9999.0,3.75
8.9,2.0,7.0,2799.0,150.0,9.0,10.3,0.651,4.0,5.8,230.0,883.0,25.8,45.7,2573.0
8.9,2.0,8.0,2685.0,125.0,9.0,12.2,9999.0,9999.0,9999.0,230.0,0.97,15.0,56.4,2.1
8.9,2.0,8.0,2497.0,120.0,9.0,13.1,0.651,9999.0,9999.0,219.0,1.221,17.1,44.8,2.6
8.9,2.0,7.0,1991.0,110.0,9.0,11.5,769.0,9999.0,9999.0,210.0,1.61,27.8,33.5,3.5
8.9,1.0,7.0,1781.0,110.0,9.0,11.7,0.656,9999.0,9999.0,217.0,1.28,16.5,37.0,3.95
8.9,1.0,7.0,1781.0,110.0,9.0,11.9,581.0,9999.0,6.1,223.0,1.45,15.7,37.4,3.11
8.9,1.0,7.0,2324.0,110.0,9.0,12.1,581.0,9999.0,6.4,223.0,1.46,27.3,35.5,3267.0
8.9,1.0,7.0,1997.0,99.0,9.0,10.6,653.0,9999.0,9999.0,210.0,765.0,33.5,45.8,2339.0
8.9,1.0,7.0,2922.0,147.0,9.0,10.8,9999.0,9999.0,9999.0,225.0,929.0,40.8,40.3,2915.0
8.9,1.0,7.0,1747.0,96.0,9.0,11.0,9999.0,9999.0,9999.0,200.0,982.0,33.6,32.3,3.4
8.9,1.0,7.0,1998.0,113.0,9.0,11.2,9999.0,9999.0,9999.0,212.0,0.964,34.0,32.8,3.274
8.9,1.0,7.0,2446.0,129.0,9.0,11.2,9999.0,9999.0,9999.0,212.0,0.989,31.7,35.1,3.3
8.9,1.0,7.0,2972.0,138.0,9.0,12.2,9999.0,9999.0,9999.0,225.0,772.0,37.5,48.6,2436.0
8.9,2.0,7.0,2494.0,125.0,9.0,12.6,0.673,9999.0,9999.0,224.0,1.14,30.7,36.9,3.2
8.9,2.0,8.0,2926.0,135.0,9.0,12.6,0.694,9999.0,9999.0,222.0,995.0,24.6,55.8,2136.0
8.9,1.0,7.0,2946.0,140.0,9.0,11.5,741.0,9999.0,9999.0,228.0,1.18,33.7,37.4,3.64
8.9,3.0,7.0,2435.0,142.0,9.0,11.4,9999.0,9999.0,9999.0,210.0,894.0,22.6,46.0,2.514
8.9,1.0,7.0,2446.0,129.0,9.0,11.8,9999.0,9999.0,9999.0,212.0,0.989,31.7,35.1,3.3
8.9,3.0,7.0,4266.0,200.0,10.0,10.5,1061.0,4.2,6.3,210.0,0.776,32.7,47.1,2875.0
9.0,2.0,8.0,2688.0,125.0,9.0,12.6,629.0,3.9,6.6,225.0,0.99,14.2,54.1,2173.0
9.0,1.0,8.0,2496.0,110.0,9.0,12.6,629.0,9999.0,6.4,220.0,1.3,12.8,53.4,2174.0
9.0,2.0,7.0,2494.0,125.0,9.0,11.3,594.0,9999.0,9999.0,230.0,823.0,36.0,50.8,2278.0
9.0,2.0,7.0,2494.0,125.0,9.0,11.3,597.0,9999.0,6.5,228.0,813.0,36.1,51.0,2278.0
9.0,1.0,7.0,1998.0,100.0,9.0,12.0,629.0,9999.0,9999.0,208.0,1.14,28.4,33.6,3.329
9.0,1.0,7.0,1998.0,100.0,9.0,11.8,609.0,9999.0,9999.0,208.0,1.14,28.4,33.6,3.329
9.0,1.0,7.0,1948.0,118.0,9.0,11.0,9999.0,9999.0,9999.0,210.0,1.64,19.0,38.7,2815.0
9.0,1.0,7.0,2435.0,142.0,9.0,11.3,738.0,9999.0,9999.0,210.0,1.398,14.4,29.5,3928.0
9.0,1.0,7.0,2157.0,136.0,9.0,9.6,9999.0,9999.0,9999.0,223.0,927.0,47.1,34.4,3125.0
9.0,3.0,7.0,2457.0,115.0,9.0,12.1,9999.0,9999.0,9999.0,208.0,1.19,30.7,36.5,3.71
9.0,1.0,7.0,1998.0,98.0,9.0,12.1,9999.0,9999.0,9999.0,195.0,0.834,20.8,43.3,2517.0
9.0,1.0,7.0,1975.0,102.0,9.0,11.5,693.0,9999.0,9999.0,202.0,946.0,41.8,35.6,3.0
9.0,1.0,7.0,1834.0,99.0,9.0,10.9,9999.0,9999.0,9999.0,203.0,825.0,48.1,37.9,2.797
9.0,1.0,8.0,2496.0,132.0,9.0,12.3,723.0,9999.0,9999.0,219.0,1.47,15.9,52.3,2214.0
9.0,3.0,8.0,2496.0,132.0,9.0,12.9,723.0,9999.0,9999.0,221.0,1.42,11.9,53.0,2182.0
9.0,1.0,7.0,1948.0,118.0,9.0,11.2,9999.0,9999.0,9999.0,210.0,1.64,19.0,38.7,2815.0
9.0,1.0,7.0,1975.0,102.0,9.0,11.9,0.744,9999.0,9999.0,201.0,941.0,41.8,35.6,3.0
9.1,2.0,7.0,2799.0,150.0,9.0,10.4,0.651,4.0,6.2,230.0,982.0,26.0,41.1,2864.0
9.1,2.0,7.0,2295.0,142.0,9.0,11.1,0.64,4.2,6.5,227.0,1.4,22.5,42.6,2714.0
9.1,2.0,8.0,2685.0,125.0,9.0,12.4,9999.0,9999.0,9999.0,225.0,1.19,21.9,52.5,2.22
9.1,2.0,8.0,2497.0,120.0,9.0,13.2,0.651,9999.0,9999.0,219.0,1.93,22.0,50.1,2363.0
9.1,1.0,7.0,2435.0,121.0,9.0,12.4,639.0,9999.0,9999.0,220.0,758.0,50.7,48.4,2.41
9.1,1.0,7.0,1747.0,106.0,9.0,11.4,9999.0,9999.0,9999.0,207.0,1.32,26.1,30.8,3531.0
9.1,1.0,7.0,1781.0,110.0,9.0,12.2,688.0,9999.0,6.3,217.0,1.17,15.7,37.4,3.11
9.1,1.0,7.0,2324.0,110.0,9.0,12.6,645.0,9999.0,6.6,217.0,0.798,27.3,45.3,2563.0
9.1,1.0,7.0,2946.0,140.0,9.0,10.5,693.0,9999.0,9999.0,220.0,1297.0,48.6,29.5,3886.0
9.1,3.0,7.0,2435.0,142.0,9.0,11.6,687.0,9999.0,9999.0,205.0,873.0,22.6,46.0,2.514
9.2,2.0,7.0,2597.0,125.0,9.0,11.7,9999.0,9999.0,9999.0,235.0,1.73,33.7,39.8,2.96
9.2,1.0,7.0,1781.0,110.0,9.0,10.9,639.0,9999.0,6.6,214.0,1.64,16.9,35.3,3.289
9.2,2.0,8.0,2926.0,135.0,9.0,13.6,0.663,9999.0,9999.0,220.0,1.8,22.8,50.9,2464.0
9.2,1.0,7.0,2324.0,110.0,9.0,11.8,654.0,9999.0,9999.0,216.0,1.27,28.5,35.1,3.31
9.2,1.0,7.0,1747.0,96.0,9.0,12.3,9999.0,9999.0,9999.0,205.0,986.0,34.3,33.0,3.4
9.2,1.0,7.0,1998.0,114.0,9.0,12.6,9999.0,9999.0,9999.0,212.0,1.11,31.0,32.3,3.598
9.2,2.0,7.0,1795.0,88.0,9.0,12.0,648.0,9999.0,9999.0,193.0,9999.0,34.9,9999.0,9999.0
9.2,2.0,7.0,1795.0,88.0,9.0,12.0,648.0,9999.0,9999.0,193.0,728.0,34.9,48.2,3.12
9.2,1.0,7.0,1997.0,98.0,9.0,12.4,9999.0,9999.0,9999.0,201.0,1.13,40.2,33.6,3.357
9.2,1.0,7.0,1975.0,102.0,9.0,11.5,677.0,9999.0,9999.0,200.0,998.0,41.4,33.4,3216.0
9.2,1.0,8.0,2496.0,110.0,9.0,13.0,653.0,9999.0,6.5,216.0,1.11,12.8,53.4,2174.0
9.2,5.0,7.0,3494.0,158.0,10.0,12.3,9999.0,9999.0,9999.0,180.0,0.717,35.1,46.5,2952.0
9.3,2.0,8.0,2688.0,125.0,9.0,12.8,629.0,3.7,6.2,220.0,1.44,20.9,50.2,2343.0
9.3,2.0,7.0,1998.0,120.0,9.0,11.8,9999.0,9999.0,9999.0,230.0,1.86,18.8,39.9,2.96
9.3,3.0,7.0,2771.0,142.0,9.0,10.5,0.65,9999.0,6.6,233.0,777.0,32.4,50.0,2294.0
9.3,3.0,7.0,2393.0,121.0,9.0,12.9,613.0,9999.0,6.4,220.0,1.28,25.7,35.7,3.244
9.3,1.0,8.0,2496.0,132.0,9.0,12.6,675.0,9999.0,9999.0,225.0,1.79,15.8,52.1,2372.0
9.3,1.0,7.0,1747.0,106.0,9.0,12.7,9999.0,9999.0,9999.0,205.0,987.0,27.1,31.9,3529.0
9.3,1.0,7.0,1747.0,106.0,9.0,11.6,9999.0,9999.0,9999.0,209.0,995.0,27.4,32.3,3.4
9.3,1.0,7.0,1747.0,106.0,9.0,11.8,639.0,9999.0,9999.0,210.0,977.0,27.2,33.1,3431.0
9.3,1.0,7.0,1795.0,86.0,9.0,13.4,9999.0,9999.0,9999.0,193.0,0.96,24.3,36.5,3.13
9.3,1.0,7.0,1795.0,86.0,9.0,13.4,9999.0,9999.0,9999.0,193.0,0.96,24.3,36.5,3.13
9.3,1.0,7.0,3474.0,153.0,9.0,11.3,9999.0,9999.0,9999.0,215.0,758.0,42.8,54.6,2156.0
9.3,1.0,7.0,1998.0,94.0,9.0,13.2,532.0,9999.0,9999.0,205.0,1.89,38.3,34.8,3234.0
9.3,1.0,7.0,1998.0,94.0,9.0,13.5,532.0,9999.0,9999.0,205.0,1.89,38.3,34.8,3234.0
9.3,1.0,7.0,2494.0,118.0,9.0,11.3,9999.0,9999.0,9999.0,205.0,0.8,40.1,42.7,2.684
9.3,2.0,7.0,2793.0,142.0,9.0,11.6,0.673,9999.0,9999.0,229.0,794.0,37.0,52.4,2272.0
9.3,3.0,7.0,2457.0,115.0,9.0,12.8,9999.0,9999.0,9999.0,203.0,0.994,30.7,36.5,3.71
9.3,3.0,7.0,1994.0,125.0,10.0,11.9,0.901,9999.0,9999.0,189.0,0.793,33.9,42.6,2852.0
9.4,3.0,7.0,2799.0,150.0,9.0,11.0,632.0,4.2,6.5,223.0,0.952,26.0,41.1,2864.0
9.4,3.0,8.0,2496.0,110.0,9.0,13.6,0.65,9999.0,6.3,216.0,1.15,12.8,53.2,2182.0
9.4,1.0,7.0,1998.0,114.0,9.0,12.6,9999.0,9999.0,9999.0,212.0,812.0,34.3,40.2,2.9
9.4,3.0,7.0,1994.0,92.0,9.0,12.8,0.663,9999.0,9999.0,191.0,0.974,29.4,35.0,3218.0
9.4,1.0,7.0,2393.0,121.0,9.0,12.4,657.0,9999.0,6.7,220.0,1.2,27.3,36.6,3162.0
9.4,2.0,8.0,2497.0,120.0,9.0,14.0,0.694,9999.0,9999.0,215.0,1.191,17.2,45.1,2.6
9.4,1.0,7.0,2324.0,110.0,9.0,12.4,0.678,9999.0,6.6,216.0,1.3,28.5,35.0,3.3
9.4,5.0,7.0,3954.0,130.0,10.0,11.5,9999.0,9999.0,9999.0,174.0,0.714,38.3,53.0,2425.0
9.5,2.0,7.0,2799.0,150.0,9.0,11.6,0.65,4.2,6.3,232.0,1.63,23.8,38.3,3112.0
9.5,2.0,7.0,2799.0,150.0,9.0,11.7,0.65,4.2,6.5,228.0,1.23,24.8,39.1,3.46
9.5,2.0,7.0,2597.0,125.0,9.0,11.9,9999.0,9999.0,9999.0,232.0,1.47,38.3,40.3,2872.0
9.5,1.0,7.0,1781.0,110.0,9.0,12.8,613.0,9999.0,6.6,217.0,1.2,14.5,37.3,3.11
9.5,2.0,7.0,2498.0,125.0,9.0,13.4,685.0,9999.0,9999.0,228.0,1.64,24.6,35.7,3315.0
9.5,1.0,7.0,2498.0,125.0,9.0,11.1,557.0,9999.0,9999.0,227.0,0.947,36.0,41.3,2.8
9.5,1.0,7.0,2498.0,125.0,9.0,11.2,557.0,9999.0,9999.0,227.0,0.947,36.0,41.3,2.8
9.5,1.0,7.0,1998.0,84.0,9.0,12.4,627.0,9999.0,9999.0,200.0,1.49,35.8,35.3,3.1
9.5,1.0,8.0,2387.0,100.0,9.0,13.5,639.0,9999.0,9999.0,203.0,1.84,18.8,46.8,2423.0
9.5,1.0,7.0,2497.0,129.0,9.0,11.3,609.0,9999.0,9999.0,215.0,9999.0,9999.0,9999.0,9999.0
9.5,1.0,7.0,1588.0,80.0,9.0,12.9,9999.0,9999.0,9999.0,188.0,0.944,37.3,33.2,3215.0
9.5,1.0,7.0,1795.0,86.0,9.0,12.3,9999.0,9999.0,9999.0,185.0,0.979,22.8,34.4,3.15
9.5,1.0,7.0,1997.0,110.0,9.0,11.5,9999.0,9999.0,9999.0,203.0,772.0,31.9,40.5,2665.0
9.5,1.0,7.0,1997.0,110.0,9.0,11.5,9999.0,9999.0,9999.0,203.0,772.0,31.9,40.5,2665.0
9.5,1.0,7.0,1997.0,104.0,9.0,12.7,9999.0,9999.0,9999.0,217.0,1.69,24.6,33.8,3388.0
9.5,2.0,7.0,1988.0,114.0,9.0,11.9,9999.0,9999.0,9999.0,215.0,1.18,35.2,34.1,3397.0
9.5,2.0,7.0,1988.0,114.0,9.0,11.9,9999.0,9999.0,9999.0,215.0,1.28,34.8,33.7,3397.0
9.5,2.0,7.0,2398.0,125.0,9.0,11.2,0.68,4.4,6.5,216.0,0.926,24.6,39.5,2.936
9.5,2.0,8.0,2688.0,125.0,9.0,13.4,723.0,4.2,7.0,215.0,946.0,14.2,54.1,2173.0
9.5,2.0,7.0,2799.0,150.0,9.0,10.9,726.0,4.3,6.5,225.0,863.0,25.8,45.7,2573.0
9.5,2.0,7.0,2799.0,150.0,9.0,11.0,726.0,4.3,6.6,223.0,0.952,26.0,41.1,2864.0
9.5,3.0,7.0,2771.0,142.0,9.0,10.7,653.0,9999.0,6.7,229.0,764.0,32.4,50.0,2294.0
9.5,3.0,7.0,2393.0,121.0,9.0,13.3,657.0,9999.0,6.6,218.0,1.18,25.7,35.7,3.244
9.5,3.0,8.0,2496.0,132.0,9.0,13.6,9999.0,9999.0,9999.0,207.0,9999.0,9999.0,9999.0,2625.0
9.5,1.0,7.0,1998.0,100.0,9.0,12.2,645.0,9999.0,9999.0,203.0,1.78,28.4,33.6,3.329
9.5,1.0,7.0,2351.0,110.0,9.0,12.5,9999.0,9999.0,9999.0,205.0,1.9,29.6,36.9,3.52
9.5,3.0,7.0,2457.0,115.0,9.0,13.1,9999.0,9999.0,9999.0,197.0,938.0,31.6,37.5,3237.0
9.5,1.0,7.0,1998.0,94.0,9.0,13.6,589.0,9999.0,9999.0,200.0,1.63,38.3,34.8,3234.0
9.6,1.0,7.0,1781.0,110.0,9.0,11.8,0.65,9999.0,6.8,214.0,0.79,16.8,47.5,2443.0
9.6,3.0,7.0,1781.0,110.0,9.0,13.7,613.0,9999.0,6.5,216.0,1.67,13.8,35.5,3259.0
9.6,2.0,7.0,2793.0,142.0,9.0,12.2,0.663,9999.0,9999.0,226.0,782.0,37.1,52.5,2.4
9.6,2.0,7.0,2793.0,142.0,9.0,12.4,0.663,9999.0,9999.0,226.0,782.0,37.1,52.5,2.4
9.6,1.0,7.0,2946.0,140.0,9.0,10.7,0.707,9999.0,9999.0,225.0,961.0,45.2,42.6,2.691
9.6,1.0,7.0,2435.0,125.0,9.0,11.5,624.0,9999.0,9999.0,210.0,0.739,47.7,46.6,2484.0
9.6,1.0,7.0,1969.0,114.0,9.0,12.5,9999.0,9999.0,9999.0,213.0,1.35,27.1,32.1,3.599
9.6,1.0,7.0,1998.0,113.0,9.0,11.9,9999.0,9999.0,9999.0,210.0,983.0,30.7,32.9,3531.0
9.6,1.0,7.0,2498.0,120.0,9.0,10.9,9999.0,9999.0,9999.0,215.0,0.876,48.1,42.7,2.684
9.6,1.0,7.0,1991.0,100.0,9.0,12.0,0.658,9999.0,9999.0,208.0,986.0,37.4,36.4,3.99
9.6,1.0,7.0,1991.0,100.0,9.0,12.2,0.658,9999.0,9999.0,208.0,986.0,37.4,36.4,3.99
9.6,1.0,7.0,2988.0,147.0,9.0,9.9,9999.0,9999.0,9999.0,212.0,741.0,40.1,44.7,2.6
9.6,1.0,7.0,1997.0,100.0,9.0,13.2,9999.0,9999.0,9999.0,205.0,977.0,37.6,36.2,3.169
9.6,3.0,8.0,2496.0,110.0,9.0,14.0,653.0,9999.0,6.4,212.0,996.0,12.8,53.2,2182.0
9.6,3.0,8.0,2496.0,132.0,9.0,13.8,9999.0,9999.0,9999.0,205.0,9999.0,9999.0,9999.0,2.159
9.6,2.0,8.0,2497.0,120.0,9.0,14.1,0.694,9999.0,9999.0,215.0,1.66,22.1,50.4,2363.0
9.6,1.0,7.0,1988.0,96.0,9.0,12.5,645.0,9999.0,9999.0,201.0,1.1,36.6,36.2,3114.0
9.6,3.0,7.0,2324.0,110.0,9.0,13.3,667.0,9999.0,6.6,215.0,1.6,25.3,35.6,3259.0
9.6,1.0,7.0,1747.0,106.0,9.0,12.1,639.0,9999.0,9999.0,210.0,977.0,27.2,33.1,3431.0
9.6,5.0,7.0,3494.0,158.0,10.0,13.0,9999.0,9999.0,9999.0,180.0,0.717,35.1,46.5,2952.0
9.7,2.0,7.0,1998.0,120.0,9.0,12.0,9999.0,9999.0,9999.0,227.0,1.1,22.6,42.8,2714.0
9.7,3.0,8.0,2496.0,132.0,9.0,12.7,698.0,9999.0,9999.0,219.0,1.47,15.9,52.3,2214.0
9.7,1.0,7.0,1781.0,92.0,9.0,12.6,639.0,9999.0,6.5,202.0,1.28,34.9,32.8,3545.0
9.7,2.0,7.0,2494.0,125.0,9.0,12.0,629.0,9999.0,9999.0,226.0,0.89,35.8,50.8,2331.0
9.7,1.0,7.0,1998.0,84.0,9.0,13.2,617.0,9999.0,9999.0,197.0,1.34,35.8,35.3,3.1
9.7,1.0,7.0,1998.0,84.0,9.0,12.9,637.0,9999.0,9999.0,197.0,1.34,35.8,35.3,3.1
9.7,1.0,7.0,1998.0,84.0,9.0,13.8,563.0,9999.0,9999.0,200.0,1.38,36.2,35.7,3.1
9.7,1.0,7.0,1998.0,84.0,9.0,13.8,563.0,9999.0,9999.0,200.0,1.38,36.2,35.7,3.1
9.7,1.0,7.0,1948.0,103.0,9.0,12.4,9999.0,9999.0,9999.0,205.0,0.97,35.9,35.2,3.93
9.7,1.0,7.0,1997.0,100.0,9.0,12.6,9999.0,9999.0,9999.0,210.0,948.0,38.0,36.9,3.52
9.7,3.0,7.0,1994.0,92.0,9.0,13.3,0.704,9999.0,9999.0,187.0,953.0,29.4,35.0,3218.0
9.7,3.0,7.0,1994.0,92.0,9.0,13.2,0.704,9999.0,9999.0,187.0,1.5,29.4,33.2,3.393
9.7,1.0,7.0,1948.0,103.0,9.0,12.6,9999.0,9999.0,9999.0,205.0,0.97,35.9,35.2,3.93
9.7,3.0,7.0,4966.0,218.0,10.0,10.8,1.44,9999.0,9999.0,190.0,9999.0,9999.0,9999.0,3635.0
9.8,2.0,7.0,2398.0,125.0,9.0,12.1,608.0,4.2,6.5,224.0,879.0,24.4,43.2,2.7
9.8,2.0,7.0,2398.0,125.0,9.0,12.1,608.0,4.2,6.5,224.0,879.0,24.4,43.2,2.7
9.8,1.0,7.0,2771.0,128.0,9.0,11.2,0.702,9999.0,6.8,218.0,1.72,26.5,37.0,3.11
9.8,1.0,8.0,2496.0,110.0,9.0,12.9,629.0,9999.0,6.7,214.0,1.57,15.4,50.6,2294.0
9.8,1.0,7.0,1948.0,102.0,9.0,12.8,0.666,9999.0,9999.0,210.0,1.94,38.2,32.0,3628.0
9.8,1.0,7.0,1985.0,110.0,9.0,13.8,9999.0,9999.0,9999.0,215.0,883.0,15.6,44.3,2673.0
9.8,1.0,7.0,2959.0,150.0,9.0,10.3,9999.0,9999.0,9999.0,220.0,757.0,59.7,46.1,2484.0
9.8,1.0,7.0,2959.0,150.0,9.0,10.1,9999.0,9999.0,9999.0,220.0,0.75,60.3,46.6,2484.0
9.8,1.0,7.0,1589.0,73.0,9.0,13.4,9999.0,9999.0,9999.0,180.0,0.96,28.9,33.1,3.2
9.8,1.0,7.0,1840.0,84.0,9.0,14.2,0.592,9999.0,9999.0,194.0,937.0,33.1,34.5,3157.0
9.8,1.0,7.0,1598.0,81.0,9.0,13.3,9999.0,9999.0,9999.0,195.0,0.921,28.9,35.3,3.89
9.8,1.0,7.0,1598.0,81.0,9.0,13.8,9999.0,9999.0,9999.0,195.0,0.921,28.9,35.3,3.89
9.8,2.0,8.0,2688.0,125.0,9.0,13.6,723.0,4.1,6.7,212.0,1.6,20.9,50.2,2343.0
9.8,1.0,7.0,1781.0,110.0,9.0,13.3,679.0,9999.0,6.7,215.0,1.11,14.5,37.3,3.11
9.8,1.0,7.0,1985.0,110.0,9.0,13.7,9999.0,9999.0,9999.0,215.0,883.0,15.6,44.3,2673.0
9.9,1.0,7.0,2771.0,142.0,9.0,11.3,675.0,9999.0,6.9,233.0,767.0,32.8,50.6,2443.0
9.9,3.0,8.0,2496.0,110.0,9.0,14.9,657.0,9999.0,6.6,216.0,1.76,12.1,50.2,2.36
9.9,3.0,8.0,2496.0,132.0,9.0,13.1,675.0,9999.0,9999.0,224.0,1.39,16.4,53.9,2294.0
9.9,2.0,7.0,1991.0,110.0,9.0,12.4,594.0,9999.0,9999.0,221.0,1117.0,27.8,33.5,3.5
9.9,2.0,7.0,1991.0,110.0,9.0,12.4,597.0,9999.0,6.7,219.0,1.13,27.8,33.7,3.5
9.9,2.0,8.0,1951.0,100.0,9.0,13.8,597.0,9999.0,6.7,207.0,1.11,16.2,47.0,2.5
9.9,2.0,7.0,1991.0,110.0,9.0,11.9,769.0,9999.0,9999.0,206.0,968.0,31.9,36.0,3.2
9.9,1.0,7.0,1796.0,85.0,9.0,13.9,563.0,9999.0,7.0,206.0,1.134,27.3,33.6,3.329
9.9,1.0,7.0,2290.0,125.0,9.0,12.4,9999.0,9999.0,9999.0,220.0,865.0,22.7,46.2,2.6
9.9,1.0,7.0,2435.0,125.0,9.0,12.1,9999.0,9999.0,9999.0,215.0,0.793,45.8,47.6,2489.0
9.9,1.0,8.0,2387.0,100.0,9.0,14.9,9999.0,9999.0,9999.0,202.0,955.0,17.1,52.9,2188.0
9.9,1.0,8.0,2387.0,99.0,9.0,13.8,9999.0,9999.0,9999.0,200.0,1.22,19.6,48.9,2374.0
9.9,1.0,8.0,1994.0,74.0,9.0,15.3,9999.0,9999.0,9999.0,185.0,1.55,16.7,41.7,2556.0
9.9,1.0,7.0,1997.0,108.0,9.0,12.3,9999.0,9999.0,9999.0,210.0,1.43,38.6,33.6,3.357
9.9,1.0,7.0,1991.0,85.0,9.0,14.2,0.658,9999.0,9999.0,198.0,795.0,42.7,41.5,2.732
9.9,3.0,7.0,1781.0,110.0,9.0,14.2,679.0,9999.0,6.8,214.0,1.57,13.8,35.5,3259.0
9.9,1.0,8.0,2496.0,110.0,9.0,14.4,679.0,9999.0,7.0,216.0,1.14,12.8,53.2,2174.0
9.9,1.0,7.0,2946.0,140.0,9.0,10.9,735.0,9999.0,9999.0,220.0,938.0,45.2,42.6,2688.0
9.9,1.0,7.0,1948.0,102.0,9.0,13.3,693.0,9999.0,9999.0,200.0,1.41,38.2,32.0,3628.0
9.9,1.0,7.0,2290.0,125.0,9.0,12.3,9999.0,9999.0,9999.0,220.0,0.896,21.9,44.6,2.652
9.9,1.0,8.0,2387.0,100.0,9.0,14.0,639.0,9999.0,9999.0,203.0,1.84,18.8,46.8,2423.0
9.9,1.0,7.0,2959.0,150.0,9.0,10.7,9999.0,9999.0,9999.0,218.0,743.0,60.3,46.6,2484.0
9.9,1.0,7.0,1998.0,113.0,9.0,12.3,9999.0,9999.0,9999.0,210.0,983.0,30.7,32.9,3531.0
9.9,1.0,7.0,2498.0,120.0,9.0,11.3,9999.0,9999.0,9999.0,205.0,835.0,48.1,42.7,2.684
9.9,3.0,7.0,4552.0,165.0,10.0,12.7,9999.0,9999.0,9999.0,196.0,0.79,46.1,52.2,2.584
10.0,1.0,7.0,1799.0,85.0,9.0,13.7,0.64,9999.0,9999.0,200.0,941.0,29.3,39.4,2.768
10.0,1.0,7.0,1796.0,85.0,9.0,13.5,609.0,9999.0,9999.0,200.0,1.62,28.3,34.9,3.329
10.0,1.0,7.0,1796.0,85.0,9.0,13.7,629.0,9999.0,9999.0,200.0,1.62,28.3,34.9,3.329
10.0,1.0,7.0,1998.0,100.0,9.0,13.3,557.0,9999.0,9999.0,215.0,1.82,30.0,35.5,3177.0
10.0,1.0,7.0,1998.0,100.0,9.0,13.4,557.0,9999.0,9999.0,215.0,1.82,30.0,35.5,3177.0
10.0,1.0,7.0,1796.0,85.0,9.0,13.7,589.0,9999.0,9999.0,200.0,1.62,28.3,34.9,3.329
10.0,1.0,7.0,1781.0,110.0,9.0,12.0,0.656,9999.0,9999.0,213.0,1.97,16.3,34.1,3364.0
10.0,1.0,7.0,1985.0,113.0,9.0,11.6,9999.0,9999.0,9999.0,210.0,0.95,29.6,42.2,2673.0
10.0,1.0,7.0,1747.0,83.0,9.0,13.3,9999.0,9999.0,9999.0,193.0,1.12,35.9,32.9,3.256
10.0,1.0,7.0,1747.0,83.0,9.0,14.4,9999.0,9999.0,9999.0,199.0,1.61,34.4,32.3,3.4
10.0,1.0,8.0,2387.0,100.0,9.0,13.0,9999.0,9999.0,9999.0,197.0,1.36,17.7,47.5,2371.0
10.0,1.0,8.0,2387.0,100.0,9.0,15.1,9999.0,9999.0,9999.0,202.0,1.1,17.1,45.9,2497.0
10.0,1.0,7.0,1997.0,108.0,9.0,12.1,9999.0,9999.0,9999.0,208.0,1.34,41.4,33.5,3464.0
10.0,1.0,7.0,1598.0,81.0,9.0,13.1,9999.0,9999.0,9999.0,195.0,1.8,31.6,32.3,3.37
10.0,1.0,7.0,1598.0,81.0,9.0,13.6,9999.0,9999.0,9999.0,195.0,1.8,31.6,32.3,3.37
10.0,1.0,8.0,2496.0,110.0,9.0,13.3,653.0,9999.0,6.8,210.0,1.37,15.4,50.6,2294.0
10.0,2.0,7.0,2962.0,155.0,9.0,11.2,726.0,9999.0,9999.0,230.0,0.916,42.9,41.8,2.8
10.0,3.0,7.0,2771.0,142.0,9.0,11.1,667.0,9999.0,6.9,227.0,0.75,32.7,50.5,2294.0
10.0,1.0,7.0,2946.0,140.0,9.0,10.3,0.704,9999.0,9999.0,222.0,948.0,45.2,42.6,2.691
10.0,1.0,7.0,1747.0,83.0,9.0,15.1,9999.0,9999.0,9999.0,199.0,1.61,34.4,32.3,3.4
10.0,1.0,8.0,2387.0,100.0,9.0,13.6,9999.0,9999.0,9999.0,197.0,1.36,17.7,47.5,2371.0
10.0,1.0,7.0,1997.0,100.0,9.0,13.1,9999.0,9999.0,9999.0,200.0,0.93,38.0,36.9,3.52
10.0,1.0,7.0,1598.0,81.0,9.0,13.6,9999.0,9999.0,9999.0,195.0,1.8,31.6,32.3,3.37
10.0,3.0,7.0,3199.0,160.0,10.0,12.8,1061.0,4.0,6.7,195.0,0.786,28.1,44.3,3.71
10.1,3.0,7.0,2771.0,142.0,9.0,11.7,675.0,9999.0,7.0,232.0,764.0,32.8,50.6,2443.0
10.1,1.0,7.0,2393.0,121.0,9.0,11.7,0.65,9999.0,7.3,216.0,757.0,30.8,47.5,2443.0
10.1,1.0,7.0,2324.0,110.0,9.0,12.1,633.0,9999.0,7.1,212.0,0.974,30.8,36.3,3.2
10.1,1.0,7.0,1590.0,77.0,9.0,13.3,9999.0,9999.0,9999.0,190.0,0.824,36.1,37.2,2.849
10.1,3.0,7.0,2457.0,115.0,9.0,12.2,9999.0,9999.0,9999.0,205.0,0.933,35.2,39.2,2852.0
10.1,2.0,7.0,2398.0,125.0,9.0,11.4,0.68,4.6,6.9,212.0,0.84,27.1,42.8,2714.0
10.1,1.0,7.0,2393.0,121.0,9.0,11.7,653.0,9999.0,7.3,216.0,757.0,30.8,47.5,2443.0
10.1,2.0,8.0,1951.0,100.0,9.0,14.6,659.0,9999.0,6.9,207.0,1.11,16.2,47.0,2.5
10.1,1.0,7.0,1998.0,108.0,11.0,14.6,0.942,9999.0,9999.0,195.0,1.6,20.5,36.6,3237.0
10.1,1.0,7.0,1998.0,108.0,11.0,14.6,0.942,9999.0,9999.0,195.0,1.6,20.5,36.6,3237.0
10.1,1.0,7.0,1998.0,108.0,11.0,14.6,888.0,9999.0,9999.0,195.0,1.5,20.6,36.6,3.232
10.1,1.0,7.0,1998.0,108.0,11.0,14.6,888.0,9999.0,9999.0,195.0,1.5,20.6,36.6,3.232
10.1,3.0,7.0,1998.0,94.0,10.0,12.8,9999.0,9999.0,9999.0,170.0,9999.0,9999.0,9999.0,3823.0
10.2,1.0,7.0,1898.0,92.0,9.0,12.1,736.0,4.5,7.1,193.0,0.864,32.3,40.6,2.711
10.2,1.0,7.0,2598.0,110.0,9.0,12.9,0.702,9999.0,7.0,209.0,1.81,29.1,35.2,3259.0
10.2,2.0,7.0,1991.0,110.0,9.0,13.4,608.0,9999.0,9999.0,220.0,1.9,28.3,34.2,3.5
10.2,1.0,7.0,1998.0,102.0,9.0,12.6,9999.0,9999.0,9999.0,196.0,9999.0,9999.0,9999.0,9999.0
10.2,1.0,7.0,1598.0,88.0,9.0,13.5,9999.0,9999.0,9999.0,195.0,1.11,34.2,30.6,3.459
10.2,1.0,7.0,1991.0,110.0,9.0,13.1,609.0,9999.0,9999.0,210.0,9999.0,9999.0,9999.0,3572.0
10.2,1.0,7.0,1396.0,76.0,9.0,13.6,9999.0,9999.0,9999.0,185.0,929.0,37.3,33.2,3215.0
10.2,1.0,7.0,1589.0,73.0,9.0,13.9,9999.0,9999.0,9999.0,175.0,693.0,37.1,42.1,2516.0
10.2,1.0,7.0,1589.0,73.0,9.0,14.0,9999.0,9999.0,9999.0,175.0,693.0,37.1,42.1,2516.0
10.2,1.0,7.0,1840.0,89.0,9.0,11.3,9999.0,9999.0,9999.0,185.0,0.854,27.3,34.9,3.33
10.2,1.0,7.0,1998.0,98.0,9.0,13.5,9999.0,9999.0,9999.0,206.0,1.76,40.7,35.4,3298.0
10.2,1.0,7.0,1998.0,98.0,9.0,13.5,9999.0,9999.0,9999.0,206.0,1.76,40.7,35.4,3298.0
10.2,3.0,7.0,2799.0,150.0,9.0,11.6,0.707,4.5,7.0,217.0,927.0,26.0,41.1,2864.0
10.2,3.0,8.0,2496.0,110.0,9.0,15.4,679.0,9999.0,6.9,214.0,1.66,12.1,50.2,2.36
10.2,2.0,7.0,1991.0,110.0,9.0,13.0,659.0,9999.0,6.7,214.0,1262.0,23.8,28.7,4.0
10.2,2.0,7.0,2494.0,125.0,9.0,12.9,0.673,9999.0,9999.0,222.0,0.81,35.2,49.8,2.4
10.2,1.0,7.0,1988.0,96.0,9.0,13.7,0.697,9999.0,9999.0,199.0,924.0,34.5,38.5,2.9
10.2,1.0,8.0,2387.0,99.0,9.0,14.2,9999.0,9999.0,9999.0,200.0,1.22,19.6,48.9,2374.0
10.2,1.0,7.0,1597.0,83.0,9.0,12.5,9999.0,9999.0,9999.0,185.0,912.0,42.6,33.8,3.124
10.2,3.0,7.0,4966.0,218.0,10.0,11.3,1.44,9999.0,9999.0,190.0,9999.0,9999.0,9999.0,3635.0
10.2,3.0,7.0,1834.0,88.0,10.0,14.6,9999.0,9999.0,9999.0,168.0,1.22,22.7,31.3,4.7
10.3,2.0,8.0,2148.0,105.0,9.0,13.8,9999.0,9999.0,9999.0,220.0,992.0,15.7,52.8,2.2
10.3,1.0,7.0,1988.0,96.0,9.0,13.7,608.0,9999.0,9999.0,209.0,0.98,37.9,38.1,3247.0
10.3,1.0,7.0,1781.0,92.0,9.0,13.3,9999.0,9999.0,9999.0,200.0,1.18,34.9,32.8,3545.0
10.3,1.0,7.0,1781.0,110.0,9.0,12.5,581.0,9999.0,7.1,217.0,0.81,16.8,47.5,2443.0
10.3,1.0,7.0,1747.0,83.0,9.0,13.6,9999.0,9999.0,9999.0,190.0,1.7,35.6,32.5,3.256
10.3,1.0,7.0,1747.0,96.0,9.0,13.5,9999.0,9999.0,9999.0,201.0,996.0,30.2,32.0,3625.0
10.3,1.0,7.0,1588.0,80.0,9.0,13.8,9999.0,9999.0,9999.0,190.0,925.0,38.5,34.2,3215.0
10.3,1.0,7.0,1795.0,86.0,9.0,13.7,9999.0,9999.0,9999.0,185.0,0.548,21.7,61.3,1794.0
10.3,1.0,7.0,1795.0,86.0,9.0,13.7,9999.0,9999.0,9999.0,185.0,0.548,21.7,61.3,1794.0
10.3,1.0,7.0,1793.0,82.0,9.0,13.6,9999.0,9999.0,9999.0,195.0,1.39,34.2,32.3,3264.0
10.3,1.0,7.0,2495.0,125.0,9.0,11.3,0.697,9999.0,9999.0,200.0,0.744,43.7,43.0,2.61
10.3,1.0,7.0,1581.0,74.0,9.0,14.8,643.0,9999.0,9999.0,186.0,1.38,34.5,32.6,3.274
10.4,2.0,8.0,2151.0,105.0,9.0,14.5,608.0,4.4,7.0,213.0,0.931,16.0,54.5,2173.0
10.4,3.0,8.0,2496.0,110.0,9.0,14.0,0.65,9999.0,7.1,212.0,1.47,15.4,50.6,2294.0
10.4,3.0,8.0,2496.0,110.0,9.0,15.2,657.0,9999.0,7.2,210.0,946.0,16.9,55.5,2.84
10.4,2.0,7.0,1895.0,87.0,9.0,14.8,574.0,9999.0,9999.0,206.0,1.94,31.6,34.2,3.4
10.4,2.0,7.0,1895.0,87.0,9.0,14.8,0.577,9999.0,7.2,206.0,1.9,31.7,34.3,3.4
10.4,2.0,7.0,1895.0,87.0,9.0,14.0,769.0,9999.0,9999.0,196.0,1.41,31.6,34.2,3.4
10.4,1.0,7.0,1985.0,113.0,9.0,11.6,9999.0,9999.0,9999.0,205.0,946.0,38.7,39.4,2.9
10.4,1.0,7.0,1985.0,113.0,9.0,11.6,9999.0,9999.0,9999.0,205.0,946.0,38.7,39.4,2.9
10.4,1.0,8.0,1910.0,77.0,9.0,16.2,9999.0,9999.0,9999.0,187.0,1.59,17.7,44.2,2416.0
10.4,1.0,8.0,1910.0,77.0,9.0,15.7,9999.0,9999.0,9999.0,185.0,1.55,17.6,43.8,2416.0
10.4,1.0,8.0,1910.0,77.0,9.0,15.2,9999.0,9999.0,9999.0,187.0,1227.0,12.3,38.1,2.8
10.4,1.0,7.0,1850.0,100.0,9.0,13.3,9999.0,9999.0,9999.0,205.0,1.18,38.6,33.6,3.357
10.4,1.0,7.0,1493.0,84.0,9.0,12.2,9999.0,9999.0,9999.0,192.0,0.761,46.1,38.8,2.729
10.4,1.0,7.0,1834.0,92.0,9.0,13.0,9999.0,9999.0,9999.0,200.0,1.42,30.9,34.9,3228.0
10.4,1.0,7.0,1834.0,92.0,9.0,13.0,9999.0,9999.0,9999.0,200.0,1.42,30.9,34.9,3228.0
10.4,1.0,7.0,1834.0,92.0,9.0,13.2,9999.0,9999.0,9999.0,200.0,1.42,30.9,34.9,3228.0
10.4,1.0,7.0,1834.0,92.0,9.0,13.6,9999.0,9999.0,9999.0,200.0,1.42,30.9,34.9,3228.0
10.4,3.0,7.0,2457.0,115.0,9.0,13.1,9999.0,9999.0,9999.0,200.0,0.91,35.2,39.2,2852.0
10.4,1.0,7.0,1834.0,90.0,11.0,13.3,9999.0,9999.0,9999.0,190.0,968.0,30.6,35.7,3.52
10.4,1.0,7.0,1834.0,90.0,11.0,13.3,9999.0,9999.0,9999.0,190.0,968.0,30.6,35.7,3.52
10.4,1.0,7.0,2351.0,110.0,11.0,12.9,0.916,9999.0,9999.0,190.0,1.32,26.8,33.5,3536.0
10.4,3.0,7.0,1998.0,94.0,10.0,13.5,9999.0,9999.0,9999.0,170.0,9999.0,9999.0,9999.0,3823.0
10.5,2.0,8.0,2148.0,105.0,9.0,14.0,9999.0,9999.0,9999.0,215.0,1.5,18.5,48.7,2.382
10.5,1.0,8.0,1896.0,85.0,9.0,15.1,629.0,9999.0,9999.0,200.0,1.5,17.7,47.6,2439.0
10.5,1.0,8.0,1896.0,81.0,9.0,14.7,639.0,9999.0,7.2,194.0,1.49,17.2,44.5,2.66
10.5,2.0,7.0,2198.0,106.0,9.0,15.1,685.0,9999.0,9999.0,210.0,1.11,30.1,35.0,3315.0
10.5,2.0,7.0,2498.0,125.0,9.0,13.6,685.0,9999.0,9999.0,223.0,958.0,37.4,38.8,3.51
10.5,1.0,7.0,1998.0,100.0,9.0,11.9,629.0,9999.0,9999.0,200.0,1.24,29.5,34.9,3.329
10.5,1.0,7.0,1998.0,100.0,9.0,12.2,629.0,9999.0,9999.0,200.0,0.864,38.3,41.3,2.8
10.5,1.0,7.0,1998.0,100.0,9.0,12.2,589.0,9999.0,9999.0,200.0,0.864,38.3,41.3,2.8
10.5,1.0,7.0,1598.0,78.0,9.0,13.2,552.0,9999.0,9999.0,203.0,1.52,30.7,32.2,3.329
10.5,1.0,7.0,1781.0,92.0,9.0,13.3,654.0,9999.0,9999.0,200.0,1.18,34.9,32.8,3545.0
10.5,1.0,7.0,1948.0,100.0,9.0,14.5,654.0,9999.0,9999.0,207.0,713.0,49.6,48.4,2.41
10.5,1.0,7.0,1834.0,92.0,9.0,14.1,9999.0,9999.0,9999.0,200.0,982.0,29.5,37.0,2.941
10.5,1.0,7.0,2435.0,103.0,9.0,14.4,9999.0,9999.0,9999.0,205.0,851.0,32.7,42.3,2.8
10.5,1.0,7.0,1598.0,88.0,9.0,13.8,9999.0,9999.0,9999.0,197.0,1.21,34.2,30.6,3.459
10.5,1.0,7.0,1598.0,88.0,9.0,14.1,639.0,9999.0,9999.0,200.0,1.14,35.0,31.3,3625.0
10.5,1.0,8.0,1910.0,77.0,9.0,16.5,639.0,9999.0,9999.0,188.0,1.6,17.8,44.3,2.558
10.5,1.0,7.0,1597.0,66.0,9.0,14.8,9999.0,9999.0,9999.0,185.0,0.952,31.7,35.3,2986.0
10.5,1.0,7.0,1997.0,100.0,9.0,13.4,9999.0,9999.0,9999.0,194.0,0.84,45.9,39.8,2878.0
10.5,2.0,8.0,2497.0,110.0,9.0,13.2,0.68,4.6,7.3,200.0,1.84,15.6,41.9,2.768
10.5,2.0,8.0,2497.0,110.0,9.0,13.5,0.68,4.4,7.1,200.0,0.933,18.5,48.7,2.382
10.5,1.0,7.0,1796.0,85.0,9.0,14.1,645.0,9999.0,9999.0,195.0,1.35,28.3,34.9,3.329
10.5,1.0,7.0,1781.0,110.0,9.0,12.7,688.0,9999.0,7.3,211.0,779.0,16.8,47.5,2443.0
10.5,1.0,7.0,2324.0,110.0,9.0,12.6,0.678,9999.0,7.3,212.0,0.974,30.8,36.3,3.192
10.5,3.0,7.0,2324.0,110.0,9.0,13.4,0.678,9999.0,7.0,211.0,978.0,23.1,36.0,3217.0
10.5,1.0,7.0,1998.0,108.0,9.0,14.1,738.0,9999.0,9999.0,204.0,1.86,19.9,35.4,3233.0
10.5,1.0,7.0,1834.0,92.0,9.0,14.3,9999.0,9999.0,9999.0,200.0,982.0,29.5,37.0,2.941
10.5,1.0,7.0,1991.0,100.0,9.0,12.8,772.0,9999.0,9999.0,202.0,958.0,33.7,36.4,3.99
10.5,1.0,7.0,1998.0,103.0,9.0,13.0,588.0,9999.0,9999.0,205.0,983.0,39.1,35.9,3157.0
10.5,1.0,7.0,2792.0,128.0,11.0,13.2,884.0,9999.0,9999.0,199.0,978.0,33.1,35.1,3.268
10.5,6.0,7.0,1973.0,108.0,10.0,12.8,9999.0,9999.0,9999.0,177.0,0.849,34.5,33.1,3.74
10.6,2.0,8.0,1951.0,100.0,9.0,14.9,629.0,9999.0,9999.0,206.0,1114.0,15.9,46.2,2.6
10.6,1.0,8.0,1896.0,81.0,9.0,15.9,633.0,9999.0,7.6,193.0,1.32,17.2,45.1,2576.0
10.6,1.0,7.0,1762.0,81.0,9.0,13.6,0.64,9999.0,9999.0,195.0,1.21,34.0,34.7,3138.0
10.6,1.0,7.0,1998.0,102.0,9.0,12.9,9999.0,9999.0,9999.0,196.0,9999.0,9999.0,9999.0,9999.0
10.6,1.0,8.0,1910.0,77.0,9.0,15.5,9999.0,9999.0,9999.0,185.0,1214.0,12.3,38.1,2.8
10.6,1.0,8.0,1994.0,74.0,9.0,16.6,9999.0,9999.0,9999.0,185.0,1.23,17.2,43.1,2556.0
10.6,1.0,8.0,1994.0,74.0,9.0,16.6,9999.0,9999.0,9999.0,185.0,1.23,17.2,43.1,2556.0
10.6,1.0,7.0,1850.0,100.0,9.0,13.9,9999.0,9999.0,9999.0,205.0,1.18,38.6,33.6,3.357
10.6,1.0,7.0,1998.0,94.0,9.0,13.5,532.0,9999.0,9999.0,200.0,0.931,42.8,39.8,2835.0
10.6,1.0,7.0,1998.0,94.0,9.0,13.7,532.0,9999.0,9999.0,200.0,0.931,42.8,39.8,2835.0
10.6,1.0,7.0,1793.0,81.0,9.0,13.7,9999.0,9999.0,9999.0,196.0,1.21,36.1,33.4,3264.0
10.6,1.0,7.0,2392.0,104.0,9.0,13.5,9999.0,9999.0,9999.0,200.0,0.686,48.5,50.2,2326.0
10.6,3.0,8.0,2496.0,110.0,9.0,14.4,653.0,9999.0,7.2,208.0,1.27,15.4,50.6,2294.0
10.6,2.0,7.0,1991.0,110.0,9.0,14.3,0.651,9999.0,9999.0,212.0,1.15,26.9,32.5,3.6
10.6,1.0,7.0,1991.0,85.0,9.0,15.0,772.0,9999.0,9999.0,192.0,0.82,36.2,39.0,2.97
10.6,3.0,7.0,2457.0,115.0,9.0,13.2,9999.0,9999.0,9999.0,195.0,884.0,35.3,39.4,3.81
10.6,1.0,7.0,2946.0,140.0,11.0,12.0,0.85,9999.0,9999.0,203.0,728.0,48.5,48.5,2496.0
10.7,1.0,7.0,1598.0,75.0,9.0,13.9,713.0,5.0,7.4,180.0,1.3,34.7,34.2,3.88
10.7,1.0,7.0,1781.0,110.0,9.0,13.2,613.0,9999.0,7.7,213.0,0.817,16.2,45.7,2531.0
10.7,1.0,8.0,2496.0,110.0,9.0,14.2,657.0,9999.0,7.3,212.0,927.0,17.4,57.2,2.23
10.7,1.0,7.0,1595.0,74.0,9.0,14.4,9999.0,9999.0,9999.0,188.0,1.84,27.4,31.0,3.421
10.7,1.0,7.0,1984.0,85.0,9.0,14.2,0.651,9999.0,7.2,193.0,996.0,21.7,35.9,2952.0
10.7,1.0,7.0,2324.0,110.0,9.0,12.7,581.0,9999.0,7.7,217.0,0.714,32.8,50.6,2294.0
10.7,1.0,7.0,1762.0,81.0,9.0,13.8,0.68,9999.0,9999.0,195.0,1.21,34.0,34.7,3138.0
10.7,1.0,7.0,1998.0,84.0,9.0,12.8,627.0,9999.0,9999.0,195.0,792.0,48.4,45.6,2322.0
10.7,1.0,7.0,1581.0,76.0,9.0,15.0,9999.0,9999.0,9999.0,187.0,0.864,33.6,37.6,2924.0
10.7,1.0,7.0,1995.0,105.0,9.0,13.4,0.61,9999.0,9999.0,202.0,912.0,38.8,36.9,3.26
10.7,3.0,7.0,1994.0,92.0,9.0,13.4,0.663,9999.0,9999.0,181.0,818.0,35.5,39.5,2852.0
10.7,1.0,7.0,1793.0,85.0,9.0,14.4,9999.0,9999.0,9999.0,185.0,941.0,37.0,34.2,3264.0
10.7,2.0,7.0,2398.0,125.0,9.0,12.8,682.0,4.4,7.1,215.0,0.844,24.4,43.2,2.7
10.7,1.0,8.0,2496.0,110.0,9.0,14.7,679.0,9999.0,7.4,210.0,0.918,17.4,57.2,2.23
10.7,1.0,7.0,2946.0,140.0,9.0,11.8,741.0,9999.0,9999.0,225.0,1.21,42.5,40.1,2.9
10.7,1.0,8.0,2461.0,103.0,9.0,15.5,669.0,9999.0,9999.0,200.0,1.32,14.9,37.9,2975.0
10.7,1.0,7.0,1581.0,76.0,9.0,15.8,9999.0,9999.0,9999.0,187.0,0.864,33.6,37.6,2924.0
10.7,1.0,7.0,2446.0,129.0,9.0,12.0,9999.0,9999.0,9999.0,210.0,0.729,44.9,47.2,2426.0
10.7,1.0,7.0,1747.0,96.0,9.0,14.0,9999.0,9999.0,9999.0,201.0,996.0,30.2,32.0,3625.0
10.7,1.0,7.0,1793.0,85.0,9.0,15.0,9999.0,9999.0,9999.0,185.0,941.0,37.0,34.2,3264.0
10.7,1.0,7.0,2295.0,107.0,11.0,15.4,884.0,9999.0,9999.0,192.0,1.38,18.9,33.6,3.49
10.7,1.0,7.0,2351.0,110.0,11.0,13.7,1004.0,9999.0,9999.0,190.0,0.98,28.5,38.0,3113.0
10.7,3.0,7.0,3497.0,149.0,10.0,13.8,1088.0,9999.0,9999.0,190.0,0.939,31.3,40.5,3522.0
10.7,3.0,7.0,1994.0,92.0,10.0,14.8,855.0,9999.0,9999.0,179.0,0.913,30.9,35.0,3576.0
10.8,1.0,7.0,1598.0,75.0,9.0,13.9,713.0,5.0,7.4,180.0,0.918,31.8,37.3,2826.0
10.8,1.0,7.0,1598.0,75.0,9.0,13.9,713.0,5.0,7.4,173.0,882.0,31.8,37.3,2826.0
10.8,2.0,7.0,1998.0,100.0,9.0,14.4,586.0,4.8,7.4,209.0,0.931,30.7,40.8,2.9
10.8,2.0,7.0,2398.0,125.0,9.0,12.2,608.0,4.9,7.5,222.0,968.0,24.6,38.9,3.46
10.8,1.0,7.0,1998.0,97.0,9.0,14.6,636.0,9999.0,9999.0,205.0,1.58,31.9,35.2,3.294
10.8,1.0,8.0,1910.0,77.0,9.0,15.5,9999.0,9999.0,9999.0,185.0,1.26,13.3,45.1,2416.0
10.8,1.0,7.0,1499.0,66.0,9.0,13.4,9999.0,9999.0,9999.0,170.0,0.84,28.1,34.1,3.16
10.8,1.0,7.0,1997.0,98.0,9.0,12.7,9999.0,9999.0,9999.0,201.0,981.0,49.9,38.6,2.916
10.8,1.0,7.0,1975.0,102.0,9.0,11.8,693.0,9999.0,9999.0,187.0,0.788,52.0,39.5,2.726
10.8,1.0,7.0,1948.0,103.0,9.0,12.8,9999.0,9999.0,9999.0,200.0,0.967,42.3,34.5,3162.0
10.8,1.0,8.0,1910.0,77.0,9.0,16.2,9999.0,9999.0,9999.0,185.0,1.26,13.3,45.1,2416.0
10.8,1.0,8.0,2387.0,100.0,9.0,15.8,9999.0,9999.0,9999.0,200.0,1.89,17.1,45.9,2497.0
10.8,1.0,7.0,1998.0,94.0,9.0,13.9,589.0,9999.0,9999.0,195.0,0.98,42.8,39.8,2835.0
10.8,1.0,7.0,1975.0,102.0,9.0,12.2,0.744,9999.0,9999.0,188.0,0.729,56.6,43.0,2.57
10.8,1.0,7.0,1998.0,94.0,11.0,14.2,9999.0,9999.0,9999.0,180.0,966.0,35.2,34.5,3234.0
10.8,1.0,7.0,1998.0,94.0,11.0,14.2,9999.0,9999.0,9999.0,180.0,966.0,35.2,34.5,3234.0
10.9,3.0,8.0,1896.0,85.0,9.0,16.8,0.65,9999.0,9999.0,196.0,985.0,16.2,49.8,2333.0
10.9,3.0,7.0,2393.0,121.0,9.0,13.3,613.0,9999.0,7.9,214.0,753.0,30.7,47.4,2443.0
10.9,2.0,7.0,1991.0,110.0,9.0,12.7,594.0,9999.0,9999.0,218.0,0.817,32.0,45.2,2.6
10.9,2.0,7.0,1991.0,110.0,9.0,12.7,597.0,9999.0,8.9,216.0,0.87,32.1,45.4,2.6
10.9,1.0,7.0,1781.0,92.0,9.0,14.0,581.0,9999.0,7.3,206.0,1.54,26.2,33.7,3445.0
10.9,1.0,7.0,1998.0,84.0,9.0,13.5,617.0,9999.0,9999.0,191.0,0.96,43.3,39.1,2.712
10.9,1.0,7.0,1998.0,84.0,9.0,13.3,637.0,9999.0,9999.0,191.0,0.96,43.3,39.1,2.712
10.9,1.0,8.0,2172.0,85.0,9.0,16.1,9999.0,9999.0,9999.0,200.0,1.576,14.5,29.5,3.8
10.9,1.0,7.0,1242.0,59.0,9.0,15.8,9999.0,9999.0,9999.0,172.0,1.13,29.4,34.0,3.118
10.9,1.0,7.0,1242.0,63.0,9.0,14.4,9999.0,9999.0,9999.0,177.0,946.0,32.2,31.2,3.349
10.9,1.0,7.0,1997.0,108.0,9.0,12.5,9999.0,9999.0,9999.0,200.0,862.0,53.7,38.6,2.916
10.9,1.0,7.0,1597.0,70.0,9.0,15.0,9999.0,9999.0,9999.0,180.0,0.92,34.9,35.6,2.979
10.9,1.0,7.0,1597.0,70.0,9.0,15.0,9999.0,9999.0,9999.0,180.0,0.92,34.9,35.6,2.979
10.9,2.0,8.0,2151.0,105.0,9.0,15.4,685.0,4.5,7.6,205.0,0.896,16.0,54.5,2173.0
10.9,2.0,7.0,1895.0,87.0,9.0,15.7,639.0,9999.0,7.5,202.0,1.69,31.7,34.3,3.4
10.9,1.0,7.0,2324.0,110.0,9.0,13.1,645.0,9999.0,7.9,211.0,0.74,30.8,47.5,2443.0
10.9,1.0,8.0,1896.0,81.0,9.0,14.7,706.0,9999.0,7.4,190.0,1.54,16.9,45.1,2.4
10.9,1.0,8.0,1910.0,77.0,9.0,17.1,639.0,9999.0,9999.0,188.0,1.6,17.8,44.3,2.558
10.9,1.0,7.0,1998.0,98.0,9.0,13.2,9999.0,9999.0,9999.0,195.0,0.967,32.9,34.2,3264.0
10.9,3.0,7.0,3199.0,165.0,10.0,13.2,1.44,9999.0,9999.0,173.0,0.95,21.6,34.1,4.31
10.9,3.0,7.0,3199.0,165.0,10.0,13.1,1.53,9999.0,9999.0,173.0,0.95,21.6,34.1,4.31
10.9,5.0,7.0,4009.0,152.0,10.0,12.9,1316.0,9999.0,9999.0,196.0,9999.0,9999.0,9999.0,2798.0
10.9,3.0,7.0,3947.0,140.0,10.0,15.0,9999.0,9999.0,9999.0,182.0,736.0,46.0,52.1,2.584
10.9,3.0,7.0,2972.0,130.0,10.0,13.3,9999.0,9999.0,9999.0,175.0,0.994,33.5,35.2,4.46
10.9,5.0,7.0,2494.0,106.0,10.0,13.3,9999.0,9999.0,9999.0,165.0,0.729,27.7,36.5,3449.0
10.9,3.0,7.0,3378.0,131.0,10.0,13.1,9999.0,9999.0,9999.0,175.0,0.864,42.5,44.0,3238.0
10.9,3.0,7.0,3378.0,131.0,10.0,13.7,9999.0,9999.0,9999.0,180.0,0.99,31.2,39.5,3.63
10.9,1.0,7.0,2362.0,115.0,11.0,13.5,9999.0,9999.0,9999.0,185.0,843.0,33.5,39.2,3.21
10.9,1.0,7.0,2362.0,115.0,11.0,13.6,9999.0,9999.0,9999.0,185.0,843.0,33.5,39.2,3.21
10.9,1.0,7.0,2362.0,115.0,11.0,13.7,9999.0,9999.0,9999.0,185.0,0.822,34.4,40.2,3.21
11.0,2.0,7.0,1998.0,100.0,9.0,13.0,597.0,4.7,7.1,208.0,1.38,27.9,36.4,3175.0
11.0,2.0,7.0,1998.0,95.0,9.0,14.5,9999.0,9999.0,9999.0,210.0,992.0,30.1,39.9,2.96
11.0,1.0,7.0,1595.0,74.0,9.0,14.7,639.0,9999.0,7.3,188.0,1.45,30.0,32.1,3613.0
11.0,1.0,7.0,1595.0,74.0,9.0,14.7,639.0,9999.0,7.3,188.0,1.45,30.0,32.1,3613.0
11.0,1.0,7.0,1796.0,85.0,9.0,13.7,609.0,9999.0,9999.0,195.0,0.942,34.1,38.3,3.28
11.0,1.0,7.0,1796.0,85.0,9.0,13.9,629.0,9999.0,9999.0,195.0,0.942,34.1,38.3,3.28
11.0,1.0,7.0,1998.0,100.0,9.0,13.6,557.0,9999.0,9999.0,212.0,0.944,37.2,40.1,2.8
11.0,1.0,7.0,1799.0,85.0,9.0,15.0,557.0,9999.0,9999.0,203.0,1.11,27.5,33.9,3.329
11.0,1.0,7.0,1998.0,100.0,9.0,13.9,557.0,9999.0,9999.0,212.0,0.944,37.2,40.1,2.8
11.0,1.0,7.0,1984.0,85.0,9.0,14.6,633.0,9999.0,7.3,195.0,1.7,18.7,35.0,3313.0
11.0,1.0,7.0,1998.0,97.0,9.0,13.6,0.7,9999.0,9999.0,201.0,1.72,33.2,34.1,3.328
11.0,1.0,7.0,1985.0,96.0,9.0,13.5,9999.0,9999.0,9999.0,200.0,0.854,32.2,38.4,2937.0
11.0,1.0,7.0,1985.0,113.0,9.0,11.6,9999.0,9999.0,9999.0,205.0,946.0,38.7,39.4,2.9
11.0,1.0,7.0,1985.0,147.0,9.0,9.0,9999.0,9999.0,9999.0,235.0,1.13,18.9,42.2,2673.0
11.0,1.0,7.0,1985.0,96.0,9.0,13.5,9999.0,9999.0,9999.0,200.0,0.854,32.2,38.4,2937.0
11.0,1.0,7.0,1731.0,85.0,9.0,14.9,9999.0,9999.0,9999.0,195.0,0.957,34.4,37.0,2.941
11.0,1.0,8.0,2461.0,103.0,9.0,15.3,9999.0,9999.0,9999.0,205.0,1.61,17.7,48.3,2451.0
11.0,1.0,7.0,1581.0,76.0,9.0,13.8,9999.0,9999.0,9999.0,184.0,0.984,32.3,32.5,3.256
11.0,1.0,7.0,1590.0,85.0,9.0,12.9,9999.0,9999.0,9999.0,192.0,0.9,38.6,33.9,3.129
11.0,1.0,7.0,2497.0,123.0,9.0,11.8,0.61,9999.0,9999.0,210.0,865.0,49.6,40.5,2926.0
11.0,3.0,7.0,1994.0,92.0,9.0,13.9,0.704,9999.0,9999.0,175.0,0.791,35.5,39.5,2852.0
11.0,1.0,7.0,1762.0,81.0,9.0,14.9,532.0,9999.0,9999.0,195.0,992.0,22.6,35.1,3.212
11.0,1.0,7.0,1762.0,81.0,9.0,15.1,532.0,9999.0,9999.0,195.0,992.0,22.6,35.1,3.212
11.0,1.0,7.0,1598.0,78.0,9.0,15.1,9999.0,9999.0,9999.0,185.0,774.0,31.3,41.2,2.643
11.0,1.0,7.0,1998.0,98.0,9.0,12.5,9999.0,9999.0,9999.0,190.0,1238.0,18.5,28.4,3832.0
11.0,1.0,7.0,1975.0,102.0,9.0,11.8,677.0,9999.0,9999.0,195.0,0.9,47.5,36.1,2.976
11.0,2.0,8.0,2151.0,92.0,9.0,15.1,0.683,4.5,7.5,195.0,982.0,16.6,47.3,2456.0
11.0,2.0,7.0,1998.0,100.0,9.0,15.4,0.71,5.0,8.1,198.0,882.0,30.7,40.8,2.9
11.0,1.0,7.0,1781.0,110.0,9.0,13.7,679.0,9999.0,7.9,211.0,0.81,16.2,45.7,2531.0
11.0,2.0,7.0,2198.0,106.0,9.0,15.7,726.0,9999.0,9999.0,202.0,1.68,30.1,35.0,3315.0
11.0,2.0,7.0,2498.0,125.0,9.0,13.9,726.0,9999.0,9999.0,212.0,0.911,37.4,38.8,3.51
11.0,1.0,7.0,1998.0,100.0,9.0,12.5,645.0,9999.0,9999.0,195.0,843.0,38.3,41.3,2.8
11.0,1.0,7.0,1731.0,85.0,9.0,15.3,9999.0,9999.0,9999.0,195.0,0.957,34.4,37.0,2.941
11.0,1.0,7.0,1598.0,88.0,9.0,14.5,639.0,9999.0,9999.0,200.0,988.0,38.6,32.1,3531.0
11.0,1.0,7.0,1598.0,78.0,9.0,15.9,9999.0,9999.0,9999.0,175.0,0.697,32.9,43.3,2517.0
11.0,1.0,7.0,1998.0,98.0,9.0,13.1,9999.0,9999.0,9999.0,180.0,1172.0,18.5,28.4,3832.0
11.0,1.0,7.0,2792.0,128.0,11.0,13.4,884.0,9999.0,9999.0,195.0,996.0,38.8,33.7,3.396
11.0,1.0,7.0,1997.0,100.0,11.0,13.8,0.916,9999.0,9999.0,185.0,0.921,34.5,33.5,3536.0
11.1,1.0,7.0,2771.0,128.0,9.0,11.3,0.702,9999.0,7.8,217.0,1.22,31.7,38.6,3.0
11.1,1.0,7.0,1984.0,85.0,9.0,14.8,0.656,9999.0,9999.0,196.0,1.75,21.4,35.0,3313.0
11.1,1.0,7.0,1998.0,97.0,9.0,13.1,695.0,9999.0,9999.0,196.0,1.66,34.9,33.4,3.3
11.1,1.0,7.0,1997.0,108.0,9.0,12.4,9999.0,9999.0,9999.0,197.0,825.0,51.4,39.8,2.916
11.1,1.0,7.0,2351.0,110.0,9.0,12.2,9999.0,9999.0,9999.0,205.0,0.952,34.3,39.2,2878.0
11.1,1.0,7.0,1597.0,66.0,9.0,16.4,9999.0,9999.0,9999.0,178.0,919.0,34.1,32.3,3375.0
11.1,3.0,8.0,1896.0,85.0,9.0,17.2,0.673,9999.0,9999.0,192.0,965.0,16.2,49.8,2333.0
11.1,3.0,8.0,2496.0,110.0,9.0,15.7,679.0,9999.0,7.5,208.0,937.0,16.9,55.5,2.84
11.1,1.0,8.0,1896.0,85.0,9.0,15.9,0.678,9999.0,7.5,195.0,885.0,17.8,55.1,2.18
11.1,1.0,8.0,1896.0,85.0,9.0,16.0,0.678,9999.0,7.5,195.0,885.0,17.8,55.1,2.18
11.1,1.0,7.0,1595.0,74.0,9.0,15.0,706.0,9999.0,7.6,186.0,1.73,27.4,31.0,3.421
11.1,1.0,7.0,1762.0,81.0,9.0,14.2,643.0,9999.0,9999.0,196.0,1.26,34.0,34.7,3138.0
11.1,3.0,7.0,1994.0,92.0,9.0,15.3,9999.0,9999.0,9999.0,188.0,0.964,29.4,34.8,3237.0
11.2,1.0,8.0,1896.0,81.0,9.0,15.3,9999.0,9999.0,9999.0,193.0,1.32,17.2,45.1,2576.0
11.2,1.0,8.0,1896.0,81.0,9.0,15.7,654.0,9999.0,9999.0,193.0,1.32,17.2,45.1,2576.0
11.2,1.0,7.0,1998.0,108.0,9.0,13.8,639.0,9999.0,9999.0,208.0,976.0,28.9,40.2,2.851
11.2,1.0,7.0,1762.0,81.0,9.0,13.8,0.71,9999.0,9999.0,192.0,0.94,35.4,38.6,2821.0
11.2,1.0,7.0,1598.0,79.0,9.0,15.8,9999.0,9999.0,9999.0,182.0,9999.0,9999.0,9999.0,9999.0
11.2,1.0,7.0,1598.0,79.0,9.0,15.8,9999.0,9999.0,9999.0,182.0,9999.0,9999.0,9999.0,9999.0
11.2,1.0,7.0,1370.0,76.0,9.0,14.9,9999.0,9999.0,9999.0,185.0,985.0,32.2,29.8,3553.0
11.2,1.0,7.0,1396.0,76.0,9.0,14.5,9999.0,9999.0,9999.0,185.0,0.942,36.8,32.7,3363.0
11.2,1.0,7.0,1396.0,76.0,9.0,14.5,9999.0,9999.0,9999.0,185.0,0.942,36.8,32.7,3363.0
11.2,1.0,7.0,1590.0,84.0,9.0,12.3,9999.0,9999.0,9999.0,170.0,431.0,55.2,60.7,1746.0
11.2,1.0,7.0,1590.0,71.0,9.0,12.8,9999.0,9999.0,9999.0,175.0,853.0,23.6,34.2,3.88
11.2,1.0,7.0,1590.0,71.0,9.0,13.5,9999.0,9999.0,9999.0,175.0,853.0,23.6,34.2,3.88
11.2,2.0,7.0,1988.0,114.0,9.0,12.0,9999.0,9999.0,9999.0,205.0,855.0,45.9,38.7,2.993
11.2,1.0,7.0,1600.0,85.0,9.0,13.7,693.0,9999.0,9999.0,193.0,0.957,24.1,33.1,3.226
11.2,2.0,8.0,2151.0,105.0,9.0,15.7,685.0,4.3,7.2,202.0,968.0,18.9,49.7,2.382
11.2,3.0,7.0,2393.0,121.0,9.0,13.7,657.0,9999.0,8.2,212.0,746.0,30.7,47.4,2443.0
11.2,1.0,7.0,1597.0,66.0,9.0,15.8,9999.0,9999.0,9999.0,181.0,0.891,30.7,33.8,3153.0
11.2,1.0,7.0,1769.0,83.0,9.0,15.8,588.0,9999.0,9999.0,191.0,0.949,22.8,35.9,3157.0
11.2,1.0,7.0,1762.0,81.0,9.0,15.3,589.0,9999.0,9999.0,190.0,0.967,22.6,35.1,3.212
11.2,1.0,7.0,1600.0,85.0,9.0,14.2,0.744,9999.0,9999.0,188.0,932.0,24.1,33.1,3.226
11.2,1.0,7.0,2362.0,115.0,11.0,13.8,9999.0,9999.0,9999.0,180.0,0.81,41.1,39.7,2.982
11.2,1.0,7.0,3350.0,137.0,11.0,12.9,9999.0,9999.0,9999.0,177.0,662.0,49.3,51.4,2.33
11.3,1.0,7.0,1595.0,74.0,9.0,16.2,609.0,9999.0,8.2,190.0,1.5,27.7,32.3,3595.0
11.3,1.0,7.0,1781.0,92.0,9.0,14.8,613.0,9999.0,7.5,203.0,1.42,26.1,33.6,3445.0
11.3,1.0,7.0,1781.0,92.0,9.0,12.9,639.0,9999.0,7.9,197.0,1.0,37.7,32.8,3.538
11.3,1.0,8.0,1896.0,81.0,9.0,15.1,0.651,9999.0,7.6,190.0,1.15,16.9,45.1,2.4
11.3,3.0,7.0,1781.0,92.0,9.0,15.0,602.0,9999.0,7.3,202.0,1.8,23.6,32.3,3.599
11.3,1.0,8.0,1896.0,81.0,9.0,16.2,581.0,9999.0,9999.0,196.0,0.957,18.3,49.4,2352.0
11.3,1.0,7.0,1581.0,76.0,9.0,16.4,9999.0,9999.0,9999.0,185.0,1.29,31.1,31.3,3.712
11.3,1.0,8.0,1910.0,77.0,9.0,17.0,9999.0,9999.0,9999.0,185.0,1.19,18.2,45.4,2.558
11.3,1.0,7.0,1850.0,100.0,9.0,13.6,9999.0,9999.0,9999.0,195.0,841.0,53.7,38.6,2.916
11.3,1.0,7.0,1995.0,103.0,9.0,13.7,9999.0,9999.0,9999.0,203.0,0.952,32.2,33.3,3554.0
11.3,1.0,7.0,1597.0,70.0,9.0,14.8,9999.0,9999.0,9999.0,180.0,0.92,34.9,35.6,2.979
11.3,2.0,7.0,1998.0,100.0,9.0,13.5,0.68,4.9,7.3,200.0,0.994,30.3,36.6,3175.0
11.3,1.0,8.0,1896.0,81.0,9.0,16.4,0.678,9999.0,7.9,193.0,1.32,17.2,45.1,2576.0
11.3,1.0,8.0,1896.0,81.0,9.0,16.5,0.678,9999.0,7.9,193.0,1.32,17.2,45.1,2576.0
11.3,1.0,7.0,1590.0,85.0,9.0,13.5,9999.0,9999.0,9999.0,188.0,0.969,38.8,30.8,3.441
11.3,3.0,7.0,3199.0,165.0,10.0,13.8,1.53,9999.0,9999.0,173.0,0.95,21.6,34.1,4.31
11.3,3.0,7.0,1834.0,88.0,10.0,14.8,9999.0,9999.0,9999.0,163.0,0.88,31.9,35.3,3.559
11.4,1.0,7.0,2598.0,110.0,9.0,13.0,0.702,9999.0,8.2,207.0,1.46,34.4,36.0,3185.0
11.4,1.0,7.0,1595.0,74.0,9.0,15.5,9999.0,9999.0,9999.0,188.0,1.41,30.1,32.2,3613.0
11.4,1.0,7.0,2435.0,103.0,9.0,14.6,9999.0,9999.0,9999.0,200.0,0.75,37.5,46.8,2.5
11.4,1.0,7.0,1242.0,59.0,9.0,15.6,9999.0,9999.0,9999.0,172.0,987.0,32.0,34.8,3.84
11.4,1.0,7.0,1590.0,77.0,9.0,13.6,9999.0,9999.0,9999.0,187.0,835.0,42.1,36.1,2932.0
11.4,1.0,8.0,1995.0,81.0,9.0,15.4,532.0,9999.0,9999.0,195.0,1181.0,17.1,41.3,2.731
11.4,2.0,7.0,2398.0,125.0,9.0,13.0,682.0,5.0,7.9,212.0,925.0,24.6,38.9,3.46
11.4,2.0,7.0,1991.0,110.0,9.0,13.3,659.0,9999.0,8.2,211.0,937.0,27.0,38.2,3.42
11.4,1.0,7.0,1796.0,85.0,9.0,15.4,0.697,9999.0,9999.0,190.0,0.859,32.4,38.5,2.9
11.4,1.0,7.0,1984.0,85.0,9.0,15.1,0.678,9999.0,7.6,195.0,1.66,21.4,35.2,3.31
11.4,1.0,7.0,1984.0,85.0,9.0,15.2,0.678,9999.0,7.6,195.0,1.7,18.7,35.0,3313.0
11.4,3.0,8.0,2688.0,120.0,10.0,17.0,1061.0,4.7,7.7,183.0,0.921,19.7,47.3,2875.0
11.4,1.0,7.0,1840.0,84.0,11.0,15.7,772.0,9999.0,9999.0,180.0,883.0,31.0,34.0,3.26
11.5,2.0,7.0,1998.0,100.0,9.0,13.4,597.0,5.1,7.7,205.0,925.0,31.5,40.3,2872.0
11.5,1.0,7.0,1781.0,92.0,9.0,14.9,0.702,9999.0,7.6,195.0,998.0,31.9,33.7,3445.0
11.5,1.0,7.0,1598.0,74.0,9.0,15.2,589.0,9999.0,9999.0,188.0,898.0,30.0,34.9,3.329
11.5,1.0,7.0,1598.0,74.0,9.0,14.9,609.0,9999.0,9999.0,188.0,898.0,30.0,34.9,3.329
11.5,1.0,7.0,1389.0,66.0,9.0,15.1,552.0,9999.0,9999.0,190.0,988.0,30.6,32.0,3.329
11.5,1.0,7.0,1595.0,74.0,9.0,15.6,654.0,9999.0,9999.0,188.0,1.41,30.1,32.2,3613.0
11.5,1.0,8.0,1896.0,81.0,9.0,16.0,0.656,9999.0,9999.0,192.0,1.53,17.0,43.9,2.6
11.5,1.0,7.0,1390.0,74.0,9.0,14.5,0.683,9999.0,9999.0,185.0,1.7,34.8,30.6,3.459
11.5,1.0,8.0,1896.0,74.0,9.0,15.6,643.0,9999.0,9999.0,183.0,955.0,16.9,47.9,2.212
11.5,1.0,7.0,1598.0,66.0,9.0,16.7,563.0,9999.0,9999.0,187.0,1.79,29.6,34.7,3.77
11.5,1.0,7.0,1598.0,66.0,9.0,16.7,563.0,9999.0,9999.0,187.0,1.79,29.6,34.7,3.77
11.5,1.0,7.0,1598.0,66.0,9.0,15.3,627.0,9999.0,9999.0,187.0,1133.0,28.1,33.0,3233.0
11.5,1.0,7.0,1598.0,66.0,9.0,16.0,637.0,9999.0,9999.0,184.0,1.94,32.8,33.6,3.171
11.5,1.0,7.0,1598.0,66.0,9.0,16.0,637.0,9999.0,9999.0,184.0,1.94,32.8,33.6,3.171
11.5,1.0,7.0,1598.0,79.0,9.0,15.6,621.0,9999.0,9999.0,195.0,0.93,30.2,36.5,3.183
11.5,1.0,8.0,2461.0,103.0,9.0,15.5,9999.0,9999.0,9999.0,200.0,1.6,24.3,47.2,2.59
11.5,1.0,7.0,1581.0,76.0,9.0,14.3,9999.0,9999.0,9999.0,180.0,955.0,32.6,32.8,3.256
11.5,1.0,8.0,1998.0,74.0,9.0,17.1,0.658,9999.0,9999.0,185.0,1.7,17.2,45.9,2455.0
11.5,1.0,8.0,1998.0,74.0,9.0,17.4,0.658,9999.0,9999.0,185.0,1.7,17.2,45.9,2455.0
11.5,3.0,7.0,1781.0,92.0,9.0,15.5,667.0,9999.0,7.5,196.0,1.48,23.6,32.3,3.599
11.5,1.0,8.0,1896.0,81.0,9.0,16.8,645.0,9999.0,7.5,190.0,0.928,18.3,49.4,2352.0
11.5,3.0,8.0,1896.0,85.0,9.0,17.2,0.678,9999.0,7.4,192.0,971.0,14.9,49.4,2.348
11.5,1.0,7.0,1997.0,99.0,9.0,14.1,728.0,9999.0,9999.0,201.0,0.954,33.1,35.1,3.36
11.5,1.0,7.0,1997.0,99.0,9.0,14.1,728.0,9999.0,9999.0,201.0,0.954,33.1,35.1,3.36
11.5,1.0,7.0,2351.0,110.0,9.0,12.6,9999.0,9999.0,9999.0,195.0,0.844,36.8,42.0,2.684
11.5,3.0,8.0,3200.0,121.0,10.0,15.9,1088.0,9999.0,9999.0,170.0,9999.0,9999.0,9999.0,3.1
11.5,3.0,7.0,3378.0,131.0,10.0,13.8,9999.0,9999.0,9999.0,175.0,0.864,42.5,44.0,3238.0
11.6,2.0,7.0,1998.0,95.0,9.0,14.8,9999.0,9999.0,9999.0,207.0,1.25,32.2,38.1,3.46
11.6,3.0,7.0,1781.0,92.0,9.0,14.5,633.0,9999.0,7.5,198.0,1.7,30.5,32.8,3545.0
11.6,1.0,7.0,1985.0,110.0,9.0,14.0,9999.0,9999.0,9999.0,210.0,826.0,22.7,46.2,2.6
11.6,1.0,7.0,1795.0,88.0,9.0,15.7,609.0,9999.0,9999.0,195.0,9999.0,9999.0,9999.0,3572.0
11.6,1.0,7.0,1991.0,110.0,9.0,13.3,609.0,9999.0,9999.0,205.0,9999.0,9999.0,9999.0,9999.0
11.6,1.0,7.0,1396.0,66.0,9.0,14.6,9999.0,9999.0,9999.0,177.0,0.756,36.9,37.2,2.849
11.6,1.0,7.0,1396.0,66.0,9.0,15.0,9999.0,9999.0,9999.0,182.0,777.0,36.9,37.2,2.849
11.6,1.0,7.0,1493.0,84.0,9.0,12.7,9999.0,9999.0,9999.0,192.0,0.761,45.3,38.8,2.729
11.6,1.0,7.0,1850.0,100.0,9.0,14.1,9999.0,9999.0,9999.0,198.0,0.854,53.7,38.6,2.916
11.6,1.0,7.0,1598.0,81.0,9.0,13.5,9999.0,9999.0,9999.0,175.0,795.0,37.6,36.7,2.99
11.6,1.0,8.0,1995.0,81.0,9.0,15.8,589.0,9999.0,9999.0,190.0,1151.0,17.1,41.3,2.731
11.6,1.0,7.0,1598.0,81.0,9.0,14.0,9999.0,9999.0,9999.0,175.0,795.0,37.6,36.7,2.99
11.6,3.0,7.0,2792.0,128.0,11.0,14.1,884.0,9999.0,9999.0,193.0,986.0,38.8,33.7,3.396
11.6,1.0,7.0,1998.0,103.0,11.0,14.5,0.85,9999.0,9999.0,185.0,0.936,28.9,36.6,3233.0
11.6,1.0,7.0,1998.0,103.0,11.0,14.9,9999.0,9999.0,9999.0,187.0,946.0,28.9,36.6,3233.0
11.7,1.0,8.0,1896.0,81.0,9.0,14.9,639.0,9999.0,7.7,191.0,975.0,24.5,47.2,2459.0
11.7,1.0,7.0,1595.0,74.0,9.0,16.4,0.656,9999.0,9999.0,187.0,1.39,30.0,32.1,3613.0
11.7,1.0,7.0,1595.0,74.0,9.0,16.0,633.0,9999.0,7.7,188.0,1113.0,28.2,30.2,3.851
11.7,1.0,7.0,1587.0,65.0,9.0,15.8,0.65,9999.0,9999.0,185.0,0.99,24.9,33.4,3196.0
11.7,1.0,7.0,1587.0,65.0,9.0,15.8,0.65,9999.0,9999.0,185.0,0.99,24.9,33.4,3196.0
11.7,1.0,7.0,1587.0,65.0,9.0,15.8,0.65,9999.0,9999.0,185.0,0.99,24.9,33.4,3196.0
11.7,1.0,7.0,1998.0,113.0,9.0,12.2,9999.0,9999.0,9999.0,205.0,0.78,45.5,44.5,2.66
11.7,1.0,8.0,1951.0,85.0,9.0,17.2,609.0,9999.0,9999.0,193.0,9999.0,9999.0,9999.0,3.29
11.7,1.0,7.0,1590.0,67.0,9.0,14.8,9999.0,9999.0,9999.0,165.0,777.0,28.3,35.4,3.16
11.7,1.0,7.0,1587.0,81.0,9.0,14.9,532.0,9999.0,9999.0,195.0,0.954,37.6,34.1,3.37
11.7,1.0,7.0,1587.0,81.0,9.0,15.1,532.0,9999.0,9999.0,195.0,0.954,37.6,34.1,3.37
11.7,1.0,7.0,1781.0,92.0,9.0,15.4,679.0,9999.0,8.0,200.0,1.26,26.1,33.6,3445.0
11.7,1.0,7.0,1597.0,73.0,9.0,17.7,588.0,9999.0,9999.0,176.0,815.0,32.7,36.0,3153.0
11.7,3.0,7.0,3947.0,136.0,10.0,15.4,9999.0,9999.0,9999.0,170.0,0.689,29.8,52.0,2.6
11.7,3.0,7.0,3497.0,149.0,10.0,12.9,1088.0,9999.0,9999.0,185.0,816.0,35.0,45.3,3.143
11.7,1.0,7.0,1998.0,94.0,11.0,14.5,9999.0,9999.0,9999.0,180.0,847.0,42.4,39.4,2835.0
11.7,3.0,7.0,4664.0,173.0,10.0,13.1,9999.0,9999.0,9999.0,175.0,9999.0,9999.0,9999.0,3238.0
11.8,1.0,8.0,2188.0,83.0,9.0,17.2,621.0,9999.0,9999.0,195.0,992.0,18.5,45.7,2.5
11.8,1.0,7.0,1396.0,62.0,9.0,16.3,9999.0,9999.0,9999.0,180.0,0.94,37.3,33.2,3215.0
11.8,1.0,7.0,1590.0,85.0,9.0,13.2,9999.0,9999.0,9999.0,190.0,958.0,44.9,31.5,3364.0
11.8,1.0,7.0,1489.0,65.0,9.0,16.7,9999.0,9999.0,9999.0,173.0,924.0,31.1,34.0,3.22
11.8,1.0,7.0,1840.0,74.0,9.0,15.8,0.658,9999.0,9999.0,182.0,797.0,34.2,41.5,2.732
11.8,1.0,7.0,1840.0,74.0,9.0,16.1,0.658,9999.0,9999.0,182.0,797.0,34.2,41.5,2.732
11.8,3.0,7.0,1994.0,92.0,9.0,15.1,9999.0,9999.0,9999.0,188.0,0.85,35.5,39.5,2852.0
11.8,1.0,7.0,1398.0,71.0,9.0,14.7,9999.0,9999.0,9999.0,185.0,956.0,32.6,32.3,3.37
11.8,1.0,7.0,1398.0,71.0,9.0,14.6,9999.0,9999.0,9999.0,185.0,956.0,32.6,32.3,3.37
11.8,1.0,7.0,1398.0,71.0,9.0,15.3,9999.0,9999.0,9999.0,185.0,956.0,32.6,32.3,3.37
11.8,1.0,7.0,1998.0,97.0,9.0,15.2,741.0,9999.0,9999.0,198.0,1.37,32.7,34.7,3344.0
11.8,1.0,7.0,1398.0,71.0,9.0,15.3,9999.0,9999.0,9999.0,185.0,956.0,32.6,32.3,3.37
11.8,3.0,7.0,2351.0,110.0,11.0,14.6,1004.0,9999.0,9999.0,185.0,0.949,26.6,35.5,3338.0
11.8,1.0,7.0,1840.0,74.0,11.0,17.7,772.0,9999.0,9999.0,175.0,0.876,27.1,36.3,3.0
11.8,5.0,7.0,3494.0,158.0,10.0,12.9,9999.0,9999.0,9999.0,180.0,823.0,24.2,40.5,3388.0
11.9,1.0,7.0,1598.0,75.0,9.0,14.3,713.0,5.5,8.2,180.0,0.881,31.0,38.9,2.711
11.9,1.0,8.0,1896.0,85.0,9.0,15.6,0.65,9999.0,9999.0,196.0,968.0,19.5,50.6,2294.0
11.9,2.0,7.0,1895.0,77.0,9.0,15.3,647.0,9999.0,9999.0,190.0,1.14,20.9,35.4,3.2
11.9,1.0,7.0,1595.0,74.0,9.0,15.6,0.651,9999.0,8.0,185.0,1.9,27.2,31.6,3.4
11.9,1.0,7.0,1762.0,81.0,9.0,15.6,0.7,9999.0,9999.0,194.0,1.35,33.6,34.1,3.328
11.9,1.0,8.0,1870.0,72.0,9.0,15.1,627.0,9999.0,9999.0,186.0,1.312,14.4,35.4,3.75
11.9,1.0,7.0,1997.0,100.0,9.0,12.8,9999.0,9999.0,9999.0,200.0,851.0,44.2,39.2,2878.0
11.9,1.0,7.0,1498.0,65.0,9.0,17.5,9999.0,9999.0,9999.0,177.0,0.994,31.1,32.4,3366.0
11.9,1.0,7.0,1498.0,65.0,9.0,17.7,0.592,9999.0,9999.0,177.0,0.994,31.1,32.4,3366.0
11.9,1.0,7.0,1595.0,74.0,9.0,16.4,0.678,9999.0,7.8,188.0,1.45,30.0,32.1,3613.0
11.9,1.0,7.0,1595.0,74.0,9.0,16.6,0.678,9999.0,9999.0,188.0,1.45,30.0,32.1,3613.0
11.9,1.0,7.0,1598.0,79.0,9.0,16.3,696.0,9999.0,9999.0,187.0,0.891,30.2,36.5,3.183
11.9,1.0,7.0,1581.0,76.0,9.0,17.0,9999.0,9999.0,9999.0,185.0,1.29,31.1,31.3,3.712
11.9,1.0,8.0,1910.0,77.0,9.0,17.5,9999.0,9999.0,9999.0,185.0,1.19,18.2,45.4,2.558
11.9,1.0,7.0,1587.0,81.0,9.0,15.3,589.0,9999.0,9999.0,190.0,929.0,37.6,34.1,3.37
11.9,3.0,8.0,2688.0,120.0,10.0,17.0,1061.0,5.0,8.2,185.0,927.0,12.6,47.5,2865.0
11.9,3.0,7.0,1795.0,88.0,10.0,15.7,1.02,9999.0,9999.0,165.0,642.0,25.4,46.3,2.726
11.9,3.0,7.0,1795.0,88.0,10.0,16.2,1.01,9999.0,9999.0,165.0,642.0,25.4,46.3,2.726
12.0,1.0,7.0,1390.0,55.0,9.0,16.3,602.0,9999.0,9999.0,173.0,9999.0,9999.0,9999.0,3.143
12.0,2.0,8.0,2497.0,96.0,9.0,17.4,685.0,9999.0,9999.0,200.0,0.984,19.8,45.1,2622.0
12.0,1.0,8.0,1995.0,74.0,9.0,17.6,609.0,9999.0,9999.0,188.0,943.0,17.4,46.4,2.55
12.0,1.0,8.0,1995.0,74.0,9.0,17.8,589.0,9999.0,9999.0,188.0,943.0,17.4,46.4,2.55
12.0,1.0,8.0,1995.0,74.0,9.0,17.8,629.0,9999.0,9999.0,188.0,943.0,17.4,46.4,2.55
12.0,1.0,7.0,1598.0,55.0,9.0,17.5,679.0,9999.0,9999.0,170.0,1.55,27.1,35.8,2875.0
12.0,1.0,7.0,1361.0,55.0,9.0,18.5,634.0,9999.0,9999.0,175.0,0.98,24.8,32.4,3287.0
12.0,1.0,7.0,1581.0,76.0,9.0,14.3,9999.0,9999.0,9999.0,184.0,812.0,41.3,39.4,2687.0
12.0,1.0,8.0,1929.0,66.0,9.0,19.1,9999.0,9999.0,9999.0,180.0,1.8,21.2,43.6,2.51
12.0,4.0,7.0,995.0,56.0,9.0,15.2,9999.0,9999.0,9999.0,180.0,728.0,13.4,43.4,2.47
12.0,1.0,7.0,1991.0,85.0,9.0,14.2,0.658,9999.0,9999.0,185.0,727.0,47.7,42.4,2676.0
12.0,1.0,7.0,1991.0,85.0,9.0,14.4,0.658,9999.0,9999.0,185.0,727.0,47.7,42.4,2676.0
12.0,1.0,7.0,1275.0,55.0,9.0,15.6,0.651,9999.0,9999.0,170.0,823.0,31.2,34.4,2945.0
12.0,1.0,8.0,1753.0,66.0,9.0,18.1,0.64,9999.0,9999.0,177.0,1.18,20.3,38.6,2741.0
12.0,1.0,7.0,1598.0,74.0,9.0,15.7,645.0,9999.0,9999.0,183.0,0.874,30.0,34.9,3.329
12.0,1.0,7.0,1762.0,81.0,9.0,14.8,0.683,9999.0,9999.0,193.0,0.98,35.4,38.6,2821.0
12.0,1.0,7.0,1998.0,113.0,9.0,12.6,9999.0,9999.0,9999.0,205.0,0.78,45.5,44.5,2.66
12.0,1.0,7.0,1998.0,103.0,9.0,13.3,588.0,9999.0,9999.0,195.0,532.0,56.0,63.2,1796.0
12.0,1.0,7.0,1796.0,85.0,11.0,15.5,0.78,9999.0,9999.0,184.0,1.94,25.3,31.1,3.729
12.0,1.0,7.0,1781.0,110.0,11.0,15.1,831.0,9999.0,8.1,194.0,1.49,14.0,33.6,3.49
12.0,1.0,7.0,2254.0,110.0,11.0,13.5,9999.0,9999.0,9999.0,185.0,857.0,46.0,37.9,3125.0
12.0,1.0,7.0,2254.0,110.0,11.0,13.5,9999.0,9999.0,9999.0,185.0,857.0,46.0,37.9,3125.0
12.0,3.0,8.0,3200.0,121.0,10.0,17.2,1088.0,9999.0,9999.0,170.0,9999.0,9999.0,9999.0,3.1
12.0,3.0,7.0,1994.0,92.0,10.0,15.4,855.0,9999.0,9999.0,167.0,0.734,36.4,40.6,3.81
12.0,3.0,7.0,1998.0,94.0,10.0,13.1,9999.0,9999.0,9999.0,167.0,9999.0,9999.0,9999.0,3145.0
12.1,2.0,8.0,2148.0,85.0,9.0,16.8,9999.0,9999.0,9999.0,203.0,0.95,12.3,53.4,2173.0
12.1,2.0,8.0,2148.0,85.0,9.0,17.1,9999.0,9999.0,9999.0,198.0,0.967,14.4,48.7,2.382
12.1,1.0,8.0,1896.0,66.0,9.0,17.0,9999.0,9999.0,9999.0,180.0,0.962,18.4,46.8,2.264
12.1,3.0,8.0,1896.0,81.0,9.0,17.4,602.0,9999.0,8.1,194.0,1.69,16.2,43.7,2656.0
12.1,1.0,8.0,2446.0,95.0,9.0,16.6,0.66,9999.0,9999.0,201.0,1.28,17.1,45.4,2.64
12.1,1.0,7.0,1597.0,73.0,9.0,15.8,9999.0,9999.0,9999.0,190.0,0.979,31.9,33.7,3228.0
12.1,1.0,7.0,1597.0,73.0,9.0,16.1,9999.0,9999.0,9999.0,190.0,0.979,31.9,33.7,3228.0
12.1,1.0,7.0,1299.0,63.0,9.0,14.3,9999.0,9999.0,9999.0,175.0,0.959,32.6,30.4,3.56
12.1,2.0,7.0,1998.0,100.0,9.0,13.9,0.68,5.2,7.9,197.0,0.886,34.2,40.4,2872.0
12.1,1.0,7.0,1988.0,96.0,9.0,13.9,0.697,9999.0,9999.0,186.0,0.82,39.5,41.4,2.75
12.1,1.0,7.0,1493.0,84.0,9.0,13.3,9999.0,9999.0,9999.0,190.0,753.0,45.3,38.8,2.729
12.1,1.0,7.0,1991.0,85.0,9.0,15.4,772.0,9999.0,9999.0,179.0,0.74,47.7,42.4,2676.0
12.1,1.0,7.0,1998.0,97.0,11.0,16.0,0.942,9999.0,9999.0,186.0,976.0,31.2,34.6,3352.0
12.1,1.0,7.0,1998.0,97.0,11.0,16.0,0.942,9999.0,9999.0,186.0,925.0,34.4,36.6,3237.0
12.1,1.0,7.0,1998.0,97.0,11.0,16.0,0.942,9999.0,9999.0,186.0,925.0,34.4,36.6,3237.0
12.1,3.0,7.0,1998.0,94.0,10.0,13.8,9999.0,9999.0,9999.0,167.0,9999.0,9999.0,9999.0,3145.0
12.2,2.0,7.0,1895.0,87.0,9.0,15.2,0.577,9999.0,8.6,202.0,1.15,42.5,36.2,3.2
12.2,1.0,8.0,1422.0,55.0,9.0,17.5,659.0,9999.0,9999.0,170.0,0.939,21.6,45.3,2.264
12.2,1.0,7.0,1581.0,76.0,9.0,14.7,9999.0,9999.0,9999.0,180.0,789.0,41.6,39.7,2687.0
12.2,1.0,8.0,1910.0,59.0,9.0,17.6,9999.0,9999.0,9999.0,170.0,1169.0,14.3,48.5,2186.0
12.2,1.0,8.0,1910.0,59.0,9.0,17.9,9999.0,9999.0,9999.0,170.0,1169.0,14.3,48.5,2186.0
12.2,1.0,7.0,1493.0,84.0,9.0,12.5,9999.0,9999.0,9999.0,177.0,754.0,51.4,36.1,2932.0
12.2,1.0,8.0,1998.0,66.0,9.0,19.0,9999.0,9999.0,9999.0,178.0,0.947,27.8,47.0,2319.0
12.2,1.0,7.0,1840.0,84.0,9.0,14.4,9999.0,9999.0,9999.0,175.0,723.0,41.8,40.3,2.71
12.2,1.0,8.0,1998.0,66.0,9.0,19.2,0.592,9999.0,9999.0,178.0,0.947,27.8,47.0,2319.0
12.2,1.0,7.0,1762.0,81.0,9.0,15.2,532.0,9999.0,9999.0,185.0,852.0,26.6,38.8,2.96
12.2,1.0,7.0,1597.0,70.0,9.0,15.7,9999.0,9999.0,9999.0,169.0,0.78,41.8,43.4,2.4
12.2,1.0,7.0,1597.0,70.0,9.0,15.7,9999.0,9999.0,9999.0,169.0,0.78,41.8,43.4,2.4
12.2,1.0,8.0,1896.0,85.0,9.0,16.1,67.0,9999.0,9999.0,192.0,948.0,19.5,50.6,2294.0
12.2,2.0,7.0,1991.0,110.0,9.0,14.5,0.651,9999.0,9999.0,209.0,0.86,31.0,43.9,2694.0
12.2,1.0,7.0,1997.0,100.0,9.0,13.3,9999.0,9999.0,9999.0,190.0,754.0,47.3,42.0,2.684
12.2,3.0,7.0,1994.0,92.0,9.0,15.5,9999.0,9999.0,9999.0,180.0,813.0,35.5,39.5,2852.0
12.2,2.0,7.0,1998.0,93.0,11.0,16.2,9999.0,9999.0,9999.0,170.0,878.0,35.4,32.3,3575.0
12.3,2.0,7.0,1998.0,100.0,9.0,14.7,586.0,5.3,8.2,202.0,0.891,34.8,41.2,2872.0
12.3,1.0,8.0,1422.0,55.0,9.0,18.0,605.0,9999.0,9999.0,173.0,9999.0,9999.0,9999.0,2576.0
12.3,1.0,7.0,1984.0,85.0,9.0,14.5,0.651,9999.0,8.5,189.0,1.12,24.6,34.6,3.64
12.3,1.0,8.0,1870.0,72.0,9.0,14.9,617.0,9999.0,9999.0,183.0,1.76,17.3,42.5,2.5
12.3,1.0,8.0,1870.0,72.0,9.0,14.7,637.0,9999.0,9999.0,183.0,1.76,17.3,42.5,2.5
12.3,1.0,7.0,1242.0,59.0,9.0,16.3,9999.0,9999.0,9999.0,165.0,611.0,37.5,54.0,1.961
12.3,1.0,7.0,1597.0,66.0,9.0,15.1,9999.0,9999.0,9999.0,180.0,892.0,36.8,36.7,2878.0
12.3,1.0,8.0,2184.0,81.0,9.0,16.3,9999.0,9999.0,9999.0,185.0,895.0,19.5,51.7,2195.0
12.3,3.0,7.0,1597.0,70.0,9.0,16.4,0.683,9999.0,9999.0,175.0,0.984,28.7,34.2,3218.0
12.3,3.0,8.0,1896.0,81.0,9.0,17.9,667.0,9999.0,8.3,188.0,1.1,16.2,45.2,2.567
12.3,1.0,7.0,1781.0,110.0,11.0,15.3,831.0,9999.0,9999.0,189.0,0.82,21.2,41.9,2.8
12.4,1.0,8.0,1896.0,66.0,9.0,18.0,639.0,9999.0,8.4,181.0,1.65,17.2,45.3,2562.0
12.4,2.0,7.0,1895.0,77.0,9.0,16.7,597.0,9999.0,9999.0,200.0,1.5,21.2,35.9,3.2
12.4,1.0,7.0,1984.0,85.0,9.0,14.8,633.0,9999.0,8.5,192.0,1.42,23.2,35.4,3278.0
12.4,1.0,8.0,1896.0,81.0,9.0,16.1,633.0,9999.0,8.1,190.0,0.94,24.6,48.7,2383.0
12.4,1.0,7.0,1493.0,84.0,9.0,12.2,9999.0,9999.0,9999.0,172.0,733.0,51.4,36.1,2932.0
12.4,1.0,7.0,1834.0,92.0,9.0,13.2,9999.0,9999.0,9999.0,200.0,0.928,36.8,39.2,2878.0
12.4,1.0,7.0,1834.0,92.0,9.0,13.4,9999.0,9999.0,9999.0,200.0,0.928,36.8,39.2,2878.0
12.4,1.0,7.0,1834.0,92.0,9.0,13.8,9999.0,9999.0,9999.0,200.0,0.928,36.8,39.2,2878.0
12.4,1.0,7.0,1991.0,100.0,9.0,12.2,0.658,9999.0,9999.0,195.0,0.798,47.4,42.1,2676.0
12.4,1.0,7.0,1991.0,100.0,9.0,12.2,0.658,9999.0,9999.0,195.0,0.798,47.4,42.1,2676.0
12.4,1.0,7.0,1597.0,83.0,9.0,12.8,9999.0,9999.0,9999.0,175.0,757.0,46.4,38.5,2.7
12.4,1.0,7.0,1762.0,81.0,9.0,15.7,589.0,9999.0,9999.0,180.0,0.829,26.6,38.8,2.96
12.4,1.0,8.0,1910.0,77.0,11.0,17.8,0.739,9999.0,9999.0,170.0,1.25,13.0,41.5,2736.0
12.5,1.0,8.0,1689.0,66.0,9.0,16.4,736.0,5.1,8.5,175.0,992.0,14.3,42.0,2513.0
12.5,1.0,8.0,1689.0,66.0,9.0,16.4,736.0,5.1,8.5,175.0,992.0,14.3,42.0,2513.0
12.5,2.0,8.0,2151.0,85.0,9.0,17.9,586.0,4.7,8.5,199.0,0.87,12.1,54.5,2173.0
12.5,2.0,7.0,1998.0,100.0,9.0,15.4,0.64,5.6,8.5,201.0,0.97,31.5,40.3,2872.0
12.5,1.0,7.0,1598.0,74.0,9.0,16.3,557.0,9999.0,9999.0,193.0,1.46,26.4,30.7,3667.0
12.5,1.0,7.0,1598.0,74.0,9.0,16.5,557.0,9999.0,9999.0,193.0,1.46,26.4,30.7,3667.0
12.5,1.0,7.0,1799.0,85.0,9.0,15.2,557.0,9999.0,9999.0,198.0,985.0,33.1,37.2,3.28
12.5,1.0,7.0,1595.0,74.0,9.0,14.9,9999.0,9999.0,9999.0,184.0,1.42,32.7,31.5,3361.0
12.5,1.0,7.0,1595.0,74.0,9.0,16.6,581.0,9999.0,8.1,192.0,1122.0,27.7,32.3,3595.0
12.5,1.0,7.0,1781.0,92.0,9.0,14.2,581.0,9999.0,8.5,201.0,1.44,29.1,33.2,3498.0
12.5,1.0,8.0,1997.0,80.0,9.0,18.0,0.686,9999.0,9999.0,191.0,1.33,15.2,46.2,2478.0
12.5,1.0,8.0,1997.0,80.0,9.0,18.8,0.686,9999.0,9999.0,191.0,1.33,15.2,46.2,2478.0
12.5,1.0,7.0,1762.0,81.0,9.0,15.6,0.63,9999.0,9999.0,194.0,894.0,36.2,39.5,2.941
12.5,1.0,7.0,1598.0,66.0,9.0,15.8,627.0,9999.0,9999.0,173.0,753.0,45.9,45.9,2322.0
12.5,1.0,8.0,1870.0,72.0,9.0,18.2,621.0,9999.0,9999.0,185.0,1124.0,16.7,41.1,2822.0
12.5,1.0,7.0,1731.0,85.0,9.0,15.2,9999.0,9999.0,9999.0,190.0,1.3,38.5,34.5,3162.0
12.5,1.0,7.0,1242.0,60.0,9.0,16.8,9999.0,9999.0,9999.0,173.0,1.2,30.8,30.8,3.5
12.5,1.0,7.0,1299.0,55.0,9.0,17.2,9999.0,9999.0,9999.0,170.0,0.874,21.8,32.4,3258.0
12.5,1.0,7.0,1299.0,63.0,9.0,14.1,9999.0,9999.0,9999.0,160.0,845.0,21.8,31.5,3346.0
12.5,1.0,7.0,1299.0,63.0,9.0,15.6,9999.0,9999.0,9999.0,165.0,0.94,32.6,30.4,3.56
12.5,1.0,7.0,1498.0,63.0,9.0,16.4,9999.0,9999.0,9999.0,172.0,833.0,24.2,35.6,2965.0
12.5,1.0,7.0,1498.0,63.0,9.0,16.2,9999.0,9999.0,9999.0,172.0,833.0,24.2,35.6,2965.0
12.5,1.0,7.0,1998.0,98.0,9.0,13.6,9999.0,9999.0,9999.0,192.0,895.0,56.0,39.7,2.941
12.5,1.0,7.0,1998.0,98.0,9.0,13.6,9999.0,9999.0,9999.0,192.0,895.0,56.0,39.7,2.941
12.5,1.0,7.0,1793.0,81.0,9.0,14.1,9999.0,9999.0,9999.0,188.0,0.85,45.7,40.6,2.683
12.5,1.0,7.0,1299.0,55.0,9.0,18.1,9999.0,9999.0,9999.0,164.0,0.79,24.0,34.6,3.62
12.5,2.0,7.0,1799.0,90.0,9.0,14.9,0.68,5.3,8.0,190.0,0.942,31.9,36.7,3167.0
12.5,1.0,7.0,1595.0,74.0,9.0,16.8,632.0,9999.0,8.3,186.0,1.28,27.7,32.3,3595.0
12.5,1.0,8.0,1753.0,55.0,9.0,22.6,675.0,9999.0,9999.0,184.0,1.13,15.1,45.4,2399.0
12.5,1.0,8.0,1753.0,66.0,9.0,18.8,675.0,9999.0,9999.0,184.0,0.97,17.5,47.4,2298.0
12.5,2.0,7.0,2198.0,106.0,9.0,15.9,726.0,9999.0,9999.0,198.0,0.964,38.5,38.1,3.51
12.5,1.0,8.0,1995.0,74.0,9.0,18.3,645.0,9999.0,9999.0,183.0,0.918,17.4,46.4,2.55
12.5,1.0,8.0,2461.0,111.0,11.0,16.5,1094.0,9999.0,8.4,181.0,1.14,15.0,44.6,2721.0
12.5,6.0,7.0,1973.0,108.0,10.0,12.9,9999.0,9999.0,9999.0,170.0,741.0,46.5,36.4,3364.0
12.5,5.0,7.0,2494.0,106.0,10.0,13.4,9999.0,9999.0,9999.0,155.0,667.0,36.9,37.5,3359.0
12.5,1.0,7.0,2429.0,110.0,11.0,15.6,9999.0,9999.0,9999.0,180.0,0.781,35.7,43.9,2755.0
12.5,1.0,7.0,2429.0,110.0,11.0,16.0,9999.0,9999.0,9999.0,180.0,0.781,35.7,43.9,2755.0
12.6,1.0,8.0,1896.0,81.0,9.0,17.7,613.0,9999.0,8.7,194.0,1.21,17.0,45.8,2.527
12.6,1.0,7.0,1749.0,85.0,9.0,14.6,782.0,9999.0,9999.0,187.0,965.0,32.4,35.2,3221.0
12.6,1.0,7.0,1749.0,85.0,9.0,14.6,782.0,9999.0,9999.0,187.0,965.0,32.4,35.2,3221.0
12.6,1.0,7.0,1948.0,100.0,9.0,14.9,654.0,9999.0,9999.0,200.0,0.96,45.9,36.8,3156.0
12.6,1.0,7.0,1242.0,59.0,9.0,16.3,9999.0,9999.0,9999.0,165.0,0.62,38.0,54.8,1.961
12.6,1.0,7.0,1242.0,59.0,9.0,16.5,9999.0,9999.0,9999.0,165.0,742.0,38.0,44.5,2416.0
12.6,1.0,7.0,1242.0,59.0,9.0,16.5,9999.0,9999.0,9999.0,165.0,0.62,38.0,54.8,1.961
12.6,2.0,7.0,1895.0,87.0,9.0,15.9,639.0,9999.0,8.6,196.0,0.954,36.2,37.4,3.18
12.6,1.0,7.0,1762.0,81.0,9.0,16.2,0.704,9999.0,9999.0,189.0,1.8,33.6,34.1,3.328
12.6,1.0,7.0,1998.0,108.0,9.0,14.4,738.0,9999.0,9999.0,202.0,948.0,28.9,40.2,2.851
12.6,1.0,7.0,1762.0,81.0,9.0,16.2,0.666,9999.0,9999.0,189.0,871.0,36.2,39.5,2.941
12.6,1.0,8.0,2188.0,83.0,9.0,17.8,696.0,9999.0,9999.0,185.0,941.0,18.5,45.7,2.5
12.6,1.0,7.0,2986.0,108.0,11.0,17.2,0.942,9999.0,9999.0,168.0,763.0,40.1,44.1,2.746
12.6,1.0,7.0,1581.0,76.0,11.0,17.1,0.739,9999.0,9999.0,170.0,0.969,29.5,30.5,3721.0
12.6,3.0,7.0,2972.0,130.0,10.0,13.3,9999.0,9999.0,9999.0,170.0,833.0,49.4,40.8,3491.0
12.7,1.0,7.0,1242.0,55.0,9.0,17.6,662.0,9999.0,9999.0,170.0,1.29,26.8,31.8,3228.0
12.7,1.0,7.0,1781.0,92.0,9.0,13.7,654.0,9999.0,9999.0,197.0,1.0,37.7,32.8,3.538
12.7,1.0,8.0,1870.0,72.0,9.0,17.9,9999.0,9999.0,9999.0,174.0,9999.0,9999.0,9999.0,9999.0
12.7,1.0,8.0,1870.0,72.0,9.0,17.9,9999.0,9999.0,9999.0,174.0,9999.0,9999.0,9999.0,9999.0
12.7,1.0,7.0,1242.0,55.0,9.0,16.6,662.0,9999.0,9999.0,170.0,1.21,27.0,32.0,3213.0
12.7,1.0,7.0,1597.0,66.0,9.0,17.3,0.64,9999.0,9999.0,177.0,878.0,23.2,36.6,2891.0
12.7,1.0,7.0,1781.0,92.0,9.0,14.6,667.0,9999.0,8.7,195.0,1.13,29.1,33.2,3498.0
12.7,1.0,7.0,2792.0,128.0,11.0,15.9,1081.0,9999.0,9999.0,187.0,938.0,25.5,33.2,3654.0
12.7,1.0,8.0,1997.0,80.0,11.0,21.1,915.0,9999.0,9999.0,175.0,1.4,13.6,43.5,2718.0
12.7,6.0,7.0,1590.0,77.0,10.0,16.3,9999.0,9999.0,9999.0,162.0,865.0,25.5,30.2,3969.0
12.7,1.0,7.0,1840.0,84.0,11.0,15.8,772.0,9999.0,9999.0,170.0,0.74,39.6,38.3,2847.0
12.8,1.0,7.0,1397.0,60.0,9.0,17.0,713.0,5.2,8.1,170.0,995.0,32.6,34.2,3.88
12.8,1.0,7.0,1595.0,74.0,9.0,15.3,639.0,9999.0,8.6,183.0,1.52,32.3,31.1,3737.0
12.8,1.0,8.0,1905.0,66.0,9.0,17.3,657.0,9999.0,9999.0,178.0,1.9,17.5,40.8,2.669
12.8,1.0,8.0,1905.0,66.0,9.0,17.5,657.0,9999.0,9999.0,178.0,1.9,17.5,40.8,2.669
12.8,1.0,7.0,989.0,41.0,9.0,17.6,9999.0,9999.0,9999.0,140.0,838.0,25.8,32.1,3.29
12.8,1.0,7.0,989.0,41.0,9.0,17.6,9999.0,9999.0,9999.0,140.0,838.0,25.8,32.1,3.29
12.8,1.0,7.0,989.0,41.0,9.0,17.6,9999.0,9999.0,9999.0,140.0,838.0,25.8,32.1,3.29
12.8,1.0,7.0,989.0,41.0,9.0,17.6,9999.0,9999.0,9999.0,140.0,838.0,25.8,32.1,3.29
12.8,1.0,7.0,1392.0,55.0,9.0,19.3,9999.0,9999.0,9999.0,169.0,0.79,31.4,35.7,3.54
12.8,1.0,7.0,1769.0,84.0,9.0,15.6,9999.0,9999.0,9999.0,173.0,778.0,27.1,39.7,2.837
12.8,1.0,7.0,1498.0,59.0,9.0,17.9,9999.0,9999.0,9999.0,170.0,0.91,18.5,34.3,3.75
12.8,1.0,7.0,1498.0,59.0,9.0,17.9,9999.0,9999.0,9999.0,170.0,0.91,18.5,34.3,3.75
12.8,1.0,8.0,1896.0,81.0,9.0,18.3,635.0,9999.0,8.8,192.0,1.1,17.0,45.8,2.527
12.8,1.0,8.0,1896.0,81.0,9.0,16.6,0.678,9999.0,8.4,190.0,941.0,24.5,48.7,2386.0
12.8,1.0,8.0,1896.0,66.0,9.0,17.7,706.0,9999.0,8.5,176.0,1.3,19.3,46.8,2.264
12.8,1.0,8.0,1997.0,80.0,9.0,18.6,711.0,9999.0,9999.0,186.0,1.6,15.2,46.2,2478.0
12.8,1.0,8.0,1997.0,80.0,9.0,18.3,721.0,9999.0,9999.0,185.0,0.984,14.8,47.0,2.5
12.8,1.0,8.0,1997.0,80.0,9.0,18.3,721.0,9999.0,9999.0,185.0,0.984,14.8,47.0,2.5
12.8,1.0,7.0,1998.0,84.0,9.0,15.9,696.0,9999.0,9999.0,182.0,1.18,53.2,30.4,3818.0
12.8,1.0,7.0,1731.0,85.0,9.0,15.5,9999.0,9999.0,9999.0,190.0,1.3,38.5,34.5,3162.0
12.8,1.0,7.0,1590.0,85.0,9.0,13.8,9999.0,9999.0,9999.0,186.0,937.0,44.9,31.5,3364.0
12.8,1.0,7.0,1299.0,56.0,9.0,16.3,866.0,9999.0,9999.0,155.0,0.93,30.7,30.3,3346.0
12.8,1.0,7.0,1781.0,110.0,11.0,15.4,831.0,9999.0,9999.0,189.0,1178.0,14.8,29.2,3.9
12.8,3.0,7.0,3947.0,136.0,10.0,9999.0,9999.0,9999.0,9999.0,170.0,687.0,39.9,52.1,2583.0
12.8,1.0,7.0,1997.0,102.0,11.0,13.2,9999.0,9999.0,9999.0,175.0,897.0,31.0,33.6,3352.0
12.8,1.0,7.0,1997.0,102.0,11.0,13.2,9999.0,9999.0,9999.0,175.0,893.0,32.0,33.8,3415.0
12.9,1.0,7.0,1397.0,60.0,9.0,17.0,713.0,5.2,8.1,170.0,0.91,29.8,37.3,2826.0
12.9,1.0,7.0,1397.0,60.0,9.0,17.0,713.0,5.2,8.1,170.0,0.91,29.8,37.3,2826.0
12.9,1.0,8.0,1896.0,66.0,9.0,19.3,633.0,9999.0,8.8,180.0,1147.0,16.0,41.9,2.774
12.9,1.0,8.0,1896.0,81.0,9.0,16.4,581.0,9999.0,8.9,194.0,1.99,22.0,42.5,2.7
12.9,1.0,7.0,1998.0,97.0,9.0,13.8,0.7,9999.0,9999.0,195.0,0.911,42.8,38.9,2.916
12.9,1.0,7.0,1361.0,55.0,9.0,15.3,619.0,9999.0,9999.0,175.0,892.0,25.6,35.7,2884.0
12.9,1.0,7.0,1361.0,55.0,9.0,15.6,619.0,9999.0,9999.0,166.0,799.0,51.4,37.8,2.724
12.9,1.0,8.0,2088.0,80.0,9.0,18.3,636.0,9999.0,9999.0,192.0,1.18,17.3,43.9,2647.0
12.9,1.0,7.0,1598.0,55.0,9.0,19.5,617.0,9999.0,9999.0,175.0,1.72,23.7,32.6,3233.0
12.9,1.0,7.0,1598.0,55.0,9.0,19.2,637.0,9999.0,9999.0,175.0,1.72,23.7,32.6,3233.0
12.9,1.0,7.0,1390.0,70.0,9.0,17.6,9999.0,9999.0,9999.0,173.0,9999.0,9999.0,9999.0,9999.0
12.9,3.0,7.0,1597.0,70.0,9.0,17.0,0.704,9999.0,9999.0,171.0,961.0,28.7,34.2,3218.0
12.9,1.0,7.0,1600.0,85.0,9.0,14.1,693.0,9999.0,9999.0,177.0,742.0,28.2,39.1,2.726
12.9,1.0,7.0,1984.0,85.0,9.0,15.4,0.678,9999.0,8.8,192.0,1.15,23.2,36.4,3.192
12.9,1.0,7.0,1984.0,85.0,9.0,15.5,0.678,9999.0,8.8,192.0,1.14,23.2,36.4,3.2
12.9,1.0,7.0,1840.0,74.0,9.0,17.1,772.0,9999.0,9999.0,180.0,838.0,32.2,39.0,2.97
12.9,1.0,7.0,1600.0,85.0,9.0,14.6,0.744,9999.0,9999.0,177.0,742.0,28.2,39.1,2.726
12.9,1.0,7.0,2351.0,110.0,11.0,13.1,0.916,9999.0,9999.0,180.0,856.0,33.5,38.2,3.97
12.9,1.0,8.0,1998.0,66.0,11.0,21.2,772.0,9999.0,9999.0,170.0,958.0,16.7,44.4,2455.0
13.0,1.0,8.0,1995.0,74.0,9.0,17.8,557.0,9999.0,9999.0,195.0,1.66,13.5,42.5,2.7
13.0,1.0,8.0,1995.0,74.0,9.0,18.0,557.0,9999.0,9999.0,195.0,1.66,13.5,42.5,2.7
13.0,1.0,8.0,1896.0,66.0,9.0,18.7,9999.0,9999.0,9999.0,180.0,993.0,17.2,45.3,2562.0
13.0,1.0,8.0,1896.0,66.0,9.0,18.9,654.0,9999.0,9999.0,181.0,0.999,17.2,45.3,2562.0
13.0,1.0,7.0,1985.0,96.0,9.0,13.5,9999.0,9999.0,9999.0,190.0,0.79,46.2,39.4,2.9
13.0,1.0,7.0,1985.0,96.0,9.0,13.5,9999.0,9999.0,9999.0,190.0,0.79,46.2,39.4,2.9
13.0,1.0,7.0,1985.0,96.0,9.0,13.5,9999.0,9999.0,9999.0,190.0,0.79,46.2,39.4,2.9
13.0,1.0,7.0,1587.0,77.0,9.0,16.4,9999.0,9999.0,9999.0,185.0,1.5,33.5,33.5,3.256
13.0,1.0,8.0,1870.0,66.0,9.0,19.8,9999.0,9999.0,9999.0,180.0,1.16,21.2,41.7,2614.0
13.0,1.0,7.0,1299.0,50.0,9.0,16.1,9999.0,9999.0,9999.0,165.0,0.82,26.0,33.5,3.0
13.0,2.0,8.0,2497.0,96.0,9.0,17.8,726.0,9999.0,9999.0,195.0,0.96,19.8,45.1,2622.0
13.0,1.0,8.0,1870.0,72.0,9.0,18.9,696.0,9999.0,9999.0,177.0,1.76,16.7,41.1,2822.0
13.0,1.0,7.0,1587.0,77.0,9.0,16.7,9999.0,9999.0,9999.0,185.0,1.5,33.5,33.5,3.256
13.0,1.0,8.0,1870.0,66.0,9.0,20.2,9999.0,9999.0,9999.0,180.0,1.16,21.2,41.7,2614.0
13.0,1.0,7.0,1498.0,55.0,9.0,17.5,9999.0,9999.0,9999.0,160.0,975.0,19.7,32.8,3157.0
13.0,1.0,7.0,2351.0,110.0,11.0,13.9,1004.0,9999.0,9999.0,180.0,0.796,36.1,41.1,2878.0
13.1,1.0,7.0,1781.0,92.0,9.0,15.0,613.0,9999.0,8.8,198.0,1.32,29.0,33.1,3498.0
13.1,1.0,7.0,1984.0,85.0,9.0,15.2,0.656,9999.0,9999.0,192.0,1.7,22.7,34.5,3364.0
13.1,1.0,7.0,1781.0,66.0,9.0,17.5,0.651,9999.0,8.6,175.0,0.936,20.9,34.0,3117.0
13.1,1.0,7.0,1762.0,66.0,9.0,16.2,657.0,9999.0,9999.0,182.0,0.979,22.3,37.2,2929.0
13.1,1.0,7.0,1762.0,66.0,9.0,16.4,637.0,9999.0,9999.0,182.0,0.979,22.3,37.2,2929.0
13.1,1.0,7.0,1597.0,66.0,9.0,16.7,9999.0,9999.0,9999.0,167.0,725.0,37.4,38.4,2838.0
13.1,1.0,7.0,1299.0,63.0,9.0,14.7,9999.0,9999.0,9999.0,165.0,768.0,38.2,35.8,2.981
13.1,2.0,7.0,1998.0,100.0,9.0,15.7,0.71,5.5,8.7,195.0,0.86,34.8,41.2,2872.0
13.1,1.0,8.0,1896.0,66.0,9.0,19.9,0.678,9999.0,9.0,180.0,1.65,17.2,45.1,2576.0
13.1,1.0,8.0,2446.0,95.0,9.0,17.3,763.0,9999.0,9999.0,192.0,982.0,17.1,45.4,2.64
13.1,1.0,7.0,1997.0,100.0,9.0,17.4,0.952,9999.0,9999.0,179.0,835.0,35.3,36.9,3.276
13.1,1.0,7.0,1998.0,85.0,11.0,19.4,884.0,9999.0,9999.0,177.0,945.0,17.6,34.1,3.49
13.1,1.0,7.0,1998.0,89.0,11.0,17.0,0.942,9999.0,9999.0,177.0,889.0,19.7,34.6,3352.0
13.1,1.0,7.0,1998.0,89.0,11.0,17.0,0.942,9999.0,9999.0,177.0,889.0,19.7,34.6,3352.0
13.1,1.0,7.0,1998.0,89.0,11.0,17.0,915.0,9999.0,9999.0,177.0,889.0,19.7,34.6,3352.0
13.1,5.0,7.0,3275.0,110.0,10.0,17.6,9999.0,9999.0,9999.0,172.0,938.0,24.2,38.2,3532.0
13.1,3.0,8.0,4164.0,150.0,10.0,16.3,9999.0,9999.0,9999.0,175.0,9999.0,9999.0,9999.0,3137.0
13.1,3.0,8.0,4164.0,150.0,10.0,16.3,9999.0,9999.0,9999.0,175.0,9999.0,9999.0,9999.0,3137.0
13.2,1.0,7.0,1361.0,55.0,9.0,14.8,564.0,9999.0,9999.0,180.0,0.95,27.6,36.2,2888.0
13.2,1.0,8.0,2188.0,83.0,9.0,19.0,654.0,9999.0,9999.0,192.0,1122.0,15.9,39.8,2917.0
13.2,1.0,7.0,1795.0,88.0,9.0,16.1,609.0,9999.0,9999.0,190.0,9999.0,9999.0,9999.0,9999.0
13.2,1.0,8.0,1870.0,66.0,9.0,18.9,9999.0,9999.0,9999.0,180.0,1255.0,17.9,33.7,3228.0
13.2,1.0,8.0,1870.0,66.0,9.0,18.5,9999.0,9999.0,9999.0,180.0,1255.0,17.9,33.7,3228.0
13.2,1.0,7.0,1324.0,54.0,9.0,19.5,9999.0,9999.0,9999.0,164.0,0.967,28.2,30.8,3423.0
13.2,1.0,7.0,1241.0,54.0,9.0,19.0,643.0,9999.0,9999.0,166.0,998.0,20.1,27.7,3847.0
13.2,1.0,7.0,2792.0,128.0,11.0,13.6,831.0,9999.0,9.1,195.0,997.0,38.8,33.7,3.399
13.2,3.0,8.0,3200.0,121.0,10.0,16.1,1088.0,9999.0,9999.0,170.0,9999.0,9999.0,9999.0,2863.0
13.3,2.0,7.0,1895.0,77.0,9.0,15.8,647.0,9999.0,9999.0,185.0,981.0,26.8,35.6,3.2
13.3,1.0,8.0,1896.0,66.0,9.0,18.6,0.651,9999.0,8.8,175.0,1.52,16.9,44.4,2387.0
13.3,1.0,7.0,1499.0,66.0,9.0,13.9,9999.0,9999.0,9999.0,165.0,889.0,34.3,29.9,3437.0
13.3,1.0,7.0,1396.0,66.0,9.0,16.1,9999.0,9999.0,9999.0,175.0,853.0,35.5,32.1,3.328
13.3,2.0,7.0,1799.0,90.0,9.0,15.3,0.68,5.7,8.8,187.0,885.0,34.1,38.4,3.21
13.3,1.0,7.0,1595.0,74.0,9.0,15.6,706.0,9999.0,8.9,183.0,1.14,33.5,32.2,3286.0
13.3,1.0,7.0,1998.0,97.0,9.0,14.3,0.704,9999.0,9999.0,193.0,0.92,42.8,38.9,2.916
13.3,1.0,8.0,1905.0,66.0,9.0,18.1,623.0,9999.0,9999.0,179.0,1.96,17.5,40.8,2.669
13.3,1.0,7.0,1997.0,100.0,11.0,14.0,0.916,9999.0,9999.0,175.0,763.0,43.1,38.2,3.97
13.3,1.0,7.0,3301.0,116.0,11.0,15.3,9999.0,9999.0,9999.0,175.0,0.739,39.2,50.4,2.41
13.3,1.0,7.0,3301.0,116.0,11.0,16.2,9999.0,9999.0,9999.0,175.0,0.712,40.6,52.3,2.41
13.4,1.0,7.0,1595.0,74.0,9.0,15.9,9999.0,9999.0,9999.0,184.0,1.54,32.4,31.2,3736.0
13.4,1.0,7.0,1149.0,43.0,9.0,19.1,0.683,9999.0,9999.0,151.0,0.89,20.0,35.5,2822.0
13.4,1.0,7.0,1296.0,62.0,9.0,13.4,9999.0,9999.0,9999.0,170.0,0.766,37.9,34.1,3.16
13.4,1.0,7.0,1390.0,55.0,9.0,19.5,706.0,9999.0,8.8,167.0,1.4,30.1,32.1,3298.0
13.4,5.0,7.0,2198.0,100.0,10.0,16.6,9999.0,9999.0,9999.0,165.0,915.0,18.6,34.7,3872.0
13.4,1.0,7.0,1998.0,97.0,11.0,16.0,915.0,9999.0,9999.0,186.0,958.0,31.8,35.3,3352.0
13.4,1.0,7.0,1998.0,97.0,11.0,16.0,915.0,9999.0,9999.0,186.0,958.0,31.8,35.3,3352.0
13.4,1.0,7.0,1299.0,63.0,11.0,17.8,9999.0,9999.0,9999.0,170.0,889.0,20.4,31.9,3346.0
13.5,1.0,8.0,1896.0,66.0,9.0,19.2,629.0,9999.0,8.8,182.0,1.41,16.2,43.7,2656.0
13.5,1.0,7.0,1598.0,74.0,9.0,15.5,589.0,9999.0,9999.0,178.0,774.0,36.1,38.3,3.28
13.5,1.0,7.0,1598.0,74.0,9.0,15.2,609.0,9999.0,9999.0,178.0,774.0,36.1,38.3,3.28
13.5,1.0,7.0,1598.0,74.0,9.0,15.5,629.0,9999.0,9999.0,178.0,774.0,36.1,38.3,3.28
13.5,1.0,7.0,1389.0,66.0,9.0,14.9,0.66,9999.0,9999.0,172.0,0.771,39.2,37.2,2.768
13.5,1.0,7.0,1199.0,55.0,9.0,17.4,866.0,9999.0,9999.0,155.0,0.913,29.1,30.3,3.4
13.5,1.0,7.0,1595.0,74.0,9.0,16.4,654.0,9999.0,9999.0,184.0,1.54,32.4,31.2,3737.0
13.5,1.0,7.0,1289.0,50.0,9.0,18.7,679.0,9999.0,9999.0,162.0,972.0,18.8,33.3,3.89
13.5,1.0,7.0,1595.0,74.0,9.0,16.4,633.0,9999.0,9.1,185.0,0.781,43.8,42.3,2745.0
13.5,1.0,8.0,1896.0,66.0,9.0,19.8,581.0,9999.0,9.2,184.0,1.52,16.2,43.7,2656.0
13.5,1.0,7.0,1587.0,65.0,9.0,16.8,691.0,9999.0,9999.0,178.0,0.99,23.5,35.0,3116.0
13.5,1.0,8.0,1905.0,66.0,9.0,17.5,691.0,9999.0,9999.0,175.0,1.7,17.5,40.9,2.664
13.5,1.0,7.0,1597.0,70.0,9.0,15.2,9999.0,9999.0,9999.0,169.0,0.78,41.8,43.4,2.4
13.5,1.0,7.0,1781.0,92.0,9.0,15.6,657.0,9999.0,9.0,195.0,1.16,29.0,33.1,3498.0
13.5,1.0,7.0,1597.0,70.0,9.0,18.7,0.697,9999.0,9999.0,180.0,0.947,29.3,36.2,3114.0
13.5,2.0,8.0,2497.0,96.0,9.0,18.1,726.0,9999.0,9999.0,190.0,0.89,26.4,47.4,2494.0
13.5,1.0,7.0,1762.0,66.0,9.0,16.9,623.0,9999.0,9999.0,182.0,0.979,22.3,37.2,2929.0
13.5,1.0,7.0,1598.0,74.0,11.0,17.7,0.78,9999.0,9999.0,176.0,0.942,26.7,31.1,3.729
13.6,2.0,7.0,1895.0,77.0,9.0,17.1,597.0,9999.0,9999.0,194.0,1.12,27.2,36.2,3.2
13.6,1.0,7.0,1581.0,76.0,9.0,15.3,9999.0,9999.0,9999.0,187.0,795.0,42.8,40.9,2.692
13.6,1.0,7.0,1396.0,66.0,9.0,15.0,9999.0,9999.0,9999.0,170.0,747.0,43.0,36.1,2932.0
13.6,3.0,7.0,1299.0,50.0,9.0,17.3,9999.0,9999.0,9999.0,155.0,873.0,23.9,29.6,3477.0
13.6,1.0,7.0,998.0,50.0,9.0,17.0,9999.0,9999.0,9999.0,155.0,884.0,28.7,29.2,3.7
13.6,1.0,7.0,998.0,50.0,9.0,17.0,9999.0,9999.0,9999.0,155.0,884.0,28.7,29.2,3.7
13.6,1.0,7.0,1299.0,55.0,9.0,17.5,9999.0,9999.0,9999.0,164.0,0.79,24.0,34.6,3.62
13.6,1.0,7.0,1299.0,55.0,9.0,17.5,9999.0,9999.0,9999.0,164.0,0.79,24.0,34.6,3.62
13.6,2.0,8.0,2151.0,75.0,9.0,18.5,0.683,5.6,9.4,182.0,917.0,13.8,47.3,2456.0
13.6,1.0,7.0,1581.0,76.0,9.0,16.1,9999.0,9999.0,9999.0,187.0,795.0,42.8,40.9,2.692
13.6,5.0,7.0,2198.0,100.0,10.0,17.2,9999.0,9999.0,9999.0,161.0,893.0,18.6,34.7,3872.0
13.6,3.0,8.0,4164.0,150.0,10.0,16.1,9999.0,9999.0,9999.0,170.0,9999.0,9999.0,9999.0,3444.0
13.6,3.0,8.0,4164.0,150.0,10.0,16.1,9999.0,9999.0,9999.0,170.0,9999.0,9999.0,9999.0,3444.0
13.6,5.0,7.0,2972.0,104.0,10.0,17.6,9999.0,9999.0,9999.0,157.0,0.783,31.1,40.1,3.376
13.7,1.0,8.0,1896.0,66.0,9.0,18.2,639.0,9999.0,8.6,177.0,1.92,22.5,43.2,2685.0
13.7,1.0,7.0,1598.0,66.0,9.0,16.7,617.0,9999.0,9999.0,170.0,0.739,45.9,46.0,2319.0
13.7,1.0,7.0,1396.0,66.0,9.0,15.4,9999.0,9999.0,9999.0,172.0,0.756,43.0,36.1,2932.0
13.7,1.0,7.0,1275.0,55.0,9.0,16.0,0.651,9999.0,9999.0,170.0,0.729,30.9,38.9,2.69
13.7,1.0,7.0,1595.0,74.0,9.0,16.6,0.678,9999.0,9.2,185.0,1.6,32.3,31.2,3727.0
13.7,1.0,7.0,2792.0,103.0,11.0,17.6,1094.0,9999.0,9.1,174.0,0.93,23.3,41.6,2847.0
13.7,1.0,7.0,2792.0,103.0,11.0,18.0,1094.0,9999.0,9.1,174.0,0.93,23.3,41.6,2847.0
13.7,1.0,7.0,1998.0,84.0,11.0,17.7,0.85,9999.0,9999.0,175.0,0.92,26.8,35.9,3233.0
13.7,1.0,7.0,1998.0,84.0,11.0,18.2,9999.0,9999.0,9999.0,177.0,0.913,26.8,35.9,3233.0
13.7,5.0,7.0,2389.0,85.0,10.0,19.2,9999.0,9999.0,9999.0,160.0,0.942,25.9,35.4,3.81
13.8,1.0,7.0,1595.0,74.0,9.0,16.9,0.656,9999.0,9999.0,182.0,1.13,33.3,32.1,3617.0
13.8,1.0,7.0,1595.0,74.0,9.0,16.0,0.651,9999.0,8.8,182.0,0.974,30.8,32.2,3286.0
13.8,1.0,7.0,1598.0,79.0,9.0,16.2,9999.0,9999.0,9999.0,180.0,9999.0,9999.0,9999.0,9999.0
13.8,1.0,7.0,1108.0,40.0,9.0,18.4,9999.0,9999.0,9999.0,150.0,0.931,20.2,29.3,3.26
13.8,1.0,7.0,1296.0,62.0,9.0,13.9,9999.0,9999.0,9999.0,165.0,848.0,47.6,29.9,3437.0
13.8,1.0,7.0,998.0,50.0,9.0,16.8,9999.0,9999.0,9999.0,155.0,0.89,28.5,29.0,3.7
13.8,1.0,7.0,1498.0,65.0,9.0,16.9,9999.0,9999.0,9999.0,180.0,1.74,30.6,33.5,3.3
13.8,1.0,7.0,1998.0,98.0,9.0,13.0,9999.0,9999.0,9999.0,180.0,0.78,43.1,43.1,2.6
13.8,1.0,8.0,1896.0,66.0,9.0,19.8,653.0,9999.0,9.0,178.0,1.18,16.2,43.7,2656.0
13.8,1.0,8.0,1896.0,66.0,9.0,20.5,688.0,9999.0,9.4,178.0,1.18,16.2,43.7,2656.0
13.8,1.0,7.0,1998.0,98.0,9.0,13.6,9999.0,9999.0,9999.0,180.0,0.78,43.1,43.1,2.6
13.8,3.0,7.0,2792.0,128.0,11.0,14.3,831.0,9999.0,9.4,193.0,987.0,38.8,33.7,3.399
13.8,3.0,8.0,3200.0,121.0,10.0,17.2,1088.0,9999.0,9999.0,170.0,9999.0,9999.0,9999.0,2863.0
13.8,3.0,7.0,3497.0,149.0,10.0,13.8,1088.0,9999.0,9999.0,185.0,816.0,35.0,45.3,3.143
13.8,1.0,7.0,2497.0,121.0,11.0,14.6,9999.0,9999.0,9999.0,185.0,0.761,30.7,37.4,3235.0
13.8,5.0,8.0,2999.0,117.0,10.0,17.4,9999.0,9999.0,9999.0,160.0,0.913,22.8,44.9,3.53
13.8,1.0,8.0,2500.0,85.0,11.0,21.3,9999.0,9999.0,9999.0,175.0,996.0,16.7,43.9,2755.0
13.9,1.0,7.0,1781.0,92.0,9.0,15.1,0.702,9999.0,9.3,192.0,0.999,32.8,33.1,3.53
13.9,2.0,8.0,1665.0,66.0,9.0,18.4,0.666,9999.0,9999.0,175.0,929.0,15.8,42.8,2.7
13.9,1.0,8.0,1905.0,66.0,9.0,19.9,0.68,9999.0,9999.0,177.0,1.99,17.3,40.3,2818.0
13.9,1.0,7.0,1587.0,65.0,9.0,17.2,653.0,9999.0,9999.0,180.0,1.27,21.1,31.3,3.481
13.9,1.0,8.0,1905.0,66.0,9.0,18.2,0.676,9999.0,9999.0,177.0,1.82,17.5,40.9,2.664
13.9,1.0,7.0,1793.0,85.0,9.0,14.8,9999.0,9999.0,9999.0,178.0,1.76,38.5,28.8,3878.0
13.9,2.0,8.0,2151.0,75.0,9.0,18.9,0.683,5.5,9.0,179.0,935.0,14.4,45.6,2548.0
13.9,1.0,7.0,1396.0,66.0,9.0,16.9,9999.0,9999.0,9999.0,172.0,0.844,35.3,31.8,3.328
13.9,1.0,7.0,1793.0,85.0,9.0,15.4,9999.0,9999.0,9999.0,178.0,767.0,45.4,40.4,2764.0
13.9,5.0,8.0,2172.0,85.0,10.0,20.2,9999.0,9999.0,9999.0,155.0,1123.0,14.8,36.3,3694.0
13.9,5.0,7.0,3275.0,110.0,10.0,17.7,9999.0,9999.0,9999.0,166.0,0.771,31.1,44.9,3.8
13.9,1.0,8.0,2184.0,66.0,11.0,20.9,9999.0,9999.0,9999.0,165.0,1.66,17.6,38.7,2883.0
14.0,1.0,7.0,1389.0,66.0,9.0,15.7,552.0,9999.0,9999.0,182.0,867.0,36.9,35.0,3.49
14.0,1.0,7.0,1389.0,66.0,9.0,14.4,0.658,9999.0,9999.0,163.0,0.71,29.5,38.8,2655.0
14.0,1.0,7.0,1199.0,48.0,9.0,18.6,0.66,9999.0,9999.0,163.0,0.751,29.5,38.8,2655.0
14.0,1.0,7.0,1199.0,48.0,9.0,18.9,0.66,9999.0,9999.0,163.0,0.751,29.5,38.8,2655.0
14.0,1.0,8.0,1487.0,49.0,9.0,19.4,0.66,9999.0,9999.0,165.0,991.0,19.2,36.2,2842.0
14.0,1.0,7.0,1590.0,71.0,9.0,13.9,9999.0,9999.0,9999.0,165.0,737.0,29.3,37.3,2.828
14.0,1.0,7.0,1598.0,74.0,9.0,15.9,645.0,9999.0,9999.0,173.0,752.0,36.1,38.3,3.28
14.0,1.0,7.0,1324.0,46.0,9.0,20.8,9999.0,9999.0,9999.0,151.0,0.926,23.4,32.6,3157.0
14.0,1.0,7.0,1796.0,85.0,11.0,15.9,0.78,9999.0,9999.0,175.0,845.0,34.1,38.3,3.28
14.0,3.0,8.0,2982.0,92.0,10.0,19.0,9999.0,9999.0,9999.0,160.0,1124.0,20.8,39.5,3.63
14.0,3.0,8.0,2982.0,92.0,10.0,19.1,9999.0,9999.0,9999.0,160.0,1.1,28.4,44.0,3238.0
14.0,5.0,8.0,2999.0,117.0,10.0,18.3,9999.0,9999.0,9999.0,160.0,0.913,22.8,44.9,3.53
14.1,1.0,7.0,1390.0,44.0,9.0,20.3,659.0,9999.0,9.1,160.0,973.0,21.0,35.0,2.868
14.1,1.0,7.0,1361.0,55.0,9.0,18.7,634.0,9999.0,9999.0,175.0,0.98,24.8,32.4,3287.0
14.1,1.0,7.0,1995.0,103.0,9.0,14.0,9999.0,9999.0,9999.0,184.0,0.75,38.2,38.3,3.68
14.1,1.0,7.0,1324.0,47.0,9.0,18.0,9999.0,9999.0,9999.0,150.0,0.761,22.9,37.9,2625.0
14.1,1.0,8.0,1905.0,66.0,9.0,18.2,0.663,9999.0,9999.0,175.0,1.7,17.5,40.9,2.664
14.1,1.0,7.0,1324.0,47.0,9.0,18.0,9999.0,9999.0,9999.0,150.0,0.761,22.9,37.9,2625.0
14.1,1.0,8.0,2088.0,80.0,11.0,20.2,0.942,9999.0,9999.0,175.0,1.1,14.3,40.7,2911.0
14.1,1.0,8.0,2088.0,80.0,11.0,20.2,0.942,9999.0,9999.0,175.0,1.1,14.3,40.7,2911.0
14.2,1.0,7.0,1998.0,97.0,9.0,9999.0,636.0,9999.0,9999.0,203.0,992.0,45.0,37.2,3.119
14.2,1.0,7.0,1361.0,55.0,9.0,17.3,0.65,9999.0,9999.0,170.0,0.96,26.1,34.1,3.129
14.2,1.0,7.0,1361.0,55.0,9.0,17.3,0.65,9999.0,9999.0,170.0,0.96,26.1,34.1,3.129
14.2,1.0,7.0,1361.0,55.0,9.0,17.3,0.65,9999.0,9999.0,170.0,0.96,26.1,34.1,3.129
14.2,1.0,7.0,1361.0,55.0,9.0,17.3,0.65,9999.0,9999.0,170.0,0.96,26.1,34.1,3.129
14.2,1.0,7.0,1361.0,55.0,9.0,17.3,0.65,9999.0,9999.0,170.0,0.96,26.1,34.1,3.129
14.2,1.0,7.0,1324.0,54.0,9.0,20.9,9999.0,9999.0,9999.0,167.0,0.949,28.5,32.0,3335.0
14.2,1.0,7.0,1324.0,54.0,9.0,21.2,0.592,9999.0,9999.0,167.0,0.949,28.5,32.0,3335.0
14.2,1.0,7.0,1324.0,54.0,9.0,21.2,0.592,9999.0,9999.0,167.0,929.0,29.1,32.7,3335.0
14.2,1.0,8.0,2088.0,80.0,9.0,19.1,741.0,9999.0,9999.0,184.0,976.0,17.3,43.9,2647.0
14.2,3.0,8.0,2996.0,130.0,10.0,17.3,1.65,9999.0,9999.0,164.0,1.92,11.5,34.1,4.31
14.2,3.0,8.0,2996.0,130.0,10.0,16.5,1.65,9999.0,9999.0,164.0,1.92,11.5,34.1,4.31
14.2,1.0,7.0,2295.0,105.0,11.0,19.0,1081.0,9999.0,9999.0,173.0,977.0,32.8,35.4,3386.0
14.2,1.0,7.0,1991.0,90.0,11.0,17.8,9999.0,9999.0,9999.0,180.0,0.98,29.6,34.2,3464.0
14.2,5.0,7.0,2972.0,104.0,10.0,17.6,9999.0,9999.0,9999.0,157.0,919.0,22.1,34.2,3.959
14.3,1.0,8.0,1753.0,55.0,9.0,19.1,662.0,9999.0,9999.0,168.0,1143.0,14.7,36.7,2.93
14.3,1.0,7.0,1390.0,55.0,9.0,18.0,914.0,9999.0,9999.0,155.0,0.96,29.1,31.1,3.456
14.3,1.0,7.0,1242.0,44.0,9.0,19.9,9999.0,9999.0,9999.0,155.0,0.92,19.7,34.3,3.84
14.3,3.0,8.0,2497.0,100.0,10.0,21.0,9999.0,9999.0,9999.0,162.0,0.77,23.7,52.1,2.584
14.3,5.0,7.0,2389.0,87.0,10.0,20.2,9999.0,9999.0,9999.0,160.0,0.942,25.9,35.4,3.81
14.3,5.0,7.0,2972.0,104.0,10.0,19.7,9999.0,9999.0,9999.0,157.0,919.0,22.1,34.2,3.959
14.4,1.0,8.0,1896.0,81.0,9.0,17.8,613.0,9999.0,9.2,190.0,992.0,24.0,46.2,2.56
14.4,1.0,7.0,1598.0,55.0,9.0,21.5,0.656,9999.0,9999.0,170.0,1.63,24.2,34.8,3.4
14.4,1.0,7.0,1762.0,66.0,9.0,17.7,973.0,9999.0,9999.0,160.0,0.82,21.9,39.0,2.8
14.4,1.0,7.0,1149.0,43.0,9.0,19.1,0.683,9999.0,9999.0,151.0,0.89,20.0,35.5,2822.0
14.4,1.0,8.0,1870.0,72.0,9.0,18.4,9999.0,9999.0,9999.0,173.0,9999.0,9999.0,9999.0,9999.0
14.4,1.0,8.0,1870.0,72.0,9.0,18.4,9999.0,9999.0,9999.0,173.0,9999.0,9999.0,9999.0,9999.0
14.4,1.0,7.0,1590.0,67.0,9.0,15.1,9999.0,9999.0,9999.0,160.0,0.78,35.5,37.7,2832.0
14.4,1.0,7.0,1590.0,67.0,9.0,15.1,9999.0,9999.0,9999.0,160.0,0.78,35.5,37.7,2832.0
14.4,1.0,7.0,1396.0,66.0,9.0,16.4,9999.0,9999.0,9999.0,175.0,862.0,45.2,31.7,3364.0
14.4,1.0,7.0,1388.0,55.0,9.0,20.3,675.0,9999.0,9999.0,171.0,963.0,26.2,35.5,3.69
14.4,5.0,7.0,2972.0,130.0,10.0,14.3,9999.0,9999.0,9999.0,175.0,812.0,51.5,43.1,3182.0
14.5,1.0,7.0,1598.0,55.0,9.0,20.1,589.0,9999.0,9999.0,170.0,937.0,23.3,34.9,3.329
14.5,1.0,7.0,1598.0,55.0,9.0,19.7,609.0,9999.0,9999.0,170.0,836.0,20.9,39.1,2968.0
14.5,1.0,8.0,1995.0,60.0,9.0,20.4,609.0,9999.0,9999.0,175.0,0.97,15.6,41.9,2.768
14.5,1.0,7.0,1598.0,55.0,9.0,20.1,629.0,9999.0,9999.0,170.0,836.0,20.9,39.1,2968.0
14.5,1.0,8.0,1995.0,60.0,9.0,20.8,629.0,9999.0,9999.0,175.0,0.97,15.6,41.9,2.768
14.5,1.0,7.0,1598.0,74.0,9.0,17.7,557.0,9999.0,9999.0,178.0,797.0,35.1,37.2,3.28
14.5,1.0,7.0,1598.0,74.0,9.0,16.9,557.0,9999.0,9999.0,178.0,797.0,35.1,37.2,3.28
14.5,1.0,8.0,1995.0,60.0,9.0,20.8,589.0,9999.0,9999.0,175.0,0.97,15.6,41.9,2.768
14.5,3.0,8.0,1896.0,66.0,9.0,20.7,633.0,9999.0,9.6,177.0,1128.0,16.0,41.9,2.774
14.5,1.0,7.0,1762.0,66.0,9.0,18.9,0.68,9999.0,9999.0,180.0,0.94,21.6,38.3,2963.0
14.5,1.0,7.0,1390.0,55.0,9.0,18.5,637.0,9999.0,9999.0,168.0,816.0,29.3,34.3,3.74
14.5,1.0,7.0,1343.0,48.0,9.0,19.6,9999.0,9999.0,9999.0,152.0,0.91,20.1,33.7,3.129
14.5,1.0,7.0,1498.0,65.0,9.0,17.8,9999.0,9999.0,9999.0,164.0,779.0,39.6,38.3,2847.0
14.5,1.0,7.0,1498.0,65.0,9.0,18.0,0.592,9999.0,9999.0,164.0,779.0,39.6,38.3,2847.0
14.5,1.0,8.0,2188.0,83.0,11.0,19.6,0.85,9999.0,9999.0,175.0,946.0,15.9,41.1,2.9
14.6,1.0,7.0,1762.0,66.0,9.0,18.9,0.63,9999.0,9999.0,181.0,917.0,22.1,39.5,2.941
14.6,1.0,7.0,1396.0,55.0,9.0,17.4,9999.0,9999.0,9999.0,165.0,0.74,24.1,37.2,2.849
14.6,1.0,7.0,1361.0,55.0,9.0,19.6,623.0,9999.0,9999.0,175.0,0.964,25.3,33.0,3.3
14.6,5.0,8.0,2172.0,85.0,10.0,21.0,9999.0,9999.0,9999.0,154.0,1115.0,14.8,36.3,3694.0
14.6,1.0,7.0,1997.0,102.0,11.0,13.4,9999.0,9999.0,9999.0,170.0,757.0,41.6,38.7,3.0
14.7,1.0,8.0,1896.0,66.0,9.0,21.1,0.702,9999.0,9.7,175.0,1.1,16.2,43.7,2656.0
14.7,1.0,8.0,1896.0,66.0,9.0,19.7,633.0,9999.0,9.3,176.0,1.83,22.5,43.3,2679.0
14.7,1.0,7.0,1762.0,81.0,9.0,15.9,0.7,9999.0,9999.0,186.0,0.869,43.3,38.9,2.916
14.7,1.0,8.0,1905.0,55.0,9.0,20.7,634.0,9999.0,9999.0,162.0,0.944,18.0,37.3,2.921
14.7,1.0,7.0,1361.0,55.0,9.0,18.7,672.0,9999.0,9999.0,165.0,858.0,26.7,35.0,3116.0
14.7,1.0,7.0,1341.0,55.0,9.0,18.0,0.67,9999.0,9999.0,163.0,861.0,24.0,35.0,3.11
14.7,1.0,7.0,1341.0,55.0,9.0,18.0,0.67,9999.0,9999.0,163.0,861.0,24.0,35.0,3.11
14.7,1.0,7.0,1762.0,66.0,9.0,19.7,0.704,9999.0,9999.0,177.0,924.0,21.6,38.3,2963.0
14.7,1.0,7.0,1997.0,100.0,9.0,17.5,0.952,9999.0,9999.0,172.0,769.0,44.4,38.6,3138.0
14.7,5.0,7.0,1998.0,94.0,10.0,14.7,9999.0,9999.0,9999.0,172.0,1.18,32.4,31.9,3842.0
14.7,5.0,7.0,1998.0,94.0,10.0,15.3,9999.0,9999.0,9999.0,172.0,1.18,32.4,31.9,3842.0
14.8,1.0,7.0,1108.0,40.0,9.0,18.8,9999.0,9999.0,9999.0,150.0,765.0,22.7,35.6,2.729
14.8,1.0,8.0,1896.0,81.0,9.0,18.5,635.0,9999.0,9.6,189.0,986.0,24.0,46.2,2.56
14.8,1.0,7.0,1762.0,66.0,9.0,19.7,0.666,9999.0,9999.0,178.0,0.92,22.1,39.5,2.941
14.8,1.0,8.0,1997.0,66.0,9.0,20.9,0.666,9999.0,9999.0,172.0,0.99,15.8,43.4,2674.0
14.8,1.0,8.0,2188.0,83.0,11.0,20.1,9999.0,9999.0,9999.0,178.0,941.0,16.3,42.0,2.9
14.8,1.0,7.0,1997.0,102.0,11.0,13.4,9999.0,9999.0,9999.0,170.0,775.0,36.4,37.8,3.0
14.9,1.0,8.0,1997.0,66.0,9.0,19.7,782.0,9999.0,9999.0,172.0,948.0,16.5,45.4,2.51
14.9,1.0,8.0,1997.0,66.0,9.0,19.7,782.0,9999.0,9999.0,172.0,948.0,16.5,45.4,2.51
14.9,1.0,7.0,1361.0,55.0,9.0,18.9,672.0,9999.0,9999.0,168.0,0.874,26.7,35.0,3116.0
14.9,1.0,8.0,1698.0,51.0,9.0,21.8,643.0,9999.0,9999.0,164.0,1.23,18.1,35.6,2.993
14.9,1.0,8.0,2151.0,90.0,11.0,22.6,1081.0,7.9,12.2,164.0,1.31,20.0,41.9,2863.0
14.9,1.0,7.0,2792.0,103.0,11.0,17.9,1094.0,9999.0,9.8,170.0,871.0,35.6,43.3,2.731
14.9,1.0,7.0,2792.0,103.0,11.0,18.3,1094.0,9999.0,9.8,170.0,871.0,35.6,43.3,2.731
14.9,3.0,8.0,2982.0,92.0,10.0,20.1,9999.0,9999.0,9999.0,160.0,1.55,22.1,42.1,3.436
14.9,3.0,8.0,2982.0,92.0,10.0,20.1,9999.0,9999.0,9999.0,160.0,1124.0,20.8,39.5,3.63
14.9,3.0,8.0,2982.0,92.0,10.0,20.2,9999.0,9999.0,9999.0,160.0,1.1,28.4,44.0,3238.0
15.0,1.0,7.0,1598.0,55.0,9.0,19.4,0.64,9999.0,9999.0,168.0,1.15,19.7,31.8,3.329
15.0,2.0,8.0,1995.0,74.0,9.0,22.6,685.0,9999.0,9999.0,186.0,1.48,13.6,41.3,2812.0
15.0,1.0,8.0,1686.0,55.0,9.0,21.3,609.0,9999.0,9999.0,170.0,925.0,15.3,41.8,2698.0
15.0,1.0,8.0,1686.0,55.0,9.0,21.6,589.0,9999.0,9999.0,170.0,925.0,15.3,41.8,2698.0
15.0,1.0,8.0,1686.0,55.0,9.0,21.6,609.0,9999.0,9999.0,170.0,925.0,15.3,41.8,2698.0
15.0,1.0,8.0,1686.0,55.0,9.0,21.6,0.577,9999.0,9999.0,175.0,812.0,15.8,49.0,2379.0
15.0,1.0,7.0,1781.0,66.0,9.0,18.0,0.651,9999.0,9.8,171.0,986.0,21.5,31.5,3361.0
15.0,1.0,7.0,1587.0,65.0,9.0,18.6,691.0,9999.0,9999.0,178.0,1.16,21.1,31.3,3.481
15.0,1.0,7.0,1296.0,44.0,9.0,18.9,9999.0,9999.0,9999.0,155.0,0.82,19.6,31.5,3266.0
15.0,1.0,7.0,1296.0,44.0,9.0,18.9,9999.0,9999.0,9999.0,155.0,0.82,19.6,31.5,3266.0
15.0,1.0,7.0,989.0,41.0,9.0,19.9,9999.0,9999.0,9999.0,140.0,0.886,25.8,30.4,3.2
15.0,1.0,7.0,1597.0,73.0,9.0,16.3,9999.0,9999.0,9999.0,185.0,0.85,37.9,37.9,2878.0
15.0,1.0,7.0,1597.0,73.0,9.0,16.6,9999.0,9999.0,9999.0,185.0,0.85,37.9,37.9,2878.0
15.0,1.0,7.0,1299.0,63.0,9.0,14.6,9999.0,9999.0,9999.0,155.0,884.0,31.2,29.2,3611.0
15.0,1.0,7.0,1299.0,63.0,9.0,15.2,9999.0,9999.0,9999.0,155.0,884.0,31.2,29.2,3611.0
15.0,1.0,7.0,1349.0,55.0,9.0,18.7,9999.0,9999.0,9999.0,166.0,0.86,24.3,35.7,2965.0
15.0,1.0,7.0,1498.0,63.0,9.0,17.0,9999.0,9999.0,9999.0,161.0,0.699,31.0,39.7,2659.0
15.0,1.0,7.0,1349.0,55.0,9.0,18.5,9999.0,9999.0,9999.0,166.0,0.86,24.3,35.7,2965.0
15.0,1.0,7.0,1498.0,63.0,9.0,16.8,9999.0,9999.0,9999.0,161.0,0.699,31.0,39.7,2659.0
15.0,1.0,7.0,1598.0,55.0,9.0,20.7,645.0,9999.0,9999.0,165.0,0.811,20.9,39.1,2968.0
15.0,3.0,8.0,1896.0,66.0,9.0,21.3,0.678,9999.0,9.9,177.0,1.67,16.0,44.2,2.626
15.0,5.0,8.0,2172.0,85.0,10.0,20.4,9999.0,9999.0,9999.0,156.0,888.0,19.6,40.9,3283.0
15.0,1.0,7.0,1998.0,84.0,11.0,18.1,0.85,9999.0,9999.0,170.0,759.0,36.4,41.5,2.8
15.0,5.0,8.0,2953.0,116.0,10.0,19.0,9999.0,9999.0,9999.0,160.0,9999.0,9999.0,9999.0,3.723
15.0,5.0,8.0,2953.0,116.0,10.0,19.0,9999.0,9999.0,9999.0,160.0,1161.0,15.3,38.3,3.723
15.0,5.0,8.0,2953.0,116.0,10.0,20.1,9999.0,9999.0,9999.0,160.0,9999.0,9999.0,9999.0,3.723
15.0,5.0,8.0,2953.0,116.0,10.0,20.1,9999.0,9999.0,9999.0,160.0,1161.0,15.3,38.3,3.723
15.0,2.0,7.0,1998.0,94.0,10.0,15.0,9999.0,9999.0,9999.0,163.0,0.876,42.6,35.1,3488.0
15.0,5.0,7.0,1998.0,94.0,10.0,15.6,9999.0,9999.0,9999.0,163.0,0.876,42.6,35.1,3488.0
15.0,5.0,7.0,2463.0,87.0,10.0,16.4,9999.0,9999.0,9999.0,142.0,674.0,31.6,40.5,3174.0
15.1,1.0,7.0,1390.0,44.0,9.0,22.5,9999.0,9999.0,9999.0,157.0,1.4,23.7,32.1,3298.0
15.1,1.0,8.0,2088.0,80.0,9.0,18.7,636.0,9999.0,9999.0,188.0,1.59,21.8,41.3,2.868
15.1,1.0,7.0,1762.0,74.0,9.0,15.1,0.71,9999.0,9999.0,172.0,774.0,34.1,37.0,2.941
15.1,1.0,8.0,1910.0,55.0,9.0,21.3,9999.0,9999.0,9999.0,165.0,1199.0,22.4,32.8,3.256
15.1,1.0,8.0,1910.0,55.0,9.0,20.8,9999.0,9999.0,9999.0,165.0,1.35,22.4,38.0,2.8
15.1,1.0,7.0,1341.0,63.0,9.0,16.1,0.67,9999.0,9999.0,163.0,0.73,30.4,42.1,2.54
15.1,1.0,7.0,999.0,40.0,9.0,21.2,0.88,9999.0,9999.0,142.0,914.0,19.4,28.2,3551.0
15.1,1.0,7.0,999.0,40.0,9.0,21.2,0.796,9999.0,9999.0,142.0,914.0,19.4,28.2,3551.0
15.1,1.0,7.0,999.0,40.0,9.0,21.2,0.796,9999.0,9999.0,142.0,914.0,19.4,28.2,3551.0
15.1,1.0,7.0,1396.0,66.0,9.0,17.2,9999.0,9999.0,9999.0,172.0,853.0,44.9,31.5,3364.0
15.1,1.0,7.0,2295.0,105.0,11.0,18.8,1081.0,9999.0,9999.0,170.0,0.99,23.0,34.3,3491.0
15.1,1.0,8.0,1905.0,66.0,11.0,23.7,0.942,9999.0,9999.0,160.0,1.28,15.7,38.9,3.42
15.1,5.0,7.0,2972.0,104.0,10.0,19.6,9999.0,9999.0,9999.0,157.0,0.783,31.1,40.1,3.376
15.2,1.0,7.0,1762.0,74.0,9.0,16.0,0.676,9999.0,9999.0,175.0,787.0,34.1,37.0,2.941
15.2,1.0,7.0,1124.0,44.0,9.0,20.7,0.65,9999.0,9999.0,158.0,0.874,23.3,32.3,3.33
15.2,1.0,7.0,1124.0,44.0,9.0,20.7,0.65,9999.0,9999.0,158.0,0.874,23.3,32.3,3.33
15.2,1.0,7.0,1124.0,44.0,9.0,20.7,0.65,9999.0,9999.0,158.0,0.874,23.3,32.3,3.33
15.2,1.0,7.0,1124.0,44.0,9.0,20.7,0.65,9999.0,9999.0,158.0,0.874,23.3,32.3,3.33
15.2,1.0,7.0,1124.0,44.0,9.0,20.7,0.65,9999.0,9999.0,158.0,0.874,23.3,32.3,3.33
15.2,1.0,7.0,1124.0,44.0,9.0,20.7,0.65,9999.0,9999.0,158.0,0.874,23.3,32.3,3.33
15.2,1.0,7.0,1124.0,44.0,9.0,20.7,0.65,9999.0,9999.0,158.0,0.874,23.3,32.3,3.33
15.2,1.0,7.0,1390.0,55.0,9.0,21.6,0.678,9999.0,10.0,171.0,1.66,24.8,32.1,3.618
15.2,3.0,8.0,1994.0,72.0,10.0,21.2,1.01,9999.0,9999.0,155.0,0.697,21.1,52.9,2386.0
15.3,1.0,7.0,1124.0,44.0,9.0,18.3,601.0,9999.0,9999.0,162.0,857.0,26.0,30.5,3287.0
15.3,1.0,7.0,1361.0,55.0,9.0,19.4,679.0,9999.0,9999.0,165.0,858.0,26.7,35.0,3116.0
15.3,3.0,8.0,2496.0,101.0,10.0,21.3,9999.0,9999.0,9999.0,157.0,757.0,20.1,49.4,2.724
15.4,1.0,7.0,1297.0,44.0,9.0,20.2,677.0,9999.0,9999.0,155.0,0.85,21.9,36.5,2.729
15.4,1.0,7.0,1297.0,44.0,9.0,20.2,677.0,9999.0,9999.0,155.0,956.0,19.4,32.4,3.69
15.4,1.0,7.0,1762.0,74.0,9.0,14.9,657.0,9999.0,9999.0,177.0,0.766,35.5,38.5,2.8
15.4,1.0,7.0,1762.0,74.0,9.0,15.0,657.0,9999.0,9999.0,177.0,0.766,35.5,38.5,2.8
15.4,1.0,7.0,989.0,41.0,9.0,19.8,9999.0,9999.0,9999.0,145.0,0.91,26.3,30.9,3375.0
15.4,1.0,7.0,989.0,41.0,9.0,20.4,9999.0,9999.0,9999.0,145.0,0.91,26.3,30.9,3375.0
15.4,1.0,7.0,1498.0,65.0,9.0,18.0,9999.0,9999.0,9999.0,175.0,0.84,41.7,41.7,2615.0
15.4,1.0,7.0,1762.0,81.0,9.0,16.4,0.666,9999.0,9999.0,184.0,0.65,57.0,51.4,2.257
15.4,1.0,7.0,1984.0,85.0,11.0,19.2,831.0,9999.0,10.6,177.0,1.39,18.4,34.1,3.49
15.4,1.0,7.0,1984.0,85.0,11.0,19.3,831.0,9999.0,10.6,177.0,1.39,18.4,34.1,3.49
15.5,1.0,8.0,1995.0,60.0,9.0,21.3,589.0,9999.0,9999.0,170.0,885.0,21.9,44.7,2.6
15.5,1.0,8.0,1995.0,60.0,9.0,20.9,609.0,9999.0,9999.0,170.0,885.0,21.9,44.7,2.6
15.5,1.0,8.0,1995.0,60.0,9.0,21.3,629.0,9999.0,9999.0,170.0,885.0,21.9,44.7,2.6
15.5,1.0,8.0,1995.0,60.0,9.0,22.0,557.0,9999.0,9999.0,178.0,973.0,12.3,42.5,2.7
15.5,1.0,8.0,1995.0,60.0,9.0,22.3,557.0,9999.0,9999.0,178.0,973.0,12.3,42.5,2.7
15.5,1.0,7.0,1289.0,40.0,9.0,23.4,679.0,9999.0,9999.0,151.0,937.0,19.4,35.8,2875.0
15.5,1.0,7.0,1397.0,50.0,9.0,21.3,0.663,9999.0,9999.0,160.0,927.0,18.8,34.5,3113.0
15.5,1.0,7.0,1781.0,55.0,9.0,21.0,0.651,9999.0,9.7,163.0,841.0,20.9,38.8,2.732
15.5,1.0,7.0,993.0,40.0,9.0,19.0,9999.0,9999.0,9999.0,140.0,1.9,40.4,25.2,3.9
15.5,5.0,7.0,1998.0,94.0,10.0,16.0,9999.0,9999.0,9999.0,172.0,0.999,32.4,31.9,3842.0
15.6,1.0,8.0,1896.0,66.0,9.0,20.0,581.0,9999.0,10.1,177.0,1.4,22.0,42.5,2.7
15.6,1.0,7.0,1343.0,48.0,9.0,20.0,9999.0,9999.0,9999.0,145.0,784.0,16.8,37.0,2855.0
15.6,1.0,7.0,1396.0,55.0,9.0,19.4,9999.0,9999.0,9999.0,165.0,0.93,22.2,32.1,3.328
15.7,1.0,7.0,1762.0,74.0,9.0,16.0,0.683,9999.0,9999.0,172.0,774.0,34.1,37.0,2.941
15.7,3.0,8.0,2996.0,130.0,10.0,18.1,1.65,9999.0,9999.0,163.0,1.85,11.5,34.1,4.31
15.8,1.0,8.0,1905.0,66.0,9.0,20.2,0.686,9999.0,9999.0,175.0,997.0,25.9,43.9,2613.0
15.8,1.0,7.0,1299.0,55.0,9.0,17.6,9999.0,9999.0,9999.0,160.0,727.0,27.6,36.7,2878.0
15.8,1.0,7.0,1762.0,74.0,9.0,15.5,623.0,9999.0,9999.0,178.0,816.0,33.5,36.3,2997.0
15.8,5.0,8.0,2172.0,85.0,10.0,21.1,9999.0,9999.0,9999.0,157.0,893.0,19.6,40.9,3283.0
15.8,1.0,8.0,1997.0,80.0,11.0,20.8,888.0,9999.0,9999.0,173.0,996.0,13.6,43.4,2727.0
15.8,1.0,8.0,1997.0,80.0,11.0,20.8,888.0,9999.0,9999.0,173.0,996.0,13.6,43.4,2727.0
15.8,3.0,8.0,2497.0,100.0,10.0,21.0,9999.0,9999.0,9999.0,162.0,0.77,35.3,52.1,2.584
15.8,2.0,7.0,1997.0,83.0,11.0,19.3,9999.0,9999.0,9999.0,154.0,1.12,25.0,29.0,4173.0
15.9,1.0,7.0,1297.0,44.0,9.0,21.8,662.0,9999.0,9999.0,155.0,878.0,18.6,35.3,2.93
15.9,1.0,7.0,1242.0,55.0,9.0,17.6,662.0,9999.0,9999.0,162.0,767.0,27.8,40.6,2523.0
15.9,1.0,7.0,1762.0,74.0,9.0,16.5,691.0,9999.0,9999.0,170.0,765.0,34.1,37.0,2.941
15.9,1.0,7.0,989.0,41.0,9.0,17.8,9999.0,9999.0,9999.0,140.0,1.98,32.3,24.5,3966.0
15.9,1.0,7.0,1324.0,47.0,9.0,16.9,9999.0,9999.0,9999.0,145.0,0.94,32.6,30.8,3227.0
15.9,1.0,7.0,1324.0,47.0,9.0,18.0,9999.0,9999.0,9999.0,145.0,0.94,32.6,30.8,3227.0
15.9,1.0,8.0,1974.0,55.0,9.0,20.4,9999.0,9999.0,9999.0,162.0,882.0,24.3,38.2,2759.0
15.9,1.0,7.0,1324.0,47.0,9.0,18.6,9999.0,9999.0,9999.0,145.0,0.94,32.6,30.8,3227.0
16.0,1.0,7.0,1199.0,48.0,9.0,21.6,609.0,9999.0,9999.0,165.0,0.814,27.6,36.2,2968.0
16.0,1.0,7.0,1199.0,48.0,9.0,22.0,629.0,9999.0,9999.0,165.0,0.814,27.6,36.2,2968.0
16.0,1.0,8.0,1896.0,50.0,9.0,21.4,9999.0,9999.0,9999.0,161.0,992.0,18.3,38.6,2.732
16.0,3.0,7.0,989.0,41.0,9.0,21.0,9999.0,9999.0,9999.0,140.0,898.0,25.5,30.0,3.482
16.0,1.0,7.0,993.0,39.0,9.0,20.1,9999.0,9999.0,9999.0,145.0,0.788,23.6,32.3,3.18
16.0,2.0,8.0,1995.0,74.0,9.0,23.4,726.0,9999.0,9999.0,180.0,1.14,13.6,41.3,2812.0
16.0,1.0,8.0,1896.0,66.0,9.0,20.7,688.0,9999.0,10.3,171.0,1.5,22.0,42.5,2.7
16.0,5.0,8.0,2874.0,88.0,10.0,22.5,1482.0,9999.0,9999.0,137.0,0.999,17.7,36.1,3.7
16.1,1.0,7.0,1498.0,55.0,9.0,18.0,9999.0,9999.0,9999.0,150.0,0.824,23.6,36.4,2847.0
16.1,3.0,7.0,1296.0,61.0,10.0,17.4,9999.0,9999.0,9999.0,145.0,0.98,27.6,26.2,4.7
16.2,1.0,7.0,1390.0,44.0,9.0,21.3,659.0,9999.0,10.3,155.0,1.78,22.7,30.6,3338.0
16.2,1.0,7.0,1498.0,59.0,9.0,18.5,9999.0,9999.0,9999.0,160.0,721.0,25.2,40.4,2615.0
16.2,1.0,7.0,1498.0,59.0,9.0,18.5,9999.0,9999.0,9999.0,160.0,721.0,25.2,40.4,2615.0
16.2,5.0,8.0,2953.0,116.0,10.0,18.8,9999.0,9999.0,9999.0,160.0,943.0,23.4,47.1,3.22
16.2,5.0,8.0,2953.0,116.0,10.0,19.6,9999.0,9999.0,9999.0,160.0,943.0,23.4,47.1,3.22
16.3,1.0,7.0,1390.0,44.0,9.0,24.1,706.0,9999.0,10.3,155.0,1.27,23.7,32.1,3298.0
16.3,1.0,7.0,1396.0,55.0,9.0,20.3,9999.0,9999.0,9999.0,162.0,893.0,22.0,31.8,3.328
16.4,1.0,7.0,1149.0,43.0,9.0,19.7,0.683,9999.0,9999.0,150.0,1.12,25.9,25.9,3867.0
16.4,1.0,7.0,998.0,40.0,9.0,20.9,0.651,9999.0,9999.0,150.0,843.0,29.3,29.7,3.4
16.4,1.0,7.0,998.0,40.0,9.0,20.9,0.651,9999.0,9999.0,150.0,843.0,29.3,29.7,3.4
16.4,1.0,7.0,998.0,40.0,9.0,20.9,0.651,9999.0,9999.0,150.0,843.0,29.3,29.7,3.4
16.4,1.0,8.0,1896.0,81.0,11.0,20.3,884.0,9999.0,9999.0,172.0,1.19,14.5,40.7,2.854
16.4,1.0,8.0,1896.0,81.0,11.0,20.4,831.0,9999.0,10.8,172.0,1.19,14.5,40.7,2.854
16.4,1.0,8.0,1896.0,81.0,11.0,20.5,831.0,9999.0,9999.0,172.0,1.19,14.5,40.7,2.854
16.5,1.0,7.0,1598.0,55.0,9.0,20.5,589.0,9999.0,9999.0,163.0,818.0,28.1,38.3,3.28
16.5,1.0,7.0,1598.0,55.0,9.0,20.1,609.0,9999.0,9999.0,163.0,818.0,28.1,38.3,3.28
16.5,1.0,7.0,1598.0,55.0,9.0,20.5,629.0,9999.0,9999.0,163.0,818.0,28.1,38.3,3.28
16.5,1.0,8.0,1686.0,44.0,9.0,21.4,0.66,9999.0,9999.0,155.0,973.0,19.6,36.2,2842.0
16.5,1.0,8.0,1686.0,44.0,9.0,22.0,639.0,9999.0,9999.0,155.0,973.0,19.6,36.2,2842.0
16.5,1.0,8.0,1896.0,47.0,9.0,21.7,679.0,9999.0,9999.0,156.0,946.0,20.8,38.3,2.684
16.5,1.0,8.0,1905.0,55.0,9.0,20.9,634.0,9999.0,9999.0,168.0,0.979,18.0,37.3,2.921
16.5,1.0,8.0,1870.0,47.0,9.0,24.0,617.0,9999.0,9999.0,160.0,1.0,17.1,35.6,2968.0
16.5,1.0,8.0,1870.0,47.0,9.0,23.6,637.0,9999.0,9999.0,168.0,1.5,17.1,35.6,2968.0
16.5,1.0,7.0,989.0,41.0,9.0,20.0,9999.0,9999.0,9999.0,140.0,0.81,30.3,33.6,3.17
16.5,1.0,7.0,989.0,41.0,9.0,20.6,9999.0,9999.0,9999.0,140.0,0.81,30.3,33.6,3.17
16.5,5.0,8.0,2664.0,92.0,10.0,19.3,9999.0,9999.0,9999.0,158.0,991.0,22.1,44.3,3.0
16.5,5.0,8.0,2999.0,117.0,10.0,18.3,9999.0,9999.0,9999.0,160.0,1.13,16.1,40.5,3388.0
16.6,1.0,8.0,1905.0,66.0,9.0,21.0,711.0,9999.0,9999.0,173.0,986.0,25.9,43.9,2613.0
16.7,1.0,8.0,2088.0,80.0,9.0,19.5,741.0,9999.0,9999.0,180.0,1.14,21.8,41.3,2.868
16.7,5.0,8.0,2664.0,92.0,10.0,20.4,9999.0,9999.0,9999.0,155.0,1135.0,17.2,37.9,3548.0
16.8,1.0,8.0,1716.0,44.0,9.0,21.9,659.0,9999.0,10.8,157.0,0.92,19.5,41.4,2.466
16.8,1.0,8.0,1905.0,55.0,9.0,21.7,623.0,9999.0,9999.0,168.0,0.98,18.0,37.3,2923.0
17.0,1.0,7.0,1598.0,55.0,9.0,19.7,0.64,9999.0,9999.0,160.0,0.88,23.8,35.0,3.28
17.0,1.0,7.0,1199.0,48.0,9.0,19.6,0.66,9999.0,9999.0,155.0,0.82,35.6,33.8,3.49
17.0,1.0,7.0,796.0,38.0,9.0,20.4,9999.0,9999.0,9999.0,144.0,0.933,26.4,26.1,3.7
17.0,1.0,7.0,796.0,38.0,9.0,20.4,9999.0,9999.0,9999.0,144.0,0.933,26.4,26.1,3.7
17.0,1.0,7.0,1598.0,55.0,9.0,21.1,645.0,9999.0,9999.0,158.0,792.0,28.1,38.3,3.28
17.0,5.0,8.0,2874.0,88.0,10.0,23.9,1482.0,9999.0,9999.0,137.0,0.999,17.7,36.1,3.7
17.0,1.0,8.0,1995.0,60.0,11.0,23.8,0.78,9999.0,9999.0,160.0,922.0,11.7,40.3,2877.0
17.1,3.0,8.0,2496.0,101.0,10.0,21.3,9999.0,9999.0,9999.0,157.0,0.717,29.9,52.1,2583.0
17.2,2.0,7.0,599.0,40.0,9.0,18.0,746.0,7.0,11.4,135.0,0.72,29.5,35.7,2.933
17.2,2.0,7.0,599.0,40.0,9.0,18.3,9999.0,7.0,11.4,135.0,0.72,29.5,35.7,2.933
17.2,1.0,7.0,1149.0,43.0,9.0,22.0,914.0,9999.0,9999.0,142.0,0.87,17.1,31.1,3.456
17.2,1.0,7.0,1984.0,85.0,11.0,19.6,831.0,9999.0,11.3,172.0,1.74,21.0,32.0,3.649
17.2,1.0,7.0,1984.0,85.0,11.0,19.6,831.0,9999.0,11.3,172.0,1.82,20.9,31.8,3.7
17.3,1.0,7.0,1361.0,55.0,9.0,17.8,0.65,9999.0,9999.0,160.0,615.0,41.9,47.3,2.257
17.3,2.0,7.0,1597.0,71.0,11.0,19.8,9999.0,9999.0,9999.0,150.0,883.0,22.4,30.3,3.85
17.3,1.0,8.0,2903.0,93.0,11.0,20.2,9999.0,9999.0,9999.0,168.0,1123.0,16.2,41.6,2912.0
17.4,1.0,7.0,999.0,37.0,9.0,23.6,0.64,9999.0,10.9,151.0,1.9,21.4,27.7,3.6
17.4,3.0,7.0,989.0,41.0,9.0,21.2,9999.0,9999.0,9999.0,135.0,879.0,26.6,29.5,3535.0
17.4,3.0,7.0,989.0,41.0,9.0,21.2,9999.0,9999.0,9999.0,135.0,879.0,26.6,29.5,3535.0
17.4,1.0,8.0,1896.0,81.0,11.0,20.8,831.0,9999.0,11.9,169.0,971.0,21.8,41.9,2786.0
17.4,5.0,8.0,2664.0,92.0,10.0,20.8,9999.0,9999.0,9999.0,158.0,991.0,22.1,44.3,3.0
17.5,2.0,7.0,599.0,40.0,9.0,18.0,746.0,7.7,11.4,135.0,0.72,29.5,35.7,2.933
17.5,2.0,7.0,599.0,40.0,9.0,18.3,9999.0,7.7,11.4,135.0,0.72,29.5,35.7,2.933
17.5,1.0,7.0,1361.0,55.0,9.0,20.5,973.0,9999.0,9999.0,150.0,863.0,24.1,31.6,3.482
17.5,1.0,7.0,1242.0,44.0,9.0,20.2,9999.0,9999.0,9999.0,150.0,0.63,26.9,45.2,2.3
17.5,1.0,8.0,2151.0,90.0,11.0,22.3,1081.0,9999.0,9999.0,164.0,1.59,13.6,40.8,2.941
17.7,1.0,8.0,1896.0,50.0,9.0,23.9,9999.0,9999.0,9999.0,160.0,0.99,17.5,38.5,3.26
17.7,1.0,7.0,989.0,41.0,9.0,20.1,9999.0,9999.0,9999.0,140.0,1.98,32.3,24.5,3966.0
17.7,1.0,7.0,2461.0,85.0,11.0,20.9,1094.0,9999.0,12.1,164.0,1.8,15.1,33.7,3.59
17.7,1.0,7.0,2461.0,85.0,11.0,21.4,1094.0,9999.0,12.1,164.0,1.8,15.1,33.7,3.59
17.9,1.0,7.0,999.0,40.0,9.0,21.2,0.88,9999.0,9999.0,142.0,914.0,19.4,28.2,3551.0
17.9,1.0,8.0,1896.0,66.0,11.0,24.9,884.0,9999.0,9999.0,160.0,983.0,14.5,40.7,2.854
18.0,1.0,7.0,973.0,40.0,9.0,21.6,0.66,9999.0,9999.0,150.0,0.74,20.7,36.2,2842.0
18.0,1.0,7.0,973.0,40.0,9.0,22.4,639.0,9999.0,9999.0,150.0,0.74,20.7,36.2,2842.0
18.0,1.0,7.0,1199.0,48.0,9.0,19.6,0.66,9999.0,9999.0,155.0,0.82,35.6,33.8,3.49
18.0,1.0,7.0,973.0,43.0,9.0,21.9,866.0,9999.0,9999.0,142.0,894.0,25.9,28.4,3.6
18.0,1.0,8.0,1905.0,50.0,9.0,22.0,672.0,9999.0,9999.0,160.0,938.0,16.0,37.1,2937.0
18.0,1.0,7.0,899.0,29.0,9.0,25.3,9999.0,9999.0,9999.0,150.0,955.0,18.3,28.5,3.47
18.1,1.0,8.0,2461.0,75.0,11.0,24.1,1094.0,9999.0,11.9,157.0,1.79,14.7,41.6,2847.0
18.1,1.0,8.0,2461.0,75.0,11.0,24.7,1094.0,9999.0,11.9,157.0,1.79,14.7,41.6,2847.0
18.1,5.0,8.0,2765.0,72.0,10.0,22.9,9999.0,9999.0,9999.0,135.0,0.86,21.4,49.1,2758.0
18.2,1.0,8.0,2151.0,75.0,11.0,27.1,1081.0,9999.0,9999.0,155.0,0.974,17.7,41.9,2863.0
18.3,1.0,8.0,1527.0,40.0,9.0,22.3,619.0,9999.0,9999.0,158.0,0.886,16.9,35.7,2884.0
18.4,3.0,8.0,2461.0,75.0,11.0,25.5,1094.0,9999.0,12.1,155.0,1.24,10.6,35.7,3315.0
18.4,3.0,8.0,2461.0,75.0,11.0,26.0,1094.0,9999.0,12.1,155.0,1.24,10.6,35.7,3315.0
18.5,1.0,8.0,1905.0,50.0,9.0,22.2,653.0,9999.0,9999.0,162.0,0.95,16.0,37.1,2937.0
18.5,1.0,8.0,1896.0,50.0,9.0,25.6,0.678,9999.0,11.8,160.0,0.99,17.4,38.5,3.18
18.7,1.0,8.0,1896.0,47.0,9.0,23.9,643.0,9999.0,9999.0,152.0,882.0,14.8,43.1,2492.0
18.7,1.0,8.0,1527.0,42.0,9.0,21.4,0.651,9999.0,9999.0,146.0,0.81,17.3,36.4,2752.0
18.8,3.0,7.0,2461.0,85.0,11.0,22.1,1094.0,9999.0,12.5,162.0,1.67,15.1,33.7,3.59
18.8,3.0,7.0,2461.0,85.0,11.0,22.6,1094.0,9999.0,12.5,162.0,1.67,15.1,33.7,3.59
18.8,3.0,7.0,1296.0,61.0,10.0,17.5,9999.0,9999.0,9999.0,140.0,0.824,35.4,27.8,4.4
18.8,3.0,7.0,1296.0,61.0,10.0,17.5,9999.0,9999.0,9999.0,140.0,0.824,35.4,27.8,4.4
18.8,5.0,8.0,2999.0,117.0,10.0,17.4,9999.0,9999.0,9999.0,160.0,1.13,16.1,40.5,3388.0
18.9,2.0,7.0,599.0,33.0,9.0,21.8,746.0,7.2,11.9,135.0,0.72,22.1,35.7,2.933
19.0,1.0,8.0,2903.0,93.0,11.0,20.2,9999.0,9999.0,9999.0,167.0,961.0,25.6,48.2,2.58
19.1,1.0,7.0,954.0,33.0,9.0,24.4,0.582,9999.0,9999.0,149.0,0.814,25.3,30.5,3287.0
19.1,1.0,8.0,1896.0,81.0,11.0,20.7,884.0,9999.0,9999.0,169.0,0.98,21.6,41.6,2.794
19.1,1.0,8.0,1896.0,81.0,11.0,20.9,831.0,9999.0,9999.0,169.0,0.979,21.6,41.6,2792.0
19.1,1.0,7.0,2461.0,85.0,11.0,21.3,1094.0,9999.0,12.7,160.0,945.0,22.6,37.6,3.146
19.1,1.0,7.0,2461.0,85.0,11.0,21.8,1094.0,9999.0,12.7,160.0,945.0,22.6,37.6,3.146
19.2,1.0,8.0,1905.0,50.0,9.0,22.8,0.66,9999.0,9999.0,160.0,938.0,16.0,37.1,2937.0
19.3,1.0,8.0,1896.0,66.0,11.0,25.1,831.0,9999.0,11.9,160.0,983.0,14.5,40.7,2.854
19.3,5.0,8.0,2477.0,73.0,10.0,23.9,9999.0,9999.0,9999.0,136.0,1.29,12.4,33.9,3.959
19.4,1.0,7.0,999.0,37.0,9.0,23.5,9999.0,9999.0,9999.0,145.0,0.994,23.7,29.2,3.631
19.5,1.0,8.0,1870.0,47.0,9.0,22.0,914.0,9999.0,9999.0,145.0,953.0,18.2,33.8,3178.0
19.5,1.0,7.0,1297.0,37.0,9.0,25.6,662.0,9999.0,9999.0,143.0,0.87,18.7,35.4,2.93
19.5,1.0,8.0,2461.0,75.0,11.0,24.5,1094.0,9999.0,12.9,153.0,1.7,19.4,40.8,2.899
19.5,1.0,8.0,2461.0,75.0,11.0,25.1,1094.0,9999.0,12.9,153.0,1.7,19.4,40.8,2.899
19.7,1.0,7.0,998.0,40.0,9.0,21.5,0.651,9999.0,9999.0,150.0,0.761,26.1,32.9,3.52
19.8,2.0,8.0,799.0,30.0,9.0,24.3,728.0,7.8,13.2,135.0,735.0,15.1,43.7,2.4
19.8,2.0,8.0,799.0,30.0,9.0,24.3,728.0,7.8,13.2,135.0,735.0,15.1,43.7,2.4
19.9,1.0,8.0,1905.0,51.0,9.0,23.2,973.0,9999.0,9999.0,142.0,868.0,15.3,35.6,3.95
20.5,5.0,8.0,1998.0,61.0,10.0,23.5,9999.0,9999.0,9999.0,124.0,862.0,15.6,36.0,3573.0
20.5,5.0,8.0,1998.0,61.0,10.0,24.1,9999.0,9999.0,9999.0,145.0,1.57,14.8,34.3,3573.0
20.6,1.0,8.0,2151.0,75.0,11.0,26.8,1081.0,9999.0,9999.0,155.0,1.1,12.1,40.8,2.941
20.6,2.0,7.0,2351.0,82.0,11.0,21.8,1151.0,9999.0,9999.0,155.0,1.21,16.7,33.7,3.6
20.6,2.0,7.0,2351.0,82.0,11.0,21.5,1151.0,9999.0,9999.0,155.0,1.21,16.7,33.7,3.6
20.9,1.0,7.0,997.0,37.0,9.0,28.0,0.663,9999.0,9999.0,148.0,1.19,19.9,29.0,3.646
21.3,1.0,8.0,1870.0,40.0,9.0,25.6,914.0,9999.0,9999.0,135.0,0.859,18.9,39.3,2733.0
21.5,1.0,8.0,2461.0,65.0,11.0,27.8,1094.0,9999.0,13.2,150.0,1.44,14.1,39.9,2965.0
21.5,2.0,8.0,2477.0,59.0,11.0,31.3,1151.0,9999.0,9999.0,145.0,1.21,14.1,36.4,3342.0
21.7,1.0,7.0,1968.0,62.0,11.0,27.5,1094.0,9999.0,12.9,144.0,986.0,14.9,34.0,3486.0
21.7,1.0,7.0,1968.0,62.0,11.0,28.1,1094.0,9999.0,12.9,144.0,986.0,14.9,34.0,3486.0
21.7,5.0,8.0,2477.0,73.0,10.0,25.3,9999.0,9999.0,9999.0,136.0,1.29,12.4,33.9,3.959
21.7,5.0,8.0,2477.0,73.0,10.0,25.8,9999.0,9999.0,9999.0,136.0,1.2,12.5,34.2,3.959
22.3,2.0,7.0,2351.0,82.0,11.0,21.8,1151.0,9999.0,9999.0,142.0,799.0,23.2,39.5,3.82
22.3,2.0,7.0,2351.0,82.0,11.0,21.5,1151.0,9999.0,9999.0,142.0,799.0,23.2,39.5,3.82
24.7,1.0,8.0,2370.0,55.0,11.0,32.4,1094.0,9999.0,14.9,136.0,1.82,12.9,34.0,3486.0
24.7,1.0,8.0,2370.0,55.0,11.0,33.1,1094.0,9999.0,14.9,136.0,1.82,12.9,34.0,3486.0
28.5,1.0,8.0,1896.0,50.0,11.0,34.1,1094.0,9999.0,16.8,132.0,1.51,13.6,34.0,3486.0
28.5,1.0,8.0,1896.0,50.0,11.0,34.9,1094.0,9999.0,16.8,132.0,1.51,13.6,34.0,3486.0
31.7,2.0,8.0,2477.0,59.0,11.0,31.3,1151.0,9999.0,9999.0,135.0,0.811,19.6,42.7,2.854
31.7,2.0,8.0,2477.0,59.0,11.0,30.8,1151.0,9999.0,9999.0,135.0,0.811,19.6,42.7,2.854
